Workbook

Sheet 填寫舉例
A2: 7 | B2: 月別 | C2: 工廠名 | D2: ・・・・・・・・
A4: （１）收支狀況 | E4: ※單位：千元 | G4: （２）ＫＰＩ達成進度 | M4: （３）業績構成比 | S4: （４）訂單數量構成比
B5: 當月 | C5: 前月 | D5: 差異 | E5: 累計 | H5: KPI | I5: 當月 | J5: 前月 | K5: 累計 | L5: ※補充 | N5: 當月 | O5: 比例 | P5: 前月 | Q5: 差異 | T5: 當月 | U5: 比例 | V5: 前月 | W5: 差異
A6: 業績金額 | B6: 500000 | C6: 510000 | D6: =B6-C6 -> -10000 | E6: =B6+C6 -> 1010000 | G6: 人時生產性1 | H6: 110 | I6: 100 | J6: 90 | L6: 個／MH | M6: 飯糰 | N6: 150000 | O6: =IFERROR(N6/$B$6,"") -> 0.3 | P6: 0.4 | Q6: =IFERROR(O6-P6,"") -> -0.1 | S6: 飯糰 | T6: 35000 | U6: =IFERROR(T6/$B$7,"") -> 0.35 | V6: 0.3 | W6: =IFERROR(U6-V6,"") -> 0.05
A7: 訂單數量 | B7: 100000 | C7: 110000 | D7: =B7-C7 -> -10000 | E7: =B7+C7 -> 210000 | G7: 人時生產性2 | H7: 0.8 | I7: 0.85 | J7: 0.81 | K7: 0.84 | L7: 達成率 | M7: 大口飯糰 | N7: 100000 | O7: =IFERROR(N7/$B$6,"") -> 0.2 | P7: 0.15 | Q7: =IFERROR(O7-P7,"") -> 0.05 | S7: 大口飯糰 | T7: 30000 | U7: =IFERROR(T7/$B$7,"") -> 0.3 | V7: 0.15 | W7: =IFERROR(U7-V7,"") -> 0.15
A8: 材料費 | B8: 250000 | C8: 260000 | D8: =B8-C8 -> -10000 | E8: =B8+C8 -> 510000 | G8: 半成品報廢 | H8: 0.0025 | I8: 0.0024 | J8: 0.0023 | K8: 0.00235 | L8: 報廢率 | M8: 便當 | N8: 160000 | O8: =IFERROR(N8/$B$6,"") -> 0.32 | P8: 0.28 | Q8: =IFERROR(O8-P8,"") -> 0.04 | S8: 便當 | T8: 20000 | U8: =IFERROR(T8/$B$7,"") -> 0.2 | V8: 0.28 | W8: =IFERROR(U8-V8,"") -> -0.08
A9: 材料費率 | B9: =B8/B6 -> 0.5 | C9: =C8/C6 -> 0.50980392 | D9: =B9-C9 -> -0.0098039216 | E9: =(B9+C9)/2 -> 0.50490196 | G9: 半成品超用 | H9: 0.006 | I9: 0.009 | J9: 0.0095 | K9: 0.0092 | L9: 超用率 | M9: 調理麵 | N9: 90000 | O9: =IFERROR(N9/$B$6,"") -> 0.18 | P9: 0.17 | Q9: =IFERROR(O9-P9,"") -> 0.01 | S9: 調理麵 | T9: 15000 | U9: =IFERROR(T9/$B$7,"") -> 0.15 | V9: 0.27 | W9: =IFERROR(U9-V9,"") -> -0.12
A10: 勞務成本 | B10: 100000 | C10: 105000 | D10: =B10-C10 -> -5000 | E10: =B10+C10 -> 205000 | G10: 固定產線 | H10: 0.95 | I10: 0.9 | J10: 0.92 | K10: 0.91 | L10: 導入率 | M10: 調理麵包 | N10: - | O10: =IFERROR(N10/$B$6,"") | P10: -% | Q10: =IFERROR(O10-P10,"") | S10: 調理麵包 | T10: - | U10: =IFERROR(T10/$B$7,"") | V10: -% | W10: =IFERROR(U10-V10,"")
A11: 勞務費率 | B11: =B10/B6 -> 0.2 | C11: =C10/C6 -> 0.20588235 | D11: =B11-C11 -> -0.0058823529 | E11: =(B11+C11)/2 -> 0.20294118 | G11: 教育訓練 | H11: 0.8 | I11: 0.85 | J11: 1 | K11: 0.92 | L11: 實施率 | M11: 袋裝調理麵包 | N11: - | O11: =IFERROR(N11/$B$6,"") | P11: -% | Q11: =IFERROR(O11-P11,"") | S11: 袋裝調理麵包 | T11: - | U11: =IFERROR(T11/$B$7,"") | V11: -% | W11: =IFERROR(U11-V11,"")
M12: 義大利麵 | N12: - | O12: =IFERROR(N12/$B$6,"") | P12: -% | Q12: =IFERROR(O12-P12,"") | S12: 義大利麵 | T12: - | U12: =IFERROR(T12/$B$7,"") | V12: -% | W12: =IFERROR(U12-V12,"")
A13: （５）品群別人時生產性 | M13: 調理包 | N13: - | O13: =IFERROR(N13/$B$6,"") | P13: -% | Q13: =IFERROR(O13-P13,"") | S13: 調理包 | T13: - | U13: =IFERROR(T13/$B$7,"") | V13: -% | W13: =IFERROR(U13-V13,"")
B14: 當月 | C14: 前月 | D14: 差異 | E14: 累計 | H14: 當月 | I14: 前月 | J14: 差異 | K14: 累計 | O14: =SUM(O6:O13) -> 1 | P14: =SUM(P6:P13) -> 1 | U14: =SUM(U6:U13) -> 1 | V14: =SUM(V6:V13) -> 1
A15: 飯糰 | B15: 600 | C15: 660 | D15: =B15-C15 -> -60 | E15: =(B15+C15)/2 -> 630 | G15: 調理麵包 | J15: =H15-I15 -> 0 | M15: （７）原因別分析
A16: 大口飯糰 | B16: 800 | C16: 780 | D16: =B16-C16 -> 20 | E16: =(B16+C16)/2 -> 790 | G16: 袋裝調理麵包 | J16: =H16-I16 -> 0 | N16: 合計 | P16: 作業原因 | R16: 規格原因
A17: 便當 | B17: 130 | C17: 111 | D17: =B17-C17 -> 19 | E17: =(B17+C17)/2 -> 120.5 | G17: 義大利麵 | J17: =H17-I17 -> 0 | N17: 金額 | O17: 比例 | P17: 金額 | Q17: 比例 | R17: 金額 | S17: 比例
A18: 調理麵 | B18: 140 | C18: 165 | D18: =B18-C18 -> -25 | E18: =(B18+C18)/2 -> 152.5 | G18: 調理包 | J18: =H18-I18 -> 0 | M18: 半成品報廢 | N18: 1200 | O18: =N18/$B$6 -> 0.0024 | P18: 900 | Q18: =IFERROR(P18/$B$6,"") -> 0.0018 | R18: 300 | S18: =IFERROR(R18/$B$6,"") -> 0.0006
M19: 半成品超用 | N19: 4500 | O19: =N19/$B$6 -> 0.009 | P19: 3500 | Q19: =IFERROR(P19/$B$6,"") -> 0.007 | R19: 1000 | S19: =IFERROR(R19/$B$6,"") -> 0.002
A20: （６）人時生產性前幾名品項
B21: 排名 | C21: 商品名 | F21: 人數 | G21: 產能 | H21: 人時生產性 | I21: 前月比 | J21: 主要原因&對策 | M21: （８）報廢原因別前幾名品項
A22: 飯糰 | B22: 1 | C22: 手巻明太子 | F22: 3 | G22: 3000 | H22: 1000 | I22: 10 | J22: 減少暫時停止生產,人時UP | M22: 半成品報廢 | N22: 排名 | O22: 商品名 | R22: 半成品名 | U22: 單價 | V22: 報廢率 | W22: 數量 | X22: 金額 | Y22: 前月比 | Z22: 主要原因&對策
B23: 2 | M23: 作業原因 | N23: 1 | O23: 明太子海苔便當 | R23: 油炸白身魚 | U23: 10 | V23: 0.15 | W23: 10 | X23: =W23*U23 -> 100 | Y23: 80 | Z23: 油調過多報廢。變更條件。
B24: 3 | N24: 2 | X24: =W24*U24 -> 0
B25: 4 | N25: 3 | X25: =W25*U25 -> 0
B26: 5 | N26: 4 | X26: =W26*U26 -> 0
B27: ▼1 | C27: 手巻卵黄雞絞肉 | F27: 4 | G27: 2800 | H27: 700 | I27: 6/30新商品 | J27: 因組裝2食材,人員增加,產速減少 | N27: 5 | X27: =W27*U27 -> 0
B28: ▼2 | U28: 前幾名合計比例 | V28: =X28/N18 -> 0.083333333 | W28: 前幾名合計金額 | X28: =SUM(X23:X27) -> 100
B29: ▼3 | M29: 規格原因 | N29: 1 | O29: 海老炒飯 | R29: 川燙蝦子拌醬 | U29: 5.55 | V29: 0.21 | W29: 50 | X29: =W29*U29 -> 277.5 | Y29: 35 | Z29: 蝦子入數不足
B30: ▼4 | N30: 2 | X30: =W30*U30 -> 0
B31: ▼5 | N31: 3 | X31: =W31*U31 -> 0
N32: 4 | X32: =W32*U32 -> 0
B33: 排名 | C33: 商品名 | F33: 人數 | G33: 產能 | H33: 人時生產性 | I33: 前月比 | J33: 主要原因&對策 | N33: 5 | X33: =W33*U33 -> 0
A34: 大口飯糰 | B34: 1 | C34: 直巻明太子美奶茲 | F34: 3 | G34: 2500 | H34: 833.33 | I34: 20 | J34: 透由調整速度提升。 | U34: 前幾名合計比例 | V34: =X34/N18 -> 0.23125 | W34: 前幾名合計金額 | X34: =SUM(X29:X33) -> 277.5
B35: 2
B36: 3 | M36: 半成品超用 | N36: 排名 | O36: 商品名 | R36: 半成品名 | U36: 單價 | V36: 報廢率 | W36: 數量 | X36: 金額 | Y36: 前月比 | Z36: 主要原因&對策
B37: 4 | M37: 作業原因 | N37: 1 | O37: 特製醬汁炙燒牛五花便當 | R37: 牛五花醬汁 | U37: 25 | V37: 0.25 | W37: 10 | X37: =W37*U37 -> 250 | Y37: 150 | Z37: 難度有差異。調理指導。
B38: 5 | N38: 2 | X38: =W38*U38 -> 0
B39: ▼1 | C39: 大口飯糰燒肉美奶滋 | F39: 7 | G39: 2200 | H39: 314.29 | I39: -15 | J39: 因摺疊增員。實施教育訓練。 | N39: 3 | X39: =W39*U39 -> 0
B40: ▼2 | N40: 4 | X40: =W40*U40 -> 0
B41: ▼3 | N41: 5 | X41: =W41*U41 -> 0
B42: ▼4 | U42: 前幾名合計比例 | V42: =X42/N19 -> 0.055555556 | W42: 前幾名合計金額 | X42: =SUM(X37:X41) -> 250
B43: ▼5 | M43: 規格原因 | N43: 1 | O43: 特製醬汁炙燒牛五花便當 | R43: 牛五花燒成 | U43: 30 | V43: 0.1 | W43: 20 | X43: =W43*U43 -> 600 | Y43: 400 | Z43: 因原料變更。
N44: 2 | X44: =W44*U44 -> 0
B45: 排名 | C45: 商品名 | F45: 人數 | G45: 產能 | H45: 人時生產性 | I45: 前月比 | J45: 主要原因&對策 | N45: 3 | X45: =W45*U45 -> 0
A46: 便當 | B46: 1 | C46: 明太子海苔便當 | F46: 15 | G46: 1200 | H46: 80 | I46: 5 | J46: 指導鋪開炒柴魚片 | N46: 4 | X46: =W46*U46 -> 0
B47: 2 | N47: 5 | X47: =W47*U47 -> 0
B48: 3 | U48: 前幾名合計比例 | V48: =X48/N19 -> 0.13333333 | W48: 前幾名合計金額 | X48: =SUM(X43:X47) -> 600
B49: 4
B50: 5 | M50: （９）歩留
B51: ▼1 | C51: 特製醬汁炙燒牛五花便當 | F51: 18 | G51: 800 | H51: 44.44 | I51: -15 | J51: 肉狀態不良，已連動開發 | N51: No. | O51: 商品名 | R51: 半成品名 | U51: 單價 | V51: 規格 | W51: 實績 | X51: 差異 | Y51: 主要原因&對策
B52: ▼2 | M52: 作業原因 | N52: 1 | O52: 特製醬汁炙燒牛五花便當 | R52: 牛五花燒成 | U52: 30 | V52: 0.62 | W52: 0.58 | X52: =W52-V52 -> -0.04 | Y52: 燒成過多，調整調理條件。
B53: ▼3 | N53: 2 | X53: =W53-V53 -> 0
B54: ▼4 | M54: 規格原因 | N54: 1 | O54: 大口飯糰三種起司午餐肉 | R54: ３種起司燒成 | U54: 20 | V54: 0.9 | W54: 0.82 | X54: =W54-V54 -> -0.08 | Y54: 與燒成範本不同。
B55: ▼5 | N55: 2 | X55: =W55-V55 -> 0

Sheet 生產管理報表(月)
A1: 生產管理報表
A3: 月別 | B3: 9 | C3: 工廠 | D3: 晉欣廠
A4: （１）收支狀況 | E4: ※單位：千元 | G4: （２）ＫＰＩ達成進度
A5: 項目 | B5: 當月 | C5: 前月 | D5: 差異 | E5: 累計 | G5: 項目 | H5: KPI | I5: 當月 | J5: 前月 | K5: 累計 | L5: ※補充
A6: 業績金額 | B6: ='（１）收支狀況'!H5/1000 -> 0 | C6: 212376.15 | D6: =B6-C6 -> -212376.15 | E6: =B6 -> 0 | G6: 人時性(個/月均) | H6: 266 | I6: ='（２）ＫＰＩ達成進度'!H5 -> 0 | J6: 331.32088 | K6: =I6 -> 0 | L6: 個／MH
A7: 訂單數量 | B7: ='（４）訂單數量構成比'!H7 -> 0 | C7: 6558055 | D7: =B7-C7 -> -6558055 | E7: =B7 -> 0 | G7: 人時達成率(%/月均) | H7: 0.8 | I7: ='（２）ＫＰＩ達成進度'!K5 -> 0 | J7: 0.90524832 | K7: =I7 -> 0 | L7: 達成率
A8: 材料費 | B8: ='（１）收支狀況'!N5/1000 -> 0 | C8: 139088.16 | D8: =B8-C8 -> -139088.16 | E8: =B8 -> 0 | G8: 半成品-報廢(%) | H8: 0.0025 | I8: ='（２）ＫＰＩ達成進度'!N5 -> 0 | J8: 0.0024946244 | K8: =I8 -> 0 | L8: 報廢率
A9: 材料費率 | B9: ='（１）收支狀況'!Q5 -> 0 | C9: 0.65491423 | D9: =B9-C9 -> -0.65491423 | E9: =B9 -> 0 | G9: 半成品-超用(%) | H9: 0.0026 | I9: ='（２）ＫＰＩ達成進度'!Q5 -> 0 | J9: 0.0023789152 | K9: =I9 -> 0 | L9: 超用率
A10: 勞務成本 | B10: ='（１）收支狀況'!T5/1000 -> 0 | C10: 30146.177 | D10: =B10-C10 -> -30146.177 | E10: =B10 -> 0 | G10: 固定產線-導入率(%) | H10: 0.8 | I10: ='（２）ＫＰＩ達成進度'!T5 -> 0 | J10: 0.91666667 | K10: =I10 -> 0 | L10: 導入率
A11: 勞務費率 | B11: ='（１）收支狀況'!W5 -> 0 | C11: 0.14194709 | D11: =B11-C11 -> -0.14194709 | E11: =B11 -> 0 | G11: 教育訓練-實施率(%) | H11: 1 | I11: ='（２）ＫＰＩ達成進度'!W5 -> 0 | J11: 0.67912903 | K11: =I11 -> 0 | L11: 實施率
A13: （３）業績構成比 | G13: （４）訂單數量構成比
B14: 當月 | C14: 比例 | D14: 前月 | E14: 差異 | H14: 當月 | I14: 比例 | J14: 前月 | K14: 差異
A15: 18℃-飯A15:A23糰(061,063) | B15: ='（３）業績構成比'!M46/1000 -> 20292.467 | C15: =IFERROR(B15/$B$6,"") | D15: 0.19048549 | E15: =IFERROR(C15-D15,"") | G15: 18℃-飯A15:A23糰(061,063) | H15: ='（４）訂單數量構成比'!M46 -> 1067935 | I15: =IFERROR(H15/$B$7,"") | J15: 0.33193454 | K15: =IFERROR(I15-J15,"")
A16: 18℃-壽司手卷(071,072,075,076) | B16: ='（３）業績構成比'!S46/1000 -> 4316.271 | C16: =IFERROR(B16/$B$6,"") | D16: 0.04002075 | E16: =IFERROR(C16-D16,"") | G16: 18℃-壽司手卷(071,072,075,076) | H16: ='（４）訂單數量構成比'!S47 -> 186443 | I16: =IFERROR(H16/$B$7,"") | J16: 0.050408543 | K16: =IFERROR(I16-J16,"")
A17: 4℃-飯糰(065) | B17: ='（３）業績構成比'!U46/1000 -> 8063.5793 | C17: =IFERROR(B17/$B$6,"") | D17: 0.098025494 | E17: =IFERROR(C17-D17,"") | G17: 4℃-飯糰(065) | H17: ='（４）訂單數量構成比'!U46 -> 241892 | I17: =IFERROR(H17/$B$7,"") | J17: 0.09754935 | K17: =IFERROR(I17-J17,"")
A18: 4℃-壽司手卷(077) | B18: ='（３）業績構成比'!W46/1000 -> 2417.9571 | C18: =IFERROR(B18/$B$6,"") | D18: 0.0023157871 | E18: =IFERROR(C18-D18,"") | G18: 4℃-壽司手卷(077) | H18: ='（４）訂單數量構成比'!W46 -> 76820 | I18: =IFERROR(H18/$B$7,"") | J18: 0.0027738407 | K18: =IFERROR(I18-J18,"")
A19: 主食(091,092,093,094,095) | B19: ='（３）業績構成比'!AC46/1000 -> 25211.488 | C19: =IFERROR(B19/$B$6,"") | D19: 0.26645165 | E19: =IFERROR(C19-D19,"") | G19: 主食(091,092,093,094,095) | H19: ='（４）訂單數量構成比'!AC46 -> 630660 | I19: =IFERROR(H19/$B$7,"") | J19: 0.20966064 | K19: =IFERROR(I19-J19,"")
A20: 便當(083) | B20: ='（３）業績構成比'!AE46/1000 -> 15228.706 | C20: =IFERROR(B20/$B$6,"") | D20: 0.11880395 | E20: =IFERROR(C20-D20,"") | G20: 便當(083) | H20: ='（４）訂單數量構成比'!AE46 -> 271923 | I20: =IFERROR(H20/$B$7,"") | J20: 0.069473342 | K20: =IFERROR(I20-J20,"")
A21: 熱食義麵(122,123,124,126) | B21: ='（３）業績構成比'!AG46/1000 -> 12011.204 | C21: =IFERROR(B21/$B$6,"") | D21: 0.13107603 | E21: =IFERROR(C21-D21,"") | G21: 熱食義麵(122,123,124,126) | H21: ='（４）訂單數量構成比'!AG46 -> 240808 | I21: =IFERROR(H21/$B$7,"") | J21: 0.087948485 | K21: =IFERROR(I21-J21,"")
A22: 季節調理麵(111,112) | B22: ='（３）業績構成比'!AI46/1000 -> 6015.7257 | C22: =IFERROR(B22/$B$6,"") | D22: 0.091535408 | E22: =IFERROR(C22-D22,"") | G22: 季節調理麵(111,112) | H22: ='（４）訂單數量構成比'!AI46 -> 165583 | I22: =IFERROR(H22/$B$7,"") | J22: 0.079981641 | K22: =IFERROR(I22-J22,"")
A23: 微波小吃(153,154,155) | B23: ='（３）業績構成比'!AK46/1000 -> 8991.5442 | C23: =IFERROR(B23/$B$6,"") | D23: 0.061285436 | E23: =IFERROR(C23-D23,"") | G23: 微波小吃(153,154,155) | H23: ='（４）訂單數量構成比'!AK46 -> 283558 | I23: =IFERROR(H23/$B$7,"") | J23: 0.070269615 | K23: =IFERROR(I23-J23,"")
C24: =SUM(C15:C23) -> 0 | D24: =SUM(D15:D23) -> 1 | I24: =SUM(I15:I23) -> 0 | J24: =SUM(J15:J23) -> 1
A26: （５）品群別人時生產性
A27: 品群 | B27: 當月 | C27: 前月 | D27: 差異 | E27: 累計 | M27: 8月 | N27: 9月 | O27: 10月 | P27: 11月 | Q27: 12月
A28: 18℃-飯A15:A23糰(061,063) | B28: ='（５-1）品群別人時生產性（18℃-飯糰）'!$C$1 -> 756.04671 | C28: 717.52753 | D28: =B28-C28 -> 38.519176 | E28: =R28 -> 736.78712 | M28: 717.52753 | N28: =B28 -> 756.04671 | R28: =AVERAGE(M28:Q28) -> 736.78712
A29: 18℃-壽司手卷(071,072,075,076) | B29: ='（５-2）品群別人時生產性（18-壽司手卷)'!$C$1 -> 182.50775 | C29: 197.63272 | D29: =B29-C29 -> -15.124969 | E29: =R29 -> 190.07023 | M29: 197.63272 | N29: =B29 -> 182.50775 | R29: =AVERAGE(M29:Q29) -> 190.07023
A30: 4℃-飯糰(065) | B30: ='（５-3）品群別人時生產性（4℃-飯糰)'!$C$1 -> 273.59421 | C30: 240.45857 | D30: =B30-C30 -> 33.135638 | E30: =R30 -> 257.02639 | M30: 240.45857 | N30: =B30 -> 273.59421 | R30: =AVERAGE(M30:Q30) -> 257.02639
A31: 4℃-壽司手卷(077) | B31: ='（５-4）品群別人時生產性（4℃-壽司手卷)'!$C$1 -> 118.38412 | C31: 106.86512 | D31: =B31-C31 -> 11.519002 | E31: =R31 -> 112.62462 | M31: 106.86512 | N31: =B31 -> 118.38412 | R31: =AVERAGE(M31:Q31) -> 112.62462
A32: 主食(091,092,093,094,095) | B32: ='（５-5）品群別人時生產性(主食) '!$C$1 -> 87.919975 | C32: 89.310428 | D32: =B32-C32 -> -1.3904536 | E32: =R32 -> 88.615202 | M32: 89.310428 | N32: =B32 -> 87.919975 | R32: =AVERAGE(M32:Q32) -> 88.615202
A33: 便當(083) | B33: ='（５-6）品群別人時生產性(便當)'!$C$1 -> 73.580888 | C33: 65.672742 | D33: =B33-C33 -> 7.9081454 | E33: =R33 -> 69.626815 | M33: 65.672742 | N33: =B33 -> 73.580888 | R33: =AVERAGE(M33:Q33) -> 69.626815
A34: 熱食義麵(122,123,124,126) | B34: ='（５-7）品群別人時生產性(熱食義麵) '!$C$1 -> 76.863036 | C34: 75.478569 | D34: =B34-C34 -> 1.3844673 | E34: =R34 -> 76.170803 | M34: 75.478569 | N34: =B34 -> 76.863036 | R34: =AVERAGE(M34:Q34) -> 76.170803
A35: 季節調理麵(111,112) | B35: ='（５-8）品群別人時生產性(季節調理麵) '!$C$1 -> 119.39118 | C35: 114.50557 | D35: =B35-C35 -> 4.8856047 | E35: =R35 -> 116.94837 | M35: 114.50557 | N35: =B35 -> 119.39118 | R35: =AVERAGE(M35:Q35) -> 116.94837
A36: 微波小吃(153,154,155) | B36: ='（５-9）品群別人時生產性(微波小吃)'!$C$1 -> 110.97011 | C36: 99.648342 | D36: =B36-C36 -> 11.321764 | E36: =R36 -> 105.30922 | M36: 99.648342 | N36: =B36 -> 110.97011 | R36: =AVERAGE(M36:Q36) -> 105.30922

Sheet 生產管理報表(週) 
A1: 生產管理報表
A3: 月別 | B3: 11 | C3: 週別 | D3: W1 | E3: 工廠 | F3: 晉欣廠
A4: （１）收支狀況 | E4: ※單位：千元 | G4: （２）ＫＰＩ達成進度
A5: 項目 | B5: 當週 | C5: 前週 | D5: 差異 | E5: 累計 | G5: 項目 | H5: KPI | I5: 當週 | J5: 前週 | K5: 累計 | L5: ※補充
A6: 業績金額 | B6: ='（１）收支狀況'!G12/1000 -> 49899.447 | C6: 52649.495 | D6: =B6-C6 -> -2750.048 | E6: ='（１）收支狀況'!H9/1000 -> 71561.306 | G6: 人時性(個/月均) | H6: 366 | I6: ='（２）ＫＰＩ達成進度'!G12 -> 336.19882 | J6: 340.19679 | K6: ='（２）ＫＰＩ達成進度'!H9 -> 338.19877 | L6: 個／MH
A7: 訂單數量 | B7: ='（１）收支狀況'!J12 -> 1534159 | C7: 1631463 | D7: =B7-C7 -> -97304 | E7: ='（１）收支狀況'!K9 -> 2204262 | G7: 人時達成率(%/月均) | H7: 0.8 | I7: ='（２）ＫＰＩ達成進度'!J12 -> 0.91857601 | J7: 0.92949941 | K7: ='（２）ＫＰＩ達成進度'!K9 -> 0.30801345 | L7: 達成率
A8: 材料費 | B8: ='（１）收支狀況'!M12/1000 -> 32893.927 | C8: 34902.738 | D8: =B8-C8 -> -2008.811 | E8: ='（１）收支狀況'!N9/1000 -> 47078.484 | G8: 半成品-報廢(%) | H8: 0.0025 | I8: ='（２）ＫＰＩ達成進度'!M12 -> 0.0024537701 | J8: 0.0024552869 | K8: ='（２）ＫＰＩ達成進度'!N9 -> 0.0024516729 | L8: 報廢率
A9: 材料費率 | B9: ='（１）收支狀況'!P12 -> 0.65920424 | C9: 0.66292636 | D9: =B9-C9 -> -0.0037221193 | E9: ='（１）收支狀況'!Q9 -> 0.65787626 | G9: 半成品-超用(%) | H9: 0.0026 | I9: ='（２）ＫＰＩ達成進度'!P12 -> 0.0022225027 | J9: 0.0022768681 | K9: ='（２）ＫＰＩ達成進度'!Q9 -> 0.0022264575 | L9: 超用率
A10: 勞務成本 | B10: ='（１）收支狀況'!S12/1000 -> 6835.2228 | C10: 7231.7426 | D10: =B10-C10 -> -396.51981 | E10: ='（１）收支狀況'!T9/1000 -> 9751.6181 | G10: 固定產線-導入率(%) | H10: 0.8 | I10: 0.917 | J10: 0.917 | K10: 0.917 | L10: 導入率
A11: 勞務費率 | B11: ='（１）收支狀況'!V12 -> 0.13697993 | C11: 0.1377496 | D11: =B11-C11 -> -0.00076966421 | E11: ='（１）收支狀況'!W9 -> 0.13626943 | G11: 教育訓練-實施率(%) | H11: 1 | I11: ='（２）ＫＰＩ達成進度'!V12 -> 0.88342857 | J11: 0.87342857 | K11: ='（２）ＫＰＩ達成進度'!W9 -> 0.8814 | L11: 實施率
A13: （３）業績構成比 | G13: （４）訂單數量構成比
B14: 當週 | C14: 比例 | D14: 前週 | E14: 差異 | H14: 當週 | I14: 比例 | J14: 前週 | K14: 差異
A15: 18℃-飯糰(061,063) | B15: =SUM('（３）業績構成比'!I14:I20,'（３）業績構成比'!K14:K20)/1000 -> 9790.0968 | C15: =IFERROR(B15/$B$6,"") -> 0.1961965 | D15: 0.19947712 | E15: =IFERROR(C15-D15,"") -> -0.0032806245 | G15: 18℃-飯糰(061,063) | H15: =SUM(,'（４）訂單數量構成比'!I14:I20,'（４）訂單數量構成比'!K14:K20) -> 514518 | I15: =IFERROR(H15/$B$7,"") -> 0.33537463 | J15: 0.33921517 | K15: =IFERROR(I15-J15,"") -> -0.0038405452
A16: 18℃-壽司手卷(071,072,075,076) | B16: =SUM('（３）業績構成比'!O14:O20,'（３）業績構成比'!Q14:Q20)/1000 -> 1994.7626 | C16: =IFERROR(B16/$B$6,"") -> 0.039975646 | D16: 0.044093649 | E16: =IFERROR(C16-D16,"") -> -0.0041180038 | G16: 18℃-壽司手卷(071,072,075,076) | H16: =SUM('（４）訂單數量構成比'!O14:O20,'（４）訂單數量構成比'!Q14:Q20) -> 84426 | I16: =IFERROR(H16/$B$7,"") -> 0.055030802 | J16: 0.062530992 | K16: =IFERROR(I16-J16,"") -> -0.0075001902
A17: 4℃-飯糰(065) | B17: =SUM('（３）業績構成比'!U14:U20)/1000 -> 3949.4498 | C17: =IFERROR(B17/$B$6,"") -> 0.079148167 | D17: 0.078141862 | E17: =IFERROR(C17-D17,"") -> 0.0010063057 | G17: 4℃-飯糰(065) | H17: =SUM('（４）訂單數量構成比'!U14:U20) -> 118836 | I17: =IFERROR(H17/$B$7,"") -> 0.077460029 | J17: 0.07542678 | K17: =IFERROR(I17-J17,"") -> 0.0020332491
A18: 4℃-壽司手卷(077) | B18: =SUM('（３）業績構成比'!W14:W20)/1000 -> 1022.2332 | C18: =IFERROR(B18/$B$6,"") -> 0.020485863 | D18: 0.026509729 | E18: =IFERROR(C18-D18,"") -> -0.0060238661 | G18: 4℃-壽司手卷(077) | H18: =SUM('（４）訂單數量構成比'!W14:W20) -> 32774 | I18: =IFERROR(H18/$B$7,"") -> 0.021362844 | J18: 0.026997854 | K18: =IFERROR(I18-J18,"") -> -0.0056350097
A19: 主食(091,092,093,094,095) | B19: =SUM('（３）業績構成比'!Y14:Y20,'（３）業績構成比'!AA14:AA20)/1000 -> 12482.2 | C19: =IFERROR(B19/$B$6,"") -> 0.25014705 | D19: 0.24177418 | E19: =IFERROR(C19-D19,"") -> 0.0083728704 | G19: 主食(091,092,093,094,095) | H19: =SUM('（４）訂單數量構成比'!Y14:Y20,'（４）訂單數量構成比'!AA14:AA20) -> 311156 | I19: =IFERROR(H19/$B$7,"") -> 0.20281861 | J19: 0.19583895 | K19: =IFERROR(I19-J19,"") -> 0.0069796632
A20: 便當(083) | B20: =SUM('（３）業績構成比'!AE14:AE20)/1000 -> 7489.1908 | C20: =IFERROR(B20/$B$6,"") -> 0.15008565 | D20: 0.14700075 | E20: =IFERROR(C20-D20,"") -> 0.0030848971 | G20: 便當(083) | H20: =SUM('（４）訂單數量構成比'!AE14:AE20) -> 133803 | I20: =IFERROR(H20/$B$7,"") -> 0.087215862 | J20: 0.08466021 | K20: =IFERROR(I20-J20,"") -> 0.0025556524
A21: 熱食義麵(122,123,124,126) | B21: =SUM('（３）業績構成比'!AG14:AG20)/1000 -> 5719.4089 | C21: =IFERROR(B21/$B$6,"") -> 0.11461868 | D21: 0.11950342 | E21: =IFERROR(C21-D21,"") -> -0.0048847426 | G21: 熱食義麵(122,123,124,126) | H21: =SUM('（４）訂單數量構成比'!AG14:AG20) -> 115069 | I21: =IFERROR(H21/$B$7,"") -> 0.075004612 | J21: 0.077071316 | K21: =IFERROR(I21-J21,"") -> -0.0020667041
A22: 季節調理麵(111,112) | B22: =SUM('（３）業績構成比'!AI14:AI20)/1000 -> 3145.5163 | C22: =IFERROR(B22/$B$6,"") -> 0.063037098 | D22: 0.05451542 | E22: =IFERROR(C22-D22,"") -> 0.0085216781 | G22: 季節調理麵(111,112) | H22: =SUM('（４）訂單數量構成比'!AI14:AI20) -> 85767 | I22: =IFERROR(H22/$B$7,"") -> 0.055904896 | J22: 0.048922961 | K22: =IFERROR(I22-J22,"") -> 0.0069819359
A23: 微波小吃(153,154,155) | B23: =SUM('（３）業績構成比'!AK14:AK20)/1000 -> 4306.5889 | C23: =IFERROR(B23/$B$6,"") -> 0.086305344 | D23: 0.088983858 | E23: =IFERROR(C23-D23,"") -> -0.0026785142 | G23: 微波小吃(153,154,155) | H23: =SUM('（４）訂單數量構成比'!AK14:AK20) -> 137810 | I23: =IFERROR(H23/$B$7,"") -> 0.089827717 | J23: 0.089335768 | K23: =IFERROR(I23-J23,"") -> 0.00049194873
C24: =SUM(C15:C23) -> 1 | D24: =SUM(D15:D23) -> 1 | I24: =SUM(I15:I23) -> 1 | J24: =SUM(J15:J23) -> 1
A26: （５）品群別人時生產性
A27: 品群 | B27: 當週 | C27: 前週 | D27: 差異 | E27: 累計
A28: 18℃-飯糰(061,063) | B28: ='（５-1）品群別人時生產性（18℃-飯糰）'!L42 -> 748.13358 | C28: 763.95984 | D28: =B28-C28 -> -15.826259 | E28: ='（５-1）品群別人時生產性（18℃-飯糰）'!C1 -> 756.04671
A29: 18℃-壽司手卷(071,072,075,076) | B29: ='（５-2）品群別人時生產性（18-壽司手卷)'!L27 -> 182.18847 | C29: 182.82703 | D29: =B29-C29 -> -0.63855441 | E29: ='（５-2）品群別人時生產性（18-壽司手卷)'!C1 -> 182.50775
A30: 4℃-飯糰(065) | B30: ='（５-3）品群別人時生產性（4℃-飯糰)'!L27 -> 267.92877 | C30: 279.25965 | D30: =B30-C30 -> -11.330879 | E30: ='（５-3）品群別人時生產性（4℃-飯糰)'!C1 -> 273.59421
A31: 4℃-壽司手卷(077) | B31: ='（５-4）品群別人時生產性（4℃-壽司手卷)'!L27 -> 114.89807 | C31: 121.87018 | D31: =B31-C31 -> -6.9721127 | E31: ='（５-4）品群別人時生產性（4℃-壽司手卷)'!C1 -> 118.38412
A32: 主食(091,092,093,094,095) | B32: ='（５-5）品群別人時生產性(主食) '!L42 -> 88.921658 | C32: 86.918291 | D32: =B32-C32 -> 2.0033669 | E32: ='（５-5）品群別人時生產性(主食) '!C1 -> 87.919975
A33: 便當(083) | B33: ='（５-6）品群別人時生產性(便當)'!L27 -> 79.014885 | C33: 68.146891 | D33: =B33-C33 -> 10.867994 | E33: ='（５-6）品群別人時生產性(便當)'!C1 -> 73.580888
A34: 熱食義麵(122,123,124,126) | B34: ='（５-7）品群別人時生產性(熱食義麵) '!L27 -> 79.308428 | C34: 74.417644 | D34: =B34-C34 -> 4.890784 | E34: ='（５-7）品群別人時生產性(熱食義麵) '!C1 -> 76.863036
A35: 季節調理麵(111,112) | B35: ='（５-8）品群別人時生產性(季節調理麵) '!L27 -> 118.96839 | C35: 119.81397 | D35: =B35-C35 -> -0.84558214 | E35: ='（５-8）品群別人時生產性(季節調理麵) '!C1 -> 119.39118
A36: 微波小吃(153,154,155) | B36: ='（５-9）品群別人時生產性(微波小吃)'!L27 -> 109.78167 | C36: 112.15854 | D36: =B36-C36 -> -2.3768729 | E36: ='（５-9）品群別人時生產性(微波小吃)'!C1 -> 110.97011

Sheet （１）收支狀況
B2: （１）收支狀況
C3: 月份 | D3: 日期 | F3: 營業額(元) | I3: 訂單數量(個) | L3: 材料費(元) | O3: 材料費率（材料費／營業額） | R3: 勞務成本（全廠人事成本） | U3: 勞務費率（勞務成本／營業額）
F4: 日 | G4: 週累積 | H4: 月累積 | I4: 日 | J4: 週累積 | K4: 月累積 | L4: 日 | M4: 週累積 | N4: 月累積 | O4: 日 | P4: 週累積 | Q4: 月平均 | R4: 日 | S4: 週累積 | T4: 月累積 | U4: 日 | V4: 週累積 | W4: 月平均
D5: 45958 | E5: 二 | F5: 8874807 | G5: =SUM(F5:F11) -> 52649495 | I5: 271475 | J5: =SUM(I5:I11) -> 1631463 | L5: 5922651 | M5: =SUM(L5:L11) -> 34916411 | O5: =L5/F5 -> 0.66735547 | P5: =M5/G5 -> 0.66318606 | R5: 1123600.9 | S5: =SUM(R5:R11) -> 7252446.6 | U5: =R5/F5 -> 0.12660568 | V5: =S5/G5 -> 0.1377496
D6: 45959 | E6: 三 | F6: 8157355 | I6: 254507 | L6: 5473618 | O6: =L6/F6 -> 0.67100402 | R6: 1100557.1 | U6: =R6/F6 -> 0.13491592
D7: 45960 | E7: 四 | F7: 7556926 | I7: 234639 | L7: 4858313 | O7: =L7/F7 -> 0.6428954 | R7: 1081448.1 | U7: =R7/F7 -> 0.14310687
D8: 45961 | E8: 五 | F8: 6398548 | I8: 200739 | L8: 4477272 | O8: =L8/F8 -> 0.6997325 | R8: 1030445.3 | U8: =R8/F8 -> 0.16104361
D9: 45962 | E9: 六 | F9: 6412266 | H9: =SUM(F9:F38) -> 71561306 | I9: 199982 | K9: =SUM(I9:I38) -> 2204262 | L9: 4385153 | N9: =SUM(L9:L38) -> 47078484 | O9: =L9/F9 -> 0.68386948 | Q9: =N9/H9 -> 0.65787626 | R9: 950256.83 | T9: =SUM(R9:R38) -> 9751618.1 | U9: =R9/F9 -> 0.14819361 | W9: =T9/H9 -> 0.13626943
D10: 45963 | E10: 日 | F10: 7718290 | I10: 239410 | L10: 4849950 | O10: =L10/F10 -> 0.62837105 | R10: 984498.93 | U10: =R10/F10 -> 0.12755402
D11: 45964 | E11: 一 | F11: 7531303 | I11: 230711 | L11: 4949454 | O11: =L11/F11 -> 0.65718429 | R11: 981639.55 | U11: =R11/F11 -> 0.13034126
D12: 45965 | E12: 二 | F12: 7342086 | G12: =SUM(F12:F18) -> 49899447 | I12: 226615 | J12: =SUM(I12:I18) -> 1534159 | L12: 4857460 | M12: =SUM(L12:L18) -> 32893927 | O12: =L12/F12 -> 0.66159127 | P12: =M12/G12 -> 0.65920424 | R12: 955604.38 | S12: =SUM(R12:R18) -> 6835222.8 | U12: =R12/F12 -> 0.13015434 | V12: =S12/G12 -> 0.13697993
D13: 45966 | E13: 三 | F13: 7302439 | I13: 226209 | L13: 4711139 | O13: =L13/F13 -> 0.64514596 | R13: 980946.19 | U13: =R13/F13 -> 0.13433131
D14: 45967 | E14: 四 | F14: 7792203 | I14: 230603 | L14: 5027266 | O14: =L14/F14 -> 0.6451662 | R14: 991870.96 | U14: =R14/F14 -> 0.12729019
D15: 45968 | E15: 五 | F15: 6208479 | I15: 193759 | L15: 4346463 | O15: =L15/F15 -> 0.700085 | R15: 950263.12 | U15: =R15/F15 -> 0.15305893
D16: 45969 | E16: 六 | F16: 6332588 | I16: 197295 | L16: 4319492 | O16: =L16/F16 -> 0.68210533 | R16: 942115.13 | U16: =R16/F16 -> 0.14877253
D17: 45970 | E17: 日 | F17: 7101855 | I17: 224442 | L17: 4667256 | O17: =L17/F17 -> 0.6571883 | R17: 958750.43 | U17: =R17/F17 -> 0.135
D18: 45971 | E18: 一 | F18: 7819797 | I18: 235236 | L18: 4964851 | O18: =L18/F18 -> 0.63490791 | R18: 1055672.6 | U18: =R18/F18 -> 0.135
D19: 45972 | E19: 二 | G19: =SUM(F19:F25) -> 0 | J19: =SUM(I19:I25) -> 0 | M19: =SUM(L19:L25) -> 0 | O19: =L19/F19 -> #DIV/0! | P19: =M19/G19 -> #DIV/0! | S19: =SUM(R19:R25) -> 0 | U19: =R19/F19 -> #DIV/0! | V19: =S19/G19 -> #DIV/0!
D20: 45973 | E20: 三 | O20: =L20/F20 -> #DIV/0! | U20: =R20/F20 -> #DIV/0!
D21: 45974 | E21: 四 | O21: =L21/F21 -> #DIV/0! | U21: =R21/F21 -> #DIV/0!
D22: 45975 | E22: 五 | O22: =L22/F22 -> #DIV/0! | U22: =R22/F22 -> #DIV/0!
D23: 45976 | E23: 六 | O23: =L23/F23 -> #DIV/0! | U23: =R23/F23 -> #DIV/0!
D24: 45977 | E24: 日 | O24: =L24/F24 -> #DIV/0! | U24: =R24/F24 -> #DIV/0!
D25: 45978 | E25: 一 | O25: =L25/F25 -> #DIV/0! | U25: =R25/F25 -> #DIV/0!
D26: 45979 | E26: 二 | G26: =SUM(F26:F32) -> 0 | J26: =SUM(I26:I32) -> 0 | M26: =SUM(L26:L32) -> 0 | O26: =L26/F26 -> #DIV/0! | P26: =M26/G26 -> #DIV/0! | S26: =SUM(R26:R32) -> 0 | U26: =R26/F26 -> #DIV/0! | V26: =S26/G26 -> #DIV/0!
D27: 45980 | E27: 三 | O27: =L27/F27 -> #DIV/0! | U27: =R27/F27 -> #DIV/0!
D28: 45981 | E28: 四 | O28: =L28/F28 -> #DIV/0! | U28: =R28/F28 -> #DIV/0!
D29: 45982 | E29: 五 | O29: =L29/F29 -> #DIV/0! | U29: =R29/F29 -> #DIV/0!
D30: 45983 | E30: 六 | O30: =L30/F30 -> #DIV/0! | U30: =R30/F30 -> #DIV/0!
D31: 45984 | E31: 日 | O31: =L31/F31 -> #DIV/0! | U31: =R31/F31 -> #DIV/0!
D32: 45985 | E32: 一 | O32: =L32/F32 -> #DIV/0! | U32: =R32/F32 -> #DIV/0!
D33: 45986 | E33: 二 | G33: =SUM(F33:F39) -> 0 | J33: =SUM(I33:I39) -> 0 | M33: =SUM(L33:L39) -> 0 | O33: =L33/F33 -> #DIV/0! | P33: =M33/G33 -> #DIV/0! | S33: =SUM(R33:R39) -> 0 | U33: =R33/F33 -> #DIV/0! | V33: =S33/G33 -> #DIV/0!
D34: 45987 | E34: 三 | O34: =L34/F34 -> #DIV/0! | U34: =R34/F34 -> #DIV/0!
D35: 45988 | E35: 四 | O35: =L35/F35 -> #DIV/0! | U35: =R35/F35 -> #DIV/0!
D36: 45989 | E36: 五 | O36: =L36/F36 -> #DIV/0! | U36: =R36/F36 -> #DIV/0!
D37: 45990 | E37: 六 | O37: =L37/F37 -> #DIV/0! | U37: =R37/F37 -> #DIV/0!
D38: 45991 | E38: 日 | O38: =L38/F38 -> #DIV/0! | U38: =R38/F38 -> #DIV/0!
D39: 45992 | E39: 一 | O39: =L39/F39 -> #DIV/0! | U39: =R39/F39 -> #DIV/0!
O40: =L40/F40 -> #DIV/0! | U40: =R40/F40 -> #DIV/0!

Sheet （２）ＫＰＩ達成進度
B1: KPI | C1: 366
B2: （２）ＫＰＩ達成進度
C3: 月份 | D3: 日期 | F3: 人時生產性(個/人) | I3: 人時生產性達成率(%) | L3: 半成品報廢(%) | O3: 半成品超用(%) | R3: 固定產線-導入率(固定產線數/總產線數) | U3: 教育訓練-實施率(進度/計畫)
F4: 日 | G4: 週平均 | H4: 月平均 | I4: 日 | J4: 週平均 | K4: 月平均 | L4: 日 | M4: 週平均 | N4: 月平均 | O4: 日 | P4: 週平均 | Q4: 月平均 | R4: 日 | S4: 週平均 | T4: 月平均 | U4: 日 | V4: 週平均 | W4: 月平均
D5: 45958 | E5: 二 | F5: 337.67255 | G5: =AVERAGE(F5:F11) -> 340.19679 | I5: =F5/$C$1 -> 0.92260259 | J5: =AVERAGE(I5:I11) -> 0.92949941 | L5: 0.0024675466 | M5: =AVERAGE(L5:L11) -> 0.0024552869 | O5: 0.0021732369 | P5: =AVERAGE(O5:O11) -> 0.0022768681 | R5: 0.91666667 | S5: =AVERAGE(R5:R11) -> 0.91666667 | U5: 0.87 | V5: =AVERAGE(U5:U11) -> 0.87342857
D6: 45959 | E6: 三 | F6: 348.68158 | I6: =F6/$C$1 -> 0.95268191 | L6: 0.0024403744 | O6: 0.0022650323 | R6: 0.91666667 | U6: 0.87
D7: 45960 | E7: 四 | F7: 331.92437 | I7: =F7/$C$1 -> 0.90689717 | L7: 0.0024691257 | O7: 0.0022019024 | R7: 0.91666667 | U7: 0.872
D8: 45961 | E8: 五 | F8: 334.50307 | I8: =F8/$C$1 -> 0.91394282 | L8: 0.0024696228 | O8: 0.0025908488 | R8: 0.91666667 | U8: 0.872
D9: 45962 | E9: 六 | F9: 337.32625 | H9: =AVERAGE(F9:F38) -> 338.19877 | I9: =F9/$C$1 -> 0.92165643 | K9: =AVERAGE(I9:I38) -> 0.30801345 | L9: 0.0024398551 | N9: =AVERAGE(L9:L38) -> 0.0024516729 | O9: 0.0025790165 | Q9: =AVERAGE(O9:O38) -> 0.0022264575 | R9: 0.91666667 | T9: =AVERAGE(R9:R38) -> 0.91666667 | U9: 0.875 | W9: =AVERAGE(U9:U38) -> 0.8814
D10: 45963 | E10: 日 | F10: 347.54377 | I10: =F10/$C$1 -> 0.94957315 | L10: 0.0024331814 | O10: 0.0020004283 | R10: 0.91666667 | U10: 0.875
D11: 45964 | E11: 一 | F11: 343.72591 | I11: =F11/$C$1 -> 0.93914183 | L11: 0.0024673021 | O11: 0.0021276117 | R11: 0.91666667 | U11: 0.88
D12: 45965 | E12: 二 | F12: 335.91131 | G12: =AVERAGE(F12:F18) -> 336.19882 | I12: =F12/$C$1 -> 0.91779047 | J12: =AVERAGE(I12:I18) -> 0.91857601 | L12: 0.0024704151 | M12: =AVERAGE(L12:L18) -> 0.0024537701 | O12: 0.0022034514 | P12: =AVERAGE(O12:O18) -> 0.0022225027 | R12: 0.91666667 | S12: =AVERAGE(R12:R18) -> 0.91666667 | U12: 0.88 | V12: =AVERAGE(U12:U18) -> 0.88342857
D13: 45966 | E13: 三 | F13: 337.18721 | I13: =F13/$C$1 -> 0.92127654 | L13: 0.0024442861 | O13: 0.002387131 | R13: 0.91666667 | U13: 0.882
D14: 45967 | E14: 四 | F14: 328.8584 | I14: =F14/$C$1 -> 0.89852022 | L14: 0.0024303205 | O14: 0.0020583738 | R14: 0.91666667 | U14: 0.882
D15: 45968 | E15: 五 | F15: 336.21898 | I15: =F15/$C$1 -> 0.91863109 | L15: 0.0024703313 | O15: 0.0023574055 | R15: 0.91666667 | U15: 0.884
D16: 45969 | E16: 六 | F16: 339.79293 | I16: =F16/$C$1 -> 0.92839599 | L16: 0.0024601316 | O16: 0.0023325595 | R16: 0.91666667 | U16: 0.884
D17: 45970 | E17: 日 | F17: 335.34657 | I17: =F17/$C$1 -> 0.91624747 | L17: 0.0024613288 | O17: 0.0021483472 | R17: 0.91666667 | U17: 0.886
D18: 45971 | E18: 一 | F18: 340.07632 | I18: =F18/$C$1 -> 0.92917027 | L18: 0.0024395774 | O18: 0.0020702505 | R18: 0.91666667 | U18: 0.886
D19: 45972 | E19: 二 | G19: =AVERAGE(F19:F25) -> #DIV/0! | I19: =F19/$C$1 -> 0 | J19: =AVERAGE(I19:I25) -> 0 | M19: =AVERAGE(L19:L25) -> #DIV/0! | P19: =AVERAGE(O19:O25) -> #DIV/0! | S19: =AVERAGE(R19:R25) -> #DIV/0! | V19: =AVERAGE(U19:U25) -> #DIV/0!
D20: 45973 | E20: 三 | I20: =F20/$C$1 -> 0
D21: 45974 | E21: 四 | I21: =F21/$C$1 -> 0
D22: 45975 | E22: 五 | I22: =F22/$C$1 -> 0
D23: 45976 | E23: 六 | I23: =F23/$C$1 -> 0
D24: 45977 | E24: 日 | I24: =F24/$C$1 -> 0
D25: 45978 | E25: 一 | I25: =F25/$C$1 -> 0
D26: 45979 | E26: 二 | G26: =AVERAGE(F26:F32) -> #DIV/0! | I26: =F26/$C$1 -> 0 | J26: =AVERAGE(I26:I32) -> 0 | M26: =AVERAGE(L26:L32) -> #DIV/0! | P26: =AVERAGE(O26:O32) -> #DIV/0! | S26: =AVERAGE(R26:R32) -> #DIV/0! | V26: =AVERAGE(U26:U32) -> #DIV/0!
D27: 45980 | E27: 三 | I27: =F27/$C$1 -> 0
D28: 45981 | E28: 四 | I28: =F28/$C$1 -> 0
D29: 45982 | E29: 五 | I29: =F29/$C$1 -> 0
D30: 45983 | E30: 六 | I30: =F30/$C$1 -> 0
D31: 45984 | E31: 日 | I31: =F31/$C$1 -> 0
D32: 45985 | E32: 一 | I32: =F32/$C$1 -> 0
D33: 45986 | E33: 二 | G33: =AVERAGE(F33:F39) -> #DIV/0! | I33: =F33/$C$1 -> 0 | J33: =AVERAGE(I33:I39) -> 0 | M33: =AVERAGE(L33:L39) -> #DIV/0! | P33: =AVERAGE(O33:O39) -> #DIV/0! | S33: =AVERAGE(R33:R39) -> #DIV/0! | V33: =AVERAGE(U33:U39) -> #DIV/0!
D34: 45987 | E34: 三 | I34: =F34/$C$1 -> 0
D35: 45988 | E35: 四 | I35: =F35/$C$1 -> 0
D36: 45989 | E36: 五 | I36: =F36/$C$1 -> 0
D37: 45990 | E37: 六 | I37: =F37/$C$1 -> 0
D38: 45991 | E38: 日 | I38: =F38/$C$1 -> 0
D39: 45992 | E39: 一 | I39: =F39/$C$1 -> 0

Sheet （３）業績構成比
B2: （3）業績構成比
C3: 月份 | D3: 日期 | F3: 營業額 | I3: 品類業績
I4: 18℃-飯糰 | O4: 18℃-壽司手卷 | U4: 4℃-飯糰 | W4: 4℃-壽司手卷 | Y4: 主食 | AE4: 便當 | AG4: 熱食義麵 | AI4: 季節調理麵 | AK4: 微波小吃
F5: 日 | G5: 週累積 | H5: 月累積 | I5: 一配 | K5: 二配 | M5: 合計 | O5: 一配 | Q5: 二配 | S5: 合計 | U5: 一配 | W5: 一配 | Y5: 一配 | AA5: 二配 | AC5: 合計 | AE5: 一配 | AG5: 一配 | AI5: 一配 | AK5: 一配
I6: 業績(元) | J6: 比例(%) | K6: 業績(元) | L6: 比例(%) | M6: 業績(元) | N6: 比例(%) | O6: 業績(元) | P6: 比例(%) | Q6: 業績(元) | R6: 比例(%) | S6: 業績(元) | T6: 比例(%) | U6: 業績(元) | V6: 比例(%) | W6: 業績(元) | X6: 比例(%) | Y6: 業績(元) | Z6: 比例(%) | AA6: 業績(元) | AB6: 比例(%) | AC6: 業績(元) | AD6: 比例(%) | AE6: 業績(元) | AF6: 比例(%) | AG6: 業績(元) | AH6: 比例(%) | AI6: 業績(元) | AJ6: 比例(%) | AK6: 業績(元) | AL6: 比例(%)
D7: 45958 | E7: 二 | F7: =SUM(M7,S7,U7,W7,AC7,AE7,AG7,AI7,AK7) -> 8874807 | G7: =SUM(F7:F13) -> 52649495 | I7: 780746.64 | J7: =I7/F7 -> 0.087973366 | K7: 911239.32 | L7: =K7/F7 -> 0.10267709 | M7: =SUM(I7+K7) -> 1691986 | N7: =M7/F7 -> 0.19065045 | O7: 271416.89 | P7: =O7/F7 -> 0.030582849 | Q7: 110287.01 | R7: =Q7/$F7 -> 0.012426976 | S7: =SUM(O7+Q7) -> 381703.9 | T7: =S7/F7 -> 0.043009825 | U7: 656894.59 | V7: =U7/F7 -> 0.074017902 | W7: 326083.5 | X7: =W7/F7 -> 0.036742602 | Y7: 700989.34 | Z7: =Y7/F7 -> 0.078986432 | AA7: 1516347.3 | AB7: =AA7/$F7 -> 0.17085975 | AC7: =SUM(Y7+AA7) -> 2217336.7 | AD7: =AC7/F7 -> 0.24984619 | AE7: 1283032.9 | AF7: =AE7/F7 -> 0.14457023 | AG7: 1049488.8 | AH7: =AG7/F7 -> 0.11825483 | AI7: 472206.16 | AJ7: =AI7/F7 -> 0.053207484 | AK7: 796074.54 | AL7: =AK7/F7 -> 0.089700491
D8: 45959 | E8: 三 | F8: =SUM(M8,S8,U8,W8,AC8,AE8,AG8,AI8,AK8) -> 8157355 | I8: 741769.41 | J8: =I8/F8 -> 0.090932589 | K8: 911358.13 | L8: =K8/F8 -> 0.11172226 | M8: =SUM(I8+K8) -> 1653127.5 | N8: =M8/F8 -> 0.20265485 | O8: 268793.45 | P8: =O8/F8 -> 0.032951054 | Q8: 111574.07 | R8: =Q8/$F8 -> 0.013677726 | S8: =SUM(O8+Q8) -> 380367.52 | T8: =S8/F8 -> 0.046628781 | U8: 647363.6 | V8: =U8/F8 -> 0.079359499 | W8: 211714.89 | X8: =W8/F8 -> 0.025953864 | Y8: 676052.95 | Z8: =Y8/F8 -> 0.08287649 | AA8: 1364309 | AB8: =AA8/$F8 -> 0.16724894 | AC8: =SUM(Y8+AA8) -> 2040361.9 | AD8: =AC8/F8 -> 0.25012543 | AE8: 1168977.6 | AF8: =AE8/F8 -> 0.14330351 | AG8: 940949.52 | AH8: =AG8/F8 -> 0.11534983 | AI8: 411972.81 | AJ8: =AI8/F8 -> 0.050503234 | AK8: 702519.62 | AL8: =AK8/F8 -> 0.086121007
D9: 45960 | E9: 四 | F9: =SUM(M9,S9,U9,W9,AC9,AE9,AG9,AI9,AK9) -> 7556926 | I9: 676655.12 | J9: =I9/F9 -> 0.089541054 | K9: 821105.69 | L9: =K9/F9 -> 0.10865605 | M9: =SUM(I9+K9) -> 1497760.8 | N9: =M9/F9 -> 0.1981971 | O9: 239899.99 | P9: =O9/F9 -> 0.031745712 | Q9: 110774.38 | R9: =Q9/$F9 -> 0.014658656 | S9: =SUM(O9+Q9) -> 350674.38 | T9: =S9/F9 -> 0.046404368 | U9: 606522.59 | V9: =U9/F9 -> 0.080260491 | W9: 194750.99 | X9: =W9/F9 -> 0.025771192 | Y9: 642678.45 | Z9: =Y9/F9 -> 0.085044957 | AA9: 1165803.2 | AB9: =AA9/$F9 -> 0.15426951 | AC9: =SUM(Y9+AA9) -> 1808481.7 | AD9: =AC9/F9 -> 0.23931446 | AE9: 1092729.8 | AF9: =AE9/F9 -> 0.14459978 | AG9: 926437.92 | AH9: =AG9/F9 -> 0.12259455 | AI9: 400515.05 | AJ9: =AI9/F9 -> 0.052999732 | AK9: 679052.73 | AL9: =AK9/F9 -> 0.089858327
D10: 45961 | E10: 五 | F10: =SUM(M10,S10,U10,W10,AC10,AE10,AG10,AI10,AK10) -> 6398548 | I10: 572932.73 | J10: =I10/F10 -> 0.089541054 | K10: 695240.92 | L10: =K10/F10 -> 0.10865605 | M10: =SUM(I10+K10) -> 1268173.7 | N10: =M10/F10 -> 0.1981971 | O10: 203126.46 | P10: =O10/F10 -> 0.031745712 | Q10: 93794.117 | R10: =Q10/$F10 -> 0.014658656 | S10: =SUM(O10+Q10) -> 296920.58 | T10: =S10/F10 -> 0.046404368 | U10: 513550.6 | V10: =U10/F10 -> 0.080260491 | W10: 164898.21 | X10: =W10/F10 -> 0.025771192 | Y10: 544164.24 | Z10: =Y10/F10 -> 0.085044957 | AA10: 987100.84 | AB10: =AA10/$F10 -> 0.15426951 | AC10: =SUM(Y10+AA10) -> 1531265.1 | AD10: =AC10/F10 -> 0.23931446 | AE10: 925228.63 | AF10: =AE10/F10 -> 0.14459978 | AG10: 784427.09 | AH10: =AG10/F10 -> 0.12259455 | AI10: 339121.33 | AJ10: =AI10/F10 -> 0.052999732 | AK10: 574962.82 | AL10: =AK10/F10 -> 0.089858327
D11: 45962 | E11: 六 | F11: =SUM(M11,S11,U11,W11,AC11,AE11,AG11,AI11,AK11) -> 6412266 | H11: =SUM(F11:F40) -> 71561306 | I11: 567801.04 | J11: =I11/F11 -> 0.088549203 | K11: 754884.39 | L11: =K11/F11 -> 0.11772506 | M11: =SUM(I11+K11) -> 1322685.4 | N11: =M11/F11 -> 0.20627426 | O11: 177542.94 | P11: =O11/F11 -> 0.027688018 | Q11: 86774.658 | R11: =Q11/$F11 -> 0.013532604 | S11: =SUM(O11+Q11) -> 264317.6 | T11: =S11/F11 -> 0.041220622 | U11: 481081.81 | V11: =U11/F11 -> 0.075025242 | W11: 121515.63 | X11: =W11/F11 -> 0.018950498 | Y11: 510464.55 | Z11: =Y11/F11 -> 0.079607513 | AA11: 1051831.7 | AB11: =AA11/$F11 -> 0.16403433 | AC11: =SUM(Y11+AA11) -> 1562296.3 | AD11: =AC11/F11 -> 0.24364184 | AE11: 950247.3 | AF11: =AE11/F11 -> 0.14819212 | AG11: 756441.55 | AH11: =AG11/F11 -> 0.1179679 | AI11: 395011.7 | AJ11: =AI11/F11 -> 0.061602512 | AK11: 558668.7 | AL11: =AK11/F11 -> 0.087125004
D12: 45963 | E12: 日 | F12: =SUM(M12,S12,U12,W12,AC12,AE12,AG12,AI12,AK12) -> 7718290 | I12: 738673.18 | J12: =I12/F12 -> 0.095704253 | K12: 812138.03 | L12: =K12/F12 -> 0.10522253 | M12: =SUM(I12+K12) -> 1550811.2 | N12: =M12/F12 -> 0.20092679 | O12: 228583.13 | P12: =O12/F12 -> 0.029615774 | Q12: 101174.44 | R12: =Q12/$F12 -> 0.013108401 | S12: =SUM(O12+Q12) -> 329757.57 | T12: =S12/F12 -> 0.042724175 | U12: 600818.62 | V12: =U12/F12 -> 0.077843488 | W12: 221851.07 | X12: =W12/F12 -> 0.028743552 | Y12: 610495.55 | Z12: =Y12/F12 -> 0.079097255 | AA12: 1179022.4 | AB12: =AA12/$F12 -> 0.15275694 | AC12: =SUM(Y12+AA12) -> 1789517.9 | AD12: =AC12/F12 -> 0.2318542 | AE12: 1178674.3 | AF12: =AE12/F12 -> 0.15271184 | AG12: 917428.15 | AH12: =AG12/F12 -> 0.11886417 | AI12: 427097.3 | AJ12: =AI12/F12 -> 0.055335741 | AK12: 702333.85 | AL12: =AK12/F12 -> 0.090996044
D13: 45964 | E13: 一 | F13: =SUM(M13,S13,U13,W13,AC13,AE13,AG13,AI13,AK13) -> 7531303 | I13: 711882.36 | J13: =I13/F13 -> 0.094523134 | K13: 805942.79 | L13: =K13/F13 -> 0.1070124 | M13: =SUM(I13+K13) -> 1517825.2 | N13: =M13/F13 -> 0.20153553 | O13: 214696.8 | P13: =O13/F13 -> 0.028507259 | Q13: 103070.03 | R13: =Q13/$F13 -> 0.013685551 | S13: =SUM(O13+Q13) -> 317766.84 | T13: =S13/F13 -> 0.04219281 | U13: 607897.73 | V13: =U13/F13 -> 0.080716143 | W13: 154909.57 | X13: =W13/F13 -> 0.02056876 | Y13: 587758.51 | Z13: =Y13/F13 -> 0.078042074 | AA13: 1192270.6 | AB13: =AA13/$F13 -> 0.15830867 | AC13: =SUM(Y13+AA13) -> 1780029.1 | AD13: =AC13/F13 -> 0.23635074 | AE13: 1140624.8 | AF13: =AE13/F13 -> 0.15145118 | AG13: 916621.96 | AH13: =AG13/F13 -> 0.12170828 | AI13: 424285 | AJ13: =AI13/F13 -> 0.0563362 | AK13: 671342.93 | AL13: =AK13/F13 -> 0.089140343
D14: 45965 | E14: 二 | F14: =SUM(M14,S14,U14,W14,AC14,AE14,AG14,AI14,AK14) -> 7342086 | G14: =SUM(F14:F20) -> 49899447 | I14: 673504.23 | J14: =I14/F14 -> 0.091732 | K14: 791412.03 | L14: =K14/F14 -> 0.10779117 | M14: =SUM(I14+K14) -> 1464916.3 | N14: =M14/F14 -> 0.19952317 | O14: 209859.11 | P14: =O14/F14 -> 0.028583036 | Q14: 102126.95 | R14: =Q14/$F14 -> 0.0139098 | S14: =SUM(O14+Q14) -> 311986.06 | T14: =S14/F14 -> 0.042492836 | U14: 603739.47 | V14: =U14/F14 -> 0.082229964 | W14: 141811.93 | X14: =W14/F14 -> 0.019314938 | Y14: 594997.27 | Z14: =Y14/F14 -> 0.081039268 | AA14: 1177404.9 | AB14: =AA14/$F14 -> 0.16036381 | AC14: =SUM(Y14+AA14) -> 1772402.2 | AD14: =AC14/F14 -> 0.24140308 | AE14: 1130602.9 | AF14: =AE14/F14 -> 0.15398933 | AG14: 880469.57 | AH14: =AG14/F14 -> 0.1199209 | AI14: 410273.61 | AJ14: =AI14/F14 -> 0.055879706 | AK14: 625884.03 | AL14: =AK14/F14 -> 0.085246077
D15: 45966 | E15: 三 | F15: =SUM(M15,S15,U15,W15,AC15,AE15,AG15,AI15,AK15) -> 7302439 | I15: 671273.38 | J15: =I15/F15 -> 0.091924545 | K15: 787143.19 | L15: =K15/F15 -> 0.10779182 | M15: =SUM(I15+K15) -> 1458416.6 | N15: =M15/F15 -> 0.19971637 | O15: 205452.13 | P15: =O15/F15 -> 0.028134728 | Q15: 103532.05 | R15: =Q15/$F15 -> 0.014177735 | S15: =SUM(O15+Q15) -> 308984.18 | T15: =S15/F15 -> 0.042312463 | U15: 590084.23 | V15: =U15/F15 -> 0.080806458 | W15: 147962.38 | X15: =W15/F15 -> 0.020262049 | Y15: 602219.44 | Z15: =Y15/F15 -> 0.08246826 | AA15: 1149748.3 | AB15: =AA15/$F15 -> 0.15744717 | AC15: =SUM(Y15+AA15) -> 1751967.8 | AD15: =AC15/F15 -> 0.23991543 | AE15: 1104042.2 | AF15: =AE15/F15 -> 0.15118814 | AG15: 867385.09 | AH15: =AG15/F15 -> 0.11878019 | AI15: 439061.16 | AJ15: =AI15/F15 -> 0.060125276 | AK15: 634535.45 | AL15: =AK15/F15 -> 0.086893632
D16: 45967 | E16: 四 | F16: =SUM(M16,S16,U16,W16,AC16,AE16,AG16,AI16,AK16) -> 7792203 | I16: 639847.83 | J16: =I16/F16 -> 0.082113855 | K16: 737767.77 | L16: =K16/F16 -> 0.094680256 | M16: =SUM(I16+K16) -> 1377615.6 | N16: =M16/F16 -> 0.17679411 | O16: 182346.73 | P16: =O16/F16 -> 0.023401178 | Q16: 102698.19 | R16: =Q16/$F16 -> 0.013179609 | S16: =SUM(O16+Q16) -> 285044.92 | T16: =S16/F16 -> 0.036580787 | U16: 565885.32 | V16: =U16/F16 -> 0.072621994 | W16: 165987.31 | X16: =W16/F16 -> 0.021301718 | Y16: 564704.7 | Z16: =Y16/F16 -> 0.072470481 | AA16: 1865678.5 | AB16: =AA16/$F16 -> 0.23942889 | AC16: =SUM(Y16+AA16) -> 2430383.2 | AD16: =AC16/F16 -> 0.31189937 | AE16: 1076925.9 | AF16: =AE16/F16 -> 0.13820558 | AG16: 826737.45 | AH16: =AG16/F16 -> 0.10609804 | AI16: 453248.7 | AJ16: =AI16/F16 -> 0.058166952 | AK16: 610374.6 | AL16: =AK16/F16 -> 0.078331455
D17: 45968 | E17: 五 | F17: =SUM(M17,S17,U17,W17,AC17,AE17,AG17,AI17,AK17) -> 6208479 | I17: 544969.64 | J17: =I17/F17 -> 0.087778286 | K17: 709438.86 | L17: =K17/F17 -> 0.11426935 | M17: =SUM(I17+K17) -> 1254408.5 | N17: =M17/F17 -> 0.20204764 | O17: 164398.56 | P17: =O17/F17 -> 0.026479684 | Q17: 96678.26 | R17: =Q17/$F17 -> 0.015571972 | S17: =SUM(O17+Q17) -> 261076.82 | T17: =S17/F17 -> 0.042051655 | U17: 499063.51 | V17: =U17/F17 -> 0.080384183 | W17: 146789.41 | X17: =W17/F17 -> 0.023643378 | Y17: 530434.64 | Z17: =Y17/F17 -> 0.085437132 | AA17: 860363.67 | AB17: =AA17/$F17 -> 0.13857882 | AC17: =SUM(Y17+AA17) -> 1390798.3 | AD17: =AC17/F17 -> 0.22401595 | AE17: 953583.59 | AF17: =AE17/F17 -> 0.15359375 | AG17: 671689.05 | AH17: =AG17/F17 -> 0.10818899 | AI17: 440097.88 | AJ17: =AI17/F17 -> 0.070886586 | AK17: 590971.93 | AL17: =AK17/F17 -> 0.095187876
D18: 45969 | E18: 六 | F18: =SUM(M18,S18,U18,W18,AC18,AE18,AG18,AI18,AK18) -> 6332588 | I18: 525873.59 | J18: =I18/F18 -> 0.083042445 | K18: 758939.39 | L18: =K18/F18 -> 0.11984664 | M18: =SUM(I18+K18) -> 1284813 | N18: =M18/F18 -> 0.20288908 | O18: 154500.21 | P18: =O18/F18 -> 0.02439764 | Q18: 90902.185 | R18: =Q18/$F18 -> 0.014354666 | S18: =SUM(O18+Q18) -> 245402.39 | T18: =S18/F18 -> 0.038752306 | U18: 528904.55 | V18: =U18/F18 -> 0.083521074 | W18: 133171.32 | X18: =W18/F18 -> 0.021029525 | Y18: 546381.27 | Z18: =Y18/F18 -> 0.086280881 | AA18: 911127.88 | AB18: =AA18/$F18 -> 0.14387923 | AC18: =SUM(Y18+AA18) -> 1457509.2 | AD18: =AC18/F18 -> 0.23016011 | AE18: 946260.11 | AF18: =AE18/F18 -> 0.14942708 | AG18: 720981.83 | AH18: =AG18/F18 -> 0.11385263 | AI18: 444253.16 | AJ18: =AI18/F18 -> 0.070153491 | AK18: 571292.51 | AL18: =AK18/F18 -> 0.090214698
D19: 45970 | E19: 日 | F19: =SUM(M19,S19,U19,W19,AC19,AE19,AG19,AI19,AK19) -> 7101855 | I19: 685774.54 | J19: =I19/F19 -> 0.096562735 | K19: 818212.64 | L19: =K19/F19 -> 0.11521112 | M19: =SUM(I19+K19) -> 1503987.2 | N19: =M19/F19 -> 0.21177385 | O19: 195573.01 | P19: =O19/F19 -> 0.027538299 | Q19: 102486.26 | R19: =Q19/$F19 -> 0.014430914 | S19: =SUM(O19+Q19) -> 298059.26 | T19: =S19/F19 -> 0.041969213 | U19: 589179.1 | V19: =U19/F19 -> 0.082961297 | W19: 145516.13 | X19: =W19/F19 -> 0.020489876 | Y19: 610695.73 | Z19: =Y19/F19 -> 0.085991016 | AA19: 797865.74 | AB19: =AA19/$F19 -> 0.1123461 | AC19: =SUM(Y19+AA19) -> 1408561.5 | AD19: =AC19/F19 -> 0.19833712 | AE19: 1139093.2 | AF19: =AE19/F19 -> 0.16039376 | AG19: 875891.89 | AH19: =AG19/F19 -> 0.12333283 | AI19: 501676.75 | AJ19: =AI19/F19 -> 0.070640241 | AK19: 639889.97 | AL19: =AK19/F19 -> 0.090101807
D20: 45971 | E20: 一 | F20: =SUM(M20,S20,U20,W20,AC20,AE20,AG20,AI20,AK20) -> 7819797 | I20: 653047.44 | J20: =I20/F20 -> 0.083512071 | K20: 792892.22 | L20: =K20/F20 -> 0.1013955 | M20: =SUM(I20+K20) -> 1445939.7 | N20: =M20/F20 -> 0.18490757 | O20: 183067.09 | P20: =O20/F20 -> 0.023410722 | Q20: 101141.88 | R20: =Q20/$F20 -> 0.01293408 | S20: =SUM(O20+Q20) -> 284208.98 | T20: =S20/F20 -> 0.036344803 | U20: 572593.59 | V20: =U20/F20 -> 0.073223588 | W20: 140994.77 | X20: =W20/F20 -> 0.018030489 | Y20: 616118.19 | Z20: =Y20/F20 -> 0.078789538 | AA20: 1654459.4 | AB20: =AA20/$F20 -> 0.21157319 | AC20: =SUM(Y20+AA20) -> 2270577.6 | AD20: =AC20/F20 -> 0.29036273 | AE20: 1138682.9 | AF20: =AE20/F20 -> 0.1456154 | AG20: 876253.98 | AH20: =AG20/F20 -> 0.11205585 | AI20: 456905.08 | AJ20: =AI20/F20 -> 0.058429276 | AK20: 633640.47 | AL20: =AK20/F20 -> 0.081030297
D21: 45972 | E21: 二 | F21: =SUM(M21,S21,U21,W21,AC21,AE21,AG21,AI21,AK21) -> 0 | G21: =SUM(F21:F27) -> 0 | J21: =I21/F21 -> #DIV/0! | L21: =K21/F21 -> #DIV/0! | M21: =SUM(I21+K21) -> 0 | N21: =M21/F21 -> #DIV/0! | P21: =O21/F21 -> #DIV/0! | R21: =Q21/$F21 -> #DIV/0! | S21: =SUM(O21+Q21) -> 0 | T21: =S21/F21 -> #DIV/0! | V21: =U21/F21 -> #DIV/0! | X21: =W21/F21 -> #DIV/0! | Z21: =Y21/F21 -> #DIV/0! | AB21: =AA21/$F21 -> #DIV/0! | AC21: =SUM(Y21+AA21) -> 0 | AD21: =AC21/F21 -> #DIV/0! | AF21: =AE21/F21 -> #DIV/0! | AH21: =AG21/F21 -> #DIV/0! | AJ21: =AI21/F21 -> #DIV/0! | AL21: =AK21/F21 -> #DIV/0!
D22: 45973 | E22: 三 | F22: =SUM(M22,S22,U22,W22,AC22,AE22,AG22,AI22,AK22) -> 0 | J22: =I22/F22 -> #DIV/0! | L22: =K22/F22 -> #DIV/0! | M22: =SUM(I22+K22) -> 0 | N22: =M22/F22 -> #DIV/0! | P22: =O22/F22 -> #DIV/0! | R22: =Q22/$F22 -> #DIV/0! | S22: =SUM(O22+Q22) -> 0 | T22: =S22/F22 -> #DIV/0! | V22: =U22/F22 -> #DIV/0! | X22: =W22/F22 -> #DIV/0! | Z22: =Y22/F22 -> #DIV/0! | AB22: =AA22/$F22 -> #DIV/0! | AC22: =SUM(Y22+AA22) -> 0 | AD22: =AC22/F22 -> #DIV/0! | AF22: =AE22/F22 -> #DIV/0! | AH22: =AG22/F22 -> #DIV/0! | AJ22: =AI22/F22 -> #DIV/0! | AL22: =AK22/F22 -> #DIV/0!
D23: 45974 | E23: 四 | F23: =SUM(M23,S23,U23,W23,AC23,AE23,AG23,AI23,AK23) -> 0 | J23: =I23/F23 -> #DIV/0! | L23: =K23/F23 -> #DIV/0! | M23: =SUM(I23+K23) -> 0 | N23: =M23/F23 -> #DIV/0! | P23: =O23/F23 -> #DIV/0! | R23: =Q23/$F23 -> #DIV/0! | S23: =SUM(O23+Q23) -> 0 | T23: =S23/F23 -> #DIV/0! | V23: =U23/F23 -> #DIV/0! | X23: =W23/F23 -> #DIV/0! | Z23: =Y23/F23 -> #DIV/0! | AB23: =AA23/$F23 -> #DIV/0! | AC23: =SUM(Y23+AA23) -> 0 | AD23: =AC23/F23 -> #DIV/0! | AF23: =AE23/F23 -> #DIV/0! | AH23: =AG23/F23 -> #DIV/0! | AJ23: =AI23/F23 -> #DIV/0! | AL23: =AK23/F23 -> #DIV/0!
D24: 45975 | E24: 五 | F24: =SUM(M24,S24,U24,W24,AC24,AE24,AG24,AI24,AK24) -> 0 | J24: =I24/F24 -> #DIV/0! | L24: =K24/F24 -> #DIV/0! | M24: =SUM(I24+K24) -> 0 | N24: =M24/F24 -> #DIV/0! | P24: =O24/F24 -> #DIV/0! | R24: =Q24/$F24 -> #DIV/0! | S24: =SUM(O24+Q24) -> 0 | T24: =S24/F24 -> #DIV/0! | V24: =U24/F24 -> #DIV/0! | X24: =W24/F24 -> #DIV/0! | Z24: =Y24/F24 -> #DIV/0! | AB24: =AA24/$F24 -> #DIV/0! | AC24: =SUM(Y24+AA24) -> 0 | AD24: =AC24/F24 -> #DIV/0! | AF24: =AE24/F24 -> #DIV/0! | AH24: =AG24/F24 -> #DIV/0! | AJ24: =AI24/F24 -> #DIV/0! | AL24: =AK24/F24 -> #DIV/0!
D25: 45976 | E25: 六 | F25: =SUM(M25,S25,U25,W25,AC25,AE25,AG25,AI25,AK25) -> 0 | J25: =I25/F25 -> #DIV/0! | L25: =K25/F25 -> #DIV/0! | M25: =SUM(I25+K25) -> 0 | N25: =M25/F25 -> #DIV/0! | P25: =O25/F25 -> #DIV/0! | R25: =Q25/$F25 -> #DIV/0! | S25: =SUM(O25+Q25) -> 0 | T25: =S25/F25 -> #DIV/0! | V25: =U25/F25 -> #DIV/0! | X25: =W25/F25 -> #DIV/0! | Z25: =Y25/F25 -> #DIV/0! | AB25: =AA25/$F25 -> #DIV/0! | AC25: =SUM(Y25+AA25) -> 0 | AD25: =AC25/F25 -> #DIV/0! | AF25: =AE25/F25 -> #DIV/0! | AH25: =AG25/F25 -> #DIV/0! | AJ25: =AI25/F25 -> #DIV/0! | AL25: =AK25/F25 -> #DIV/0!
D26: 45977 | E26: 日 | F26: =SUM(M26,S26,U26,W26,AC26,AE26,AG26,AI26,AK26) -> 0 | J26: =I26/F26 -> #DIV/0! | L26: =K26/F26 -> #DIV/0! | M26: =SUM(I26+K26) -> 0 | N26: =M26/F26 -> #DIV/0! | P26: =O26/F26 -> #DIV/0! | R26: =Q26/$F26 -> #DIV/0! | S26: =SUM(O26+Q26) -> 0 | T26: =S26/F26 -> #DIV/0! | V26: =U26/F26 -> #DIV/0! | X26: =W26/F26 -> #DIV/0! | Z26: =Y26/F26 -> #DIV/0! | AB26: =AA26/$F26 -> #DIV/0! | AC26: =SUM(Y26+AA26) -> 0 | AD26: =AC26/F26 -> #DIV/0! | AF26: =AE26/F26 -> #DIV/0! | AH26: =AG26/F26 -> #DIV/0! | AJ26: =AI26/F26 -> #DIV/0! | AL26: =AK26/F26 -> #DIV/0!
D27: 45978 | E27: 一 | F27: =SUM(M27,S27,U27,W27,AC27,AE27,AG27,AI27,AK27) -> 0 | J27: =I27/F27 -> #DIV/0! | L27: =K27/F27 -> #DIV/0! | M27: =SUM(I27+K27) -> 0 | N27: =M27/F27 -> #DIV/0! | P27: =O27/F27 -> #DIV/0! | R27: =Q27/$F27 -> #DIV/0! | S27: =SUM(O27+Q27) -> 0 | T27: =S27/F27 -> #DIV/0! | V27: =U27/F27 -> #DIV/0! | X27: =W27/F27 -> #DIV/0! | Z27: =Y27/F27 -> #DIV/0! | AB27: =AA27/$F27 -> #DIV/0! | AC27: =SUM(Y27+AA27) -> 0 | AD27: =AC27/F27 -> #DIV/0! | AF27: =AE27/F27 -> #DIV/0! | AH27: =AG27/F27 -> #DIV/0! | AJ27: =AI27/F27 -> #DIV/0! | AL27: =AK27/F27 -> #DIV/0!
D28: 45979 | E28: 二 | F28: =SUM(M28,S28,U28,W28,AC28,AE28,AG28,AI28,AK28) -> 0 | G28: =SUM(F28:F34) -> 0 | J28: =I28/F28 -> #DIV/0! | L28: =K28/F28 -> #DIV/0! | M28: =SUM(I28+K28) -> 0 | N28: =M28/F28 -> #DIV/0! | P28: =O28/F28 -> #DIV/0! | R28: =Q28/$F28 -> #DIV/0! | S28: =SUM(O28+Q28) -> 0 | T28: =S28/F28 -> #DIV/0! | V28: =U28/F28 -> #DIV/0! | X28: =W28/F28 -> #DIV/0! | Z28: =Y28/F28 -> #DIV/0! | AB28: =AA28/$F28 -> #DIV/0! | AC28: =SUM(Y28+AA28) -> 0 | AD28: =AC28/F28 -> #DIV/0! | AF28: =AE28/F28 -> #DIV/0! | AH28: =AG28/F28 -> #DIV/0! | AJ28: =AI28/F28 -> #DIV/0! | AL28: =AK28/F28 -> #DIV/0!
D29: 45980 | E29: 三 | F29: =SUM(M29,S29,U29,W29,AC29,AE29,AG29,AI29,AK29) -> 0 | J29: =I29/F29 -> #DIV/0! | L29: =K29/F29 -> #DIV/0! | M29: =SUM(I29+K29) -> 0 | N29: =M29/F29 -> #DIV/0! | P29: =O29/F29 -> #DIV/0! | R29: =Q29/$F29 -> #DIV/0! | S29: =SUM(O29+Q29) -> 0 | T29: =S29/F29 -> #DIV/0! | V29: =U29/F29 -> #DIV/0! | X29: =W29/F29 -> #DIV/0! | Z29: =Y29/F29 -> #DIV/0! | AB29: =AA29/$F29 -> #DIV/0! | AC29: =SUM(Y29+AA29) -> 0 | AD29: =AC29/F29 -> #DIV/0! | AF29: =AE29/F29 -> #DIV/0! | AH29: =AG29/F29 -> #DIV/0! | AJ29: =AI29/F29 -> #DIV/0! | AL29: =AK29/F29 -> #DIV/0!
D30: 45981 | E30: 四 | F30: =SUM(M30,S30,U30,W30,AC30,AE30,AG30,AI30,AK30) -> 0 | J30: =I30/F30 -> #DIV/0! | L30: =K30/F30 -> #DIV/0! | M30: =SUM(I30+K30) -> 0 | N30: =M30/F30 -> #DIV/0! | P30: =O30/F30 -> #DIV/0! | R30: =Q30/$F30 -> #DIV/0! | S30: =SUM(O30+Q30) -> 0 | T30: =S30/F30 -> #DIV/0! | V30: =U30/F30 -> #DIV/0! | X30: =W30/F30 -> #DIV/0! | Z30: =Y30/F30 -> #DIV/0! | AB30: =AA30/$F30 -> #DIV/0! | AC30: =SUM(Y30+AA30) -> 0 | AD30: =AC30/F30 -> #DIV/0! | AF30: =AE30/F30 -> #DIV/0! | AH30: =AG30/F30 -> #DIV/0! | AJ30: =AI30/F30 -> #DIV/0! | AL30: =AK30/F30 -> #DIV/0!
D31: 45982 | E31: 五 | F31: =SUM(M31,S31,U31,W31,AC31,AE31,AG31,AI31,AK31) -> 0 | J31: =I31/F31 -> #DIV/0! | L31: =K31/F31 -> #DIV/0! | M31: =SUM(I31+K31) -> 0 | N31: =M31/F31 -> #DIV/0! | P31: =O31/F31 -> #DIV/0! | R31: =Q31/$F31 -> #DIV/0! | S31: =SUM(O31+Q31) -> 0 | T31: =S31/F31 -> #DIV/0! | V31: =U31/F31 -> #DIV/0! | X31: =W31/F31 -> #DIV/0! | Z31: =Y31/F31 -> #DIV/0! | AB31: =AA31/$F31 -> #DIV/0! | AC31: =SUM(Y31+AA31) -> 0 | AD31: =AC31/F31 -> #DIV/0! | AF31: =AE31/F31 -> #DIV/0! | AH31: =AG31/F31 -> #DIV/0! | AJ31: =AI31/F31 -> #DIV/0! | AL31: =AK31/F31 -> #DIV/0!
D32: 45983 | E32: 六 | F32: =SUM(M32,S32,U32,W32,AC32,AE32,AG32,AI32,AK32) -> 0 | J32: =I32/F32 -> #DIV/0! | L32: =K32/F32 -> #DIV/0! | M32: =SUM(I32+K32) -> 0 | N32: =M32/F32 -> #DIV/0! | P32: =O32/F32 -> #DIV/0! | R32: =Q32/$F32 -> #DIV/0! | S32: =SUM(O32+Q32) -> 0 | T32: =S32/F32 -> #DIV/0! | V32: =U32/F32 -> #DIV/0! | X32: =W32/F32 -> #DIV/0! | Z32: =Y32/F32 -> #DIV/0! | AB32: =AA32/$F32 -> #DIV/0! | AC32: =SUM(Y32+AA32) -> 0 | AD32: =AC32/F32 -> #DIV/0! | AF32: =AE32/F32 -> #DIV/0! | AH32: =AG32/F32 -> #DIV/0! | AJ32: =AI32/F32 -> #DIV/0! | AL32: =AK32/F32 -> #DIV/0!
D33: 45984 | E33: 日 | F33: =SUM(M33,S33,U33,W33,AC33,AE33,AG33,AI33,AK33) -> 0 | J33: =I33/F33 -> #DIV/0! | L33: =K33/F33 -> #DIV/0! | M33: =SUM(I33+K33) -> 0 | N33: =M33/F33 -> #DIV/0! | P33: =O33/F33 -> #DIV/0! | R33: =Q33/$F33 -> #DIV/0! | S33: =SUM(O33+Q33) -> 0 | T33: =S33/F33 -> #DIV/0! | V33: =U33/F33 -> #DIV/0! | X33: =W33/F33 -> #DIV/0! | Z33: =Y33/F33 -> #DIV/0! | AB33: =AA33/$F33 -> #DIV/0! | AC33: =SUM(Y33+AA33) -> 0 | AD33: =AC33/F33 -> #DIV/0! | AF33: =AE33/F33 -> #DIV/0! | AH33: =AG33/F33 -> #DIV/0! | AJ33: =AI33/F33 -> #DIV/0! | AL33: =AK33/F33 -> #DIV/0!
D34: 45985 | E34: 一 | F34: =SUM(M34,S34,U34,W34,AC34,AE34,AG34,AI34,AK34) -> 0 | J34: =I34/F34 -> #DIV/0! | L34: =K34/F34 -> #DIV/0! | M34: =SUM(I34+K34) -> 0 | N34: =M34/F34 -> #DIV/0! | P34: =O34/F34 -> #DIV/0! | R34: =Q34/$F34 -> #DIV/0! | S34: =SUM(O34+Q34) -> 0 | T34: =S34/F34 -> #DIV/0! | V34: =U34/F34 -> #DIV/0! | X34: =W34/F34 -> #DIV/0! | Z34: =Y34/F34 -> #DIV/0! | AB34: =AA34/$F34 -> #DIV/0! | AC34: =SUM(Y34+AA34) -> 0 | AD34: =AC34/F34 -> #DIV/0! | AF34: =AE34/F34 -> #DIV/0! | AH34: =AG34/F34 -> #DIV/0! | AJ34: =AI34/F34 -> #DIV/0! | AL34: =AK34/F34 -> #DIV/0!
D35: 45986 | E35: 二 | F35: =SUM(M35,S35,U35,W35,AC35,AE35,AG35,AI35,AK35) -> 0 | G35: =SUM(F35:F41) -> 0 | J35: =I35/F35 -> #DIV/0! | L35: =K35/F35 -> #DIV/0! | M35: =SUM(I35+K35) -> 0 | N35: =M35/F35 -> #DIV/0! | P35: =O35/F35 -> #DIV/0! | R35: =Q35/$F35 -> #DIV/0! | S35: =SUM(O35+Q35) -> 0 | T35: =S35/F35 -> #DIV/0! | V35: =U35/F35 -> #DIV/0! | X35: =W35/F35 -> #DIV/0! | Z35: =Y35/F35 -> #DIV/0! | AB35: =AA35/$F35 -> #DIV/0! | AC35: =SUM(Y35+AA35) -> 0 | AD35: =AC35/F35 -> #DIV/0! | AF35: =AE35/F35 -> #DIV/0! | AH35: =AG35/F35 -> #DIV/0! | AJ35: =AI35/F35 -> #DIV/0! | AL35: =AK35/F35 -> #DIV/0!
D36: 45987 | E36: 三 | F36: =SUM(M36,S36,U36,W36,AC36,AE36,AG36,AI36,AK36) -> 0 | J36: =I36/F36 -> #DIV/0! | L36: =K36/F36 -> #DIV/0! | M36: =SUM(I36+K36) -> 0 | N36: =M36/F36 -> #DIV/0! | P36: =O36/F36 -> #DIV/0! | R36: =Q36/$F36 -> #DIV/0! | S36: =SUM(O36+Q36) -> 0 | T36: =S36/F36 -> #DIV/0! | V36: =U36/F36 -> #DIV/0! | X36: =W36/F36 -> #DIV/0! | Z36: =Y36/F36 -> #DIV/0! | AB36: =AA36/$F36 -> #DIV/0! | AC36: =SUM(Y36+AA36) -> 0 | AD36: =AC36/F36 -> #DIV/0! | AF36: =AE36/F36 -> #DIV/0! | AH36: =AG36/F36 -> #DIV/0! | AJ36: =AI36/F36 -> #DIV/0! | AL36: =AK36/F36 -> #DIV/0!
D37: 45988 | E37: 四 | F37: =SUM(M37,S37,U37,W37,AC37,AE37,AG37,AI37,AK37) -> 0 | J37: =I37/F37 -> #DIV/0! | L37: =K37/F37 -> #DIV/0! | M37: =SUM(I37+K37) -> 0 | N37: =M37/F37 -> #DIV/0! | P37: =O37/F37 -> #DIV/0! | R37: =Q37/$F37 -> #DIV/0! | S37: =SUM(O37+Q37) -> 0 | T37: =S37/F37 -> #DIV/0! | V37: =U37/F37 -> #DIV/0! | X37: =W37/F37 -> #DIV/0! | Z37: =Y37/F37 -> #DIV/0! | AB37: =AA37/$F37 -> #DIV/0! | AC37: =SUM(Y37+AA37) -> 0 | AD37: =AC37/F37 -> #DIV/0! | AF37: =AE37/F37 -> #DIV/0! | AH37: =AG37/F37 -> #DIV/0! | AJ37: =AI37/F37 -> #DIV/0! | AL37: =AK37/F37 -> #DIV/0!
D38: 45989 | E38: 五 | F38: =SUM(M38,S38,U38,W38,AC38,AE38,AG38,AI38,AK38) -> 0 | J38: =I38/F38 -> #DIV/0! | L38: =K38/F38 -> #DIV/0! | M38: =SUM(I38+K38) -> 0 | N38: =M38/F38 -> #DIV/0! | P38: =O38/F38 -> #DIV/0! | R38: =Q38/$F38 -> #DIV/0! | S38: =SUM(O38+Q38) -> 0 | T38: =S38/F38 -> #DIV/0! | V38: =U38/F38 -> #DIV/0! | X38: =W38/F38 -> #DIV/0! | Z38: =Y38/F38 -> #DIV/0! | AB38: =AA38/$F38 -> #DIV/0! | AC38: =SUM(Y38+AA38) -> 0 | AD38: =AC38/F38 -> #DIV/0! | AF38: =AE38/F38 -> #DIV/0! | AH38: =AG38/F38 -> #DIV/0! | AJ38: =AI38/F38 -> #DIV/0! | AL38: =AK38/F38 -> #DIV/0!
D39: 45990 | E39: 六 | F39: =SUM(M39,S39,U39,W39,AC39,AE39,AG39,AI39,AK39) -> 0 | J39: =I39/F39 -> #DIV/0! | L39: =K39/F39 -> #DIV/0! | M39: =SUM(I39+K39) -> 0 | N39: =M39/F39 -> #DIV/0! | P39: =O39/F39 -> #DIV/0! | R39: =Q39/$F39 -> #DIV/0! | S39: =SUM(O39+Q39) -> 0 | T39: =S39/F39 -> #DIV/0! | V39: =U39/F39 -> #DIV/0! | X39: =W39/F39 -> #DIV/0! | Z39: =Y39/F39 -> #DIV/0! | AB39: =AA39/$F39 -> #DIV/0! | AC39: =SUM(Y39+AA39) -> 0 | AD39: =AC39/F39 -> #DIV/0! | AF39: =AE39/F39 -> #DIV/0! | AH39: =AG39/F39 -> #DIV/0! | AJ39: =AI39/F39 -> #DIV/0! | AL39: =AK39/F39 -> #DIV/0!
D40: 45991 | E40: 日 | F40: =SUM(M40,S40,U40,W40,AC40,AE40,AG40,AI40,AK40) -> 0 | J40: =I40/F40 -> #DIV/0! | L40: =K40/F40 -> #DIV/0! | M40: =SUM(I40+K40) -> 0 | N40: =M40/F40 -> #DIV/0! | P40: =O40/F40 -> #DIV/0! | R40: =Q40/$F40 -> #DIV/0! | S40: =SUM(O40+Q40) -> 0 | T40: =S40/F40 -> #DIV/0! | V40: =U40/F40 -> #DIV/0! | X40: =W40/F40 -> #DIV/0! | Z40: =Y40/F40 -> #DIV/0! | AB40: =AA40/$F40 -> #DIV/0! | AC40: =SUM(Y40+AA40) -> 0 | AD40: =AC40/F40 -> #DIV/0! | AF40: =AE40/F40 -> #DIV/0! | AH40: =AG40/F40 -> #DIV/0! | AJ40: =AI40/F40 -> #DIV/0! | AL40: =AK40/F40 -> #DIV/0!
D41: 45992 | E41: 一 | F41: =SUM(M41,S41,U41,W41,AC41,AE41,AG41,AI41,AK41) -> 0 | J41: =I41/F41 -> #DIV/0! | L41: =K41/F41 -> #DIV/0! | M41: =SUM(I41+K41) -> 0 | N41: =M41/F41 -> #DIV/0! | P41: =O41/F41 -> #DIV/0! | R41: =Q41/$F41 -> #DIV/0! | S41: =SUM(O41+Q41) -> 0 | T41: =S41/F41 -> #DIV/0! | V41: =U41/F41 -> #DIV/0! | X41: =W41/F41 -> #DIV/0! | Z41: =Y41/F41 -> #DIV/0! | AB41: =AA41/$F41 -> #DIV/0! | AC41: =SUM(Y41+AA41) -> 0 | AD41: =AC41/F41 -> #DIV/0! | AF41: =AE41/F41 -> #DIV/0! | AH41: =AG41/F41 -> #DIV/0! | AJ41: =AI41/F41 -> #DIV/0! | AL41: =AK41/F41 -> #DIV/0!
F42: =SUM(M42,S42,U42,W42,AC42,AE42,AG42,AI42,AK42) -> 0 | J42: =I42/F42 -> #DIV/0! | L42: =K42/F42 -> #DIV/0! | M42: =SUM(I42+K42) -> 0 | N42: =M42/F42 -> #DIV/0! | P42: =O42/F42 -> #DIV/0! | R42: =Q42/$F42 -> #DIV/0! | S42: =SUM(O42+Q42) -> 0 | T42: =S42/F42 -> #DIV/0! | V42: =U42/F42 -> #DIV/0! | X42: =W42/F42 -> #DIV/0! | Z42: =Y42/F42 -> #DIV/0! | AB42: =AA42/$F42 -> #DIV/0! | AC42: =SUM(Y42+AA42) -> 0 | AD42: =AC42/F42 -> #DIV/0! | AF42: =AE42/F42 -> #DIV/0! | AH42: =AG42/F42 -> #DIV/0! | AJ42: =AI42/F42 -> #DIV/0! | AL42: =AK42/F42 -> #DIV/0!
F43: =SUM(M43,S43,U43,W43,AC43,AE43,AG43,AI43,AK43) -> 0 | J43: =I43/F43 -> #DIV/0! | L43: =K43/F43 -> #DIV/0! | M43: =SUM(I43+K43) -> 0 | N43: =M43/F43 -> #DIV/0! | P43: =O43/F43 -> #DIV/0! | R43: =Q43/$F43 -> #DIV/0! | S43: =SUM(O43+Q43) -> 0 | T43: =S43/F43 -> #DIV/0! | V43: =U43/F43 -> #DIV/0! | X43: =W43/F43 -> #DIV/0! | Z43: =Y43/F43 -> #DIV/0! | AB43: =AA43/$F43 -> #DIV/0! | AC43: =SUM(Y43+AA43) -> 0 | AD43: =AC43/F43 -> #DIV/0! | AF43: =AE43/F43 -> #DIV/0! | AH43: =AG43/F43 -> #DIV/0! | AJ43: =AI43/F43 -> #DIV/0! | AL43: =AK43/F43 -> #DIV/0!
F44: =SUM(M44,S44,U44,W44,AC44,AE44,AG44,AI44,AK44) -> 0 | J44: =I44/F44 -> #DIV/0! | L44: =K44/F44 -> #DIV/0! | M44: =SUM(I44+K44) -> 0 | N44: =M44/F44 -> #DIV/0! | P44: =O44/F44 -> #DIV/0! | R44: =Q44/$F44 -> #DIV/0! | S44: =SUM(O44+Q44) -> 0 | T44: =S44/F44 -> #DIV/0! | V44: =U44/F44 -> #DIV/0! | X44: =W44/F44 -> #DIV/0! | Z44: =Y44/F44 -> #DIV/0! | AB44: =AA44/$F44 -> #DIV/0! | AC44: =SUM(Y44+AA44) -> 0 | AD44: =AC44/F44 -> #DIV/0! | AF44: =AE44/F44 -> #DIV/0! | AH44: =AG44/F44 -> #DIV/0! | AJ44: =AI44/F44 -> #DIV/0! | AL44: =AK44/F44 -> #DIV/0!
F45: =SUM(M45,S45,U45,W45,AC45,AE45,AG45,AI45,AK45) -> 0 | J45: =I45/F45 -> #DIV/0! | L45: =K45/F45 -> #DIV/0! | M45: =SUM(I45+K45) -> 0 | N45: =M45/F45 -> #DIV/0! | P45: =O45/F45 -> #DIV/0! | R45: =Q45/$F45 -> #DIV/0! | S45: =SUM(O45+Q45) -> 0 | T45: =S45/F45 -> #DIV/0! | V45: =U45/F45 -> #DIV/0! | X45: =W45/F45 -> #DIV/0! | Z45: =Y45/F45 -> #DIV/0! | AB45: =AA45/$F45 -> #DIV/0! | AC45: =SUM(Y45+AA45) -> 0 | AD45: =AC45/F45 -> #DIV/0! | AF45: =AE45/F45 -> #DIV/0! | AH45: =AG45/F45 -> #DIV/0! | AJ45: =AI45/F45 -> #DIV/0! | AL45: =AK45/F45 -> #DIV/0!
I46: =SUM(I7:I45) -> 9184751.1 | J46: =I46/$H$7 -> #DIV/0! | K46: =SUM(K7:K45) -> 11107715 | L46: =K46/$H$7 -> #DIV/0! | M46: =SUM(M7:M45) -> 20292467 | N46: =M46/$H$7 -> #DIV/0! | O46: =SUM(O7:O45) -> 2899256.5 | P46: =O46/$H$7 -> #DIV/0! | Q46: =SUM(Q7:Q45) -> 1417014.5 | R46: =Q46/$H$7 -> #DIV/0! | S46: =SUM(S7:S45) -> 4316271 | T46: =S46/$H$7 -> #DIV/0! | U46: =SUM(U7:U45) -> 8063579.3 | V46: =U46/$H$7 -> #DIV/0! | W46: =SUM(W7:W45) -> 2417957.1 | X46: =W46/$H$7 -> #DIV/0! | Y46: =SUM(Y7:Y45) -> 8338154.8 | Z46: =Y46/$H$7 -> #DIV/0! | AA46: =SUM(AA7:AA45) -> 16873333 | AB46: =AA46/$H$7 -> #DIV/0! | AC46: =SUM(AC7:AC45) -> 25211488 | AD46: =AC46/$H$7 -> #DIV/0! | AE46: =SUM(AE7:AE45) -> 15228706 | AF46: =AE46/$H$7 -> #DIV/0! | AG46: =SUM(AG7:AG45) -> 12011204 | AH46: =AG46/$H$7 -> #DIV/0! | AI46: =SUM(AI7:AI45) -> 6015725.7 | AJ46: =AI46/$H$7 -> #DIV/0! | AK46: =SUM(AK7:AK45) -> 8991544.2 | AL46: =AK46/$H$7 -> #DIV/0!
M47: =M46 -> 20292467 | S47: =S46 -> 4316271 | U47: =U46 -> 8063579.3 | W47: =W46 -> 2417957.1 | AC47: =AC46 -> 25211488 | AE47: =AE46 -> 15228706 | AG47: =AG46 -> 12011204 | AI47: =AI46 -> 6015725.7 | AK47: =AK46 -> 8991544.2

Sheet （４）訂單數量構成比
B2: （4）訂單數量構成比
C3: 月份 | D3: 日期 | F3: 訂單量 | I3: 品類訂單量
I4: 18℃-飯糰 | O4: 18℃-壽司手卷 | U4: 4℃-飯糰 | W4: 4℃-壽司手卷 | Y4: 主食 | AE4: 便當 | AG4: 熱食義麵 | AI4: 季節調理麵 | AK4: 微波小吃
F5: 日 | G5: 週累積 | H5: 月累積 | I5: 一配 | K5: 二配 | M5: 合計 | O5: 一配 | Q5: 二配 | S5: 合計 | U5: 一配 | W5: 一配 | Y5: 一配 | AA5: 二配 | AC5: 合計 | AE5: 一配 | AG5: 一配 | AI5: 一配 | AK5: 一配
I6: 訂單數 | J6: 比例(%) | K6: 訂單數 | L6: 比例(%) | M6: 訂單數 | N6: 比例(%) | O6: 訂單數 | P6: 比例(%) | Q6: 訂單數 | R6: 比例(%) | S6: 訂單數 | T6: 比例(%) | U6: 訂單數 | V6: 比例(%) | W6: 訂單數 | X6: 比例(%) | Y6: 訂單數 | Z6: 比例(%) | AA6: 訂單數 | AB6: 比例(%) | AC6: 訂單數 | AD6: 比例(%) | AE6: 訂單數 | AF6: 比例(%) | AG6: 訂單數 | AH6: 比例(%) | AI6: 訂單數 | AJ6: 比例(%) | AK6: 訂單數 | AL6: 比例(%)
D7: 45958 | E7: 二 | F7: =SUM(M7,S7,U7,W7,AC7,AE7,AG7,AI7,AK7) -> 271475 | G7: =SUM(F7:F13) -> 1631463 | I7: 39611 | J7: =I7/F7 -> 0.1459103 | K7: 48686 | L7: =K7/F7 -> 0.1793388 | M7: =SUM(I7+K7) -> 88297 | N7: =M7/F7 -> 0.3252491 | O7: 13319 | P7: =O7/F7 -> 0.049061608 | Q7: 3833 | R7: =Q7/D7 -> 0.083402237 | S7: =SUM(O7+Q7) -> 17152 | T7: =S7/F7 -> 0.063180772 | U7: 19724 | V7: =U7/F7 -> 0.072654941 | W7: 10654 | X7: =W7/F7 -> 0.039244866 | Y7: 25133 | Z7: =Y7/F7 -> 0.092579427 | AA7: 29209 | AB7: =AA7/D7 -> 0.63555855 | AC7: =SUM(Y7+AA7) -> 54342 | AD7: =AC7/F7 -> 0.20017313 | AE7: 23182 | AF7: =AE7/F7 -> 0.085392762 | AG7: 21121 | AH7: =AG7/F7 -> 0.077800902 | AI7: 12873 | AJ7: =AI7/F7 -> 0.047418731 | AK7: 24130 | AL7: =AK7/F7 -> 0.088884796
D8: 45959 | E8: 三 | F8: =SUM(M8,S8,U8,W8,AC8,AE8,AG8,AI8,AK8) -> 254507 | I8: 38040 | J8: =I8/F8 -> 0.14946544 | K8: 48933 | L8: =K8/F8 -> 0.19226583 | M8: =SUM(I8+K8) -> 86973 | N8: =M8/F8 -> 0.34173127 | O8: 13181 | P8: =O8/F8 -> 0.051790324 | Q8: 3880 | R8: =Q8/D8 -> 0.084423073 | S8: =SUM(O8+Q8) -> 17061 | T8: =S8/F8 -> 0.067035484 | U8: 19460 | V8: =U8/F8 -> 0.076461551 | W8: 7036 | X8: =W8/F8 -> 0.027645605 | Y8: 24276 | Z8: =Y8/F8 -> 0.09538441 | AA8: 26287 | AB8: =AA8/D8 -> 0.57196632 | AC8: =SUM(Y8+AA8) -> 50563 | AD8: =AC8/F8 -> 0.19867037 | AE8: 20957 | AF8: =AE8/F8 -> 0.082343511 | AG8: 18916 | AH8: =AG8/F8 -> 0.074324085 | AI8: 11229 | AJ8: =AI8/F8 -> 0.044120594 | AK8: 22312 | AL8: =AK8/F8 -> 0.08766753
D9: 45960 | E9: 四 | F9: =SUM(M9,S9,U9,W9,AC9,AE9,AG9,AI9,AK9) -> 234639 | I9: 34492 | J9: =I9/F9 -> 0.14700029 | K9: 43753 | L9: =K9/F9 -> 0.18646943 | M9: =SUM(I9+K9) -> 78245 | N9: =M9/F9 -> 0.33346971 | O9: 11424 | P9: =O9/F9 -> 0.048687558 | Q9: 3838 | R9: =Q9/D9 -> 0.083507398 | S9: =SUM(O9+Q9) -> 15262 | T9: =S9/F9 -> 0.0650446 | U9: 18215 | V9: =U9/F9 -> 0.077629891 | W9: 6482 | X9: =W9/F9 -> 0.027625416 | Y9: 23435 | Z9: =Y9/F9 -> 0.099876832 | AA9: 22410 | AB9: =AA9/D9 -> 0.48759791 | AC9: =SUM(Y9+AA9) -> 45845 | AD9: =AC9/F9 -> 0.19538525 | AE9: 19538 | AF9: =AE9/F9 -> 0.08326834 | AG9: 18659 | AH9: =AG9/F9 -> 0.07952216 | AI9: 10892 | AJ9: =AI9/F9 -> 0.046420246 | AK9: 21501 | AL9: =AK9/F9 -> 0.091634383
D10: 45961 | E10: 五 | F10: =SUM(M10,S10,U10,W10,AC10,AE10,AG10,AI10,AK10) -> 200739 | I10: 29694 | J10: =I10/F10 -> 0.14792342 | K10: 40162 | L10: =K10/F10 -> 0.20007074 | M10: =SUM(I10+K10) -> 69856 | N10: =M10/F10 -> 0.34799416 | O10: 9868 | P10: =O10/F10 -> 0.04915836 | Q10: 3220 | R10: =Q10/D10 -> 0.070059398 | S10: =SUM(O10+Q10) -> 13088 | T10: =S10/F10 -> 0.065199089 | U10: 14842 | V10: =U10/F10 -> 0.073936804 | W10: 3927 | X10: =W10/F10 -> 0.019562716 | Y10: 20835 | Z10: =Y10/F10 -> 0.10379149 | AA10: 19274 | AB10: =AA10/D10 -> 0.41935554 | AC10: =SUM(Y10+AA10) -> 40109 | AD10: =AC10/F10 -> 0.19980671 | AE10: 16017 | AF10: =AE10/F10 -> 0.079790175 | AG10: 14964 | AH10: =AG10/F10 -> 0.074544558 | AI10: 10827 | AJ10: =AI10/F10 -> 0.053935708 | AK10: 17109 | AL10: =AK10/F10 -> 0.085230075
D11: 45962 | E11: 六 | F11: =SUM(M11,S11,U11,W11,AC11,AE11,AG11,AI11,AK11) -> 199982 | H11: =SUM(F11:F40) -> 2204262 | I11: 28452 | J11: =I11/F11 -> 0.1422728 | K11: 40897 | L11: =K11/F11 -> 0.20450341 | M11: =SUM(I11+K11) -> 69349 | N11: =M11/F11 -> 0.34677621 | O11: 8441 | P11: =O11/F11 -> 0.042208799 | Q11: 3019 | R11: =Q11/D11 -> 0.065684696 | S11: =SUM(O11+Q11) -> 11460 | T11: =S11/F11 -> 0.057305157 | U11: 14533 | V11: =U11/F11 -> 0.07267154 | W11: 3967 | X11: =W11/F11 -> 0.019836785 | Y11: 20037 | Z11: =Y11/F11 -> 0.10019402 | AA11: 20083 | AB11: =AA11/D11 -> 0.43694791 | AC11: =SUM(Y11+AA11) -> 40120 | AD11: =AC11/F11 -> 0.20061806 | AE11: 16927 | AF11: =AE11/F11 -> 0.084642618 | AG11: 15181 | AH11: =AG11/F11 -> 0.075911832 | AI11: 10780 | AJ11: =AI11/F11 -> 0.053904851 | AK11: 17665 | AL11: =AK11/F11 -> 0.08833295
D12: 45963 | E12: 日 | F12: =SUM(M12,S12,U12,W12,AC12,AE12,AG12,AI12,AK12) -> 239410 | I12: 37061 | J12: =I12/F12 -> 0.15480139 | K12: 44045 | L12: =K12/F12 -> 0.1839731 | M12: =SUM(I12+K12) -> 81106 | N12: =M12/F12 -> 0.33877449 | O12: 10789 | P12: =O12/F12 -> 0.045064951 | Q12: 3520 | R12: =Q12/D12 -> 0.076583339 | S12: =SUM(O12+Q12) -> 14309 | T12: =S12/F12 -> 0.059767762 | U12: 18035 | V12: =U12/F12 -> 0.075331022 | W12: 7001 | X12: =W12/F12 -> 0.029242722 | Y12: 23595 | Z12: =Y12/F12 -> 0.098554781 | AA12: 22513 | AB12: =AA12/D12 -> 0.48980702 | AC12: =SUM(Y12+AA12) -> 46108 | AD12: =AC12/F12 -> 0.19259012 | AE12: 21075 | AF12: =AE12/F12 -> 0.088028904 | AG12: 18470 | AH12: =AG12/F12 -> 0.077147989 | AI12: 11644 | AJ12: =AI12/F12 -> 0.048636231 | AK12: 21662 | AL12: =AK12/F12 -> 0.090480765
D13: 45964 | E13: 一 | F13: =SUM(M13,S13,U13,W13,AC13,AE13,AG13,AI13,AK13) -> 230711 | I13: 35896 | J13: =I13/F13 -> 0.15558859 | K13: 43695 | L13: =K13/F13 -> 0.18939279 | M13: =SUM(I13+K13) -> 79591 | N13: =M13/F13 -> 0.34498138 | O13: 10101 | P13: =O13/F13 -> 0.043782048 | Q13: 3584 | R13: =Q13/D13 -> 0.077974067 | S13: =SUM(O13+Q13) -> 13685 | T13: =S13/F13 -> 0.059316634 | U13: 18247 | V13: =U13/F13 -> 0.07909029 | W13: 4979 | X13: =W13/F13 -> 0.021581112 | Y13: 19668 | Z13: =Y13/F13 -> 0.085249511 | AA13: 22749 | AB13: =AA13/D13 -> 0.49493082 | AC13: =SUM(Y13+AA13) -> 42417 | AD13: =AC13/F13 -> 0.18385339 | AE13: 20424 | AF13: =AE13/F13 -> 0.088526338 | AG13: 18428 | AH13: =AG13/F13 -> 0.079874822 | AI13: 11571 | AJ13: =AI13/F13 -> 0.050153655 | AK13: 21369 | AL13: =AK13/F13 -> 0.092622372
D14: 45965 | E14: 二 | F14: =SUM(M14,S14,U14,W14,AC14,AE14,AG14,AI14,AK14) -> 226615 | G14: =SUM(F14:F20) -> 1534159 | I14: 34133 | J14: =I14/F14 -> 0.1506211 | K14: 42907 | L14: =K14/F14 -> 0.18933875 | M14: =SUM(I14+K14) -> 77040 | N14: =M14/F14 -> 0.33995984 | O14: 9896 | P14: =O14/F14 -> 0.043668777 | Q14: 3549 | R14: =Q14/D14 -> 0.077210921 | S14: =SUM(O14+Q14) -> 13445 | T14: =S14/F14 -> 0.0593297 | U14: 18133 | V14: =U14/F14 -> 0.080016769 | W14: 4554 | X14: =W14/F14 -> 0.020095757 | Y14: 21740 | Z14: =Y14/F14 -> 0.095933632 | AA14: 22476 | AB14: =AA14/D14 -> 0.48898075 | AC14: =SUM(Y14+AA14) -> 44216 | AD14: =AC14/F14 -> 0.19511506 | AE14: 20219 | AF14: =AE14/F14 -> 0.089221808 | AG14: 17728 | AH14: =AG14/F14 -> 0.078229596 | AI14: 11185 | AJ14: =AI14/F14 -> 0.049356839 | AK14: 20095 | AL14: =AK14/F14 -> 0.088674624
D15: 45966 | E15: 三 | F15: =SUM(M15,S15,U15,W15,AC15,AE15,AG15,AI15,AK15) -> 226209 | I15: 33977 | J15: =I15/F15 -> 0.1502018 | K15: 42639 | L15: =K15/F15 -> 0.18849383 | M15: =SUM(I15+K15) -> 76616 | N15: =M15/F15 -> 0.33869563 | O15: 9656 | P15: =O15/F15 -> 0.042686188 | Q15: 3598 | R15: =Q15/D15 -> 0.078275247 | S15: =SUM(O15+Q15) -> 13254 | T15: =S15/F15 -> 0.058591833 | U15: 17749 | V15: =U15/F15 -> 0.078462837 | W15: 4771 | X15: =W15/F15 -> 0.021091115 | Y15: 22299 | Z15: =Y15/F15 -> 0.09857698 | AA15: 21944 | AB15: =AA15/D15 -> 0.47739634 | AC15: =SUM(Y15+AA15) -> 44243 | AD15: =AC15/F15 -> 0.19558461 | AE15: 19698 | AF15: =AE15/F15 -> 0.087078763 | AG15: 17441 | AH15: =AG15/F15 -> 0.077101265 | AI15: 11975 | AJ15: =AI15/F15 -> 0.05293777 | AK15: 20462 | AL15: =AK15/F15 -> 0.090456171
D16: 45967 | E16: 四 | F16: =SUM(M16,S16,U16,W16,AC16,AE16,AG16,AI16,AK16) -> 230603 | I16: 32344 | J16: =I16/F16 -> 0.14025837 | K16: 39901 | L16: =K16/F16 -> 0.17302897 | M16: =SUM(I16+K16) -> 72245 | N16: =M16/F16 -> 0.31328734 | O16: 8434 | P16: =O16/F16 -> 0.036573679 | Q16: 3568 | R16: =Q16/D16 -> 0.077620902 | S16: =SUM(O16+Q16) -> 12002 | T16: =S16/F16 -> 0.052046157 | U16: 17024 | V16: =U16/F16 -> 0.073823844 | W16: 5323 | X16: =W16/F16 -> 0.023082961 | Y16: 21057 | Z16: =Y16/F16 -> 0.091312776 | AA16: 35355 | AB16: =AA16/D16 -> 0.76913873 | AC16: =SUM(Y16+AA16) -> 56412 | AD16: =AC16/F16 -> 0.24462821 | AE16: 19147 | AF16: =AE16/F16 -> 0.083030143 | AG16: 16657 | AH16: =AG16/F16 -> 0.072232365 | AI16: 12345 | AJ16: =AI16/F16 -> 0.053533562 | AK16: 19448 | AL16: =AK16/F16 -> 0.084335416
D17: 45968 | E17: 五 | F17: =SUM(M17,S17,U17,W17,AC17,AE17,AG17,AI17,AK17) -> 193759 | I17: 27431 | J17: =I17/F17 -> 0.14157278 | K17: 38382 | L17: =K17/F17 -> 0.19809144 | M17: =SUM(I17+K17) -> 65813 | N17: =M17/F17 -> 0.33966422 | O17: 7608 | P17: =O17/F17 -> 0.039265273 | Q17: 3362 | R17: =Q17/D17 -> 0.073137835 | S17: =SUM(O17+Q17) -> 10970 | T17: =S17/F17 -> 0.056616725 | U17: 15029 | V17: =U17/F17 -> 0.077565429 | W17: 4721 | X17: =W17/F17 -> 0.02436532 | Y17: 19727 | Z17: =Y17/F17 -> 0.10181204 | AA17: 16577 | AB17: =AA17/D17 -> 0.36062043 | AC17: =SUM(Y17+AA17) -> 36304 | AD17: =AC17/F17 -> 0.18736678 | AE17: 16983 | AF17: =AE17/F17 -> 0.087650122 | AG17: 13425 | AH17: =AG17/F17 -> 0.069287104 | AI17: 12006 | AJ17: =AI17/F17 -> 0.061963573 | AK17: 18508 | AL17: =AK17/F17 -> 0.095520724
D18: 45969 | E18: 六 | F18: =SUM(M18,S18,U18,W18,AC18,AE18,AG18,AI18,AK18) -> 197295 | I18: 26578 | J18: =I18/F18 -> 0.13471198 | K18: 41146 | L18: =K18/F18 -> 0.20855065 | M18: =SUM(I18+K18) -> 67724 | N18: =M18/F18 -> 0.34326263 | O18: 7115 | P18: =O18/F18 -> 0.036062749 | Q18: 3161 | R18: =Q18/D18 -> 0.068763732 | S18: =SUM(O18+Q18) -> 10276 | T18: =S18/F18 -> 0.052084442 | U18: 15914 | V18: =U18/F18 -> 0.080660939 | W18: 4276 | X18: =W18/F18 -> 0.021673129 | Y18: 19826 | Z18: =Y18/F18 -> 0.10048912 | AA18: 17575 | AB18: =AA18/D18 -> 0.38232287 | AC18: =SUM(Y18+AA18) -> 37401 | AD18: =AC18/F18 -> 0.18956892 | AE18: 16928 | AF18: =AE18/F18 -> 0.085800451 | AG18: 14459 | AH18: =AG18/F18 -> 0.073286196 | AI18: 12123 | AJ18: =AI18/F18 -> 0.061446058 | AK18: 18194 | AL18: =AK18/F18 -> 0.092217238
D19: 45970 | E19: 日 | F19: =SUM(M19,S19,U19,W19,AC19,AE19,AG19,AI19,AK19) -> 224442 | I19: 34695 | J19: =I19/F19 -> 0.15458337 | K19: 44336 | L19: =K19/F19 -> 0.19753879 | M19: =SUM(I19+K19) -> 79031 | N19: =M19/F19 -> 0.35212215 | O19: 8983 | P19: =O19/F19 -> 0.040023703 | Q19: 3569 | R19: =Q19/D19 -> 0.07763759 | S19: =SUM(O19+Q19) -> 12552 | T19: =S19/F19 -> 0.055925362 | U19: 17742 | V19: =U19/F19 -> 0.079049376 | W19: 4624 | X19: =W19/F19 -> 0.020602205 | Y19: 22731 | Z19: =Y19/F19 -> 0.10127784 | AA19: 15383 | AB19: =AA19/D19 -> 0.33463128 | AC19: =SUM(Y19+AA19) -> 38114 | AD19: =AC19/F19 -> 0.1698167 | AE19: 20390 | AF19: =AE19/F19 -> 0.090847524 | AG19: 17670 | AH19: =AG19/F19 -> 0.07872858 | AI19: 13668 | AJ19: =AI19/F19 -> 0.060897693 | AK19: 20651 | AL19: =AK19/F19 -> 0.092010408
D20: 45971 | E20: 一 | F20: =SUM(M20,S20,U20,W20,AC20,AE20,AG20,AI20,AK20) -> 235236 | I20: 33080 | J20: =I20/F20 -> 0.14062473 | K20: 42969 | L20: =K20/F20 -> 0.18266337 | M20: =SUM(I20+K20) -> 76049 | N20: =M20/F20 -> 0.3232881 | O20: 8405 | P20: =O20/F20 -> 0.035730075 | Q20: 3522 | R20: =Q20/D20 -> 0.076613517 | S20: =SUM(O20+Q20) -> 11927 | T20: =S20/F20 -> 0.050702273 | U20: 17245 | V20: =U20/F20 -> 0.073309357 | W20: 4505 | X20: =W20/F20 -> 0.01915098 | Y20: 22690 | Z20: =Y20/F20 -> 0.096456325 | AA20: 31776 | AB20: =AA20/D20 -> 0.69121838 | AC20: =SUM(Y20+AA20) -> 54466 | AD20: =AC20/F20 -> 0.23153769 | AE20: 20438 | AF20: =AE20/F20 -> 0.08688296 | AG20: 17689 | AH20: =AG20/F20 -> 0.075196824 | AI20: 12465 | AJ20: =AI20/F20 -> 0.052989338 | AK20: 20452 | AL20: =AK20/F20 -> 0.086942475
D21: 45972 | E21: 二 | F21: =SUM(M21,S21,U21,W21,AC21,AE21,AG21,AI21,AK21) -> 0 | G21: =SUM(F21:F27) -> 0 | J21: =I21/F21 -> #DIV/0! | L21: =K21/F21 -> #DIV/0! | M21: =SUM(I21+K21) -> 0 | N21: =M21/F21 -> #DIV/0! | P21: =O21/F21 -> #DIV/0! | R21: =Q21/D21 -> 0 | S21: =SUM(O21+Q21) -> 0 | T21: =S21/F21 -> #DIV/0! | V21: =U21/F21 -> #DIV/0! | X21: =W21/F21 -> #DIV/0! | Z21: =Y21/F21 -> #DIV/0! | AB21: =AA21/D21 -> 0 | AC21: =SUM(Y21+AA21) -> 0 | AD21: =AC21/F21 -> #DIV/0! | AF21: =AE21/F21 -> #DIV/0! | AH21: =AG21/F21 -> #DIV/0! | AJ21: =AI21/F21 -> #DIV/0! | AL21: =AK21/F21 -> #DIV/0!
D22: 45973 | E22: 三 | F22: =SUM(M22,S22,U22,W22,AC22,AE22,AG22,AI22,AK22) -> 0 | J22: =I22/F22 -> #DIV/0! | L22: =K22/F22 -> #DIV/0! | M22: =SUM(I22+K22) -> 0 | N22: =M22/F22 -> #DIV/0! | P22: =O22/F22 -> #DIV/0! | R22: =Q22/D22 -> 0 | S22: =SUM(O22+Q22) -> 0 | T22: =S22/F22 -> #DIV/0! | V22: =U22/F22 -> #DIV/0! | X22: =W22/F22 -> #DIV/0! | Z22: =Y22/F22 -> #DIV/0! | AB22: =AA22/D22 -> 0 | AC22: =SUM(Y22+AA22) -> 0 | AD22: =AC22/F22 -> #DIV/0! | AF22: =AE22/F22 -> #DIV/0! | AH22: =AG22/F22 -> #DIV/0! | AJ22: =AI22/F22 -> #DIV/0! | AL22: =AK22/F22 -> #DIV/0!
D23: 45974 | E23: 四 | F23: =SUM(M23,S23,U23,W23,AC23,AE23,AG23,AI23,AK23) -> 0 | J23: =I23/F23 -> #DIV/0! | L23: =K23/F23 -> #DIV/0! | M23: =SUM(I23+K23) -> 0 | N23: =M23/F23 -> #DIV/0! | P23: =O23/F23 -> #DIV/0! | R23: =Q23/D23 -> 0 | S23: =SUM(O23+Q23) -> 0 | T23: =S23/F23 -> #DIV/0! | V23: =U23/F23 -> #DIV/0! | X23: =W23/F23 -> #DIV/0! | Z23: =Y23/F23 -> #DIV/0! | AB23: =AA23/D23 -> 0 | AC23: =SUM(Y23+AA23) -> 0 | AD23: =AC23/F23 -> #DIV/0! | AF23: =AE23/F23 -> #DIV/0! | AH23: =AG23/F23 -> #DIV/0! | AJ23: =AI23/F23 -> #DIV/0! | AL23: =AK23/F23 -> #DIV/0!
D24: 45975 | E24: 五 | F24: =SUM(M24,S24,U24,W24,AC24,AE24,AG24,AI24,AK24) -> 0 | J24: =I24/F24 -> #DIV/0! | L24: =K24/F24 -> #DIV/0! | M24: =SUM(I24+K24) -> 0 | N24: =M24/F24 -> #DIV/0! | P24: =O24/F24 -> #DIV/0! | R24: =Q24/D24 -> 0 | S24: =SUM(O24+Q24) -> 0 | T24: =S24/F24 -> #DIV/0! | V24: =U24/F24 -> #DIV/0! | X24: =W24/F24 -> #DIV/0! | Z24: =Y24/F24 -> #DIV/0! | AB24: =AA24/D24 -> 0 | AC24: =SUM(Y24+AA24) -> 0 | AD24: =AC24/F24 -> #DIV/0! | AF24: =AE24/F24 -> #DIV/0! | AH24: =AG24/F24 -> #DIV/0! | AJ24: =AI24/F24 -> #DIV/0! | AL24: =AK24/F24 -> #DIV/0!
D25: 45976 | E25: 六 | F25: =SUM(M25,S25,U25,W25,AC25,AE25,AG25,AI25,AK25) -> 0 | J25: =I25/F25 -> #DIV/0! | L25: =K25/F25 -> #DIV/0! | M25: =SUM(I25+K25) -> 0 | N25: =M25/F25 -> #DIV/0! | P25: =O25/F25 -> #DIV/0! | R25: =Q25/D25 -> 0 | S25: =SUM(O25+Q25) -> 0 | T25: =S25/F25 -> #DIV/0! | V25: =U25/F25 -> #DIV/0! | X25: =W25/F25 -> #DIV/0! | Z25: =Y25/F25 -> #DIV/0! | AB25: =AA25/D25 -> 0 | AC25: =SUM(Y25+AA25) -> 0 | AD25: =AC25/F25 -> #DIV/0! | AF25: =AE25/F25 -> #DIV/0! | AH25: =AG25/F25 -> #DIV/0! | AJ25: =AI25/F25 -> #DIV/0! | AL25: =AK25/F25 -> #DIV/0!
D26: 45977 | E26: 日 | F26: =SUM(M26,S26,U26,W26,AC26,AE26,AG26,AI26,AK26) -> 0 | J26: =I26/F26 -> #DIV/0! | L26: =K26/F26 -> #DIV/0! | M26: =SUM(I26+K26) -> 0 | N26: =M26/F26 -> #DIV/0! | P26: =O26/F26 -> #DIV/0! | R26: =Q26/D26 -> 0 | S26: =SUM(O26+Q26) -> 0 | T26: =S26/F26 -> #DIV/0! | V26: =U26/F26 -> #DIV/0! | X26: =W26/F26 -> #DIV/0! | Z26: =Y26/F26 -> #DIV/0! | AB26: =AA26/D26 -> 0 | AC26: =SUM(Y26+AA26) -> 0 | AD26: =AC26/F26 -> #DIV/0! | AF26: =AE26/F26 -> #DIV/0! | AH26: =AG26/F26 -> #DIV/0! | AJ26: =AI26/F26 -> #DIV/0! | AL26: =AK26/F26 -> #DIV/0!
D27: 45978 | E27: 一 | F27: =SUM(M27,S27,U27,W27,AC27,AE27,AG27,AI27,AK27) -> 0 | J27: =I27/F27 -> #DIV/0! | L27: =K27/F27 -> #DIV/0! | M27: =SUM(I27+K27) -> 0 | N27: =M27/F27 -> #DIV/0! | P27: =O27/F27 -> #DIV/0! | R27: =Q27/D27 -> 0 | S27: =SUM(O27+Q27) -> 0 | T27: =S27/F27 -> #DIV/0! | V27: =U27/F27 -> #DIV/0! | X27: =W27/F27 -> #DIV/0! | Z27: =Y27/F27 -> #DIV/0! | AB27: =AA27/D27 -> 0 | AC27: =SUM(Y27+AA27) -> 0 | AD27: =AC27/F27 -> #DIV/0! | AF27: =AE27/F27 -> #DIV/0! | AH27: =AG27/F27 -> #DIV/0! | AJ27: =AI27/F27 -> #DIV/0! | AL27: =AK27/F27 -> #DIV/0!
D28: 45979 | E28: 二 | F28: =SUM(M28,S28,U28,W28,AC28,AE28,AG28,AI28,AK28) -> 0 | G28: =SUM(F28:F34) -> 0 | J28: =I28/F28 -> #DIV/0! | L28: =K28/F28 -> #DIV/0! | M28: =SUM(I28+K28) -> 0 | N28: =M28/F28 -> #DIV/0! | P28: =O28/F28 -> #DIV/0! | R28: =Q28/D28 -> 0 | S28: =SUM(O28+Q28) -> 0 | T28: =S28/F28 -> #DIV/0! | V28: =U28/F28 -> #DIV/0! | X28: =W28/F28 -> #DIV/0! | Z28: =Y28/F28 -> #DIV/0! | AB28: =AA28/D28 -> 0 | AC28: =SUM(Y28+AA28) -> 0 | AD28: =AC28/F28 -> #DIV/0! | AF28: =AE28/F28 -> #DIV/0! | AH28: =AG28/F28 -> #DIV/0! | AJ28: =AI28/F28 -> #DIV/0! | AL28: =AK28/F28 -> #DIV/0!
D29: 45980 | E29: 三 | F29: =SUM(M29,S29,U29,W29,AC29,AE29,AG29,AI29,AK29) -> 0 | J29: =I29/F29 -> #DIV/0! | L29: =K29/F29 -> #DIV/0! | M29: =SUM(I29+K29) -> 0 | N29: =M29/F29 -> #DIV/0! | P29: =O29/F29 -> #DIV/0! | R29: =Q29/D29 -> 0 | S29: =SUM(O29+Q29) -> 0 | T29: =S29/F29 -> #DIV/0! | V29: =U29/F29 -> #DIV/0! | X29: =W29/F29 -> #DIV/0! | Z29: =Y29/F29 -> #DIV/0! | AB29: =AA29/D29 -> 0 | AC29: =SUM(Y29+AA29) -> 0 | AD29: =AC29/F29 -> #DIV/0! | AF29: =AE29/F29 -> #DIV/0! | AH29: =AG29/F29 -> #DIV/0! | AJ29: =AI29/F29 -> #DIV/0! | AL29: =AK29/F29 -> #DIV/0!
D30: 45981 | E30: 四 | F30: =SUM(M30,S30,U30,W30,AC30,AE30,AG30,AI30,AK30) -> 0 | J30: =I30/F30 -> #DIV/0! | L30: =K30/F30 -> #DIV/0! | M30: =SUM(I30+K30) -> 0 | N30: =M30/F30 -> #DIV/0! | P30: =O30/F30 -> #DIV/0! | R30: =Q30/D30 -> 0 | S30: =SUM(O30+Q30) -> 0 | T30: =S30/F30 -> #DIV/0! | V30: =U30/F30 -> #DIV/0! | X30: =W30/F30 -> #DIV/0! | Z30: =Y30/F30 -> #DIV/0! | AB30: =AA30/D30 -> 0 | AC30: =SUM(Y30+AA30) -> 0 | AD30: =AC30/F30 -> #DIV/0! | AF30: =AE30/F30 -> #DIV/0! | AH30: =AG30/F30 -> #DIV/0! | AJ30: =AI30/F30 -> #DIV/0! | AL30: =AK30/F30 -> #DIV/0!
D31: 45982 | E31: 五 | F31: =SUM(M31,S31,U31,W31,AC31,AE31,AG31,AI31,AK31) -> 0 | J31: =I31/F31 -> #DIV/0! | L31: =K31/F31 -> #DIV/0! | M31: =SUM(I31+K31) -> 0 | N31: =M31/F31 -> #DIV/0! | P31: =O31/F31 -> #DIV/0! | R31: =Q31/D31 -> 0 | S31: =SUM(O31+Q31) -> 0 | T31: =S31/F31 -> #DIV/0! | V31: =U31/F31 -> #DIV/0! | X31: =W31/F31 -> #DIV/0! | Z31: =Y31/F31 -> #DIV/0! | AB31: =AA31/D31 -> 0 | AC31: =SUM(Y31+AA31) -> 0 | AD31: =AC31/F31 -> #DIV/0! | AF31: =AE31/F31 -> #DIV/0! | AH31: =AG31/F31 -> #DIV/0! | AJ31: =AI31/F31 -> #DIV/0! | AL31: =AK31/F31 -> #DIV/0!
D32: 45983 | E32: 六 | F32: =SUM(M32,S32,U32,W32,AC32,AE32,AG32,AI32,AK32) -> 0 | J32: =I32/F32 -> #DIV/0! | L32: =K32/F32 -> #DIV/0! | M32: =SUM(I32+K32) -> 0 | N32: =M32/F32 -> #DIV/0! | P32: =O32/F32 -> #DIV/0! | R32: =Q32/D32 -> 0 | S32: =SUM(O32+Q32) -> 0 | T32: =S32/F32 -> #DIV/0! | V32: =U32/F32 -> #DIV/0! | X32: =W32/F32 -> #DIV/0! | Z32: =Y32/F32 -> #DIV/0! | AB32: =AA32/D32 -> 0 | AC32: =SUM(Y32+AA32) -> 0 | AD32: =AC32/F32 -> #DIV/0! | AF32: =AE32/F32 -> #DIV/0! | AH32: =AG32/F32 -> #DIV/0! | AJ32: =AI32/F32 -> #DIV/0! | AL32: =AK32/F32 -> #DIV/0!
D33: 45984 | E33: 日 | F33: =SUM(M33,S33,U33,W33,AC33,AE33,AG33,AI33,AK33) -> 0 | J33: =I33/F33 -> #DIV/0! | L33: =K33/F33 -> #DIV/0! | M33: =SUM(I33+K33) -> 0 | N33: =M33/F33 -> #DIV/0! | P33: =O33/F33 -> #DIV/0! | R33: =Q33/D33 -> 0 | S33: =SUM(O33+Q33) -> 0 | T33: =S33/F33 -> #DIV/0! | V33: =U33/F33 -> #DIV/0! | X33: =W33/F33 -> #DIV/0! | Z33: =Y33/F33 -> #DIV/0! | AB33: =AA33/D33 -> 0 | AC33: =SUM(Y33+AA33) -> 0 | AD33: =AC33/F33 -> #DIV/0! | AF33: =AE33/F33 -> #DIV/0! | AH33: =AG33/F33 -> #DIV/0! | AJ33: =AI33/F33 -> #DIV/0! | AL33: =AK33/F33 -> #DIV/0!
D34: 45985 | E34: 一 | F34: =SUM(M34,S34,U34,W34,AC34,AE34,AG34,AI34,AK34) -> 0 | J34: =I34/F34 -> #DIV/0! | L34: =K34/F34 -> #DIV/0! | M34: =SUM(I34+K34) -> 0 | N34: =M34/F34 -> #DIV/0! | P34: =O34/F34 -> #DIV/0! | R34: =Q34/D34 -> 0 | S34: =SUM(O34+Q34) -> 0 | T34: =S34/F34 -> #DIV/0! | V34: =U34/F34 -> #DIV/0! | X34: =W34/F34 -> #DIV/0! | Z34: =Y34/F34 -> #DIV/0! | AB34: =AA34/D34 -> 0 | AC34: =SUM(Y34+AA34) -> 0 | AD34: =AC34/F34 -> #DIV/0! | AF34: =AE34/F34 -> #DIV/0! | AH34: =AG34/F34 -> #DIV/0! | AJ34: =AI34/F34 -> #DIV/0! | AL34: =AK34/F34 -> #DIV/0!
D35: 45986 | E35: 二 | F35: =SUM(M35,S35,U35,W35,AC35,AE35,AG35,AI35,AK35) -> 0 | G35: =SUM(F35:F41) -> 0 | J35: =I35/F35 -> #DIV/0! | L35: =K35/F35 -> #DIV/0! | M35: =SUM(I35+K35) -> 0 | N35: =M35/F35 -> #DIV/0! | P35: =O35/F35 -> #DIV/0! | R35: =Q35/D35 -> 0 | S35: =SUM(O35+Q35) -> 0 | T35: =S35/F35 -> #DIV/0! | V35: =U35/F35 -> #DIV/0! | X35: =W35/F35 -> #DIV/0! | Z35: =Y35/F35 -> #DIV/0! | AB35: =AA35/D35 -> 0 | AC35: =SUM(Y35+AA35) -> 0 | AD35: =AC35/F35 -> #DIV/0! | AF35: =AE35/F35 -> #DIV/0! | AH35: =AG35/F35 -> #DIV/0! | AJ35: =AI35/F35 -> #DIV/0! | AL35: =AK35/F35 -> #DIV/0!
D36: 45987 | E36: 三 | F36: =SUM(M36,S36,U36,W36,AC36,AE36,AG36,AI36,AK36) -> 0 | J36: =I36/F36 -> #DIV/0! | L36: =K36/F36 -> #DIV/0! | M36: =SUM(I36+K36) -> 0 | N36: =M36/F36 -> #DIV/0! | P36: =O36/F36 -> #DIV/0! | R36: =Q36/D36 -> 0 | S36: =SUM(O36+Q36) -> 0 | T36: =S36/F36 -> #DIV/0! | V36: =U36/F36 -> #DIV/0! | X36: =W36/F36 -> #DIV/0! | Z36: =Y36/F36 -> #DIV/0! | AB36: =AA36/D36 -> 0 | AC36: =SUM(Y36+AA36) -> 0 | AD36: =AC36/F36 -> #DIV/0! | AF36: =AE36/F36 -> #DIV/0! | AH36: =AG36/F36 -> #DIV/0! | AJ36: =AI36/F36 -> #DIV/0! | AL36: =AK36/F36 -> #DIV/0!
D37: 45988 | E37: 四 | F37: =SUM(M37,S37,U37,W37,AC37,AE37,AG37,AI37,AK37) -> 0 | J37: =I37/F37 -> #DIV/0! | L37: =K37/F37 -> #DIV/0! | M37: =SUM(I37+K37) -> 0 | N37: =M37/F37 -> #DIV/0! | P37: =O37/F37 -> #DIV/0! | R37: =Q37/D37 -> 0 | S37: =SUM(O37+Q37) -> 0 | T37: =S37/F37 -> #DIV/0! | V37: =U37/F37 -> #DIV/0! | X37: =W37/F37 -> #DIV/0! | Z37: =Y37/F37 -> #DIV/0! | AB37: =AA37/D37 -> 0 | AC37: =SUM(Y37+AA37) -> 0 | AD37: =AC37/F37 -> #DIV/0! | AF37: =AE37/F37 -> #DIV/0! | AH37: =AG37/F37 -> #DIV/0! | AJ37: =AI37/F37 -> #DIV/0! | AL37: =AK37/F37 -> #DIV/0!
D38: 45989 | E38: 五 | F38: =SUM(M38,S38,U38,W38,AC38,AE38,AG38,AI38,AK38) -> 0 | J38: =I38/F38 -> #DIV/0! | L38: =K38/F38 -> #DIV/0! | M38: =SUM(I38+K38) -> 0 | N38: =M38/F38 -> #DIV/0! | P38: =O38/F38 -> #DIV/0! | R38: =Q38/D38 -> 0 | S38: =SUM(O38+Q38) -> 0 | T38: =S38/F38 -> #DIV/0! | V38: =U38/F38 -> #DIV/0! | X38: =W38/F38 -> #DIV/0! | Z38: =Y38/F38 -> #DIV/0! | AB38: =AA38/D38 -> 0 | AC38: =SUM(Y38+AA38) -> 0 | AD38: =AC38/F38 -> #DIV/0! | AF38: =AE38/F38 -> #DIV/0! | AH38: =AG38/F38 -> #DIV/0! | AJ38: =AI38/F38 -> #DIV/0! | AL38: =AK38/F38 -> #DIV/0!
D39: 45990 | E39: 六 | F39: =SUM(M39,S39,U39,W39,AC39,AE39,AG39,AI39,AK39) -> 0 | J39: =I39/F39 -> #DIV/0! | L39: =K39/F39 -> #DIV/0! | M39: =SUM(I39+K39) -> 0 | N39: =M39/F39 -> #DIV/0! | P39: =O39/F39 -> #DIV/0! | R39: =Q39/D39 -> 0 | S39: =SUM(O39+Q39) -> 0 | T39: =S39/F39 -> #DIV/0! | V39: =U39/F39 -> #DIV/0! | X39: =W39/F39 -> #DIV/0! | Z39: =Y39/F39 -> #DIV/0! | AB39: =AA39/D39 -> 0 | AC39: =SUM(Y39+AA39) -> 0 | AD39: =AC39/F39 -> #DIV/0! | AF39: =AE39/F39 -> #DIV/0! | AH39: =AG39/F39 -> #DIV/0! | AJ39: =AI39/F39 -> #DIV/0! | AL39: =AK39/F39 -> #DIV/0!
D40: 45991 | E40: 日 | F40: =SUM(M40,S40,U40,W40,AC40,AE40,AG40,AI40,AK40) -> 0 | J40: =I40/F40 -> #DIV/0! | L40: =K40/F40 -> #DIV/0! | M40: =SUM(I40+K40) -> 0 | N40: =M40/F40 -> #DIV/0! | P40: =O40/F40 -> #DIV/0! | R40: =Q40/D40 -> 0 | S40: =SUM(O40+Q40) -> 0 | T40: =S40/F40 -> #DIV/0! | V40: =U40/F40 -> #DIV/0! | X40: =W40/F40 -> #DIV/0! | Z40: =Y40/F40 -> #DIV/0! | AB40: =AA40/D40 -> 0 | AC40: =SUM(Y40+AA40) -> 0 | AD40: =AC40/F40 -> #DIV/0! | AF40: =AE40/F40 -> #DIV/0! | AH40: =AG40/F40 -> #DIV/0! | AJ40: =AI40/F40 -> #DIV/0! | AL40: =AK40/F40 -> #DIV/0!
D41: 45992 | E41: 一 | F41: =SUM(M41,S41,U41,W41,AC41,AE41,AG41,AI41,AK41) -> 0 | J41: =I41/F41 -> #DIV/0! | L41: =K41/F41 -> #DIV/0! | M41: =SUM(I41+K41) -> 0 | N41: =M41/F41 -> #DIV/0! | P41: =O41/F41 -> #DIV/0! | R41: =Q41/D41 -> 0 | S41: =SUM(O41+Q41) -> 0 | T41: =S41/F41 -> #DIV/0! | V41: =U41/F41 -> #DIV/0! | X41: =W41/F41 -> #DIV/0! | Z41: =Y41/F41 -> #DIV/0! | AB41: =AA41/D41 -> 0 | AC41: =SUM(Y41+AA41) -> 0 | AD41: =AC41/F41 -> #DIV/0! | AF41: =AE41/F41 -> #DIV/0! | AH41: =AG41/F41 -> #DIV/0! | AJ41: =AI41/F41 -> #DIV/0! | AL41: =AK41/F41 -> #DIV/0!
F43: =SUM(M43,S43,U43,W43,AC43,AE43,AG43,AI43,AK43) -> 0 | J43: =I43/F43 -> #DIV/0! | L43: =K43/F43 -> #DIV/0! | M43: =SUM(I43+K43) -> 0 | N43: =M43/F43 -> #DIV/0! | P43: =O43/F43 -> #DIV/0! | R43: =Q43/D43 -> #DIV/0! | S43: =SUM(O43+Q43) -> 0 | T43: =S43/F43 -> #DIV/0! | V43: =U43/F43 -> #DIV/0! | X43: =W43/F43 -> #DIV/0! | Z43: =Y43/F43 -> #DIV/0! | AB43: =AA43/D43 -> #DIV/0! | AC43: =SUM(Y43+AA43) -> 0 | AD43: =AC43/F43 -> #DIV/0! | AF43: =AE43/F43 -> #DIV/0! | AH43: =AG43/F43 -> #DIV/0! | AJ43: =AI43/F43 -> #DIV/0! | AL43: =AK43/F43 -> #DIV/0!
F44: =SUM(M44,S44,U44,W44,AC44,AE44,AG44,AI44,AK44) -> 0 | J44: =I44/F44 -> #DIV/0! | L44: =K44/F44 -> #DIV/0! | M44: =SUM(I44+K44) -> 0 | N44: =M44/F44 -> #DIV/0! | P44: =O44/F44 -> #DIV/0! | R44: =Q44/D44 -> #DIV/0! | S44: =SUM(O44+Q44) -> 0 | T44: =S44/F44 -> #DIV/0! | V44: =U44/F44 -> #DIV/0! | X44: =W44/F44 -> #DIV/0! | Z44: =Y44/F44 -> #DIV/0! | AB44: =AA44/D44 -> #DIV/0! | AC44: =SUM(Y44+AA44) -> 0 | AD44: =AC44/F44 -> #DIV/0! | AF44: =AE44/F44 -> #DIV/0! | AH44: =AG44/F44 -> #DIV/0! | AJ44: =AI44/F44 -> #DIV/0! | AL44: =AK44/F44 -> #DIV/0!
F45: =SUM(M45,S45,U45,W45,AC45,AE45,AG45,AI45,AK45) -> 0 | J45: =I45/F45 -> #DIV/0! | L45: =K45/F45 -> #DIV/0! | M45: =SUM(I45+K45) -> 0 | N45: =M45/F45 -> #DIV/0! | P45: =O45/F45 -> #DIV/0! | R45: =Q45/D45 -> #DIV/0! | S45: =SUM(O45+Q45) -> 0 | T45: =S45/F45 -> #DIV/0! | V45: =U45/F45 -> #DIV/0! | X45: =W45/F45 -> #DIV/0! | Z45: =Y45/F45 -> #DIV/0! | AB45: =AA45/D45 -> #DIV/0! | AC45: =SUM(Y45+AA45) -> 0 | AD45: =AC45/F45 -> #DIV/0! | AF45: =AE45/F45 -> #DIV/0! | AH45: =AG45/F45 -> #DIV/0! | AJ45: =AI45/F45 -> #DIV/0! | AL45: =AK45/F45 -> #DIV/0!
I46: =SUM(I7:I45) -> 465484 | J46: =I46/$H$7 -> #DIV/0! | K46: =SUM(K7:K45) -> 602451 | L46: =K46/$H$7 -> #DIV/0! | M46: =SUM(M7:M45) -> 1067935 | N46: =M46/$H$7 -> #DIV/0! | O46: =SUM(O7:O45) -> 137220 | P46: =O46/$H$7 -> #DIV/0! | Q46: =SUM(Q7:Q45) -> 49223 | R46: =Q46/$H$7 -> #DIV/0! | S46: =SUM(S7:S45) -> 186443 | T46: =S46/$H$7 -> #DIV/0! | U46: =SUM(U7:U45) -> 241892 | V46: =U46/$H$7 -> #DIV/0! | W46: =SUM(W7:W45) -> 76820 | X46: =W46/$H$7 -> #DIV/0! | Y46: =SUM(Y7:Y45) -> 307049 | Z46: =Y46/$H$7 -> #DIV/0! | AA46: =SUM(AA7:AA45) -> 323611 | AB46: =AA46/$H$7 -> #DIV/0! | AC46: =SUM(AC7:AC45) -> 630660 | AD46: =AC46/$H$7 -> #DIV/0! | AE46: =SUM(AE7:AE45) -> 271923 | AF46: =AE46/$H$7 -> #DIV/0! | AG46: =SUM(AG7:AG45) -> 240808 | AH46: =AG46/$H$7 -> #DIV/0! | AI46: =SUM(AI7:AI45) -> 165583 | AJ46: =AI46/$H$7 -> #DIV/0! | AK46: =SUM(AK7:AK45) -> 283558 | AL46: =AK46/$H$7 -> #DIV/0!
M47: =M46 -> 1067935 | S47: =S46 -> 186443 | U47: =U46 -> 241892 | W47: =W46 -> 76820 | AC47: =AC46 -> 630660 | AE47: =AE46 -> 271923 | AG47: =AG46 -> 240808 | AI47: =AI46 -> 165583 | AK47: =AK46 -> 283558

Sheet （５-1）品群別人時生產性（18℃-飯糰）
B1: 月平均人時性 | C1: =AVERAGE(L7,L42,L77,L112,L147,L182) -> 756.04671
B2: 產線配置圖－每週更新 | N2: 資料繳交 | O2: 日期 | P2: 45958 | U2: =P2+1 -> 45959 | Z2: =U2+1 -> 45960 | AE2: =Z2+1 -> 45961 | AJ2: =AE2+1 -> 45962 | AO2: =AJ2+1 -> 45963 | AT2: =AO2+1 -> 45964
P3: 二 | U3: 三 | Z3: 四 | AE3: 五 | AJ3: 六 | AO3: 日 | AT3: 一
B4: 品群 | C4: 商品名稱 | E4: 計畫 | H4: 平均人時性 | I4: 實績 | L4: 平均人時性 | M4: 排名 | O4: 日報 | P4: 實際 | T4: 平均人時性 | U4: 實際 | Y4: 平均人時性 | Z4: 實際 | AD4: 平均人時性 | AE4: 實際 | AI4: 平均人時性 | AJ4: 實際 | AN4: 平均人時性 | AO4: 實際 | AS4: 平均人時性 | AT4: 實際 | AX4: 平均人時性
E5: 產線配置圖 | I5: 產線配置圖 | P5: 生產實績 | U5: 生產實績 | Z5: 生產實績 | AE5: 生產實績 | AJ5: 生產實績 | AO5: 生產實績 | AT5: 生產實績
E6: 人數 | F6: 產能／時 | G6: 人時性 | I6: 人數 | J6: 產能／時 | K6: 人時性 | P6: 人數 | Q6: 產能／時 | R6: 人時性 | S6: 排名 | U6: 人數 | V6: 產能／時 | W6: 人時性 | X6: 排名 | Z6: 人數 | AA6: 產能／時 | AB6: 人時性 | AC6: 排名 | AE6: 人數 | AF6: 產能／時 | AG6: 人時性 | AH6: 排名 | AJ6: 人數 | AK6: 產能／時 | AL6: 人時性 | AM6: 排名 | AO6: 人數 | AP6: 產能／時 | AQ6: 人時性 | AR6: 排名 | AT6: 人數 | AU6: 產能／時 | AV6: 人時性 | AW6: 排名
B7: 18℃-飯糰 | C7: 1 | D7: 經典肉鬆飯糰 | E7: 4 | F7: 2200 | G7: 550 | H7: =AVERAGE(G7:G36) -> 846.52778 | I7: =AVERAGE(P7,U7,Z7,AE7,AJ7,AO7,AT7) -> 4 | J7: =AVERAGE(Q7,V7,AA7,AF7,AK7,AP7,AU7) -> 3187.3728 | K7: =AVERAGE(R7,W7,AB7,AG7,AL7,AQ7,AV7) -> 796.84319 | L7: =IFERROR(AVERAGE(K7:K36),"-") -> 763.95984 | M7: =RANK(K7, $K$7:K$36) -> 8 | P7: 4 | Q7: 3179.1045 | R7: 794.77612 | S7: =RANK(R7, R$7:R$36) -> 9 | T7: =AVERAGE(R7:R36) -> 767.0907 | U7: 4 | V7: 3191.8182 | W7: 797.95455 | X7: =RANK(W7, W$7:W$36) -> 10 | Y7: =AVERAGE(W7:W36) -> 767.01951 | Z7: 4 | AA7: 3307.2414 | AB7: 826.81034 | AC7: =RANK(AB7, AB$7:AB$36) -> 8 | AD7: =AVERAGE(AB7:AB36) -> 765.15068 | AE7: 4 | AF7: 3201.6 | AG7: 800.4 | AH7: =RANK(AG7, AG$7:AG$36) -> 10 | AI7: =AVERAGE(AG7:AG36) -> 765.49795 | AJ7: 4 | AK7: 3173.75 | AL7: 793.4375 | AM7: =RANK(AL7, AL$7:AL$36) -> 9 | AN7: =AVERAGE(AL7:AL36) -> 751.20268 | AO7: 4 | AP7: 3166.6667 | AQ7: 791.66667 | AR7: =RANK(AQ7, AQ$7:AQ$36) -> 10 | AS7: =AVERAGE(AQ7:AQ36) -> 770.81574 | AT7: 4 | AU7: 3091.4286 | AV7: 772.85714 | AW7: =RANK(AV7, AV$7:AV$36) -> 11 | AX7: =AVERAGE(AV7:AV36) -> 791.83185 | AZ7: =RANK(AX7, $K$7:AX$36) -> #N/A | BB7: =RANK(BA7, BA$7:BA$36) -> #N/A
C8: 2 | D8: 蔬食鮪魚飯糰 | E8: 3 | F8: 2700 | G8: 900 | I8: =AVERAGE(P8,U8,Z8,AE8,AJ8,AO8,AT8) -> 3 | J8: =AVERAGE(Q8,V8,AA8,AF8,AK8,AP8,AU8) -> 2782.7083 | K8: =AVERAGE(R8,W8,AB8,AG8,AL8,AQ8,AV8) -> 927.56944 | M8: =RANK(K8, $K$7:K$36) -> 3 | P8: 3 | Q8: 2760 | R8: 920 | S8: =RANK(R8, R$7:R$36) -> 6 | U8: 3 | V8: 2775 | W8: 925 | X8: =RANK(W8, W$7:W$36) -> 5 | Z8: 3 | AA8: 2920.9091 | AB8: 973.63636 | AC8: =RANK(AB8, AB$7:AB$36) -> 2 | AE8: 3 | AF8: 2848.4211 | AG8: 949.47368 | AH8: =RANK(AG8, AG$7:AG$36) -> 3 | AJ8: 3 | AK8: 2734.7368 | AL8: 911.57895 | AM8: =RANK(AL8, AL$7:AL$36) -> 6 | AO8: 3 | AP8: 2742.5 | AQ8: 914.16667 | AR8: =RANK(AQ8, AQ$7:AQ$36) -> 6 | AT8: 3 | AU8: 2697.3913 | AV8: 899.13043 | AW8: =RANK(AV8, AV$7:AV$36) -> 6 | AZ8: =RANK(AX8, $K$7:AX$36) -> #N/A | BB8: =RANK(BA8, BA$7:BA$36) -> #N/A
C9: 3 | D9: 北海道秋鮭親子飯糰 | E9: 4 | F9: 3600 | G9: 900 | I9: =AVERAGE(P9,U9,Z9,AE9,AJ9,AO9,AT9) -> 4 | J9: =AVERAGE(Q9,V9,AA9,AF9,AK9,AP9,AU9) -> 3151.1327 | K9: =AVERAGE(R9,W9,AB9,AG9,AL9,AQ9,AV9) -> 787.78316 | M9: =RANK(K9, $K$7:K$36) -> 9 | P9: 4 | Q9: 3125.7143 | R9: 781.42857 | S9: =RANK(R9, R$7:R$36) -> 12 | U9: 4 | V9: 3065.7143 | W9: 766.42857 | X9: =RANK(W9, W$7:W$36) -> 14 | Z9: 4 | AA9: 3087 | AB9: 771.75 | AC9: =RANK(AB9, AB$7:AB$36) -> 13 | AE9: 4 | AF9: 3412 | AG9: 853 | AH9: =RANK(AG9, AG$7:AG$36) -> 8 | AJ9: 4 | AK9: 3142.5 | AL9: 785.625 | AM9: =RANK(AL9, AL$7:AL$36) -> 10 | AO9: 4 | AP9: 3060 | AQ9: 765 | AR9: =RANK(AQ9, AQ$7:AQ$36) -> 14 | AT9: 4 | AU9: 3165 | AV9: 791.25 | AW9: =RANK(AV9, AV$7:AV$36) -> 8 | AZ9: =RANK(AX9, $K$7:AX$36) -> #N/A | BB9: =RANK(BA9, BA$7:BA$36) -> #N/A
C10: 4 | D10: 鮪魚飯糰 | E10: 3 | F10: 3600 | G10: 1200 | I10: =AVERAGE(P10,U10,Z10,AE10,AJ10,AO10,AT10) -> 3 | J10: =AVERAGE(Q10,V10,AA10,AF10,AK10,AP10,AU10) -> 3111.9048 | K10: =AVERAGE(R10,W10,AB10,AG10,AL10,AQ10,AV10) -> 1037.3016 | M10: =RANK(K10, $K$7:K$36) -> 1 | P10: 3 | Q10: 3080 | R10: 1026.6667 | S10: =RANK(R10, R$7:R$36) -> 1 | U10: 3 | V10: 2966.6667 | W10: 988.88889 | X10: =RANK(W10, W$7:W$36) -> 1 | Z10: 3 | AA10: 3642.8571 | AB10: 1214.2857 | AC10: =RANK(AB10, AB$7:AB$36) -> 1 | AE10: 3 | AF10: 3370 | AG10: 1123.3333 | AH10: =RANK(AG10, AG$7:AG$36) -> 1 | AJ10: 3 | AK10: 2777.1429 | AL10: 925.71429 | AM10: =RANK(AL10, AL$7:AL$36) -> 5 | AO10: 3 | AP10: 2953.3333 | AQ10: 984.44444 | AR10: =RANK(AQ10, AQ$7:AQ$36) -> 2 | AT10: 3 | AU10: 2993.3333 | AV10: 997.77778 | AW10: =RANK(AV10, AV$7:AV$36) -> 1 | AZ10: =RANK(AX10, $K$7:AX$36) -> #N/A | BB10: =RANK(BA10, BA$7:BA$36) -> #N/A
C11: 5 | D11: 贅沢鮭魚肚飯糰 | E11: 3 | F11: 3600 | G11: 1200 | I11: =AVERAGE(P11,U11,Z11,AE11,AJ11,AO11,AT11) -> 4 | J11: =AVERAGE(Q11,V11,AA11,AF11,AK11,AP11,AU11) -> 3129.9151 | K11: =AVERAGE(R11,W11,AB11,AG11,AL11,AQ11,AV11) -> 782.47877 | M11: =RANK(K11, $K$7:K$36) -> 10 | P11: 4 | Q11: 3113.1429 | R11: 778.28571 | S11: =RANK(R11, R$7:R$36) -> 13 | U11: 4 | V11: 3075.4286 | W11: 768.85714 | X11: =RANK(W11, W$7:W$36) -> 13 | Z11: 4 | AA11: 3174.375 | AB11: 793.59375 | AC11: =RANK(AB11, AB$7:AB$36) -> 11 | AE11: 4 | AF11: 3186.9231 | AG11: 796.73077 | AH11: =RANK(AG11, AG$7:AG$36) -> 11 | AJ11: 4 | AK11: 3187.2 | AL11: 796.8 | AM11: =RANK(AL11, AL$7:AL$36) -> 8 | AO11: 4 | AP11: 3151.7647 | AQ11: 787.94118 | AR11: =RANK(AQ11, AQ$7:AQ$36) -> 11 | AT11: 4 | AU11: 3020.5714 | AV11: 755.14286 | AW11: =RANK(AV11, AV$7:AV$36) -> 14 | AZ11: =RANK(AX11, $K$7:AX$36) -> #N/A | BB11: =RANK(BA11, BA$7:BA$36) -> #N/A
C12: 6 | D12: 熟成紅鮭飯糰 | E12: 4 | F12: 3600 | G12: 900 | I12: =AVERAGE(P12,U12,Z12,AE12,AJ12,AO12,AT12) -> 4 | J12: =AVERAGE(Q12,V12,AA12,AF12,AK12,AP12,AU12) -> 3128.25 | K12: =AVERAGE(R12,W12,AB12,AG12,AL12,AQ12,AV12) -> 782.0625 | M12: =RANK(K12, $K$7:K$36) -> 11 | P12: 4 | Q12: 3153.75 | R12: 788.4375 | S12: =RANK(R12, R$7:R$36) -> 10 | U12: 4 | V12: 3165 | W12: 791.25 | X12: =RANK(W12, W$7:W$36) -> 12 | Z12: 4 | AA12: 3224 | AB12: 806 | AC12: =RANK(AB12, AB$7:AB$36) -> 10 | AE12: 4 | AF12: 3145 | AG12: 786.25 | AH12: =RANK(AG12, AG$7:AG$36) -> 12 | AJ12: 4 | AK12: 3060 | AL12: 765 | AM12: =RANK(AL12, AL$7:AL$36) -> 12 | AO12: 4 | AP12: 3063.75 | AQ12: 765.9375 | AR12: =RANK(AQ12, AQ$7:AQ$36) -> 13 | AT12: 4 | AU12: 3086.25 | AV12: 771.5625 | AW12: =RANK(AV12, AV$7:AV$36) -> 12 | AZ12: =RANK(AX12, $K$7:AX$36) -> #N/A | BB12: =RANK(BA12, BA$7:BA$36) -> #N/A
C13: 7 | D13: 筋子銀鮭飯糰 | E13: 4 | F13: 3600 | G13: 900 | I13: =AVERAGE(P13,U13,Z13,AE13,AJ13,AO13,AT13) -> 4 | J13: =AVERAGE(Q13,V13,AA13,AF13,AK13,AP13,AU13) -> 3115.3451 | K13: =AVERAGE(R13,W13,AB13,AG13,AL13,AQ13,AV13) -> 778.83628 | M13: =RANK(K13, $K$7:K$36) -> 13 | P13: 4 | Q13: 3105 | R13: 776.25 | S13: =RANK(R13, R$7:R$36) -> 15 | U13: 4 | V13: 3198.2609 | W13: 799.56522 | X13: =RANK(W13, W$7:W$36) -> 9 | Z13: 4 | AA13: 3141.8182 | AB13: 785.45455 | AC13: =RANK(AB13, AB$7:AB$36) -> 12 | AE13: 4 | AF13: 3066.3158 | AG13: 766.57895 | AH13: =RANK(AG13, AG$7:AG$36) -> 14 | AJ13: 4 | AK13: 3073.3333 | AL13: 768.33333 | AM13: =RANK(AL13, AL$7:AL$36) -> 11 | AO13: 4 | AP13: 3140.8696 | AQ13: 785.21739 | AR13: =RANK(AQ13, AQ$7:AQ$36) -> 12 | AT13: 4 | AU13: 3081.8182 | AV13: 770.45455 | AW13: =RANK(AV13, AV$7:AV$36) -> 13 | AZ13: =RANK(AX13, $K$7:AX$36) -> #N/A | BB13: =RANK(BA13, BA$7:BA$36) -> #N/A
C14: 8 | D14: 博多明太子奶油飯糰 | E14: 4 | F14: 3600 | G14: 900 | I14: =AVERAGE(P14,U14,Z14,AE14,AJ14,AO14,AT14) -> 4 | J14: =AVERAGE(Q14,V14,AA14,AF14,AK14,AP14,AU14) -> 3126.9713 | K14: =AVERAGE(R14,W14,AB14,AG14,AL14,AQ14,AV14) -> 781.74283 | M14: =RANK(K14, $K$7:K$36) -> 12 | P14: 4 | Q14: 3108 | R14: 777 | S14: =RANK(R14, R$7:R$36) -> 14 | U14: 4 | V14: 3036 | W14: 759 | X14: =RANK(W14, W$7:W$36) -> 15 | Z14: 4 | AA14: 3460 | AB14: 865 | AC14: =RANK(AB14, AB$7:AB$36) -> 7 | AE14: 4 | AF14: 3130.9091 | AG14: 782.72727 | AH14: =RANK(AG14, AG$7:AG$36) -> 13 | AJ14: 4 | AK14: 3024 | AL14: 756 | AM14: =RANK(AL14, AL$7:AL$36) -> 13 | AO14: 4 | AP14: 2991.4286 | AQ14: 747.85714 | AR14: =RANK(AQ14, AQ$7:AQ$36) -> 15 | AT14: 4 | AU14: 3138.4615 | AV14: 784.61538 | AW14: =RANK(AV14, AV$7:AV$36) -> 10 | AZ14: =RANK(AX14, $K$7:AX$36) -> #N/A | BB14: =RANK(BA14, BA$7:BA$36) -> #N/A
C15: 9 | D15: 壹號醬炙烤牛飯糰 | E15: 4 | F15: 3300 | G15: 825 | I15: =AVERAGE(P15,U15,Z15,AE15,AJ15,AO15,AT15) -> 4 | J15: =AVERAGE(Q15,V15,AA15,AF15,AK15,AP15,AU15) -> 2696.2449 | K15: =AVERAGE(R15,W15,AB15,AG15,AL15,AQ15,AV15) -> 674.06122 | M15: =RANK(K15, $K$7:K$36) -> 22 | P15: 4 | Q15: 2696 | R15: 674 | S15: =RANK(R15, R$7:R$36) -> 20 | U15: 4 | V15: 2688 | W15: 672 | X15: =RANK(W15, W$7:W$36) -> 22 | Z15: 4 | AA15: 2802.8571 | AB15: 700.71429 | AC15: =RANK(AB15, AB$7:AB$36) -> 16 | AE15: 4 | AF15: 2742 | AG15: 685.5 | AH15: =RANK(AG15, AG$7:AG$36) -> 20 | AJ15: 4 | AK15: 2532 | AL15: 633 | AM15: =RANK(AL15, AL$7:AL$36) -> 19 | AO15: 4 | AP15: 2734.2857 | AQ15: 683.57143 | AR15: =RANK(AQ15, AQ$7:AQ$36) -> 21 | AT15: 4 | AU15: 2678.5714 | AV15: 669.64286 | AW15: =RANK(AV15, AV$7:AV$36) -> 21 | AZ15: =RANK(AX15, $K$7:AX$36) -> #N/A | BB15: =RANK(BA15, BA$7:BA$36) -> #N/A
C16: 10 | D16: 明太子龍蝦風味沙拉飯糰 | E16: 3 | F16: 3300 | G16: 1100 | I16: =AVERAGE(P16,U16,Z16,AE16,AJ16,AO16,AT16) -> 3 | J16: =AVERAGE(Q16,V16,AA16,AF16,AK16,AP16,AU16) -> 2774.5593 | K16: =AVERAGE(R16,W16,AB16,AG16,AL16,AQ16,AV16) -> 924.8531 | M16: =RANK(K16, $K$7:K$36) -> 5 | P16: 3 | Q16: 2765.1429 | R16: 921.71429 | S16: =RANK(R16, R$7:R$36) -> 5 | U16: 3 | V16: 2789.1429 | W16: 929.71429 | X16: =RANK(W16, W$7:W$36) -> 3 | Z16: 3 | AA16: 2721.1765 | AB16: 907.05882 | AC16: =RANK(AB16, AB$7:AB$36) -> 6 | AE16: 3 | AF16: 2805 | AG16: 935 | AH16: =RANK(AG16, AG$7:AG$36) -> 4 | AJ16: 3 | AK16: 2784.4444 | AL16: 928.14815 | AM16: =RANK(AL16, AL$7:AL$36) -> 4 | AO16: 3 | AP16: 2761.7143 | AQ16: 920.57143 | AR16: =RANK(AQ16, AQ$7:AQ$36) -> 4 | AT16: 3 | AU16: 2795.2941 | AV16: 931.76471 | AW16: =RANK(AV16, AV$7:AV$36) -> 3 | AZ16: =RANK(AX16, $K$7:AX$36) -> #N/A | BB16: =RANK(BA16, BA$7:BA$36) -> #N/A
C17: 11 | D17: 鹽蔥燒肉飯糰 | E17: 3 | F17: 3300 | G17: 1100 | I17: =AVERAGE(P17,U17,Z17,AE17,AJ17,AO17,AT17) -> 3 | J17: =AVERAGE(Q17,V17,AA17,AF17,AK17,AP17,AU17) -> 2780.7838 | K17: =AVERAGE(R17,W17,AB17,AG17,AL17,AQ17,AV17) -> 926.92794 | M17: =RANK(K17, $K$7:K$36) -> 4 | P17: 3 | Q17: 2776.0976 | R17: 925.36585 | S17: =RANK(R17, R$7:R$36) -> 4 | U17: 3 | V17: 2762.8571 | W17: 920.95238 | X17: =RANK(W17, W$7:W$36) -> 7 | Z17: 3 | AA17: 2775.3846 | AB17: 925.12821 | AC17: =RANK(AB17, AB$7:AB$36) -> 4 | AE17: 3 | AF17: 2872.2581 | AG17: 957.41935 | AH17: =RANK(AG17, AG$7:AG$36) -> 2 | AJ17: 3 | AK17: 2787.0968 | AL17: 929.03226 | AM17: =RANK(AL17, AL$7:AL$36) -> 3 | AO17: 3 | AP17: 2748.2927 | AQ17: 916.09756 | AR17: =RANK(AQ17, AQ$7:AQ$36) -> 5 | AT17: 3 | AU17: 2743.5 | AV17: 914.5 | AW17: =RANK(AV17, AV$7:AV$36) -> 5 | AZ17: =RANK(AX17, $K$7:AX$36) -> #N/A | BB17: =RANK(BA17, BA$7:BA$36) -> #N/A
C18: 12 | D18: 胡麻鮮蔬雞絲飯糰(區) | E18: 4 | F18: 2500 | G18: 625 | I18: =AVERAGE(P18,U18,Z18,AE18,AJ18,AO18,AT18) -> 4 | J18: =AVERAGE(Q18,V18,AA18,AF18,AK18,AP18,AU18) -> 2762.885 | K18: =AVERAGE(R18,W18,AB18,AG18,AL18,AQ18,AV18) -> 690.72124 | M18: =RANK(K18, $K$7:K$36) -> 20 | P18: 4 | Q18: 2680.9091 | R18: 670.22727 | S18: =RANK(R18, R$7:R$36) -> 21 | U18: 4 | V18: 2780 | W18: 695 | X18: =RANK(W18, W$7:W$36) -> 20 | Z18: 4 | AA18: 2694.2857 | AB18: 673.57143 | AC18: =RANK(AB18, AB$7:AB$36) -> 20 | AE18: 4 | AF18: 2896 | AG18: 724 | AH18: =RANK(AG18, AG$7:AG$36) -> 15 | AJ18: 4 | AK18: 2724 | AL18: 681 | AM18: =RANK(AL18, AL$7:AL$36) -> 18 | AO18: 4 | AP18: 2850 | AQ18: 712.5 | AR18: =RANK(AQ18, AQ$7:AQ$36) -> 17 | AT18: 4 | AU18: 2715 | AV18: 678.75 | AW18: =RANK(AV18, AV$7:AV$36) -> 19 | AZ18: =RANK(AX18, $K$7:AX$36) -> #N/A | BB18: =RANK(BA18, BA$7:BA$36) -> #N/A
C19: 13 | D19: 雞肉飯飯糰 | E19: 4 | F19: 3300 | G19: 825 | I19: =AVERAGE(P19,U19,Z19,AE19,AJ19,AO19,AT19) -> 4 | J19: =AVERAGE(Q19,V19,AA19,AF19,AK19,AP19,AU19) -> 2783.2323 | K19: =AVERAGE(R19,W19,AB19,AG19,AL19,AQ19,AV19) -> 695.80808 | M19: =RANK(K19, $K$7:K$36) -> 18 | P19: 4 | Q19: 2773.3333 | R19: 693.33333 | S19: =RANK(R19, R$7:R$36) -> 18 | U19: 4 | V19: 2790.9677 | W19: 697.74194 | X19: =RANK(W19, W$7:W$36) -> 17 | Z19: 4 | AA19: 2713 | AB19: 678.25 | AC19: =RANK(AB19, AB$7:AB$36) -> 19 | AE19: 4 | AF19: 2846.8085 | AG19: 711.70213 | AH19: =RANK(AG19, AG$7:AG$36) -> 17 | AJ19: 4 | AK19: 2773.0435 | AL19: 693.26087 | AM19: =RANK(AL19, AL$7:AL$36) -> 17 | AO19: 4 | AP19: 2786.129 | AQ19: 696.53226 | AR19: =RANK(AQ19, AQ$7:AQ$36) -> 18 | AT19: 4 | AU19: 2799.3443 | AV19: 699.83607 | AW19: =RANK(AV19, AV$7:AV$36) -> 17 | AZ19: =RANK(AX19, $K$7:AX$36) -> #N/A | BB19: =RANK(BA19, BA$7:BA$36) -> #N/A
... C23: 17 | D23: 二配芝麻香鬆飯糰 | E23: 4 | F23: 3600 | G23: 900 | I23: =AVERAGE(P23,U23,Z23,AE23,AJ23,AO23,AT23) -> 4 | J23: =AVERAGE(Q23,V23,AA23,AF23,AK23,AP23,AU23) -> 2874.9649 | K23: =AVERAGE(R23,W23,AB23,AG23,AL23,AQ23,AV23) -> 718.74122 | M23: =RANK(K23, $K$7:K$36) -> 16 | P23: 4 | Q23: 2774.4 | R23: 693.6 | S23: =RANK(R23, R$7:R$36) -> 17 | U23: 4 | V23: 2994.7826 | W23: 748.69565 | X23: =RANK(W23, W$7:W$36) -> 16 | Z23: 4 | AA23: 2671.2 | AB23: 667.8 | AC23: =RANK(AB23, AB$7:AB$36) -> 21 | AE23: 4 | AF23: 2856 | AG23: 714 | AH23: =RANK(AG23, AG$7:AG$36) -> 16 | AJ23: 4 | AK23: 2512.8 | AL23: 628.2 | AM23: =RANK(AL23, AL$7:AL$36) -> 20 | AO23: 4 | AP23: 3168.5714 | AQ23: 792.14286 | AR23: =RANK(AQ23, AQ$7:AQ$36) -> 9 | AT23: 4 | AU23: 3147 | AV23: 786.75 | AW23: =RANK(AV23, AV$7:AV$36) -> 9 | AZ23: =RANK(AX23, $K$7:AX$36) -> #N/A | BB23: =RANK(BA23, BA$7:BA$36) -> #N/A
C24: 18 | D24: 二配大飯糰春川風味辣炒雞 | E24: 4 | F24: 3000 | G24: 750 | I24: =AVERAGE(P24,U24,Z24,AE24,AJ24,AO24,AT24) -> 3 | J24: =AVERAGE(Q24,V24,AA24,AF24,AK24,AP24,AU24) -> 2240.25 | K24: =AVERAGE(R24,W24,AB24,AG24,AL24,AQ24,AV24) -> 746.75 | M24: =RANK(K24, $K$7:K$36) -> 14 | P24: 3 | Q24: 2361 | R24: 787 | S24: =RANK(R24, R$7:R$36) -> 11 | U24: 3 | V24: 2385 | W24: 795 | X24: =RANK(W24, W$7:W$36) -> 11 | Z24: 3 | AA24: 2157 | AB24: 719 | AC24: =RANK(AB24, AB$7:AB$36) -> 15 | AE24: 3 | AF24: 2058 | AG24: 686 | AH24: =RANK(AG24, AG$7:AG$36) -> 19 | AM24: =RANK(AL24, AL$7:AL$36) -> #N/A | AR24: =RANK(AQ24, AQ$7:AQ$36) -> #N/A | AW24: =RANK(AV24, AV$7:AV$36) -> #N/A | AZ24: =RANK(AX24, $K$7:AX$36) -> #N/A | BB24: =RANK(BA24, BA$7:BA$36) -> #N/A
C25: 19 | D25: 二配油蔥G絲飯糰 | E25: 4 | F25: 3600 | G25: 900 | I25: =AVERAGE(P25,U25,Z25,AE25,AJ25,AO25,AT25) -> 4 | J25: =AVERAGE(Q25,V25,AA25,AF25,AK25,AP25,AU25) -> 2714.7143 | K25: =AVERAGE(R25,W25,AB25,AG25,AL25,AQ25,AV25) -> 678.67857 | M25: =RANK(K25, $K$7:K$36) -> 21 | P25: 4 | Q25: 2421 | R25: 605.25 | S25: =RANK(R25, R$7:R$36) -> 23 | U25: 4 | V25: 3200 | W25: 800 | X25: =RANK(W25, W$7:W$36) -> 8 | Z25: 4 | AA25: 2262 | AB25: 565.5 | AC25: =RANK(AB25, AB$7:AB$36) -> 22 | AE25: 4 | AF25: 2564 | AG25: 641 | AH25: =RANK(AG25, AG$7:AG$36) -> 21 | AJ25: 4 | AK25: 2788 | AL25: 697 | AM25: =RANK(AL25, AL$7:AL$36) -> 16 | AO25: 4 | AP25: 2920 | AQ25: 730 | AR25: =RANK(AQ25, AQ$7:AQ$36) -> 16 | AT25: 4 | AU25: 2848 | AV25: 712 | AW25: =RANK(AV25, AV$7:AV$36) -> 15 | AZ25: =RANK(AX25, $K$7:AX$36) -> #N/A | BB25: =RANK(BA25, BA$7:BA$36) -> #N/A
C26: 20 | D26: 照燒鰤魚大根飯糰 | E26: 4 | F26: 3000 | G26: 750 | I26: =AVERAGE(P26,U26,Z26,AE26,AJ26,AO26,AT26) -> 4 | J26: =AVERAGE(Q26,V26,AA26,AF26,AK26,AP26,AU26) -> 2915 | K26: =AVERAGE(R26,W26,AB26,AG26,AL26,AQ26,AV26) -> 728.75 | M26: =RANK(K26, $K$7:K$36) -> 15 | P26: 4 | Q26: 3840 | R26: 960 | S26: =RANK(R26, R$7:R$36) -> 2 | U26: 4 | V26: 2775 | W26: 693.75 | X26: =RANK(W26, W$7:W$36) -> 21 | Z26: 4 | AA26: 3080 | AB26: 770 | AC26: =RANK(AB26, AB$7:AB$36) -> 14 | AE26: 4 | AF26: 2180 | AG26: 545 | AH26: =RANK(AG26, AG$7:AG$36) -> 22 | AJ26: 4 | AK26: 2490 | AL26: 622.5 | AM26: =RANK(AL26, AL$7:AL$36) -> 21 | AO26: 4 | AP26: 3200 | AQ26: 800 | AR26: =RANK(AQ26, AQ$7:AQ$36) -> 8 | AT26: 4 | AU26: 2840 | AV26: 710 | AW26: =RANK(AV26, AV$7:AV$36) -> 16 | AZ26: =RANK(AX26, $K$7:AX$36) -> #N/A | BB26: =RANK(BA26, BA$7:BA$36) -> #N/A
C27: 21 | D27: 照燒雞肉飯糰 | E27: 4 | F27: 3300 | G27: 825 | I27: =AVERAGE(P27,U27,Z27,AE27,AJ27,AO27,AT27) -> 3 | J27: =AVERAGE(Q27,V27,AA27,AF27,AK27,AP27,AU27) -> 2741.7628 | K27: =AVERAGE(R27,W27,AB27,AG27,AL27,AQ27,AV27) -> 913.92094 | M27: =RANK(K27, $K$7:K$36) -> 7 | P27: 3 | Q27: 2753.0233 | R27: 917.67442 | S27: =RANK(R27, R$7:R$36) -> 7 | U27: 3 | V27: 2775.7143 | W27: 925.2381 | X27: =RANK(W27, W$7:W$36) -> 4 | Z27: 3 | AA27: 2751 | AB27: 917 | AC27: =RANK(AB27, AB$7:AB$36) -> 5 | AE27: 3 | AF27: 2792.7273 | AG27: 930.90909 | AH27: =RANK(AG27, AG$7:AG$36) -> 6 | AJ27: 3 | AK27: 2731.875 | AL27: 910.625 | AM27: =RANK(AL27, AL$7:AL$36) -> 7 | AO27: 3 | AP27: 2724 | AQ27: 908 | AR27: =RANK(AQ27, AQ$7:AQ$36) -> 7 | AT27: 3 | AU27: 2664 | AV27: 888 | AW27: =RANK(AV27, AV$7:AV$36) -> 7 | AZ27: =RANK(AX27, $K$7:AX$36) -> #N/A | BB27: =RANK(BA27, BA$7:BA$36) -> #N/A
C28: 22 | D28: 二配三杯醬爆菇菇飯糰 | E28: 3 | F28: 2800 | G28: 933.33333 | I28: =AVERAGE(P28,U28,Z28,AE28,AJ28,AO28,AT28) -> 3 | J28: =AVERAGE(Q28,V28,AA28,AF28,AK28,AP28,AU28) -> 2751.6416 | K28: =AVERAGE(R28,W28,AB28,AG28,AL28,AQ28,AV28) -> 917.21385 | M28: =RANK(K28, $K$7:K$36) -> 6 | P28: 3 | Q28: 2602 | R28: 867.33333 | S28: =RANK(R28, R$7:R$36) -> 8 | U28: 3 | V28: 2816.7273 | W28: 938.90909 | X28: =RANK(W28, W$7:W$36) -> 2 | Z28: 3 | AA28: 2448 | AB28: 816 | AC28: =RANK(AB28, AB$7:AB$36) -> 9 | AE28: 3 | AF28: 2644.3636 | AG28: 881.45455 | AH28: =RANK(AG28, AG$7:AG$36) -> 7 | AJ28: 3 | AK28: 2869.2 | AL28: 956.4 | AM28: =RANK(AL28, AL$7:AL$36) -> 1 | AO28: 3 | AP28: 2966.4 | AQ28: 988.8 | AR28: =RANK(AQ28, AQ$7:AQ$36) -> 1 | AT28: 3 | AU28: 2914.8 | AV28: 971.6 | AW28: =RANK(AV28, AV$7:AV$36) -> 2 | AZ28: =RANK(AX28, $K$7:AX$36) -> #N/A | BB28: =RANK(BA28, BA$7:BA$36) -> #N/A
C29: 23 | D29: 二配大飯糰鮪魚昆布 | E29: 4 | F29: 3000 | G29: 750 | I29: =AVERAGE(P29,U29,Z29,AE29,AJ29,AO29,AT29) -> 4 | J29: =AVERAGE(Q29,V29,AA29,AF29,AK29,AP29,AU29) -> 2335.1297 | K29: =AVERAGE(R29,W29,AB29,AG29,AL29,AQ29,AV29) -> 583.78243 | M29: =RANK(K29, $K$7:K$36) -> 23 | P29: 4 | Q29: 2467.3333 | R29: 616.83333 | S29: =RANK(R29, R$7:R$36) -> 22 | U29: 4 | V29: 2230.8 | W29: 557.7 | X29: =RANK(W29, W$7:W$36) -> 23 | Z29: 4 | AA29: 2198.1176 | AB29: 549.52941 | AC29: =RANK(AB29, AB$7:AB$36) -> 23 | AE29: 4 | AF29: 2100.8571 | AG29: 525.21429 | AH29: =RANK(AG29, AG$7:AG$36) -> 23 | AJ29: 4 | AK29: 2472 | AL29: 618 | AM29: =RANK(AL29, AL$7:AL$36) -> 22 | AO29: 4 | AP29: 2396.4 | AQ29: 599.1 | AR29: =RANK(AQ29, AQ$7:AQ$36) -> 22 | AT29: 4 | AU29: 2480.4 | AV29: 620.1 | AW29: =RANK(AV29, AV$7:AV$36) -> 22 | AZ29: =RANK(AX29, $K$7:AX$36) -> #N/A | BB29: =RANK(BA29, BA$7:BA$36) -> #N/A
C30: 24 | D30: 兩粒飯糰(鮪魚.焦糖鮭魚) | E30: 12 | F30: 1500 | G30: 125 | I30: =AVERAGE(P30,U30,Z30,AE30,AJ30,AO30,AT30) -> 12 | J30: =AVERAGE(Q30,V30,AA30,AF30,AK30,AP30,AU30) -> 1488.8016 | K30: =AVERAGE(R30,W30,AB30,AG30,AL30,AQ30,AV30) -> 124.0668 | M30: =RANK(K30, $K$7:K$36) -> 24 | P30: 12 | Q30: 1503.4177 | R30: 125.28481 | S30: =RANK(R30, R$7:R$36) -> 24 | U30: 12 | V30: 1466.8421 | W30: 122.23684 | X30: =RANK(W30, W$7:W$36) -> 24 | Z30: 12 | AA30: 1490.5556 | AB30: 124.21296 | AC30: =RANK(AB30, AB$7:AB$36) -> 24 | AE30: 12 | AF30: 1501.3139 | AG30: 125.10949 | AH30: =RANK(AG30, AG$7:AG$36) -> 24 | AJ30: 12 | AK30: 1486.9767 | AL30: 123.91473 | AM30: =RANK(AL30, AL$7:AL$36) -> 23 | AO30: 12 | AP30: 1483.7037 | AQ30: 123.64198 | AR30: =RANK(AQ30, AQ$7:AQ$36) -> 23 | AW30: =RANK(AV30, AV$7:AV$36) -> #N/A | AZ30: =RANK(AX30, $K$7:AX$36) -> #N/A | BB30: =RANK(BA30, BA$7:BA$36) -> #N/A
C31: 25 | M31: =RANK(K31, $K$7:K$36) -> #N/A | S31: =RANK(R31, R$7:R$36) -> #N/A | X31: =RANK(W31, W$7:W$36) -> #N/A | AC31: =RANK(AB31, AB$7:AB$36) -> #N/A | AH31: =RANK(AG31, AG$7:AG$36) -> #N/A | AM31: =RANK(AL31, AL$7:AL$36) -> #N/A | AR31: =RANK(AQ31, AQ$7:AQ$36) -> #N/A | AW31: =RANK(AV31, AV$7:AV$36) -> #N/A | AZ31: =RANK(AX31, $K$7:AX$36) -> #N/A | BB31: =RANK(BA31, BA$7:BA$36) -> #N/A
C32: 26 | M32: =RANK(K32, $K$7:K$36) -> #N/A | S32: =RANK(R32, R$7:R$36) -> #N/A | X32: =RANK(W32, W$7:W$36) -> #N/A | AC32: =RANK(AB32, AB$7:AB$36) -> #N/A | AH32: =RANK(AG32, AG$7:AG$36) -> #N/A | AM32: =RANK(AL32, AL$7:AL$36) -> #N/A | AR32: =RANK(AQ32, AQ$7:AQ$36) -> #N/A | AW32: =RANK(AV32, AV$7:AV$36) -> #N/A | AZ32: =RANK(AX32, $K$7:AX$36) -> #N/A | BB32: =RANK(BA32, BA$7:BA$36) -> #N/A
C33: 27 | M33: =RANK(K33, $K$7:K$36) -> #N/A | S33: =RANK(R33, R$7:R$36) -> #N/A | X33: =RANK(W33, W$7:W$36) -> #N/A | AC33: =RANK(AB33, AB$7:AB$36) -> #N/A | AH33: =RANK(AG33, AG$7:AG$36) -> #N/A | AM33: =RANK(AL33, AL$7:AL$36) -> #N/A | AR33: =RANK(AQ33, AQ$7:AQ$36) -> #N/A | AW33: =RANK(AV33, AV$7:AV$36) -> #N/A | AZ33: =RANK(AX33, $K$7:AX$36) -> #N/A | BB33: =RANK(BA33, BA$7:BA$36) -> #N/A
C34: 28 | M34: =RANK(K34, $K$7:K$36) -> #N/A | S34: =RANK(R34, R$7:R$36) -> #N/A | X34: =RANK(W34, W$7:W$36) -> #N/A | AC34: =RANK(AB34, AB$7:AB$36) -> #N/A | AH34: =RANK(AG34, AG$7:AG$36) -> #N/A | AM34: =RANK(AL34, AL$7:AL$36) -> #N/A | AR34: =RANK(AQ34, AQ$7:AQ$36) -> #N/A | AW34: =RANK(AV34, AV$7:AV$36) -> #N/A | AZ34: =RANK(AX34, $K$7:AX$36) -> #N/A | BB34: =RANK(BA34, BA$7:BA$36) -> #N/A
C35: 29 | M35: =RANK(K35, $K$7:K$36) -> #N/A | S35: =RANK(R35, R$7:R$36) -> #N/A | X35: =RANK(W35, W$7:W$36) -> #N/A | AC35: =RANK(AB35, AB$7:AB$36) -> #N/A | AH35: =RANK(AG35, AG$7:AG$36) -> #N/A | AM35: =RANK(AL35, AL$7:AL$36) -> #N/A | AR35: =RANK(AQ35, AQ$7:AQ$36) -> #N/A | AW35: =RANK(AV35, AV$7:AV$36) -> #N/A | AZ35: =RANK(AX35, $K$7:AX$36) -> #N/A | BB35: =RANK(BA35, BA$7:BA$36) -> #N/A
C36: 30 | M36: =RANK(K36, $K$7:K$36) -> #N/A | S36: =RANK(R36, R$7:R$36) -> #N/A | X36: =RANK(W36, W$7:W$36) -> #N/A | AC36: =RANK(AB36, AB$7:AB$36) -> #N/A | AH36: =RANK(AG36, AG$7:AG$36) -> #N/A | AM36: =RANK(AL36, AL$7:AL$36) -> #N/A | AR36: =RANK(AQ36, AQ$7:AQ$36) -> #N/A | AW36: =RANK(AV36, AV$7:AV$36) -> #N/A | AZ36: =RANK(AX36, $K$7:AX$36) -> #N/A | BB36: =RANK(BA36, BA$7:BA$36) -> #N/A
B37: 產線配置圖－每週更新 | N37: 資料繳交 | O37: 日期 | P37: =AT2+1 -> 45965 | U37: =P37+1 -> 45966 | Z37: =U37+1 -> 45967 | AE37: =Z37+1 -> 45968 | AJ37: =AE37+1 -> 45969 | AO37: =AJ37+1 -> 45970 | AT37: =AO37+1 -> 45971
P38: 二 | U38: 三 | Z38: 四 | AE38: 五 | AJ38: 六 | AO38: 日 | AT38: 一
B39: 品群 | C39: 商品名稱 | E39: 計畫 | H39: 平均人時性 | I39: 實績 | L39: 平均人時性 | M39: 排名 | O39: 日報 | P39: 實際 | T39: 平均人時性 | U39: 實際 | Y39: 平均人時性 | Z39: 實際 | AD39: 平均人時性 | AE39: 實際 | AI39: 平均人時性 | AJ39: 實際 | AN39: 平均人時性 | AO39: 實際 | AS39: 平均人時性 | AT39: 實際 | AX39: 平均人時性
E40: 產線配置圖 | I40: 產線配置圖 | P40: 生產實績 | U40: 生產實績 | Z40: 生產實績 | AE40: 生產實績 | AJ40: 生產實績 | AO40: 生產實績 | AT40: 生產實績
E41: 人數 | F41: 產能／時 | G41: 人時性 | I41: 人數 | J41: 產能／時 | K41: 人時性 | P41: 人數 | Q41: 產能／時 | R41: 人時性 | S41: 排名 | U41: 人數 | V41: 產能／時 | W41: 人時性 | X41: 排名 | Z41: 人數 | AA41: 產能／時 | AB41: 人時性 | AC41: 排名 | AE41: 人數 | AF41: 產能／時 | AG41: 人時性 | AH41: 排名 | AJ41: 人數 | AK41: 產能／時 | AL41: 人時性 | AM41: 排名 | AO41: 人數 | AP41: 產能／時 | AQ41: 人時性 | AR41: 排名 | AT41: 人數 | AU41: 產能／時 | AV41: 人時性 | AW41: 排名
B42: 18℃-飯糰 | C42: 1 | D42: 經典肉鬆飯糰 | E42: 4 | F42: 2200 | G42: 550 | H42: =AVERAGE(G42:G71) -> 846.9697 | I42: =AVERAGE(P42,U42,Z42,AE42,AJ42,AO42,AT42) -> 4 | J42: =AVERAGE(Q42,V42,AA42,AF42,AK42,AP42,AU42) -> 3238.1319 | K42: =AVERAGE(R42,W42,AB42,AG42,AL42,AQ42,AV42) -> 809.53297 | L42: =IFERROR(AVERAGE(K42:K71),"-") -> 748.13358 | M42: =RANK(K42, K$42:$K$71) -> 7 | P42: 4 | Q42: 3175.3846 | R42: 793.84615 | S42: =RANK(R42, R$42:R$71) -> 8 | T42: =AVERAGE(R42:R71) -> 752.82351 | U42: 4 | V42: 3305.8065 | W42: 826.45161 | X42: =RANK(W42, W$42:W$71) -> 9 | Y42: =AVERAGE(W42:W71) -> 769.57327 | Z42: 4 | AA42: 3189 | AB42: 797.25 | AC42: =RANK(AB42, AB$42:AB$71) -> 6 | AD42: =AVERAGE(AB42:AB71) -> 688.28395 | AE42: 4 | AF42: 3220.8 | AG42: 805.2 | AH42: =RANK(AG42, AG$42:AG$71) -> 8 | AI42: =AVERAGE(AG42:AG71) -> 758.37359 | AJ42: 4 | AK42: 3194.6939 | AL42: 798.67347 | AM42: =RANK(AL42, AL$42:AL$71) -> 8 | AN42: =AVERAGE(AL42:AL71) -> 743.37713 | AO42: 4 | AP42: 3275.2381 | AQ42: 818.80952 | AR42: =RANK(AQ42, AQ$42:AQ$71) -> 8 | AS42: =AVERAGE(AQ42:AQ71) -> 770.76415 | AT42: 4 | AU42: 3306 | AV42: 826.5 | AW42: =RANK(AV42, AV$42:AV$71) -> 7 | AX42: =AVERAGE(AV42:AV71) -> 753.73948
C43: 2 | D43: 蔬食鮪魚飯糰 | E43: 3 | F43: 2700 | G43: 900 | I43: =AVERAGE(P43,U43,Z43,AE43,AJ43,AO43,AT43) -> 3 | J43: =AVERAGE(Q43,V43,AA43,AF43,AK43,AP43,AU43) -> 2831.2473 | K43: =AVERAGE(R43,W43,AB43,AG43,AL43,AQ43,AV43) -> 943.74911 | M43: =RANK(K43, K$42:$K$71) -> 2 | P43: 3 | Q43: 2749.5652 | R43: 916.52174 | S43: =RANK(R43, R$42:R$71) -> 4 | U43: 3 | V43: 2874.5455 | W43: 958.18182 | X43: =RANK(W43, W$42:W$71) -> 2 | Z43: 3 | AA43: 2700 | AB43: 900 | AC43: =RANK(AB43, AB$42:AB$71) -> 5 | AE43: 3 | AF43: 2870.5263 | AG43: 956.84211 | AH43: =RANK(AG43, AG$42:AG$71) -> 3 | AJ43: 3 | AK43: 2785.2632 | AL43: 928.42105 | AM43: =RANK(AL43, AL$42:AL$71) -> 3 | AO43: 3 | AP43: 2904.5455 | AQ43: 968.18182 | AR43: =RANK(AQ43, AQ$42:AQ$71) -> 3 | AT43: 3 | AU43: 2934.2857 | AV43: 978.09524 | AW43: =RANK(AV43, AV$42:AV$71) -> 2
C44: 3 | D44: 北海道秋鮭親子飯糰 | E44: 4 | F44: 3600 | G44: 900 | I44: =AVERAGE(P44,U44,Z44,AE44,AJ44,AO44,AT44) -> 4 | J44: =AVERAGE(Q44,V44,AA44,AF44,AK44,AP44,AU44) -> 3154.916 | K44: =AVERAGE(R44,W44,AB44,AG44,AL44,AQ44,AV44) -> 788.72899 | M44: =RANK(K44, K$42:$K$71) -> 10 | P44: 4 | Q44: 3153 | R44: 788.25 | S44: =RANK(R44, R$42:R$71) -> 9 | U44: 4 | V44: 3195 | W44: 798.75 | X44: =RANK(W44, W$42:W$71) -> 10 | Z44: 4 | AA44: 3099 | AB44: 774.75 | AC44: =RANK(AB44, AB$42:AB$71) -> 9 | AE44: 4 | AF44: 3315 | AG44: 828.75 | AH44: =RANK(AG44, AG$42:AG$71) -> 7 | AJ44: 4 | AK44: 3049.4118 | AL44: 762.35294 | AM44: =RANK(AL44, AL$42:AL$71) -> 11 | AO44: 4 | AP44: 3198 | AQ44: 799.5 | AR44: =RANK(AQ44, AQ$42:AQ$71) -> 10 | AT44: 4 | AU44: 3075 | AV44: 768.75 | AW44: =RANK(AV44, AV$42:AV$71) -> 12
C45: 4 | D45: 鮪魚飯糰 | E45: 3 | F45: 3600 | G45: 1200 | I45: =AVERAGE(P45,U45,Z45,AE45,AJ45,AO45,AT45) -> 3 | J45: =AVERAGE(Q45,V45,AA45,AF45,AK45,AP45,AU45) -> 2875.9904 | K45: =AVERAGE(R45,W45,AB45,AG45,AL45,AQ45,AV45) -> 958.66347 | M45: =RANK(K45, K$42:$K$71) -> 1 | P45: 3 | Q45: 3420 | R45: 1140 | S45: =RANK(R45, R$42:R$71) -> 1 | U45: 3 | V45: 3405 | W45: 1135 | X45: =RANK(W45, W$42:W$71) -> 1 | Z45: 3 | AA45: 377.64706 | AB45: 125.88235 | AC45: =RANK(AB45, AB$42:AB$71) -> 21 | AE45: 3 | AF45: 2914.2857 | AG45: 971.42857 | AH45: =RANK(AG45, AG$42:AG$71) -> 1 | AJ45: 3 | AK45: 3280 | AL45: 1093.3333 | AM45: =RANK(AL45, AL$42:AL$71) -> 1 | AO45: 3 | AP45: 3435 | AQ45: 1145 | AR45: =RANK(AQ45, AQ$42:AQ$71) -> 1 | AT45: 3 | AU45: 3300 | AV45: 1100 | AW45: =RANK(AV45, AV$42:AV$71) -> 1
C46: 5 | D46: 贅沢鮭魚肚飯糰 | E46: 3 | F46: 3600 | G46: 1200 | I46: =AVERAGE(P46,U46,Z46,AE46,AJ46,AO46,AT46) -> 4 | J46: =AVERAGE(Q46,V46,AA46,AF46,AK46,AP46,AU46) -> 3031.2961 | K46: =AVERAGE(R46,W46,AB46,AG46,AL46,AQ46,AV46) -> 757.82402 | M46: =RANK(K46, K$42:$K$71) -> 12 | P46: 4 | Q46: 3094.2857 | R46: 773.57143 | S46: =RANK(R46, R$42:R$71) -> 10 | U46: 4 | V46: 3113.1429 | W46: 778.28571 | X46: =RANK(W46, W$42:W$71) -> 12 | Z46: 4 | AA46: 3021.1765 | AB46: 755.29412 | AC46: =RANK(AB46, AB$42:AB$71) -> 11 | AE46: 4 | AF46: 3160 | AG46: 790 | AH46: =RANK(AG46, AG$42:AG$71) -> 11 | AJ46: 4 | AK46: 2944.2857 | AL46: 736.07143 | AM46: =RANK(AL46, AL$42:AL$71) -> 13 | AO46: 4 | AP46: 2748 | AQ46: 687 | AR46: =RANK(AQ46, AQ$42:AQ$71) -> 18 | AT46: 4 | AU46: 3138.1818 | AV46: 784.54545 | AW46: =RANK(AV46, AV$42:AV$71) -> 10
C47: 6 | D47: 熟成紅鮭飯糰 | E47: 4 | F47: 3600 | G47: 900 | I47: =AVERAGE(P47,U47,Z47,AE47,AJ47,AO47,AT47) -> 4 | J47: =AVERAGE(Q47,V47,AA47,AF47,AK47,AP47,AU47) -> 3165.6071 | K47: =AVERAGE(R47,W47,AB47,AG47,AL47,AQ47,AV47) -> 791.40179 | M47: =RANK(K47, K$42:$K$71) -> 8 | P47: 4 | Q47: 3056.25 | R47: 764.0625 | S47: =RANK(R47, R$42:R$71) -> 12 | U47: 4 | V47: 3324 | W47: 831 | X47: =RANK(W47, W$42:W$71) -> 8 | Z47: 4 | AA47: 3076 | AB47: 769 | AC47: =RANK(AB47, AB$42:AB$71) -> 10 | AE47: 4 | AF47: 3165 | AG47: 791.25 | AH47: =RANK(AG47, AG$42:AG$71) -> 10 | AJ47: 4 | AK47: 3090 | AL47: 772.5 | AM47: =RANK(AL47, AL$42:AL$71) -> 10 | AO47: 4 | AP47: 3272 | AQ47: 818 | AR47: =RANK(AQ47, AQ$42:AQ$71) -> 9 | AT47: 4 | AU47: 3176 | AV47: 794 | AW47: =RANK(AV47, AV$42:AV$71) -> 9
C48: 7 | D48: 筋子銀鮭飯糰 | E48: 4 | F48: 3600 | G48: 900 | I48: =AVERAGE(P48,U48,Z48,AE48,AJ48,AO48,AT48) -> 4 | J48: =AVERAGE(Q48,V48,AA48,AF48,AK48,AP48,AU48) -> 3070.0557 | K48: =AVERAGE(R48,W48,AB48,AG48,AL48,AQ48,AV48) -> 767.51391 | M48: =RANK(K48, K$42:$K$71) -> 11 | P48: 4 | Q48: 3202.8571 | R48: 800.71429 | S48: =RANK(R48, R$42:R$71) -> 7 | U48: 4 | V48: 3152.7273 | W48: 788.18182 | X48: =RANK(W48, W$42:W$71) -> 11 | Z48: 4 | AA48: 3165.7143 | AB48: 791.42857 | AC48: =RANK(AB48, AB$42:AB$71) -> 8 | AE48: 4 | AF48: 3180 | AG48: 795 | AH48: =RANK(AG48, AG$42:AG$71) -> 9 | AJ48: 4 | AK48: 2585.7143 | AL48: 646.42857 | AM48: =RANK(AL48, AL$42:AL$71) -> 18 | AO48: 4 | AP48: 3109.0909 | AQ48: 777.27273 | AR48: =RANK(AQ48, AQ$42:AQ$71) -> 11 | AT48: 4 | AU48: 3094.2857 | AV48: 773.57143 | AW48: =RANK(AV48, AV$42:AV$71) -> 11
C49: 8 | D49: 博多明太子奶油飯糰 | E49: 4 | F49: 3600 | G49: 900 | I49: =AVERAGE(P49,U49,Z49,AE49,AJ49,AO49,AT49) -> 4 | J49: =AVERAGE(Q49,V49,AA49,AF49,AK49,AP49,AU49) -> 3161.2245 | K49: =AVERAGE(R49,W49,AB49,AG49,AL49,AQ49,AV49) -> 790.30612 | M49: =RANK(K49, K$42:$K$71) -> 9 | P49: 4 | Q49: 2918.5714 | R49: 729.64286 | S49: =RANK(R49, R$42:R$71) -> 13 | U49: 4 | V49: 3330 | W49: 832.5 | X49: =RANK(W49, W$42:W$71) -> 7 | Z49: 4 | AA49: 3185 | AB49: 796.25 | AC49: =RANK(AB49, AB$42:AB$71) -> 7 | AE49: 4 | AF49: 3156 | AG49: 789 | AH49: =RANK(AG49, AG$42:AG$71) -> 12 | AJ49: 4 | AK49: 2994 | AL49: 748.5 | AM49: =RANK(AL49, AL$42:AL$71) -> 12 | AO49: 4 | AP49: 3335 | AQ49: 833.75 | AR49: =RANK(AQ49, AQ$42:AQ$71) -> 7 | AT49: 4 | AU49: 3210 | AV49: 802.5 | AW49: =RANK(AV49, AV$42:AV$71) -> 8
C50: 9 | D50: 壹號醬炙烤牛飯糰 | E50: 4 | F50: 3300 | G50: 825 | I50: =AVERAGE(P50,U50,Z50,AE50,AJ50,AO50,AT50) -> 4 | J50: =AVERAGE(Q50,V50,AA50,AF50,AK50,AP50,AU50) -> 2784.9539 | K50: =AVERAGE(R50,W50,AB50,AG50,AL50,AQ50,AV50) -> 696.23848 | M50: =RANK(K50, K$42:$K$71) -> 14 | P50: 4 | Q50: 2644.2857 | R50: 661.07143 | S50: =RANK(R50, R$42:R$71) -> 19 | U50: 4 | V50: 2884.6154 | W50: 721.15385 | X50: =RANK(W50, W$42:W$71) -> 13 | Z50: 4 | AA50: 2778.4615 | AB50: 694.61538 | AC50: =RANK(AB50, AB$42:AB$71) -> 13 | AE50: 4 | AF50: 2862 | AG50: 715.5 | AH50: =RANK(AG50, AG$42:AG$71) -> 14 | AJ50: 4 | AK50: 2574.5455 | AL50: 643.63636 | AM50: =RANK(AL50, AL$42:AL$71) -> 19 | AO50: 4 | AP50: 2944.6154 | AQ50: 736.15385 | AR50: =RANK(AQ50, AQ$42:AQ$71) -> 12 | AT50: 4 | AU50: 2806.1538 | AV50: 701.53846 | AW50: =RANK(AV50, AV$42:AV$71) -> 14
C51: 10 | D51: 明太子龍蝦風味沙拉飯糰 | E51: 3 | F51: 3300 | G51: 1100 | I51: =AVERAGE(P51,U51,Z51,AE51,AJ51,AO51,AT51) -> 3 | J51: =AVERAGE(Q51,V51,AA51,AF51,AK51,AP51,AU51) -> 2755.3266 | K51: =AVERAGE(R51,W51,AB51,AG51,AL51,AQ51,AV51) -> 918.44219 | M51: =RANK(K51, K$42:$K$71) -> 6 | P51: 3 | Q51: 2710.2857 | R51: 903.42857 | S51: =RANK(R51, R$42:R$71) -> 5 | U51: 3 | V51: 2748 | W51: 916 | X51: =RANK(W51, W$42:W$71) -> 5 | Z51: 3 | AA51: 2745.4545 | AB51: 915.15152 | AC51: =RANK(AB51, AB$42:AB$71) -> 2 | AE51: 3 | AF51: 2826.2069 | AG51: 942.06897 | AH51: =RANK(AG51, AG$42:AG$71) -> 4 | AJ51: 3 | AK51: 2792.1429 | AL51: 930.71429 | AM51: =RANK(AL51, AL$42:AL$71) -> 2 | AO51: 3 | AP51: 2731.6667 | AQ51: 910.55556 | AR51: =RANK(AQ51, AQ$42:AQ$71) -> 6 | AT51: 3 | AU51: 2733.5294 | AV51: 911.17647 | AW51: =RANK(AV51, AV$42:AV$71) -> 6
C52: 11 | D52: 鹽蔥燒肉飯糰 | E52: 3 | F52: 3300 | G52: 1100 | I52: =AVERAGE(P52,U52,Z52,AE52,AJ52,AO52,AT52) -> 3 | J52: =AVERAGE(Q52,V52,AA52,AF52,AK52,AP52,AU52) -> 2792.443 | K52: =AVERAGE(R52,W52,AB52,AG52,AL52,AQ52,AV52) -> 930.81434 | M52: =RANK(K52, K$42:$K$71) -> 4 | P52: 3 | Q52: 2767.5 | R52: 922.5 | S52: =RANK(R52, R$42:R$71) -> 3 | U52: 3 | V52: 2745 | W52: 915 | X52: =RANK(W52, W$42:W$71) -> 6 | Z52: 3 | AA52: 2730.7692 | AB52: 910.25641 | AC52: =RANK(AB52, AB$42:AB$71) -> 3 | AE52: 3 | AF52: 2889.375 | AG52: 963.125 | AH52: =RANK(AG52, AG$42:AG$71) -> 2 | AJ52: 3 | AK52: 2707.2727 | AL52: 902.42424 | AM52: =RANK(AL52, AL$42:AL$71) -> 6 | AO52: 3 | AP52: 2833.5 | AQ52: 944.5 | AR52: =RANK(AQ52, AQ$42:AQ$71) -> 5 | AT52: 3 | AU52: 2873.6842 | AV52: 957.89474 | AW52: =RANK(AV52, AV$42:AV$71) -> 3
C53: 12 | D53: 胡麻鮮蔬雞絲飯糰(區) | E53: 4 | F53: 2500 | G53: 625 | I53: =AVERAGE(P53,U53,Z53,AE53,AJ53,AO53,AT53) -> 4 | J53: =AVERAGE(Q53,V53,AA53,AF53,AK53,AP53,AU53) -> 2628.2788 | K53: =AVERAGE(R53,W53,AB53,AG53,AL53,AQ53,AV53) -> 657.0697 | M53: =RANK(K53, K$42:$K$71) -> 19 | P53: 4 | Q53: 2697.1429 | R53: 674.28571 | S53: =RANK(R53, R$42:R$71) -> 16 | U53: 4 | V53: 2685.7143 | W53: 671.42857 | X53: =RANK(W53, W$42:W$71) -> 19 | Z53: 4 | AA53: 1818.6207 | AB53: 454.65517 | AC53: =RANK(AB53, AB$42:AB$71) -> 20 | AE53: 4 | AF53: 2748 | AG53: 687 | AH53: =RANK(AG53, AG$42:AG$71) -> 18 | AJ53: 4 | AK53: 2736 | AL53: 684 | AM53: =RANK(AL53, AL$42:AL$71) -> 16 | AO53: 4 | AP53: 2883 | AQ53: 720.75 | AR53: =RANK(AQ53, AQ$42:AQ$71) -> 14 | AT53: 4 | AU53: 2829.4737 | AV53: 707.36842 | AW53: =RANK(AV53, AV$42:AV$71) -> 13
C54: 13 | D54: 雞肉飯飯糰 | E54: 4 | F54: 3300 | G54: 825 | I54: =AVERAGE(P54,U54,Z54,AE54,AJ54,AO54,AT54) -> 4 | J54: =AVERAGE(Q54,V54,AA54,AF54,AK54,AP54,AU54) -> 2801.0149 | K54: =AVERAGE(R54,W54,AB54,AG54,AL54,AQ54,AV54) -> 700.25372 | M54: =RANK(K54, K$42:$K$71) -> 13 | P54: 4 | Q54: 2751.4286 | R54: 687.85714 | S54: =RANK(R54, R$42:R$71) -> 14 | U54: 4 | V54: 2804.5161 | W54: 701.12903 | X54: =RANK(W54, W$42:W$71) -> 15 | Z54: 4 | AA54: 2764 | AB54: 691 | AC54: =RANK(AB54, AB$42:AB$71) -> 14 | AE54: 4 | AF54: 2842.5 | AG54: 710.625 | AH54: =RANK(AG54, AG$42:AG$71) -> 16 | AJ54: 4 | AK54: 2783.75 | AL54: 695.9375 | AM54: =RANK(AL54, AL$42:AL$71) -> 14 | AO54: 4 | AP54: 2864.5161 | AQ54: 716.12903 | AR54: =RANK(AQ54, AQ$42:AQ$71) -> 15 | AT54: 4 | AU54: 2796.3934 | AV54: 699.09836 | AW54: =RANK(AV54, AV$42:AV$71) -> 15
... C63: 22 | D63: 兩粒飯糰(鮪魚.焦糖鮭魚) | E63: 12 | F63: 1500 | G63: 125 | I63: =AVERAGE(P63,U63,Z63,AE63,AJ63,AO63,AT63) -> 12 | J63: =AVERAGE(Q63,V63,AA63,AF63,AK63,AP63,AU63) -> 1475.1129 | K63: =AVERAGE(R63,W63,AB63,AG63,AL63,AQ63,AV63) -> 122.92607 | M63: =RANK(K63, K$42:$K$71) -> 22 | P63: 12 | Q63: 1498.8312 | R63: 124.9026 | S63: =RANK(R63, R$42:R$71) -> 22 | U63: 12 | V63: 1471.7419 | W63: 122.64516 | X63: =RANK(W63, W$42:W$71) -> 22 | Z63: 12 | AA63: 1483.2653 | AB63: 123.60544 | AC63: =RANK(AB63, AB$42:AB$71) -> 22 | AE63: 12 | AF63: 1475.2941 | AG63: 122.94118 | AH63: =RANK(AG63, AG$42:AG$71) -> 22 | AJ63: 12 | AK63: 1488.48 | AL63: 124.04 | AM63: =RANK(AL63, AL$42:AL$71) -> 22 | AO63: 12 | AP63: 1427.5325 | AQ63: 118.96104 | AR63: =RANK(AQ63, AQ$42:AQ$71) -> 22 | AT63: 12 | AU63: 1480.6452 | AV63: 123.3871 | AW63: =RANK(AV63, AV$42:AV$71) -> 22
C64: 23 | M64: =RANK(K64, K$42:$K$71) -> #N/A | S64: =RANK(R64, R$42:R$71) -> #N/A | X64: =RANK(W64, W$42:W$71) -> #N/A | AC64: =RANK(AB64, AB$42:AB$71) -> #N/A | AH64: =RANK(AG64, AG$42:AG$71) -> #N/A | AM64: =RANK(AL64, AL$42:AL$71) -> #N/A | AR64: =RANK(AQ64, AQ$42:AQ$71) -> #N/A | AW64: =RANK(AV64, AV$42:AV$71) -> #N/A
C65: 24 | M65: =RANK(K65, K$42:$K$71) -> #N/A | S65: =RANK(R65, R$42:R$71) -> #N/A | X65: =RANK(W65, W$42:W$71) -> #N/A | AC65: =RANK(AB65, AB$42:AB$71) -> #N/A | AH65: =RANK(AG65, AG$42:AG$71) -> #N/A | AM65: =RANK(AL65, AL$42:AL$71) -> #N/A | AR65: =RANK(AQ65, AQ$42:AQ$71) -> #N/A | AW65: =RANK(AV65, AV$42:AV$71) -> #N/A
C66: 25 | M66: =RANK(K66, K$42:$K$71) -> #N/A | S66: =RANK(R66, R$42:R$71) -> #N/A | X66: =RANK(W66, W$42:W$71) -> #N/A | AC66: =RANK(AB66, AB$42:AB$71) -> #N/A | AH66: =RANK(AG66, AG$42:AG$71) -> #N/A | AM66: =RANK(AL66, AL$42:AL$71) -> #N/A | AR66: =RANK(AQ66, AQ$42:AQ$71) -> #N/A | AW66: =RANK(AV66, AV$42:AV$71) -> #N/A
C67: 26 | M67: =RANK(K67, K$42:$K$71) -> #N/A | S67: =RANK(R67, R$42:R$71) -> #N/A | X67: =RANK(W67, W$42:W$71) -> #N/A | AC67: =RANK(AB67, AB$42:AB$71) -> #N/A | AH67: =RANK(AG67, AG$42:AG$71) -> #N/A | AM67: =RANK(AL67, AL$42:AL$71) -> #N/A | AR67: =RANK(AQ67, AQ$42:AQ$71) -> #N/A | AW67: =RANK(AV67, AV$42:AV$71) -> #N/A
C68: 27 | M68: =RANK(K68, K$42:$K$71) -> #N/A | S68: =RANK(R68, R$42:R$71) -> #N/A | X68: =RANK(W68, W$42:W$71) -> #N/A | AC68: =RANK(AB68, AB$42:AB$71) -> #N/A | AH68: =RANK(AG68, AG$42:AG$71) -> #N/A | AM68: =RANK(AL68, AL$42:AL$71) -> #N/A | AR68: =RANK(AQ68, AQ$42:AQ$71) -> #N/A | AW68: =RANK(AV68, AV$42:AV$71) -> #N/A
C69: 28 | M69: =RANK(K69, K$42:$K$71) -> #N/A | S69: =RANK(R69, R$42:R$71) -> #N/A | X69: =RANK(W69, W$42:W$71) -> #N/A | AC69: =RANK(AB69, AB$42:AB$71) -> #N/A | AH69: =RANK(AG69, AG$42:AG$71) -> #N/A | AM69: =RANK(AL69, AL$42:AL$71) -> #N/A | AR69: =RANK(AQ69, AQ$42:AQ$71) -> #N/A | AW69: =RANK(AV69, AV$42:AV$71) -> #N/A
C70: 29 | M70: =RANK(K70, K$42:$K$71) -> #N/A | S70: =RANK(R70, R$42:R$71) -> #N/A | X70: =RANK(W70, W$42:W$71) -> #N/A | AC70: =RANK(AB70, AB$42:AB$71) -> #N/A | AH70: =RANK(AG70, AG$42:AG$71) -> #N/A | AM70: =RANK(AL70, AL$42:AL$71) -> #N/A | AR70: =RANK(AQ70, AQ$42:AQ$71) -> #N/A | AW70: =RANK(AV70, AV$42:AV$71) -> #N/A
C71: 30 | M71: =RANK(K71, K$42:$K$71) -> #N/A | S71: =RANK(R71, R$42:R$71) -> #N/A | X71: =RANK(W71, W$42:W$71) -> #N/A | AC71: =RANK(AB71, AB$42:AB$71) -> #N/A | AH71: =RANK(AG71, AG$42:AG$71) -> #N/A | AM71: =RANK(AL71, AL$42:AL$71) -> #N/A | AR71: =RANK(AQ71, AQ$42:AQ$71) -> #N/A | AW71: =RANK(AV71, AV$42:AV$71) -> #N/A
B72: 產線配置圖－每週更新 | N72: 資料繳交 | O72: 日期 | P72: =P37+7 -> 45972 | U72: =P72+1 -> 45973 | Z72: =U72+1 -> 45974 | AE72: =Z72+1 -> 45975 | AJ72: =AE72+1 -> 45976 | AO72: =AJ72+1 -> 45977 | AT72: =AO72+1 -> 45978
P73: 二 | U73: 三 | Z73: 四 | AE73: 五 | AJ73: 六 | AO73: 日 | AT73: 一
B74: 品群 | C74: 商品名稱 | E74: 計畫 | H74: 平均人時性 | I74: 實績 | L74: 平均人時性 | M74: 排名 | O74: 日報 | P74: 實際 | T74: 平均人時性 | U74: 實際 | Y74: 平均人時性 | Z74: 實際 | AD74: 平均人時性 | AE74: 實際 | AI74: 平均人時性 | AJ74: 實際 | AN74: 平均人時性 | AO74: 實際 | AS74: 平均人時性 | AT74: 實際 | AX74: 平均人時性
E75: 產線配置圖 | I75: 產線配置圖 | P75: 生產實績 | U75: 生產實績 | Z75: 生產實績 | AE75: 生產實績 | AJ75: 生產實績 | AO75: 生產實績 | AT75: 生產實績
E76: 人數 | F76: 產能／時 | G76: 人時性 | I76: 人數 | J76: 產能／時 | K76: 人時性 | P76: 人數 | Q76: 產能／時 | R76: 人時性 | S76: 排名 | U76: 人數 | V76: 產能／時 | W76: 人時性 | X76: 排名 | Z76: 人數 | AA76: 產能／時 | AB76: 人時性 | AC76: 排名 | AE76: 人數 | AF76: 產能／時 | AG76: 人時性 | AH76: 排名 | AJ76: 人數 | AK76: 產能／時 | AL76: 人時性 | AM76: 排名 | AO76: 人數 | AP76: 產能／時 | AQ76: 人時性 | AR76: 排名 | AT76: 人數 | AU76: 產能／時 | AV76: 人時性 | AW76: 排名
B77: 18℃-飯糰 | C77: 1 | H77: =AVERAGE(G77:G106) -> #DIV/0! | I77: =AVERAGE(P77,U77,Z77,AE77,AJ77,AO77,AT77) -> #DIV/0! | J77: =AVERAGE(Q77,V77,AA77,AF77,AK77,AP77,AU77) -> #DIV/0! | K77: =AVERAGE(R77,W77,AB77,AG77,AL77,AQ77,AV77) -> #DIV/0! | L77: =IFERROR(AVERAGE(K77:K106),"-") -> - | M77: =RANK(K77, K$77:$K$106) -> #DIV/0! | S77: =RANK(R77, R$77:R$106) -> #N/A | T77: =AVERAGE(R77:R106) -> #DIV/0! | X77: =RANK(W77, W$77:W$106) -> #N/A | Y77: =AVERAGE(W77:W106) -> #DIV/0! | AC77: =RANK(AB77, AB$77:AB$106) -> #N/A | AD77: =AVERAGE(AB77:AB106) -> #DIV/0! | AH77: =RANK(AG77, AG$77:AG$106) -> #N/A | AI77: =AVERAGE(AG77:AG106) -> #DIV/0! | AM77: =RANK(AL77, AL$77:AL$106) -> #N/A | AN77: =AVERAGE(AL77:AL106) -> #DIV/0! | AR77: =RANK(AQ77, AQ$77:AQ$106) -> #N/A | AS77: =AVERAGE(AQ77:AQ106) -> #DIV/0! | AW77: =RANK(AV77, AV$77:AV$106) -> #N/A | AX77: =AVERAGE(AV77:AV106) -> #DIV/0!
C78: 2 | I78: =AVERAGE(P78,U78,Z78,AE78,AJ78,AO78,AT78) -> #DIV/0! | J78: =AVERAGE(Q78,V78,AA78,AF78,AK78,AP78,AU78) -> #DIV/0! | K78: =AVERAGE(R78,W78,AB78,AG78,AL78,AQ78,AV78) -> #DIV/0! | M78: =RANK(K78, K$77:$K$106) -> #DIV/0! | S78: =RANK(R78, R$77:R$106) -> #N/A | X78: =RANK(W78, W$77:W$106) -> #N/A | AC78: =RANK(AB78, AB$77:AB$106) -> #N/A | AH78: =RANK(AG78, AG$77:AG$106) -> #N/A | AM78: =RANK(AL78, AL$77:AL$106) -> #N/A | AR78: =RANK(AQ78, AQ$77:AQ$106) -> #N/A | AW78: =RANK(AV78, AV$77:AV$106) -> #N/A
C79: 3 | I79: =AVERAGE(P79,U79,Z79,AE79,AJ79,AO79,AT79) -> #DIV/0! | J79: =AVERAGE(Q79,V79,AA79,AF79,AK79,AP79,AU79) -> #DIV/0! | K79: =AVERAGE(R79,W79,AB79,AG79,AL79,AQ79,AV79) -> #DIV/0! | M79: =RANK(K79, K$77:$K$106) -> #DIV/0! | S79: =RANK(R79, R$77:R$106) -> #N/A | X79: =RANK(W79, W$77:W$106) -> #N/A | AC79: =RANK(AB79, AB$77:AB$106) -> #N/A | AH79: =RANK(AG79, AG$77:AG$106) -> #N/A | AM79: =RANK(AL79, AL$77:AL$106) -> #N/A | AR79: =RANK(AQ79, AQ$77:AQ$106) -> #N/A | AW79: =RANK(AV79, AV$77:AV$106) -> #N/A
C80: 4 | I80: =AVERAGE(P80,U80,Z80,AE80,AJ80,AO80,AT80) -> #DIV/0! | J80: =AVERAGE(Q80,V80,AA80,AF80,AK80,AP80,AU80) -> #DIV/0! | K80: =AVERAGE(R80,W80,AB80,AG80,AL80,AQ80,AV80) -> #DIV/0! | M80: =RANK(K80, K$77:$K$106) -> #DIV/0! | S80: =RANK(R80, R$77:R$106) -> #N/A | X80: =RANK(W80, W$77:W$106) -> #N/A | AC80: =RANK(AB80, AB$77:AB$106) -> #N/A | AH80: =RANK(AG80, AG$77:AG$106) -> #N/A | AM80: =RANK(AL80, AL$77:AL$106) -> #N/A | AR80: =RANK(AQ80, AQ$77:AQ$106) -> #N/A | AW80: =RANK(AV80, AV$77:AV$106) -> #N/A
C81: 5 | I81: =AVERAGE(P81,U81,Z81,AE81,AJ81,AO81,AT81) -> #DIV/0! | J81: =AVERAGE(Q81,V81,AA81,AF81,AK81,AP81,AU81) -> #DIV/0! | K81: =AVERAGE(R81,W81,AB81,AG81,AL81,AQ81,AV81) -> #DIV/0! | M81: =RANK(K81, K$77:$K$106) -> #DIV/0! | S81: =RANK(R81, R$77:R$106) -> #N/A | X81: =RANK(W81, W$77:W$106) -> #N/A | AC81: =RANK(AB81, AB$77:AB$106) -> #N/A | AH81: =RANK(AG81, AG$77:AG$106) -> #N/A | AM81: =RANK(AL81, AL$77:AL$106) -> #N/A | AR81: =RANK(AQ81, AQ$77:AQ$106) -> #N/A | AW81: =RANK(AV81, AV$77:AV$106) -> #N/A
C82: 6 | I82: =AVERAGE(P82,U82,Z82,AE82,AJ82,AO82,AT82) -> #DIV/0! | J82: =AVERAGE(Q82,V82,AA82,AF82,AK82,AP82,AU82) -> #DIV/0! | K82: =AVERAGE(R82,W82,AB82,AG82,AL82,AQ82,AV82) -> #DIV/0! | M82: =RANK(K82, K$77:$K$106) -> #DIV/0! | S82: =RANK(R82, R$77:R$106) -> #N/A | X82: =RANK(W82, W$77:W$106) -> #N/A | AC82: =RANK(AB82, AB$77:AB$106) -> #N/A | AH82: =RANK(AG82, AG$77:AG$106) -> #N/A | AM82: =RANK(AL82, AL$77:AL$106) -> #N/A | AR82: =RANK(AQ82, AQ$77:AQ$106) -> #N/A | AW82: =RANK(AV82, AV$77:AV$106) -> #N/A
C83: 7 | I83: =AVERAGE(P83,U83,Z83,AE83,AJ83,AO83,AT83) -> #DIV/0! | J83: =AVERAGE(Q83,V83,AA83,AF83,AK83,AP83,AU83) -> #DIV/0! | K83: =AVERAGE(R83,W83,AB83,AG83,AL83,AQ83,AV83) -> #DIV/0! | M83: =RANK(K83, K$77:$K$106) -> #DIV/0! | S83: =RANK(R83, R$77:R$106) -> #N/A | X83: =RANK(W83, W$77:W$106) -> #N/A | AC83: =RANK(AB83, AB$77:AB$106) -> #N/A | AH83: =RANK(AG83, AG$77:AG$106) -> #N/A | AM83: =RANK(AL83, AL$77:AL$106) -> #N/A | AR83: =RANK(AQ83, AQ$77:AQ$106) -> #N/A | AW83: =RANK(AV83, AV$77:AV$106) -> #N/A
C84: 8 | I84: =AVERAGE(P84,U84,Z84,AE84,AJ84,AO84,AT84) -> #DIV/0! | J84: =AVERAGE(Q84,V84,AA84,AF84,AK84,AP84,AU84) -> #DIV/0! | K84: =AVERAGE(R84,W84,AB84,AG84,AL84,AQ84,AV84) -> #DIV/0! | M84: =RANK(K84, K$77:$K$106) -> #DIV/0! | S84: =RANK(R84, R$77:R$106) -> #N/A | X84: =RANK(W84, W$77:W$106) -> #N/A | AC84: =RANK(AB84, AB$77:AB$106) -> #N/A | AH84: =RANK(AG84, AG$77:AG$106) -> #N/A | AM84: =RANK(AL84, AL$77:AL$106) -> #N/A | AR84: =RANK(AQ84, AQ$77:AQ$106) -> #N/A | AW84: =RANK(AV84, AV$77:AV$106) -> #N/A
C85: 9 | I85: =AVERAGE(P85,U85,Z85,AE85,AJ85,AO85,AT85) -> #DIV/0! | J85: =AVERAGE(Q85,V85,AA85,AF85,AK85,AP85,AU85) -> #DIV/0! | K85: =AVERAGE(R85,W85,AB85,AG85,AL85,AQ85,AV85) -> #DIV/0! | M85: =RANK(K85, K$77:$K$106) -> #DIV/0! | S85: =RANK(R85, R$77:R$106) -> #N/A | X85: =RANK(W85, W$77:W$106) -> #N/A | AC85: =RANK(AB85, AB$77:AB$106) -> #N/A | AH85: =RANK(AG85, AG$77:AG$106) -> #N/A | AM85: =RANK(AL85, AL$77:AL$106) -> #N/A | AR85: =RANK(AQ85, AQ$77:AQ$106) -> #N/A | AW85: =RANK(AV85, AV$77:AV$106) -> #N/A
C86: 10 | I86: =AVERAGE(P86,U86,Z86,AE86,AJ86,AO86,AT86) -> #DIV/0! | J86: =AVERAGE(Q86,V86,AA86,AF86,AK86,AP86,AU86) -> #DIV/0! | K86: =AVERAGE(R86,W86,AB86,AG86,AL86,AQ86,AV86) -> #DIV/0! | M86: =RANK(K86, K$77:$K$106) -> #DIV/0! | S86: =RANK(R86, R$77:R$106) -> #N/A | X86: =RANK(W86, W$77:W$106) -> #N/A | AC86: =RANK(AB86, AB$77:AB$106) -> #N/A | AH86: =RANK(AG86, AG$77:AG$106) -> #N/A | AM86: =RANK(AL86, AL$77:AL$106) -> #N/A | AR86: =RANK(AQ86, AQ$77:AQ$106) -> #N/A | AW86: =RANK(AV86, AV$77:AV$106) -> #N/A
C87: 11 | I87: =AVERAGE(P87,U87,Z87,AE87,AJ87,AO87,AT87) -> #DIV/0! | J87: =AVERAGE(Q87,V87,AA87,AF87,AK87,AP87,AU87) -> #DIV/0! | K87: =AVERAGE(R87,W87,AB87,AG87,AL87,AQ87,AV87) -> #DIV/0! | M87: =RANK(K87, K$77:$K$106) -> #DIV/0! | S87: =RANK(R87, R$77:R$106) -> #N/A | X87: =RANK(W87, W$77:W$106) -> #N/A | AC87: =RANK(AB87, AB$77:AB$106) -> #N/A | AH87: =RANK(AG87, AG$77:AG$106) -> #N/A | AM87: =RANK(AL87, AL$77:AL$106) -> #N/A | AR87: =RANK(AQ87, AQ$77:AQ$106) -> #N/A | AW87: =RANK(AV87, AV$77:AV$106) -> #N/A
C88: 12 | I88: =AVERAGE(P88,U88,Z88,AE88,AJ88,AO88,AT88) -> #DIV/0! | J88: =AVERAGE(Q88,V88,AA88,AF88,AK88,AP88,AU88) -> #DIV/0! | K88: =AVERAGE(R88,W88,AB88,AG88,AL88,AQ88,AV88) -> #DIV/0! | M88: =RANK(K88, K$77:$K$106) -> #DIV/0! | S88: =RANK(R88, R$77:R$106) -> #N/A | X88: =RANK(W88, W$77:W$106) -> #N/A | AC88: =RANK(AB88, AB$77:AB$106) -> #N/A | AH88: =RANK(AG88, AG$77:AG$106) -> #N/A | AM88: =RANK(AL88, AL$77:AL$106) -> #N/A | AR88: =RANK(AQ88, AQ$77:AQ$106) -> #N/A | AW88: =RANK(AV88, AV$77:AV$106) -> #N/A
C89: 13 | I89: =AVERAGE(P89,U89,Z89,AE89,AJ89,AO89,AT89) -> #DIV/0! | J89: =AVERAGE(Q89,V89,AA89,AF89,AK89,AP89,AU89) -> #DIV/0! | K89: =AVERAGE(R89,W89,AB89,AG89,AL89,AQ89,AV89) -> #DIV/0! | M89: =RANK(K89, K$77:$K$106) -> #DIV/0! | S89: =RANK(R89, R$77:R$106) -> #N/A | X89: =RANK(W89, W$77:W$106) -> #N/A | AC89: =RANK(AB89, AB$77:AB$106) -> #N/A | AH89: =RANK(AG89, AG$77:AG$106) -> #N/A | AM89: =RANK(AL89, AL$77:AL$106) -> #N/A | AR89: =RANK(AQ89, AQ$77:AQ$106) -> #N/A | AW89: =RANK(AV89, AV$77:AV$106) -> #N/A
... C100: 24 | I100: =AVERAGE(P100,U100,Z100,AE100,AJ100,AO100,AT100) -> #DIV/0! | J100: =AVERAGE(Q100,V100,AA100,AF100,AK100,AP100,AU100) -> #DIV/0! | K100: =AVERAGE(R100,W100,AB100,AG100,AL100,AQ100,AV100) -> #DIV/0! | M100: =RANK(K100, K$77:$K$106) -> #DIV/0! | S100: =RANK(R100, R$77:R$106) -> #N/A | X100: =RANK(W100, W$77:W$106) -> #N/A | AC100: =RANK(AB100, AB$77:AB$106) -> #N/A | AH100: =RANK(AG100, AG$77:AG$106) -> #N/A | AM100: =RANK(AL100, AL$77:AL$106) -> #N/A | AR100: =RANK(AQ100, AQ$77:AQ$106) -> #N/A | AW100: =RANK(AV100, AV$77:AV$106) -> #N/A
C101: 25 | M101: =RANK(K101, K$77:$K$106) -> #DIV/0! | S101: =RANK(R101, R$77:R$106) -> #N/A | X101: =RANK(W101, W$77:W$106) -> #N/A | AC101: =RANK(AB101, AB$77:AB$106) -> #N/A | AH101: =RANK(AG101, AG$77:AG$106) -> #N/A | AM101: =RANK(AL101, AL$77:AL$106) -> #N/A | AR101: =RANK(AQ101, AQ$77:AQ$106) -> #N/A | AW101: =RANK(AV101, AV$77:AV$106) -> #N/A
C102: 26 | M102: =RANK(K102, K$77:$K$106) -> #DIV/0! | S102: =RANK(R102, R$77:R$106) -> #N/A | X102: =RANK(W102, W$77:W$106) -> #N/A | AC102: =RANK(AB102, AB$77:AB$106) -> #N/A | AH102: =RANK(AG102, AG$77:AG$106) -> #N/A | AM102: =RANK(AL102, AL$77:AL$106) -> #N/A | AR102: =RANK(AQ102, AQ$77:AQ$106) -> #N/A | AW102: =RANK(AV102, AV$77:AV$106) -> #N/A
C103: 27 | M103: =RANK(K103, K$77:$K$106) -> #DIV/0! | S103: =RANK(R103, R$77:R$106) -> #N/A | X103: =RANK(W103, W$77:W$106) -> #N/A | AC103: =RANK(AB103, AB$77:AB$106) -> #N/A | AH103: =RANK(AG103, AG$77:AG$106) -> #N/A | AM103: =RANK(AL103, AL$77:AL$106) -> #N/A | AR103: =RANK(AQ103, AQ$77:AQ$106) -> #N/A | AW103: =RANK(AV103, AV$77:AV$106) -> #N/A
C104: 28 | M104: =RANK(K104, K$77:$K$106) -> #DIV/0! | S104: =RANK(R104, R$77:R$106) -> #N/A | X104: =RANK(W104, W$77:W$106) -> #N/A | AC104: =RANK(AB104, AB$77:AB$106) -> #N/A | AH104: =RANK(AG104, AG$77:AG$106) -> #N/A | AM104: =RANK(AL104, AL$77:AL$106) -> #N/A | AR104: =RANK(AQ104, AQ$77:AQ$106) -> #N/A | AW104: =RANK(AV104, AV$77:AV$106) -> #N/A
C105: 29 | M105: =RANK(K105, K$77:$K$106) -> #DIV/0! | S105: =RANK(R105, R$77:R$106) -> #N/A | X105: =RANK(W105, W$77:W$106) -> #N/A | AC105: =RANK(AB105, AB$77:AB$106) -> #N/A | AH105: =RANK(AG105, AG$77:AG$106) -> #N/A | AM105: =RANK(AL105, AL$77:AL$106) -> #N/A | AR105: =RANK(AQ105, AQ$77:AQ$106) -> #N/A | AW105: =RANK(AV105, AV$77:AV$106) -> #N/A
C106: 30 | M106: =RANK(K106, K$77:$K$106) -> #DIV/0! | S106: =RANK(R106, R$77:R$106) -> #N/A | X106: =RANK(W106, W$77:W$106) -> #N/A | AC106: =RANK(AB106, AB$77:AB$106) -> #N/A | AH106: =RANK(AG106, AG$77:AG$106) -> #N/A | AM106: =RANK(AL106, AL$77:AL$106) -> #N/A | AR106: =RANK(AQ106, AQ$77:AQ$106) -> #N/A | AW106: =RANK(AV106, AV$77:AV$106) -> #N/A
B107: 產線配置圖－每週更新 | N107: 資料繳交 | O107: 日期 | P107: =P72+7 -> 45979 | U107: =P107+1 -> 45980 | Z107: =U107+1 -> 45981 | AE107: =Z107+1 -> 45982 | AJ107: =AE107+1 -> 45983 | AO107: =AJ107+1 -> 45984 | AT107: =AO107+1 -> 45985
P108: 二 | U108: 三 | Z108: 四 | AE108: 五 | AJ108: 六 | AO108: 日 | AT108: 一
B109: 品群 | C109: 商品名稱 | E109: 計畫 | H109: 平均人時性 | I109: 實績 | L109: 平均人時性 | M109: 排名 | O109: 日報 | P109: 實際 | T109: 平均人時性 | U109: 實際 | Y109: 平均人時性 | Z109: 實際 | AD109: 平均人時性 | AE109: 實際 | AI109: 平均人時性 | AJ109: 實際 | AN109: 平均人時性 | AO109: 實際 | AS109: 平均人時性 | AT109: 實際 | AX109: 平均人時性
E110: 產線配置圖 | I110: 產線配置圖 | P110: 生產實績 | U110: 生產實績 | Z110: 生產實績 | AE110: 生產實績 | AJ110: 生產實績 | AO110: 生產實績 | AT110: 生產實績
E111: 人數 | F111: 產能／時 | G111: 人時性 | I111: 人數 | J111: 產能／時 | K111: 人時性 | P111: 人數 | Q111: 產能／時 | R111: 人時性 | S111: 排名 | U111: 人數 | V111: 產能／時 | W111: 人時性 | X111: 排名 | Z111: 人數 | AA111: 產能／時 | AB111: 人時性 | AC111: 排名 | AE111: 人數 | AF111: 產能／時 | AG111: 人時性 | AH111: 排名 | AJ111: 人數 | AK111: 產能／時 | AL111: 人時性 | AM111: 排名 | AO111: 人數 | AP111: 產能／時 | AQ111: 人時性 | AR111: 排名 | AT111: 人數 | AU111: 產能／時 | AV111: 人時性 | AW111: 排名
B112: 18℃-飯糰 | C112: 1 | H112: =AVERAGE(G112:G141) -> #DIV/0! | I112: =AVERAGE(P112,U112,Z112,AE112,AJ112,AO112,AT112) -> #DIV/0! | J112: =AVERAGE(Q112,V112,AA112,AF112,AK112,AP112,AU112) -> #DIV/0! | K112: =AVERAGE(R112,W112,AB112,AG112,AL112,AQ112,AV112) -> #DIV/0! | L112: =IFERROR(AVERAGE(K112:K141),"-") -> - | M112: =RANK(K112, K$112:$K$141) -> #DIV/0! | S112: =RANK(R112, R$112:R$141) -> #N/A | T112: =AVERAGE(R112:R141) -> #DIV/0! | X112: =RANK(W112, W$112:W$141) -> #N/A | Y112: =AVERAGE(W112:W141) -> #DIV/0! | AC112: =RANK(AB112, AB$112:AB$141) -> #N/A | AD112: =AVERAGE(AB112:AB141) -> #DIV/0! | AH112: =RANK(AG112, AG$112:AG$141) -> #N/A | AI112: =AVERAGE(AG112:AG141) -> #DIV/0! | AM112: =RANK(AL112, AL$112:AL$141) -> #N/A | AN112: =AVERAGE(AL112:AL141) -> #DIV/0! | AR112: =RANK(AQ112, AQ$112:AQ$141) -> #N/A | AS112: =AVERAGE(AQ112:AQ141) -> #DIV/0! | AW112: =RANK(AV112, AV$112:AV$141) -> #N/A | AX112: =AVERAGE(AV112:AV141) -> #DIV/0!
C113: 2 | I113: =AVERAGE(P113,U113,Z113,AE113,AJ113,AO113,AT113) -> #DIV/0! | J113: =AVERAGE(Q113,V113,AA113,AF113,AK113,AP113,AU113) -> #DIV/0! | K113: =AVERAGE(R113,W113,AB113,AG113,AL113,AQ113,AV113) -> #DIV/0! | M113: =RANK(K113, K$112:$K$141) -> #DIV/0! | S113: =RANK(R113, R$112:R$141) -> #N/A | X113: =RANK(W113, W$112:W$141) -> #N/A | AC113: =RANK(AB113, AB$112:AB$141) -> #N/A | AH113: =RANK(AG113, AG$112:AG$141) -> #N/A | AM113: =RANK(AL113, AL$112:AL$141) -> #N/A | AR113: =RANK(AQ113, AQ$112:AQ$141) -> #N/A | AW113: =RANK(AV113, AV$112:AV$141) -> #N/A
C114: 3 | I114: =AVERAGE(P114,U114,Z114,AE114,AJ114,AO114,AT114) -> #DIV/0! | J114: =AVERAGE(Q114,V114,AA114,AF114,AK114,AP114,AU114) -> #DIV/0! | K114: =AVERAGE(R114,W114,AB114,AG114,AL114,AQ114,AV114) -> #DIV/0! | M114: =RANK(K114, K$112:$K$141) -> #DIV/0! | S114: =RANK(R114, R$112:R$141) -> #N/A | X114: =RANK(W114, W$112:W$141) -> #N/A | AC114: =RANK(AB114, AB$112:AB$141) -> #N/A | AH114: =RANK(AG114, AG$112:AG$141) -> #N/A | AM114: =RANK(AL114, AL$112:AL$141) -> #N/A | AR114: =RANK(AQ114, AQ$112:AQ$141) -> #N/A | AW114: =RANK(AV114, AV$112:AV$141) -> #N/A
C115: 4 | I115: =AVERAGE(P115,U115,Z115,AE115,AJ115,AO115,AT115) -> #DIV/0! | J115: =AVERAGE(Q115,V115,AA115,AF115,AK115,AP115,AU115) -> #DIV/0! | K115: =AVERAGE(R115,W115,AB115,AG115,AL115,AQ115,AV115) -> #DIV/0! | M115: =RANK(K115, K$112:$K$141) -> #DIV/0! | S115: =RANK(R115, R$112:R$141) -> #N/A | X115: =RANK(W115, W$112:W$141) -> #N/A | AC115: =RANK(AB115, AB$112:AB$141) -> #N/A | AH115: =RANK(AG115, AG$112:AG$141) -> #N/A | AM115: =RANK(AL115, AL$112:AL$141) -> #N/A | AR115: =RANK(AQ115, AQ$112:AQ$141) -> #N/A | AW115: =RANK(AV115, AV$112:AV$141) -> #N/A
C116: 5 | I116: =AVERAGE(P116,U116,Z116,AE116,AJ116,AO116,AT116) -> #DIV/0! | J116: =AVERAGE(Q116,V116,AA116,AF116,AK116,AP116,AU116) -> #DIV/0! | K116: =AVERAGE(R116,W116,AB116,AG116,AL116,AQ116,AV116) -> #DIV/0! | M116: =RANK(K116, K$112:$K$141) -> #DIV/0! | S116: =RANK(R116, R$112:R$141) -> #N/A | X116: =RANK(W116, W$112:W$141) -> #N/A | AC116: =RANK(AB116, AB$112:AB$141) -> #N/A | AH116: =RANK(AG116, AG$112:AG$141) -> #N/A | AM116: =RANK(AL116, AL$112:AL$141) -> #N/A | AR116: =RANK(AQ116, AQ$112:AQ$141) -> #N/A | AW116: =RANK(AV116, AV$112:AV$141) -> #N/A
C117: 6 | I117: =AVERAGE(P117,U117,Z117,AE117,AJ117,AO117,AT117) -> #DIV/0! | J117: =AVERAGE(Q117,V117,AA117,AF117,AK117,AP117,AU117) -> #DIV/0! | K117: =AVERAGE(R117,W117,AB117,AG117,AL117,AQ117,AV117) -> #DIV/0! | M117: =RANK(K117, K$112:$K$141) -> #DIV/0! | S117: =RANK(R117, R$112:R$141) -> #N/A | X117: =RANK(W117, W$112:W$141) -> #N/A | AC117: =RANK(AB117, AB$112:AB$141) -> #N/A | AH117: =RANK(AG117, AG$112:AG$141) -> #N/A | AM117: =RANK(AL117, AL$112:AL$141) -> #N/A | AR117: =RANK(AQ117, AQ$112:AQ$141) -> #N/A | AW117: =RANK(AV117, AV$112:AV$141) -> #N/A
C118: 7 | I118: =AVERAGE(P118,U118,Z118,AE118,AJ118,AO118,AT118) -> #DIV/0! | J118: =AVERAGE(Q118,V118,AA118,AF118,AK118,AP118,AU118) -> #DIV/0! | K118: =AVERAGE(R118,W118,AB118,AG118,AL118,AQ118,AV118) -> #DIV/0! | M118: =RANK(K118, K$112:$K$141) -> #DIV/0! | S118: =RANK(R118, R$112:R$141) -> #N/A | X118: =RANK(W118, W$112:W$141) -> #N/A | AC118: =RANK(AB118, AB$112:AB$141) -> #N/A | AH118: =RANK(AG118, AG$112:AG$141) -> #N/A | AM118: =RANK(AL118, AL$112:AL$141) -> #N/A | AR118: =RANK(AQ118, AQ$112:AQ$141) -> #N/A | AW118: =RANK(AV118, AV$112:AV$141) -> #N/A
C119: 8 | I119: =AVERAGE(P119,U119,Z119,AE119,AJ119,AO119,AT119) -> #DIV/0! | J119: =AVERAGE(Q119,V119,AA119,AF119,AK119,AP119,AU119) -> #DIV/0! | K119: =AVERAGE(R119,W119,AB119,AG119,AL119,AQ119,AV119) -> #DIV/0! | M119: =RANK(K119, K$112:$K$141) -> #DIV/0! | S119: =RANK(R119, R$112:R$141) -> #N/A | X119: =RANK(W119, W$112:W$141) -> #N/A | AC119: =RANK(AB119, AB$112:AB$141) -> #N/A | AH119: =RANK(AG119, AG$112:AG$141) -> #N/A | AM119: =RANK(AL119, AL$112:AL$141) -> #N/A | AR119: =RANK(AQ119, AQ$112:AQ$141) -> #N/A | AW119: =RANK(AV119, AV$112:AV$141) -> #N/A
C120: 9 | I120: =AVERAGE(P120,U120,Z120,AE120,AJ120,AO120,AT120) -> #DIV/0! | J120: =AVERAGE(Q120,V120,AA120,AF120,AK120,AP120,AU120) -> #DIV/0! | K120: =AVERAGE(R120,W120,AB120,AG120,AL120,AQ120,AV120) -> #DIV/0! | M120: =RANK(K120, K$112:$K$141) -> #DIV/0! | S120: =RANK(R120, R$112:R$141) -> #N/A | X120: =RANK(W120, W$112:W$141) -> #N/A | AC120: =RANK(AB120, AB$112:AB$141) -> #N/A | AH120: =RANK(AG120, AG$112:AG$141) -> #N/A | AM120: =RANK(AL120, AL$112:AL$141) -> #N/A | AR120: =RANK(AQ120, AQ$112:AQ$141) -> #N/A | AW120: =RANK(AV120, AV$112:AV$141) -> #N/A
C121: 10 | I121: =AVERAGE(P121,U121,Z121,AE121,AJ121,AO121,AT121) -> #DIV/0! | J121: =AVERAGE(Q121,V121,AA121,AF121,AK121,AP121,AU121) -> #DIV/0! | K121: =AVERAGE(R121,W121,AB121,AG121,AL121,AQ121,AV121) -> #DIV/0! | M121: =RANK(K121, K$112:$K$141) -> #DIV/0! | S121: =RANK(R121, R$112:R$141) -> #N/A | X121: =RANK(W121, W$112:W$141) -> #N/A | AC121: =RANK(AB121, AB$112:AB$141) -> #N/A | AH121: =RANK(AG121, AG$112:AG$141) -> #N/A | AM121: =RANK(AL121, AL$112:AL$141) -> #N/A | AR121: =RANK(AQ121, AQ$112:AQ$141) -> #N/A | AW121: =RANK(AV121, AV$112:AV$141) -> #N/A
...

Sheet （５-2）品群別人時生產性（18-壽司手卷)
B1: 月平均人時性 | C1: =AVERAGE(L7,L27,L47,L67,L87,L107) -> 182.50775
B2: 產線配置圖－每週更新 | N2: 資料繳交 | O2: 日期 | P2: 45958 | U2: =P2+1 -> 45959 | Z2: =U2+1 -> 45960 | AE2: =Z2+1 -> 45961 | AJ2: =AE2+1 -> 45962 | AO2: =AJ2+1 -> 45963 | AT2: =AO2+1 -> 45964
P3: 二 | U3: 三 | Z3: 四 | AE3: 五 | AJ3: 六 | AO3: 日 | AT3: 一
B4: 品群 | C4: 商品名稱 | E4: 計畫 | H4: 平均人時性 | I4: 實績 | L4: 平均人時性 | M4: 排名 | O4: 日報 | P4: 實際 | T4: 平均人時性 | U4: 實際 | Y4: 平均人時性 | Z4: 實際 | AD4: 平均人時性 | AE4: 實際 | AI4: 平均人時性 | AJ4: 實際 | AN4: 平均人時性 | AO4: 實際 | AS4: 平均人時性 | AT4: 實際 | AX4: 平均人時性
E5: 產線配置圖 | I5: 產線配置圖 | P5: 生產實績 | U5: 生產實績 | Z5: 生產實績 | AE5: 生產實績 | AJ5: 生產實績 | AO5: 生產實績 | AT5: 生產實績
E6: 人數 | F6: 產能／時 | G6: 人時性 | I6: 人數 | J6: 產能／時 | K6: 人時性 | P6: 人數 | Q6: 產能／時 | R6: 人時性 | S6: 排名 | U6: 人數 | V6: 產能／時 | W6: 人時性 | X6: 排名 | Z6: 人數 | AA6: 產能／時 | AB6: 人時性 | AC6: 排名 | AE6: 人數 | AF6: 產能／時 | AG6: 人時性 | AH6: 排名 | AJ6: 人數 | AK6: 產能／時 | AL6: 人時性 | AM6: 排名 | AO6: 人數 | AP6: 產能／時 | AQ6: 人時性 | AR6: 排名 | AT6: 人數 | AU6: 產能／時 | AV6: 人時性 | AW6: 排名
B7: 18℃-壽司手卷 | C7: 1 | D7: 長野稻荷壽司 | E7: 10 | F7: 1500 | G7: 150 | H7: =AVERAGE(G7:G21) -> 181.25 | I7: =AVERAGE(P7,U7,Z7,AE7,AJ7,AO7,AT7) -> 10 | J7: =AVERAGE(Q7,V7,AA7,AF7,AK7,AP7,AU7) -> 778.37682 | K7: =AVERAGE(R7,W7,AB7,AG7,AL7,AQ7,AV7) -> 77.837682 | L7: =IFERROR(AVERAGE(K7:K21),"-") -> 182.82703 | M7: =RANK(K7, $K$7:K$21) -> 8 | P7: 10 | Q7: 1085.625 | R7: 108.5625 | S7: =RANK(R7, R$7:R$21) -> 6 | T7: =AVERAGE(R7:R21) -> 188.14265 | U7: 10 | V7: 1214 | W7: 121.4 | X7: =RANK(W7, W$7:W$21) -> 6 | Y7: =AVERAGE(W7:W21) -> 193.55365 | Z7: 10 | AA7: 621.81818 | AB7: 62.181818 | AC7: =RANK(AB7, AB$7:AB$21) -> 8 | AD7: =AVERAGE(AB7:AB21) -> 170.8665 | AE7: 10 | AF7: 619.53488 | AG7: 61.953488 | AH7: =RANK(AG7, AG$7:AG$21) -> 8 | AI7: =AVERAGE(AG7:AG21) -> 181.82633 | AJ7: 10 | AK7: 638.46154 | AL7: 63.846154 | AM7: =RANK(AL7, AL$7:AL$21) -> 8 | AN7: =AVERAGE(AL7:AL21) -> 177.79272 | AO7: 10 | AP7: 637.5 | AQ7: 63.75 | AR7: =RANK(AQ7, AQ$7:AQ$21) -> 8 | AS7: =AVERAGE(AQ7:AQ21) -> 185.16074 | AT7: 10 | AU7: 631.69811 | AV7: 63.169811 | AW7: =RANK(AV7, AV$7:AV$21) -> 8 | AX7: =AVERAGE(AV7:AV21) -> 182.44657 | AZ7: =RANK(AX7, $K$7:AX$21) -> #N/A | BB7: =RANK(BA7, BA$7:BA$21) -> #N/A
C8: 2 | D8: 雙饗雙手卷 | E8: 15 | F8: 1800 | G8: 120 | I8: =AVERAGE(P8,U8,Z8,AE8,AJ8,AO8,AT8) -> 12.285714 | J8: =AVERAGE(Q8,V8,AA8,AF8,AK8,AP8,AU8) -> 1825.2667 | K8: =AVERAGE(R8,W8,AB8,AG8,AL8,AQ8,AV8) -> 148.75171 | M8: =RANK(K8, $K$7:K$21) -> 4 | P8: 12 | Q8: 1828.8 | R8: 152.4 | S8: =RANK(R8, R$7:R$21) -> 4 | U8: 12 | V8: 1846.8 | W8: 153.9 | X8: =RANK(W8, W$7:W$21) -> 5 | Z8: 13 | AA8: 1837.2 | AB8: 141.32308 | AC8: =RANK(AB8, AB$7:AB$21) -> 4 | AE8: 12 | AF8: 1738.6667 | AG8: 144.88889 | AH8: =RANK(AG8, AG$7:AG$21) -> 5 | AJ8: 12 | AK8: 1821 | AL8: 151.75 | AM8: =RANK(AL8, AL$7:AL$21) -> 4 | AO8: 12 | AP8: 1879.2 | AQ8: 156.6 | AR8: =RANK(AQ8, AQ$7:AQ$21) -> 4 | AT8: 13 | AU8: 1825.2 | AV8: 140.4 | AW8: =RANK(AV8, AV$7:AV$21) -> 4 | AZ8: =RANK(AX8, $K$7:AX$21) -> #N/A | BB8: =RANK(BA8, BA$7:BA$21) -> #N/A
C9: 3 | D9: 海饌雙手卷 | E9: 15 | F9: 1800 | G9: 120 | I9: =AVERAGE(P9,U9,Z9,AE9,AJ9,AO9,AT9) -> 12.285714 | J9: =AVERAGE(Q9,V9,AA9,AF9,AK9,AP9,AU9) -> 1779.0667 | K9: =AVERAGE(R9,W9,AB9,AG9,AL9,AQ9,AV9) -> 145.01989 | M9: =RANK(K9, $K$7:K$21) -> 5 | P9: 12 | Q9: 1745.4545 | R9: 145.45455 | S9: =RANK(R9, R$7:R$21) -> 5 | U9: 12 | V9: 1857.6 | W9: 154.8 | X9: =RANK(W9, W$7:W$21) -> 4 | Z9: 13 | AA9: 1722.5455 | AB9: 132.5035 | AC9: =RANK(AB9, AB$7:AB$21) -> 5 | AE9: 12 | AF9: 1768 | AG9: 147.33333 | AH9: =RANK(AG9, AG$7:AG$21) -> 4 | AJ9: 12 | AK9: 1674.6667 | AL9: 139.55556 | AM9: =RANK(AL9, AL$7:AL$21) -> 5 | AO9: 12 | AP9: 1874.4 | AQ9: 156.2 | AR9: =RANK(AQ9, AQ$7:AQ$21) -> 5 | AT9: 13 | AU9: 1810.8 | AV9: 139.29231 | AW9: =RANK(AV9, AV$7:AV$21) -> 5 | AZ9: =RANK(AX9, $K$7:AX$21) -> #N/A | BB9: =RANK(BA9, BA$7:BA$21) -> #N/A
C10: 4 | D10: 雙鬆細卷 | E10: 5 | F10: 1500 | G10: 300 | I10: =AVERAGE(P10,U10,Z10,AE10,AJ10,AO10,AT10) -> 5 | J10: =AVERAGE(Q10,V10,AA10,AF10,AK10,AP10,AU10) -> 1495.0844 | K10: =AVERAGE(R10,W10,AB10,AG10,AL10,AQ10,AV10) -> 299.01689 | M10: =RANK(K10, $K$7:K$21) -> 2 | P10: 5 | Q10: 1503.7895 | R10: 300.75789 | S10: =RANK(R10, R$7:R$21) -> 2 | U10: 5 | V10: 1496.2887 | W10: 299.25773 | X10: =RANK(W10, W$7:W$21) -> 2 | Z10: 5 | AA10: 1485 | AB10: 297 | AC10: =RANK(AB10, AB$7:AB$21) -> 1 | AE10: 5 | AF10: 1555.6364 | AG10: 311.12727 | AH10: =RANK(AG10, AG$7:AG$21) -> 1 | AJ10: 5 | AK10: 1429.0909 | AL10: 285.81818 | AM10: =RANK(AL10, AL$7:AL$21) -> 3 | AO10: 5 | AP10: 1499 | AQ10: 299.8 | AR10: =RANK(AQ10, AQ$7:AQ$21) -> 3 | AT10: 5 | AU10: 1496.7857 | AV10: 299.35714 | AW10: =RANK(AV10, AV$7:AV$21) -> 2 | AZ10: =RANK(AX10, $K$7:AX$21) -> #N/A | BB10: =RANK(BA10, BA$7:BA$21) -> #N/A
C11: 5 | D11: 經典鮪魚沙拉細卷 | E11: 5 | F11: 1500 | G11: 300 | I11: =AVERAGE(P11,U11,Z11,AE11,AJ11,AO11,AT11) -> 5 | J11: =AVERAGE(Q11,V11,AA11,AF11,AK11,AP11,AU11) -> 1510.8917 | K11: =AVERAGE(R11,W11,AB11,AG11,AL11,AQ11,AV11) -> 302.17835 | M11: =RANK(K11, $K$7:K$21) -> 1 | P11: 5 | Q11: 1482.7273 | R11: 296.54545 | S11: =RANK(R11, R$7:R$21) -> 3 | U11: 5 | V11: 1468.5714 | W11: 293.71429 | X11: =RANK(W11, W$7:W$21) -> 3 | Z11: 5 | AA11: 1438 | AB11: 287.6 | AC11: =RANK(AB11, AB$7:AB$21) -> 2 | AE11: 5 | AF11: 1498.8462 | AG11: 299.76923 | AH11: =RANK(AG11, AG$7:AG$21) -> 3 | AJ11: 5 | AK11: 1544.6512 | AL11: 308.93023 | AM11: =RANK(AL11, AL$7:AL$21) -> 1 | AO11: 5 | AP11: 1543.8462 | AQ11: 308.76923 | AR11: =RANK(AQ11, AQ$7:AQ$21) -> 1 | AT11: 5 | AU11: 1599.6 | AV11: 319.92 | AW11: =RANK(AV11, AV$7:AV$21) -> 1 | AZ11: =RANK(AX11, $K$7:AX$21) -> #N/A | BB11: =RANK(BA11, BA$7:BA$21) -> #N/A
C12: 6 | D12: 香濃起司蟹風味棒細卷 | E12: 5 | F12: 1500 | G12: 300 | I12: =AVERAGE(P12,U12,Z12,AE12,AJ12,AO12,AT12) -> 5 | J12: =AVERAGE(Q12,V12,AA12,AF12,AK12,AP12,AU12) -> 1491.6161 | K12: =AVERAGE(R12,W12,AB12,AG12,AL12,AQ12,AV12) -> 298.32323 | M12: =RANK(K12, $K$7:K$21) -> 3 | P12: 5 | Q12: 1573.1707 | R12: 314.63415 | S12: =RANK(R12, R$7:R$21) -> 1 | U12: 5 | V12: 1700 | W12: 340 | X12: =RANK(W12, W$7:W$21) -> 1 | Z12: 5 | AA12: 1144.8 | AB12: 228.96 | AC12: =RANK(AB12, AB$7:AB$21) -> 3 | AE12: 5 | AF12: 1541.8182 | AG12: 308.36364 | AH12: =RANK(AG12, AG$7:AG$21) -> 2 | AJ12: 5 | AK12: 1456.875 | AL12: 291.375 | AM12: =RANK(AL12, AL$7:AL$21) -> 2 | AO12: 5 | AP12: 1536.3158 | AQ12: 307.26316 | AR12: =RANK(AQ12, AQ$7:AQ$21) -> 2 | AT12: 5 | AU12: 1488.3333 | AV12: 297.66667 | AW12: =RANK(AV12, AV$7:AV$21) -> 3 | AZ12: =RANK(AX12, $K$7:AX$21) -> #N/A | BB12: =RANK(BA12, BA$7:BA$21) -> #N/A
C13: 7 | D13: 滿滿海鮮沙拉脆卷 | E13: 15 | F13: 1200 | G13: 80 | I13: =AVERAGE(P13,U13,Z13,AE13,AJ13,AO13,AT13) -> 12.714286 | J13: =AVERAGE(Q13,V13,AA13,AF13,AK13,AP13,AU13) -> 1228.8695 | K13: =AVERAGE(R13,W13,AB13,AG13,AL13,AQ13,AV13) -> 96.924363 | M13: =RANK(K13, $K$7:K$21) -> 6 | P13: 13 | Q13: 1220.8421 | R13: 93.910931 | S13: =RANK(R13, R$7:R$21) -> 7 | U13: 13 | V13: 1198.1053 | W13: 92.161943 | X13: =RANK(W13, W$7:W$21) -> 8 | Z13: 12 | AA13: 1420.3636 | AB13: 118.36364 | AC13: =RANK(AB13, AB$7:AB$21) -> 6 | AE13: 13 | AF13: 1186.9091 | AG13: 91.300699 | AH13: =RANK(AG13, AG$7:AG$21) -> 6 | AJ13: 13 | AK13: 1142.6667 | AL13: 87.897436 | AM13: =RANK(AL13, AL$7:AL$21) -> 7 | AO13: 13 | AP13: 1237.2 | AQ13: 95.169231 | AR13: =RANK(AQ13, AQ$7:AQ$21) -> 6 | AT13: 12 | AU13: 1196 | AV13: 99.666667 | AW13: =RANK(AV13, AV$7:AV$21) -> 7 | AZ13: =RANK(AX13, $K$7:AX$21) -> #N/A | BB13: =RANK(BA13, BA$7:BA$21) -> #N/A
C14: 8 | D14: 明太子玉子脆卷 | E14: 15 | F14: 1200 | G14: 80 | I14: =AVERAGE(P14,U14,Z14,AE14,AJ14,AO14,AT14) -> 12.714286 | J14: =AVERAGE(Q14,V14,AA14,AF14,AK14,AP14,AU14) -> 1200.8903 | K14: =AVERAGE(R14,W14,AB14,AG14,AL14,AQ14,AV14) -> 94.56409 | M14: =RANK(K14, $K$7:K$21) -> 7 | P14: 13 | Q14: 1207.3846 | R14: 92.87574 | S14: =RANK(R14, R$7:R$21) -> 8 | U14: 13 | V14: 1211.5385 | W14: 93.195266 | X14: =RANK(W14, W$7:W$21) -> 7 | Z14: 12 | AA14: 1188 | AB14: 99 | AC14: =RANK(AB14, AB$7:AB$21) -> 7 | AE14: 13 | AF14: 1168.3636 | AG14: 89.874126 | AH14: =RANK(AG14, AG$7:AG$21) -> 7 | AJ14: 13 | AK14: 1211.2 | AL14: 93.169231 | AM14: =RANK(AL14, AL$7:AL$21) -> 6 | AO14: 13 | AP14: 1218.5455 | AQ14: 93.734266 | AR14: =RANK(AQ14, AQ$7:AQ$21) -> 7 | AT14: 12 | AU14: 1201.2 | AV14: 100.1 | AW14: =RANK(AV14, AV$7:AV$21) -> 6 | AZ14: =RANK(AX14, $K$7:AX$21) -> #N/A | BB14: =RANK(BA14, BA$7:BA$21) -> #N/A
C15: 9 | M15: =RANK(K15, $K$7:K$21) -> #N/A | S15: =RANK(R15, R$7:R$21) -> #N/A | X15: =RANK(W15, W$7:W$21) -> #N/A | AC15: =RANK(AB15, AB$7:AB$21) -> #N/A | AH15: =RANK(AG15, AG$7:AG$21) -> #N/A | AM15: =RANK(AL15, AL$7:AL$21) -> #N/A | AR15: =RANK(AQ15, AQ$7:AQ$21) -> #N/A | AW15: =RANK(AV15, AV$7:AV$21) -> #N/A | AZ15: =RANK(AX15, $K$7:AX$21) -> #N/A | BB15: =RANK(BA15, BA$7:BA$21) -> #N/A
C16: 10 | M16: =RANK(K16, $K$7:K$21) -> #N/A | S16: =RANK(R16, R$7:R$21) -> #N/A | X16: =RANK(W16, W$7:W$21) -> #N/A | AC16: =RANK(AB16, AB$7:AB$21) -> #N/A | AH16: =RANK(AG16, AG$7:AG$21) -> #N/A | AM16: =RANK(AL16, AL$7:AL$21) -> #N/A | AR16: =RANK(AQ16, AQ$7:AQ$21) -> #N/A | AW16: =RANK(AV16, AV$7:AV$21) -> #N/A | AZ16: =RANK(AX16, $K$7:AX$21) -> #N/A | BB16: =RANK(BA16, BA$7:BA$21) -> #N/A
C17: 11 | M17: =RANK(K17, $K$7:K$21) -> #N/A | S17: =RANK(R17, R$7:R$21) -> #N/A | X17: =RANK(W17, W$7:W$21) -> #N/A | AC17: =RANK(AB17, AB$7:AB$21) -> #N/A | AH17: =RANK(AG17, AG$7:AG$21) -> #N/A | AM17: =RANK(AL17, AL$7:AL$21) -> #N/A | AR17: =RANK(AQ17, AQ$7:AQ$21) -> #N/A | AW17: =RANK(AV17, AV$7:AV$21) -> #N/A | AZ17: =RANK(AX17, $K$7:AX$21) -> #N/A | BB17: =RANK(BA17, BA$7:BA$21) -> #N/A
C18: 12 | M18: =RANK(K18, $K$7:K$21) -> #N/A | S18: =RANK(R18, R$7:R$21) -> #N/A | X18: =RANK(W18, W$7:W$21) -> #N/A | AC18: =RANK(AB18, AB$7:AB$21) -> #N/A | AH18: =RANK(AG18, AG$7:AG$21) -> #N/A | AM18: =RANK(AL18, AL$7:AL$21) -> #N/A | AR18: =RANK(AQ18, AQ$7:AQ$21) -> #N/A | AW18: =RANK(AV18, AV$7:AV$21) -> #N/A | AZ18: =RANK(AX18, $K$7:AX$21) -> #N/A | BB18: =RANK(BA18, BA$7:BA$21) -> #N/A
C19: 13 | M19: =RANK(K19, $K$7:K$21) -> #N/A | S19: =RANK(R19, R$7:R$21) -> #N/A | X19: =RANK(W19, W$7:W$21) -> #N/A | AC19: =RANK(AB19, AB$7:AB$21) -> #N/A | AH19: =RANK(AG19, AG$7:AG$21) -> #N/A | AM19: =RANK(AL19, AL$7:AL$21) -> #N/A | AR19: =RANK(AQ19, AQ$7:AQ$21) -> #N/A | AW19: =RANK(AV19, AV$7:AV$21) -> #N/A | AZ19: =RANK(AX19, $K$7:AX$21) -> #N/A | BB19: =RANK(BA19, BA$7:BA$21) -> #N/A
C20: 14 | M20: =RANK(K20, $K$7:K$21) -> #N/A | S20: =RANK(R20, R$7:R$21) -> #N/A | X20: =RANK(W20, W$7:W$21) -> #N/A | AC20: =RANK(AB20, AB$7:AB$21) -> #N/A | AH20: =RANK(AG20, AG$7:AG$21) -> #N/A | AM20: =RANK(AL20, AL$7:AL$21) -> #N/A | AR20: =RANK(AQ20, AQ$7:AQ$21) -> #N/A | AW20: =RANK(AV20, AV$7:AV$21) -> #N/A | AZ20: =RANK(AX20, $K$7:AX$21) -> #N/A | BB20: =RANK(BA20, BA$7:BA$21) -> #N/A
C21: 15 | M21: =RANK(K21, $K$7:K$21) -> #N/A | S21: =RANK(R21, R$7:R$21) -> #N/A | X21: =RANK(W21, W$7:W$21) -> #N/A | AC21: =RANK(AB21, AB$7:AB$21) -> #N/A | AH21: =RANK(AG21, AG$7:AG$21) -> #N/A | AM21: =RANK(AL21, AL$7:AL$21) -> #N/A | AR21: =RANK(AQ21, AQ$7:AQ$21) -> #N/A | AW21: =RANK(AV21, AV$7:AV$21) -> #N/A | AZ21: =RANK(AX21, $K$7:AX$21) -> #N/A | BB21: =RANK(BA21, BA$7:BA$21) -> #N/A
B22: 產線配置圖－每週更新 | N22: 資料繳交 | O22: 日期 | P22: =AT2+1 -> 45965 | U22: =P22+1 -> 45966 | Z22: =U22+1 -> 45967 | AE22: =Z22+1 -> 45968 | AJ22: =AE22+1 -> 45969 | AO22: =AJ22+1 -> 45970 | AT22: =AO22+1 -> 45971
P23: 二 | U23: 三 | Z23: 四 | AE23: 五 | AJ23: 六 | AO23: 日 | AT23: 一
B24: 品群 | C24: 商品名稱 | E24: 計畫 | H24: 平均人時性 | I24: 實績 | L24: 平均人時性 | M24: 排名 | O24: 日報 | P24: 實際 | T24: 平均人時性 | U24: 實際 | Y24: 平均人時性 | Z24: 實際 | AD24: 平均人時性 | AE24: 實際 | AI24: 平均人時性 | AJ24: 實際 | AN24: 平均人時性 | AO24: 實際 | AS24: 平均人時性 | AT24: 實際 | AX24: 平均人時性
E25: 產線配置圖 | I25: 產線配置圖 | P25: 生產實績 | U25: 生產實績 | Z25: 生產實績 | AE25: 生產實績 | AJ25: 生產實績 | AO25: 生產實績 | AT25: 生產實績
E26: 人數 | F26: 產能／時 | G26: 人時性 | I26: 人數 | J26: 產能／時 | K26: 人時性 | P26: 人數 | Q26: 產能／時 | R26: 人時性 | S26: 排名 | U26: 人數 | V26: 產能／時 | W26: 人時性 | X26: 排名 | Z26: 人數 | AA26: 產能／時 | AB26: 人時性 | AC26: 排名 | AE26: 人數 | AF26: 產能／時 | AG26: 人時性 | AH26: 排名 | AJ26: 人數 | AK26: 產能／時 | AL26: 人時性 | AM26: 排名 | AO26: 人數 | AP26: 產能／時 | AQ26: 人時性 | AR26: 排名 | AT26: 人數 | AU26: 產能／時 | AV26: 人時性 | AW26: 排名
B27: 18℃-壽司手卷 | C27: 1 | D27: 長野稻荷壽司 | E27: 10 | F27: 1500 | G27: 150 | H27: =AVERAGE(G27:G41) -> 181.25 | I27: =AVERAGE(P27,U27,Z27,AE27,AJ27,AO27,AT27) -> 10 | J27: =AVERAGE(Q27,V27,AA27,AF27,AK27,AP27,AU27) -> 828.64043 | K27: =AVERAGE(R27,W27,AB27,AG27,AL27,AQ27,AV27) -> 82.864043 | L27: =IFERROR(AVERAGE(K27:K41),"-") -> 182.18847 | M27: =RANK(K27, K$27:$K$41) -> 8 | P27: 10 | Q27: 725.45455 | R27: 72.545455 | S27: =RANK(R27, R$27:R$41) -> 8 | T27: =AVERAGE(R27:R41) -> 180.87739 | U27: 10 | V27: 1374.7826 | W27: 137.47826 | X27: =RANK(W27, W$27:W$41) -> 6 | Y27: =AVERAGE(W27:W41) -> 189.77137 | Z27: 10 | AA27: 726 | AB27: 72.6 | AC27: =RANK(AB27, AB$27:AB$41) -> 8 | AD27: =AVERAGE(AB27:AB41) -> 180.97616 | AE27: 10 | AF27: 749.14286 | AG27: 74.914286 | AH27: =RANK(AG27, AG$27:AG$41) -> 8 | AI27: =AVERAGE(AG27:AG41) -> 184.50551 | AJ27: 10 | AK27: 747.42857 | AL27: 74.742857 | AM27: =RANK(AL27, AL$27:AL$41) -> 8 | AN27: =AVERAGE(AL27:AL41) -> 176.50413 | AO27: 10 | AP27: 752.09302 | AQ27: 75.209302 | AR27: =RANK(AQ27, AQ$27:AQ$41) -> 8 | AS27: =AVERAGE(AQ27:AQ41) -> 181.3794 | AT27: 10 | AU27: 725.5814 | AV27: 72.55814 | AW27: =RANK(AV27, AV$27:AV$41) -> 8 | AX27: =AVERAGE(AV27:AV41) -> 181.30533
C28: 2 | D28: 雙饗雙手卷 | E28: 15 | F28: 1800 | G28: 120 | I28: =AVERAGE(P28,U28,Z28,AE28,AJ28,AO28,AT28) -> 12.142857 | J28: =AVERAGE(Q28,V28,AA28,AF28,AK28,AP28,AU28) -> 1781.6909 | K28: =AVERAGE(R28,W28,AB28,AG28,AL28,AQ28,AV28) -> 146.74775 | M28: =RANK(K28, K$27:$K$41) -> 4 | P28: 12 | Q28: 1746 | R28: 145.5 | S28: =RANK(R28, R$27:R$41) -> 5 | U28: 12 | V28: 1761.6 | W28: 146.8 | X28: =RANK(W28, W$27:W$41) -> 5 | Z28: 13 | AA28: 1885.3333 | AB28: 145.02564 | AC28: =RANK(AB28, AB$27:AB$41) -> 4 | AE28: 12 | AF28: 1706.6667 | AG28: 142.22222 | AH28: =RANK(AG28, AG$27:AG$41) -> 5 | AJ28: 12 | AK28: 1875 | AL28: 156.25 | AM28: =RANK(AL28, AL$27:AL$41) -> 4 | AO28: 12 | AP28: 1723.6364 | AQ28: 143.63636 | AR28: =RANK(AQ28, AQ$27:AQ$41) -> 4 | AT28: 12 | AU28: 1773.6 | AV28: 147.8 | AW28: =RANK(AV28, AV$27:AV$41) -> 4
C29: 3 | D29: 海饌雙手卷 | E29: 15 | F29: 1800 | G29: 120 | I29: =AVERAGE(P29,U29,Z29,AE29,AJ29,AO29,AT29) -> 12.142857 | J29: =AVERAGE(Q29,V29,AA29,AF29,AK29,AP29,AU29) -> 1745.9203 | K29: =AVERAGE(R29,W29,AB29,AG29,AL29,AQ29,AV29) -> 143.90325 | M29: =RANK(K29, K$27:$K$41) -> 5 | P29: 12 | Q29: 1780.8 | R29: 148.4 | S29: =RANK(R29, R$27:R$41) -> 4 | U29: 12 | V29: 1922.6667 | W29: 160.22222 | X29: =RANK(W29, W$27:W$41) -> 4 | Z29: 13 | AA29: 1736.4 | AB29: 133.56923 | AC29: =RANK(AB29, AB$27:AB$41) -> 5 | AE29: 12 | AF29: 1752 | AG29: 146 | AH29: =RANK(AG29, AG$27:AG$41) -> 4 | AJ29: 12 | AK29: 1694.6667 | AL29: 141.22222 | AM29: =RANK(AL29, AL$27:AL$41) -> 5 | AO29: 12 | AP29: 1722.5455 | AQ29: 143.54545 | AR29: =RANK(AQ29, AQ$27:AQ$41) -> 5 | AT29: 12 | AU29: 1612.3636 | AV29: 134.36364 | AW29: =RANK(AV29, AV$27:AV$41) -> 5
C30: 4 | D30: 雙鬆細卷 | E30: 5 | F30: 1500 | G30: 300 | I30: =AVERAGE(P30,U30,Z30,AE30,AJ30,AO30,AT30) -> 5 | J30: =AVERAGE(Q30,V30,AA30,AF30,AK30,AP30,AU30) -> 1521.8019 | K30: =AVERAGE(R30,W30,AB30,AG30,AL30,AQ30,AV30) -> 304.36039 | M30: =RANK(K30, K$27:$K$41) -> 1 | P30: 5 | Q30: 1478.5714 | R30: 295.71429 | S30: =RANK(R30, R$27:R$41) -> 3 | U30: 5 | V30: 1506.9231 | W30: 301.38462 | X30: =RANK(W30, W$27:W$41) -> 1 | Z30: 5 | AA30: 1500 | AB30: 300 | AC30: =RANK(AB30, AB$27:AB$41) -> 1 | AE30: 5 | AF30: 1554.2857 | AG30: 310.85714 | AH30: =RANK(AG30, AG$27:AG$41) -> 2 | AJ30: 5 | AK30: 1549.5 | AL30: 309.9 | AM30: =RANK(AL30, AL$27:AL$41) -> 1 | AO30: 5 | AP30: 1530 | AQ30: 306 | AR30: =RANK(AQ30, AQ$27:AQ$41) -> 1 | AT30: 5 | AU30: 1533.3333 | AV30: 306.66667 | AW30: =RANK(AV30, AV$27:AV$41) -> 1
C31: 5 | D31: 經典鮪魚沙拉細卷 | E31: 5 | F31: 1500 | G31: 300 | I31: =AVERAGE(P31,U31,Z31,AE31,AJ31,AO31,AT31) -> 5 | J31: =AVERAGE(Q31,V31,AA31,AF31,AK31,AP31,AU31) -> 1488.2363 | K31: =AVERAGE(R31,W31,AB31,AG31,AL31,AQ31,AV31) -> 297.64726 | M31: =RANK(K31, K$27:$K$41) -> 2 | P31: 5 | Q31: 1504.6154 | R31: 300.92308 | S31: =RANK(R31, R$27:R$41) -> 2 | U31: 5 | V31: 1501.2 | W31: 300.24 | X31: =RANK(W31, W$27:W$41) -> 2 | Z31: 5 | AA31: 1494.7826 | AB31: 298.95652 | AC31: =RANK(AB31, AB$27:AB$41) -> 2 | AE31: 5 | AF31: 1573.5 | AG31: 314.7 | AH31: =RANK(AG31, AG$27:AG$41) -> 1 | AJ31: 5 | AK31: 1358.6667 | AL31: 271.73333 | AM31: =RANK(AL31, AL$27:AL$41) -> 2 | AO31: 5 | AP31: 1495.102 | AQ31: 299.02041 | AR31: =RANK(AQ31, AQ$27:AQ$41) -> 2 | AT31: 5 | AU31: 1489.7872 | AV31: 297.95745 | AW31: =RANK(AV31, AV$27:AV$41) -> 3
C32: 6 | D32: 香濃起司蟹風味棒細卷 | E32: 5 | F32: 1500 | G32: 300 | I32: =AVERAGE(P32,U32,Z32,AE32,AJ32,AO32,AT32) -> 5 | J32: =AVERAGE(Q32,V32,AA32,AF32,AK32,AP32,AU32) -> 1475.0925 | K32: =AVERAGE(R32,W32,AB32,AG32,AL32,AQ32,AV32) -> 295.0185 | M32: =RANK(K32, K$27:$K$41) -> 3 | P32: 5 | Q32: 1505.1429 | R32: 301.02857 | S32: =RANK(R32, R$27:R$41) -> 1 | U32: 5 | V32: 1466.8421 | W32: 293.36842 | X32: =RANK(W32, W$27:W$41) -> 3 | Z32: 5 | AA32: 1490.3226 | AB32: 298.06452 | AC32: =RANK(AB32, AB$27:AB$41) -> 3 | AE32: 5 | AF32: 1524.4444 | AG32: 304.88889 | AH32: =RANK(AG32, AG$27:AG$41) -> 3 | AJ32: 5 | AK32: 1334 | AL32: 266.8 | AM32: =RANK(AL32, AL$27:AL$41) -> 3 | AO32: 5 | AP32: 1489.4118 | AQ32: 297.88235 | AR32: =RANK(AQ32, AQ$27:AQ$41) -> 3 | AT32: 5 | AU32: 1515.4839 | AV32: 303.09677 | AW32: =RANK(AV32, AV$27:AV$41) -> 2
C33: 7 | D33: 滿滿海鮮沙拉脆卷 | E33: 15 | F33: 1200 | G33: 80 | I33: =AVERAGE(P33,U33,Z33,AE33,AJ33,AO33,AT33) -> 12.857143 | J33: =AVERAGE(Q33,V33,AA33,AF33,AK33,AP33,AU33) -> 1213.2109 | K33: =AVERAGE(R33,W33,AB33,AG33,AL33,AQ33,AV33) -> 94.447933 | M33: =RANK(K33, K$27:$K$41) -> 6 | P33: 13 | Q33: 1176 | R33: 90.461538 | S33: =RANK(R33, R$27:R$41) -> 7 | U33: 13 | V33: 1125.3333 | W33: 86.564103 | X33: =RANK(W33, W$27:W$41) -> 8 | Z33: 12 | AA33: 1227.4286 | AB33: 102.28571 | AC33: =RANK(AB33, AB$27:AB$41) -> 6 | AE33: 13 | AF33: 1222 | AG33: 94 | AH33: =RANK(AG33, AG$27:AG$41) -> 6 | AJ33: 13 | AK33: 1260 | AL33: 96.923077 | AM33: =RANK(AL33, AL$27:AL$41) -> 6 | AO33: 13 | AP33: 1225.7143 | AQ33: 94.285714 | AR33: =RANK(AQ33, AQ$27:AQ$41) -> 6 | AT33: 13 | AU33: 1256 | AV33: 96.615385 | AW33: =RANK(AV33, AV$27:AV$41) -> 6
C34: 8 | D34: 明太子玉子脆卷 | E34: 15 | F34: 1200 | G34: 80 | I34: =AVERAGE(P34,U34,Z34,AE34,AJ34,AO34,AT34) -> 12.857143 | J34: =AVERAGE(Q34,V34,AA34,AF34,AK34,AP34,AU34) -> 1188.8413 | K34: =AVERAGE(R34,W34,AB34,AG34,AL34,AQ34,AV34) -> 92.518646 | M34: =RANK(K34, K$27:$K$41) -> 7 | P34: 13 | Q34: 1201.8 | R34: 92.446154 | S34: =RANK(R34, R$27:R$41) -> 6 | U34: 13 | V34: 1197.4737 | W34: 92.11336 | X34: =RANK(W34, W$27:W$41) -> 7 | Z34: 12 | AA34: 1167.6923 | AB34: 97.307692 | AC34: =RANK(AB34, AB$27:AB$41) -> 7 | AE34: 13 | AF34: 1150 | AG34: 88.461538 | AH34: =RANK(AG34, AG$27:AG$41) -> 7 | AJ34: 13 | AK34: 1228 | AL34: 94.461538 | AM34: =RANK(AL34, AL$27:AL$41) -> 7 | AO34: 13 | AP34: 1188.9231 | AQ34: 91.455621 | AR34: =RANK(AQ34, AQ$27:AQ$41) -> 7 | AT34: 13 | AU34: 1188 | AV34: 91.384615 | AW34: =RANK(AV34, AV$27:AV$41) -> 7
C35: 9 | M35: =RANK(K35, K$27:$K$41) -> #N/A | S35: =RANK(R35, R$27:R$41) -> #N/A | X35: =RANK(W35, W$27:W$41) -> #N/A | AC35: =RANK(AB35, AB$27:AB$41) -> #N/A | AH35: =RANK(AG35, AG$27:AG$41) -> #N/A | AM35: =RANK(AL35, AL$27:AL$41) -> #N/A | AR35: =RANK(AQ35, AQ$27:AQ$41) -> #N/A | AW35: =RANK(AV35, AV$27:AV$41) -> #N/A
C36: 10 | M36: =RANK(K36, K$27:$K$41) -> #N/A | S36: =RANK(R36, R$27:R$41) -> #N/A | X36: =RANK(W36, W$27:W$41) -> #N/A | AC36: =RANK(AB36, AB$27:AB$41) -> #N/A | AH36: =RANK(AG36, AG$27:AG$41) -> #N/A | AM36: =RANK(AL36, AL$27:AL$41) -> #N/A | AR36: =RANK(AQ36, AQ$27:AQ$41) -> #N/A | AW36: =RANK(AV36, AV$27:AV$41) -> #N/A
C37: 11 | M37: =RANK(K37, K$27:$K$41) -> #N/A | S37: =RANK(R37, R$27:R$41) -> #N/A | X37: =RANK(W37, W$27:W$41) -> #N/A | AC37: =RANK(AB37, AB$27:AB$41) -> #N/A | AH37: =RANK(AG37, AG$27:AG$41) -> #N/A | AM37: =RANK(AL37, AL$27:AL$41) -> #N/A | AR37: =RANK(AQ37, AQ$27:AQ$41) -> #N/A | AW37: =RANK(AV37, AV$27:AV$41) -> #N/A
C38: 12 | M38: =RANK(K38, K$27:$K$41) -> #N/A | S38: =RANK(R38, R$27:R$41) -> #N/A | X38: =RANK(W38, W$27:W$41) -> #N/A | AC38: =RANK(AB38, AB$27:AB$41) -> #N/A | AH38: =RANK(AG38, AG$27:AG$41) -> #N/A | AM38: =RANK(AL38, AL$27:AL$41) -> #N/A | AR38: =RANK(AQ38, AQ$27:AQ$41) -> #N/A | AW38: =RANK(AV38, AV$27:AV$41) -> #N/A
C39: 13 | M39: =RANK(K39, K$27:$K$41) -> #N/A | S39: =RANK(R39, R$27:R$41) -> #N/A | X39: =RANK(W39, W$27:W$41) -> #N/A | AC39: =RANK(AB39, AB$27:AB$41) -> #N/A | AH39: =RANK(AG39, AG$27:AG$41) -> #N/A | AM39: =RANK(AL39, AL$27:AL$41) -> #N/A | AR39: =RANK(AQ39, AQ$27:AQ$41) -> #N/A | AW39: =RANK(AV39, AV$27:AV$41) -> #N/A
C40: 14 | M40: =RANK(K40, K$27:$K$41) -> #N/A | S40: =RANK(R40, R$27:R$41) -> #N/A | X40: =RANK(W40, W$27:W$41) -> #N/A | AC40: =RANK(AB40, AB$27:AB$41) -> #N/A | AH40: =RANK(AG40, AG$27:AG$41) -> #N/A | AM40: =RANK(AL40, AL$27:AL$41) -> #N/A | AR40: =RANK(AQ40, AQ$27:AQ$41) -> #N/A | AW40: =RANK(AV40, AV$27:AV$41) -> #N/A
C41: 15 | M41: =RANK(K41, K$27:$K$41) -> #N/A | S41: =RANK(R41, R$27:R$41) -> #N/A | X41: =RANK(W41, W$27:W$41) -> #N/A | AC41: =RANK(AB41, AB$27:AB$41) -> #N/A | AH41: =RANK(AG41, AG$27:AG$41) -> #N/A | AM41: =RANK(AL41, AL$27:AL$41) -> #N/A | AR41: =RANK(AQ41, AQ$27:AQ$41) -> #N/A | AW41: =RANK(AV41, AV$27:AV$41) -> #N/A
B42: 產線配置圖－每週更新 | N42: 資料繳交 | O42: 日期 | P42: =P22+7 -> 45972 | U42: =P42+1 -> 45973 | Z42: =U42+1 -> 45974 | AE42: =Z42+1 -> 45975 | AJ42: =AE42+1 -> 45976 | AO42: =AJ42+1 -> 45977 | AT42: =AO42+1 -> 45978
P43: 二 | U43: 三 | Z43: 四 | AE43: 五 | AJ43: 六 | AO43: 日 | AT43: 一
B44: 品群 | C44: 商品名稱 | E44: 計畫 | H44: 平均人時性 | I44: 實績 | L44: 平均人時性 | M44: 排名 | O44: 日報 | P44: 實際 | T44: 平均人時性 | U44: 實際 | Y44: 平均人時性 | Z44: 實際 | AD44: 平均人時性 | AE44: 實際 | AI44: 平均人時性 | AJ44: 實際 | AN44: 平均人時性 | AO44: 實際 | AS44: 平均人時性 | AT44: 實際 | AX44: 平均人時性
E45: 產線配置圖 | I45: 產線配置圖 | P45: 生產實績 | U45: 生產實績 | Z45: 生產實績 | AE45: 生產實績 | AJ45: 生產實績 | AO45: 生產實績 | AT45: 生產實績
E46: 人數 | F46: 產能／時 | G46: 人時性 | I46: 人數 | J46: 產能／時 | K46: 人時性 | P46: 人數 | Q46: 產能／時 | R46: 人時性 | S46: 排名 | U46: 人數 | V46: 產能／時 | W46: 人時性 | X46: 排名 | Z46: 人數 | AA46: 產能／時 | AB46: 人時性 | AC46: 排名 | AE46: 人數 | AF46: 產能／時 | AG46: 人時性 | AH46: 排名 | AJ46: 人數 | AK46: 產能／時 | AL46: 人時性 | AM46: 排名 | AO46: 人數 | AP46: 產能／時 | AQ46: 人時性 | AR46: 排名 | AT46: 人數 | AU46: 產能／時 | AV46: 人時性 | AW46: 排名
B47: 18℃-壽司手卷 | C47: 1 | H47: =AVERAGE(G47:G61) -> #DIV/0! | I47: =AVERAGE(P47,U47,Z47,AE47,AJ47,AO47,AT47) -> #DIV/0! | J47: =AVERAGE(Q47,V47,AA47,AF47,AK47,AP47,AU47) -> #DIV/0! | K47: =AVERAGE(R47,W47,AB47,AG47,AL47,AQ47,AV47) -> #DIV/0! | L47: =IFERROR(AVERAGE(K47:K61),"-") -> - | M47: =RANK(K47, K$47:$K$61) -> #DIV/0! | S47: =RANK(R47, R$47:R$61) -> #N/A | T47: =AVERAGE(R47:R61) -> #DIV/0! | X47: =RANK(W47, W$47:W$61) -> #N/A | Y47: =AVERAGE(W47:W61) -> #DIV/0! | AC47: =RANK(AB47, AB$47:AB$61) -> #N/A | AD47: =AVERAGE(AB47:AB61) -> #DIV/0! | AH47: =RANK(AG47, AG$47:AG$61) -> #N/A | AI47: =AVERAGE(AG47:AG61) -> #DIV/0! | AM47: =RANK(AL47, AL$47:AL$61) -> #N/A | AN47: =AVERAGE(AL47:AL61) -> #DIV/0! | AR47: =RANK(AQ47, AQ$47:AQ$61) -> #N/A | AS47: =AVERAGE(AQ47:AQ61) -> #DIV/0! | AW47: =RANK(AV47, AV$47:AV$61) -> #N/A | AX47: =AVERAGE(AV47:AV61) -> #DIV/0!
C48: 2 | I48: =AVERAGE(P48,U48,Z48,AE48,AJ48,AO48,AT48) -> #DIV/0! | J48: =AVERAGE(Q48,V48,AA48,AF48,AK48,AP48,AU48) -> #DIV/0! | K48: =AVERAGE(R48,W48,AB48,AG48,AL48,AQ48,AV48) -> #DIV/0! | M48: =RANK(K48, K$47:$K$61) -> #DIV/0! | S48: =RANK(R48, R$47:R$61) -> #N/A | X48: =RANK(W48, W$47:W$61) -> #N/A | AC48: =RANK(AB48, AB$47:AB$61) -> #N/A | AH48: =RANK(AG48, AG$47:AG$61) -> #N/A | AM48: =RANK(AL48, AL$47:AL$61) -> #N/A | AR48: =RANK(AQ48, AQ$47:AQ$61) -> #N/A | AW48: =RANK(AV48, AV$47:AV$61) -> #N/A
C49: 3 | I49: =AVERAGE(P49,U49,Z49,AE49,AJ49,AO49,AT49) -> #DIV/0! | J49: =AVERAGE(Q49,V49,AA49,AF49,AK49,AP49,AU49) -> #DIV/0! | K49: =AVERAGE(R49,W49,AB49,AG49,AL49,AQ49,AV49) -> #DIV/0! | M49: =RANK(K49, K$47:$K$61) -> #DIV/0! | S49: =RANK(R49, R$47:R$61) -> #N/A | X49: =RANK(W49, W$47:W$61) -> #N/A | AC49: =RANK(AB49, AB$47:AB$61) -> #N/A | AH49: =RANK(AG49, AG$47:AG$61) -> #N/A | AM49: =RANK(AL49, AL$47:AL$61) -> #N/A | AR49: =RANK(AQ49, AQ$47:AQ$61) -> #N/A | AW49: =RANK(AV49, AV$47:AV$61) -> #N/A
C50: 4 | I50: =AVERAGE(P50,U50,Z50,AE50,AJ50,AO50,AT50) -> #DIV/0! | J50: =AVERAGE(Q50,V50,AA50,AF50,AK50,AP50,AU50) -> #DIV/0! | K50: =AVERAGE(R50,W50,AB50,AG50,AL50,AQ50,AV50) -> #DIV/0! | M50: =RANK(K50, K$47:$K$61) -> #DIV/0! | S50: =RANK(R50, R$47:R$61) -> #N/A | X50: =RANK(W50, W$47:W$61) -> #N/A | AC50: =RANK(AB50, AB$47:AB$61) -> #N/A | AH50: =RANK(AG50, AG$47:AG$61) -> #N/A | AM50: =RANK(AL50, AL$47:AL$61) -> #N/A | AR50: =RANK(AQ50, AQ$47:AQ$61) -> #N/A | AW50: =RANK(AV50, AV$47:AV$61) -> #N/A
C51: 5 | I51: =AVERAGE(P51,U51,Z51,AE51,AJ51,AO51,AT51) -> #DIV/0! | J51: =AVERAGE(Q51,V51,AA51,AF51,AK51,AP51,AU51) -> #DIV/0! | K51: =AVERAGE(R51,W51,AB51,AG51,AL51,AQ51,AV51) -> #DIV/0! | M51: =RANK(K51, K$47:$K$61) -> #DIV/0! | S51: =RANK(R51, R$47:R$61) -> #N/A | X51: =RANK(W51, W$47:W$61) -> #N/A | AC51: =RANK(AB51, AB$47:AB$61) -> #N/A | AH51: =RANK(AG51, AG$47:AG$61) -> #N/A | AM51: =RANK(AL51, AL$47:AL$61) -> #N/A | AR51: =RANK(AQ51, AQ$47:AQ$61) -> #N/A | AW51: =RANK(AV51, AV$47:AV$61) -> #N/A
C52: 6 | I52: =AVERAGE(P52,U52,Z52,AE52,AJ52,AO52,AT52) -> #DIV/0! | J52: =AVERAGE(Q52,V52,AA52,AF52,AK52,AP52,AU52) -> #DIV/0! | K52: =AVERAGE(R52,W52,AB52,AG52,AL52,AQ52,AV52) -> #DIV/0! | M52: =RANK(K52, K$47:$K$61) -> #DIV/0! | S52: =RANK(R52, R$47:R$61) -> #N/A | X52: =RANK(W52, W$47:W$61) -> #N/A | AC52: =RANK(AB52, AB$47:AB$61) -> #N/A | AH52: =RANK(AG52, AG$47:AG$61) -> #N/A | AM52: =RANK(AL52, AL$47:AL$61) -> #N/A | AR52: =RANK(AQ52, AQ$47:AQ$61) -> #N/A | AW52: =RANK(AV52, AV$47:AV$61) -> #N/A
C53: 7 | I53: =AVERAGE(P53,U53,Z53,AE53,AJ53,AO53,AT53) -> #DIV/0! | J53: =AVERAGE(Q53,V53,AA53,AF53,AK53,AP53,AU53) -> #DIV/0! | K53: =AVERAGE(R53,W53,AB53,AG53,AL53,AQ53,AV53) -> #DIV/0! | M53: =RANK(K53, K$47:$K$61) -> #DIV/0! | S53: =RANK(R53, R$47:R$61) -> #N/A | X53: =RANK(W53, W$47:W$61) -> #N/A | AC53: =RANK(AB53, AB$47:AB$61) -> #N/A | AH53: =RANK(AG53, AG$47:AG$61) -> #N/A | AM53: =RANK(AL53, AL$47:AL$61) -> #N/A | AR53: =RANK(AQ53, AQ$47:AQ$61) -> #N/A | AW53: =RANK(AV53, AV$47:AV$61) -> #N/A
C54: 8 | M54: =RANK(K54, K$47:$K$61) -> #DIV/0! | S54: =RANK(R54, R$47:R$61) -> #N/A | X54: =RANK(W54, W$47:W$61) -> #N/A | AC54: =RANK(AB54, AB$47:AB$61) -> #N/A | AH54: =RANK(AG54, AG$47:AG$61) -> #N/A | AM54: =RANK(AL54, AL$47:AL$61) -> #N/A | AR54: =RANK(AQ54, AQ$47:AQ$61) -> #N/A | AW54: =RANK(AV54, AV$47:AV$61) -> #N/A
C55: 9 | M55: =RANK(K55, K$47:$K$61) -> #DIV/0! | S55: =RANK(R55, R$47:R$61) -> #N/A | X55: =RANK(W55, W$47:W$61) -> #N/A | AC55: =RANK(AB55, AB$47:AB$61) -> #N/A | AH55: =RANK(AG55, AG$47:AG$61) -> #N/A | AM55: =RANK(AL55, AL$47:AL$61) -> #N/A | AR55: =RANK(AQ55, AQ$47:AQ$61) -> #N/A | AW55: =RANK(AV55, AV$47:AV$61) -> #N/A
C56: 10 | M56: =RANK(K56, K$47:$K$61) -> #DIV/0! | S56: =RANK(R56, R$47:R$61) -> #N/A | X56: =RANK(W56, W$47:W$61) -> #N/A | AC56: =RANK(AB56, AB$47:AB$61) -> #N/A | AH56: =RANK(AG56, AG$47:AG$61) -> #N/A | AM56: =RANK(AL56, AL$47:AL$61) -> #N/A | AR56: =RANK(AQ56, AQ$47:AQ$61) -> #N/A | AW56: =RANK(AV56, AV$47:AV$61) -> #N/A
C57: 11 | M57: =RANK(K57, K$47:$K$61) -> #DIV/0! | S57: =RANK(R57, R$47:R$61) -> #N/A | X57: =RANK(W57, W$47:W$61) -> #N/A | AC57: =RANK(AB57, AB$47:AB$61) -> #N/A | AH57: =RANK(AG57, AG$47:AG$61) -> #N/A | AM57: =RANK(AL57, AL$47:AL$61) -> #N/A | AR57: =RANK(AQ57, AQ$47:AQ$61) -> #N/A | AW57: =RANK(AV57, AV$47:AV$61) -> #N/A
C58: 12 | M58: =RANK(K58, K$47:$K$61) -> #DIV/0! | S58: =RANK(R58, R$47:R$61) -> #N/A | X58: =RANK(W58, W$47:W$61) -> #N/A | AC58: =RANK(AB58, AB$47:AB$61) -> #N/A | AH58: =RANK(AG58, AG$47:AG$61) -> #N/A | AM58: =RANK(AL58, AL$47:AL$61) -> #N/A | AR58: =RANK(AQ58, AQ$47:AQ$61) -> #N/A | AW58: =RANK(AV58, AV$47:AV$61) -> #N/A
C59: 13 | M59: =RANK(K59, K$47:$K$61) -> #DIV/0! | S59: =RANK(R59, R$47:R$61) -> #N/A | X59: =RANK(W59, W$47:W$61) -> #N/A | AC59: =RANK(AB59, AB$47:AB$61) -> #N/A | AH59: =RANK(AG59, AG$47:AG$61) -> #N/A | AM59: =RANK(AL59, AL$47:AL$61) -> #N/A | AR59: =RANK(AQ59, AQ$47:AQ$61) -> #N/A | AW59: =RANK(AV59, AV$47:AV$61) -> #N/A
C60: 14 | M60: =RANK(K60, K$47:$K$61) -> #DIV/0! | S60: =RANK(R60, R$47:R$61) -> #N/A | X60: =RANK(W60, W$47:W$61) -> #N/A | AC60: =RANK(AB60, AB$47:AB$61) -> #N/A | AH60: =RANK(AG60, AG$47:AG$61) -> #N/A | AM60: =RANK(AL60, AL$47:AL$61) -> #N/A | AR60: =RANK(AQ60, AQ$47:AQ$61) -> #N/A | AW60: =RANK(AV60, AV$47:AV$61) -> #N/A
C61: 15 | M61: =RANK(K61, K$47:$K$61) -> #DIV/0! | S61: =RANK(R61, R$47:R$61) -> #N/A | X61: =RANK(W61, W$47:W$61) -> #N/A | AC61: =RANK(AB61, AB$47:AB$61) -> #N/A | AH61: =RANK(AG61, AG$47:AG$61) -> #N/A | AM61: =RANK(AL61, AL$47:AL$61) -> #N/A | AR61: =RANK(AQ61, AQ$47:AQ$61) -> #N/A | AW61: =RANK(AV61, AV$47:AV$61) -> #N/A
B62: 產線配置圖－每週更新 | N62: 資料繳交 | O62: 日期 | P62: =P42+7 -> 45979 | U62: =P62+1 -> 45980 | Z62: =U62+1 -> 45981 | AE62: =Z62+1 -> 45982 | AJ62: =AE62+1 -> 45983 | AO62: =AJ62+1 -> 45984 | AT62: =AO62+1 -> 45985
P63: 二 | U63: 三 | Z63: 四 | AE63: 五 | AJ63: 六 | AO63: 日 | AT63: 一
B64: 品群 | C64: 商品名稱 | E64: 計畫 | H64: 平均人時性 | I64: 實績 | L64: 平均人時性 | M64: 排名 | O64: 日報 | P64: 實際 | T64: 平均人時性 | U64: 實際 | Y64: 平均人時性 | Z64: 實際 | AD64: 平均人時性 | AE64: 實際 | AI64: 平均人時性 | AJ64: 實際 | AN64: 平均人時性 | AO64: 實際 | AS64: 平均人時性 | AT64: 實際 | AX64: 平均人時性
E65: 產線配置圖 | I65: 產線配置圖 | P65: 生產實績 | U65: 生產實績 | Z65: 生產實績 | AE65: 生產實績 | AJ65: 生產實績 | AO65: 生產實績 | AT65: 生產實績
E66: 人數 | F66: 產能／時 | G66: 人時性 | I66: 人數 | J66: 產能／時 | K66: 人時性 | P66: 人數 | Q66: 產能／時 | R66: 人時性 | S66: 排名 | U66: 人數 | V66: 產能／時 | W66: 人時性 | X66: 排名 | Z66: 人數 | AA66: 產能／時 | AB66: 人時性 | AC66: 排名 | AE66: 人數 | AF66: 產能／時 | AG66: 人時性 | AH66: 排名 | AJ66: 人數 | AK66: 產能／時 | AL66: 人時性 | AM66: 排名 | AO66: 人數 | AP66: 產能／時 | AQ66: 人時性 | AR66: 排名 | AT66: 人數 | AU66: 產能／時 | AV66: 人時性 | AW66: 排名
B67: 18℃-壽司手卷 | C67: 1 | H67: =AVERAGE(G67:G81) -> #DIV/0! | I67: =AVERAGE(P67,U67,Z67,AE67,AJ67,AO67,AT67) -> #DIV/0! | J67: =AVERAGE(Q67,V67,AA67,AF67,AK67,AP67,AU67) -> #DIV/0! | K67: =AVERAGE(R67,W67,AB67,AG67,AL67,AQ67,AV67) -> #DIV/0! | L67: =IFERROR(AVERAGE(K67:K81),"-") -> - | M67: =RANK(K67, K$67:$K$81) -> #DIV/0! | S67: =RANK(R67, R$67:R$81) -> #N/A | T67: =AVERAGE(R67:R81) -> #DIV/0! | X67: =RANK(W67, W$67:W$81) -> #N/A | Y67: =AVERAGE(W67:W81) -> #DIV/0! | AC67: =RANK(AB67, AB$67:AB$81) -> #N/A | AD67: =AVERAGE(AB67:AB81) -> #DIV/0! | AH67: =RANK(AG67, AG$67:AG$81) -> #N/A | AI67: =AVERAGE(AG67:AG81) -> #DIV/0! | AM67: =RANK(AL67, AL$67:AL$81) -> #N/A | AN67: =AVERAGE(AL67:AL81) -> #DIV/0! | AR67: =RANK(AQ67, AQ$67:AQ$81) -> #N/A | AS67: =AVERAGE(AQ67:AQ81) -> #DIV/0! | AW67: =RANK(AV67, AV$67:AV$81) -> #N/A | AX67: =AVERAGE(AV67:AV81) -> #DIV/0!
C68: 2 | I68: =AVERAGE(P68,U68,Z68,AE68,AJ68,AO68,AT68) -> #DIV/0! | J68: =AVERAGE(Q68,V68,AA68,AF68,AK68,AP68,AU68) -> #DIV/0! | K68: =AVERAGE(R68,W68,AB68,AG68,AL68,AQ68,AV68) -> #DIV/0! | M68: =RANK(K68, K$67:$K$81) -> #DIV/0! | S68: =RANK(R68, R$67:R$81) -> #N/A | X68: =RANK(W68, W$67:W$81) -> #N/A | AC68: =RANK(AB68, AB$67:AB$81) -> #N/A | AH68: =RANK(AG68, AG$67:AG$81) -> #N/A | AM68: =RANK(AL68, AL$67:AL$81) -> #N/A | AR68: =RANK(AQ68, AQ$67:AQ$81) -> #N/A | AW68: =RANK(AV68, AV$67:AV$81) -> #N/A
C69: 3 | I69: =AVERAGE(P69,U69,Z69,AE69,AJ69,AO69,AT69) -> #DIV/0! | J69: =AVERAGE(Q69,V69,AA69,AF69,AK69,AP69,AU69) -> #DIV/0! | K69: =AVERAGE(R69,W69,AB69,AG69,AL69,AQ69,AV69) -> #DIV/0! | M69: =RANK(K69, K$67:$K$81) -> #DIV/0! | S69: =RANK(R69, R$67:R$81) -> #N/A | X69: =RANK(W69, W$67:W$81) -> #N/A | AC69: =RANK(AB69, AB$67:AB$81) -> #N/A | AH69: =RANK(AG69, AG$67:AG$81) -> #N/A | AM69: =RANK(AL69, AL$67:AL$81) -> #N/A | AR69: =RANK(AQ69, AQ$67:AQ$81) -> #N/A | AW69: =RANK(AV69, AV$67:AV$81) -> #N/A
C70: 4 | I70: =AVERAGE(P70,U70,Z70,AE70,AJ70,AO70,AT70) -> #DIV/0! | J70: =AVERAGE(Q70,V70,AA70,AF70,AK70,AP70,AU70) -> #DIV/0! | K70: =AVERAGE(R70,W70,AB70,AG70,AL70,AQ70,AV70) -> #DIV/0! | M70: =RANK(K70, K$67:$K$81) -> #DIV/0! | S70: =RANK(R70, R$67:R$81) -> #N/A | X70: =RANK(W70, W$67:W$81) -> #N/A | AC70: =RANK(AB70, AB$67:AB$81) -> #N/A | AH70: =RANK(AG70, AG$67:AG$81) -> #N/A | AM70: =RANK(AL70, AL$67:AL$81) -> #N/A | AR70: =RANK(AQ70, AQ$67:AQ$81) -> #N/A | AW70: =RANK(AV70, AV$67:AV$81) -> #N/A
C71: 5 | I71: =AVERAGE(P71,U71,Z71,AE71,AJ71,AO71,AT71) -> #DIV/0! | J71: =AVERAGE(Q71,V71,AA71,AF71,AK71,AP71,AU71) -> #DIV/0! | K71: =AVERAGE(R71,W71,AB71,AG71,AL71,AQ71,AV71) -> #DIV/0! | M71: =RANK(K71, K$67:$K$81) -> #DIV/0! | S71: =RANK(R71, R$67:R$81) -> #N/A | X71: =RANK(W71, W$67:W$81) -> #N/A | AC71: =RANK(AB71, AB$67:AB$81) -> #N/A | AH71: =RANK(AG71, AG$67:AG$81) -> #N/A | AM71: =RANK(AL71, AL$67:AL$81) -> #N/A | AR71: =RANK(AQ71, AQ$67:AQ$81) -> #N/A | AW71: =RANK(AV71, AV$67:AV$81) -> #N/A
C72: 6 | I72: =AVERAGE(P72,U72,Z72,AE72,AJ72,AO72,AT72) -> #DIV/0! | J72: =AVERAGE(Q72,V72,AA72,AF72,AK72,AP72,AU72) -> #DIV/0! | K72: =AVERAGE(R72,W72,AB72,AG72,AL72,AQ72,AV72) -> #DIV/0! | M72: =RANK(K72, K$67:$K$81) -> #DIV/0! | S72: =RANK(R72, R$67:R$81) -> #N/A | X72: =RANK(W72, W$67:W$81) -> #N/A | AC72: =RANK(AB72, AB$67:AB$81) -> #N/A | AH72: =RANK(AG72, AG$67:AG$81) -> #N/A | AM72: =RANK(AL72, AL$67:AL$81) -> #N/A | AR72: =RANK(AQ72, AQ$67:AQ$81) -> #N/A | AW72: =RANK(AV72, AV$67:AV$81) -> #N/A
C73: 7 | I73: =AVERAGE(P73,U73,Z73,AE73,AJ73,AO73,AT73) -> #DIV/0! | J73: =AVERAGE(Q73,V73,AA73,AF73,AK73,AP73,AU73) -> #DIV/0! | K73: =AVERAGE(R73,W73,AB73,AG73,AL73,AQ73,AV73) -> #DIV/0! | M73: =RANK(K73, K$67:$K$81) -> #DIV/0! | S73: =RANK(R73, R$67:R$81) -> #N/A | X73: =RANK(W73, W$67:W$81) -> #N/A | AC73: =RANK(AB73, AB$67:AB$81) -> #N/A | AH73: =RANK(AG73, AG$67:AG$81) -> #N/A | AM73: =RANK(AL73, AL$67:AL$81) -> #N/A | AR73: =RANK(AQ73, AQ$67:AQ$81) -> #N/A | AW73: =RANK(AV73, AV$67:AV$81) -> #N/A
C74: 8 | I74: =AVERAGE(P74,U74,Z74,AE74,AJ74,AO74,AT74) -> #DIV/0! | J74: =AVERAGE(Q74,V74,AA74,AF74,AK74,AP74,AU74) -> #DIV/0! | K74: =AVERAGE(R74,W74,AB74,AG74,AL74,AQ74,AV74) -> #DIV/0! | M74: =RANK(K74, K$67:$K$81) -> #DIV/0! | S74: =RANK(R74, R$67:R$81) -> #N/A | X74: =RANK(W74, W$67:W$81) -> #N/A | AC74: =RANK(AB74, AB$67:AB$81) -> #N/A | AH74: =RANK(AG74, AG$67:AG$81) -> #N/A | AM74: =RANK(AL74, AL$67:AL$81) -> #N/A | AR74: =RANK(AQ74, AQ$67:AQ$81) -> #N/A | AW74: =RANK(AV74, AV$67:AV$81) -> #N/A
C75: 9 | M75: =RANK(K75, K$67:$K$81) -> #DIV/0! | S75: =RANK(R75, R$67:R$81) -> #N/A | X75: =RANK(W75, W$67:W$81) -> #N/A | AC75: =RANK(AB75, AB$67:AB$81) -> #N/A | AH75: =RANK(AG75, AG$67:AG$81) -> #N/A | AM75: =RANK(AL75, AL$67:AL$81) -> #N/A | AR75: =RANK(AQ75, AQ$67:AQ$81) -> #N/A | AW75: =RANK(AV75, AV$67:AV$81) -> #N/A
C76: 10 | M76: =RANK(K76, K$67:$K$81) -> #DIV/0! | S76: =RANK(R76, R$67:R$81) -> #N/A | X76: =RANK(W76, W$67:W$81) -> #N/A | AC76: =RANK(AB76, AB$67:AB$81) -> #N/A | AH76: =RANK(AG76, AG$67:AG$81) -> #N/A | AM76: =RANK(AL76, AL$67:AL$81) -> #N/A | AR76: =RANK(AQ76, AQ$67:AQ$81) -> #N/A | AW76: =RANK(AV76, AV$67:AV$81) -> #N/A
C77: 11 | M77: =RANK(K77, K$67:$K$81) -> #DIV/0! | S77: =RANK(R77, R$67:R$81) -> #N/A | X77: =RANK(W77, W$67:W$81) -> #N/A | AC77: =RANK(AB77, AB$67:AB$81) -> #N/A | AH77: =RANK(AG77, AG$67:AG$81) -> #N/A | AM77: =RANK(AL77, AL$67:AL$81) -> #N/A | AR77: =RANK(AQ77, AQ$67:AQ$81) -> #N/A | AW77: =RANK(AV77, AV$67:AV$81) -> #N/A
C78: 12 | M78: =RANK(K78, K$67:$K$81) -> #DIV/0! | S78: =RANK(R78, R$67:R$81) -> #N/A | X78: =RANK(W78, W$67:W$81) -> #N/A | AC78: =RANK(AB78, AB$67:AB$81) -> #N/A | AH78: =RANK(AG78, AG$67:AG$81) -> #N/A | AM78: =RANK(AL78, AL$67:AL$81) -> #N/A | AR78: =RANK(AQ78, AQ$67:AQ$81) -> #N/A | AW78: =RANK(AV78, AV$67:AV$81) -> #N/A
C79: 13 | M79: =RANK(K79, K$67:$K$81) -> #DIV/0! | S79: =RANK(R79, R$67:R$81) -> #N/A | X79: =RANK(W79, W$67:W$81) -> #N/A | AC79: =RANK(AB79, AB$67:AB$81) -> #N/A | AH79: =RANK(AG79, AG$67:AG$81) -> #N/A | AM79: =RANK(AL79, AL$67:AL$81) -> #N/A | AR79: =RANK(AQ79, AQ$67:AQ$81) -> #N/A | AW79: =RANK(AV79, AV$67:AV$81) -> #N/A
C80: 14 | M80: =RANK(K80, K$67:$K$81) -> #DIV/0! | S80: =RANK(R80, R$67:R$81) -> #N/A | X80: =RANK(W80, W$67:W$81) -> #N/A | AC80: =RANK(AB80, AB$67:AB$81) -> #N/A | AH80: =RANK(AG80, AG$67:AG$81) -> #N/A | AM80: =RANK(AL80, AL$67:AL$81) -> #N/A | AR80: =RANK(AQ80, AQ$67:AQ$81) -> #N/A | AW80: =RANK(AV80, AV$67:AV$81) -> #N/A
C81: 15 | M81: =RANK(K81, K$67:$K$81) -> #DIV/0! | S81: =RANK(R81, R$67:R$81) -> #N/A | X81: =RANK(W81, W$67:W$81) -> #N/A | AC81: =RANK(AB81, AB$67:AB$81) -> #N/A | AH81: =RANK(AG81, AG$67:AG$81) -> #N/A | AM81: =RANK(AL81, AL$67:AL$81) -> #N/A | AR81: =RANK(AQ81, AQ$67:AQ$81) -> #N/A | AW81: =RANK(AV81, AV$67:AV$81) -> #N/A
B82: 產線配置圖－每週更新 | N82: 資料繳交 | O82: 日期 | P82: =P62+7 -> 45986 | U82: =P82+1 -> 45987 | Z82: =U82+1 -> 45988 | AE82: =Z82+1 -> 45989 | AJ82: =AE82+1 -> 45990 | AO82: =AJ82+1 -> 45991 | AT82: =AO82+1 -> 45992
P83: 二 | U83: 三 | Z83: 四 | AE83: 五 | AJ83: 六 | AO83: 日 | AT83: 一
B84: 品群 | C84: 商品名稱 | E84: 計畫 | H84: 平均人時性 | I84: 實績 | L84: 平均人時性 | M84: 排名 | O84: 日報 | P84: 實際 | T84: 平均人時性 | U84: 實際 | Y84: 平均人時性 | Z84: 實際 | AD84: 平均人時性 | AE84: 實際 | AI84: 平均人時性 | AJ84: 實際 | AN84: 平均人時性 | AO84: 實際 | AS84: 平均人時性 | AT84: 實際 | AX84: 平均人時性
E85: 產線配置圖 | I85: 產線配置圖 | P85: 生產實績 | U85: 生產實績 | Z85: 生產實績 | AE85: 生產實績 | AJ85: 生產實績 | AO85: 生產實績 | AT85: 生產實績
E86: 人數 | F86: 產能／時 | G86: 人時性 | I86: 人數 | J86: 產能／時 | K86: 人時性 | P86: 人數 | Q86: 產能／時 | R86: 人時性 | S86: 排名 | U86: 人數 | V86: 產能／時 | W86: 人時性 | X86: 排名 | Z86: 人數 | AA86: 產能／時 | AB86: 人時性 | AC86: 排名 | AE86: 人數 | AF86: 產能／時 | AG86: 人時性 | AH86: 排名 | AJ86: 人數 | AK86: 產能／時 | AL86: 人時性 | AM86: 排名 | AO86: 人數 | AP86: 產能／時 | AQ86: 人時性 | AR86: 排名 | AT86: 人數 | AU86: 產能／時 | AV86: 人時性 | AW86: 排名
B87: 18℃-壽司手卷 | C87: 1 | H87: =AVERAGE(G87:G101) -> #DIV/0! | I87: =AVERAGE(P87,U87,Z87,AE87,AJ87,AO87,AT87) -> #DIV/0! | J87: =AVERAGE(Q87,V87,AA87,AF87,AK87,AP87,AU87) -> #DIV/0! | K87: =AVERAGE(R87,W87,AB87,AG87,AL87,AQ87,AV87) -> #DIV/0! | L87: =IFERROR(AVERAGE(K87:K101),"-") -> - | M87: =RANK(K87, K$87:$K$101) -> #DIV/0! | S87: =RANK(R87, R$87:R$101) -> #N/A | T87: =AVERAGE(R87:R101) -> #DIV/0! | X87: =RANK(W87, W$87:W$101) -> #N/A | Y87: =AVERAGE(W87:W101) -> #DIV/0! | AC87: =RANK(AB87, AB$87:AB$101) -> #N/A | AD87: =AVERAGE(AB87:AB101) -> #DIV/0! | AH87: =RANK(AG87, AG$87:AG$101) -> #N/A | AI87: =AVERAGE(AG87:AG101) -> #DIV/0! | AM87: =RANK(AL87, AL$87:AL$101) -> #N/A | AN87: =AVERAGE(AL87:AL101) -> #DIV/0! | AR87: =RANK(AQ87, AQ$87:AQ$101) -> #N/A | AS87: =AVERAGE(AQ87:AQ101) -> #DIV/0! | AW87: =RANK(AV87, AV$87:AV$101) -> #N/A | AX87: =AVERAGE(AV87:AV101) -> #DIV/0!
C88: 2 | I88: =AVERAGE(P88,U88,Z88,AE88,AJ88,AO88,AT88) -> #DIV/0! | J88: =AVERAGE(Q88,V88,AA88,AF88,AK88,AP88,AU88) -> #DIV/0! | K88: =AVERAGE(R88,W88,AB88,AG88,AL88,AQ88,AV88) -> #DIV/0! | M88: =RANK(K88, K$87:$K$101) -> #DIV/0! | S88: =RANK(R88, R$87:R$101) -> #N/A | X88: =RANK(W88, W$87:W$101) -> #N/A | AC88: =RANK(AB88, AB$87:AB$101) -> #N/A | AH88: =RANK(AG88, AG$87:AG$101) -> #N/A | AM88: =RANK(AL88, AL$87:AL$101) -> #N/A | AR88: =RANK(AQ88, AQ$87:AQ$101) -> #N/A | AW88: =RANK(AV88, AV$87:AV$101) -> #N/A
C89: 3 | I89: =AVERAGE(P89,U89,Z89,AE89,AJ89,AO89,AT89) -> #DIV/0! | J89: =AVERAGE(Q89,V89,AA89,AF89,AK89,AP89,AU89) -> #DIV/0! | K89: =AVERAGE(R89,W89,AB89,AG89,AL89,AQ89,AV89) -> #DIV/0! | M89: =RANK(K89, K$87:$K$101) -> #DIV/0! | S89: =RANK(R89, R$87:R$101) -> #N/A | X89: =RANK(W89, W$87:W$101) -> #N/A | AC89: =RANK(AB89, AB$87:AB$101) -> #N/A | AH89: =RANK(AG89, AG$87:AG$101) -> #N/A | AM89: =RANK(AL89, AL$87:AL$101) -> #N/A | AR89: =RANK(AQ89, AQ$87:AQ$101) -> #N/A | AW89: =RANK(AV89, AV$87:AV$101) -> #N/A
C90: 4 | I90: =AVERAGE(P90,U90,Z90,AE90,AJ90,AO90,AT90) -> #DIV/0! | J90: =AVERAGE(Q90,V90,AA90,AF90,AK90,AP90,AU90) -> #DIV/0! | K90: =AVERAGE(R90,W90,AB90,AG90,AL90,AQ90,AV90) -> #DIV/0! | M90: =RANK(K90, K$87:$K$101) -> #DIV/0! | S90: =RANK(R90, R$87:R$101) -> #N/A | X90: =RANK(W90, W$87:W$101) -> #N/A | AC90: =RANK(AB90, AB$87:AB$101) -> #N/A | AH90: =RANK(AG90, AG$87:AG$101) -> #N/A | AM90: =RANK(AL90, AL$87:AL$101) -> #N/A | AR90: =RANK(AQ90, AQ$87:AQ$101) -> #N/A | AW90: =RANK(AV90, AV$87:AV$101) -> #N/A
C91: 5 | I91: =AVERAGE(P91,U91,Z91,AE91,AJ91,AO91,AT91) -> #DIV/0! | J91: =AVERAGE(Q91,V91,AA91,AF91,AK91,AP91,AU91) -> #DIV/0! | K91: =AVERAGE(R91,W91,AB91,AG91,AL91,AQ91,AV91) -> #DIV/0! | M91: =RANK(K91, K$87:$K$101) -> #DIV/0! | S91: =RANK(R91, R$87:R$101) -> #N/A | X91: =RANK(W91, W$87:W$101) -> #N/A | AC91: =RANK(AB91, AB$87:AB$101) -> #N/A | AH91: =RANK(AG91, AG$87:AG$101) -> #N/A | AM91: =RANK(AL91, AL$87:AL$101) -> #N/A | AR91: =RANK(AQ91, AQ$87:AQ$101) -> #N/A | AW91: =RANK(AV91, AV$87:AV$101) -> #N/A
C92: 6 | I92: =AVERAGE(P92,U92,Z92,AE92,AJ92,AO92,AT92) -> #DIV/0! | J92: =AVERAGE(Q92,V92,AA92,AF92,AK92,AP92,AU92) -> #DIV/0! | K92: =AVERAGE(R92,W92,AB92,AG92,AL92,AQ92,AV92) -> #DIV/0! | M92: =RANK(K92, K$87:$K$101) -> #DIV/0! | S92: =RANK(R92, R$87:R$101) -> #N/A | X92: =RANK(W92, W$87:W$101) -> #N/A | AC92: =RANK(AB92, AB$87:AB$101) -> #N/A | AH92: =RANK(AG92, AG$87:AG$101) -> #N/A | AM92: =RANK(AL92, AL$87:AL$101) -> #N/A | AR92: =RANK(AQ92, AQ$87:AQ$101) -> #N/A | AW92: =RANK(AV92, AV$87:AV$101) -> #N/A
C93: 7 | I93: =AVERAGE(P93,U93,Z93,AE93,AJ93,AO93,AT93) -> #DIV/0! | J93: =AVERAGE(Q93,V93,AA93,AF93,AK93,AP93,AU93) -> #DIV/0! | K93: =AVERAGE(R93,W93,AB93,AG93,AL93,AQ93,AV93) -> #DIV/0! | M93: =RANK(K93, K$87:$K$101) -> #DIV/0! | S93: =RANK(R93, R$87:R$101) -> #N/A | X93: =RANK(W93, W$87:W$101) -> #N/A | AC93: =RANK(AB93, AB$87:AB$101) -> #N/A | AH93: =RANK(AG93, AG$87:AG$101) -> #N/A | AM93: =RANK(AL93, AL$87:AL$101) -> #N/A | AR93: =RANK(AQ93, AQ$87:AQ$101) -> #N/A | AW93: =RANK(AV93, AV$87:AV$101) -> #N/A
C94: 8 | I94: =AVERAGE(P94,U94,Z94,AE94,AJ94,AO94,AT94) -> #DIV/0! | J94: =AVERAGE(Q94,V94,AA94,AF94,AK94,AP94,AU94) -> #DIV/0! | K94: =AVERAGE(R94,W94,AB94,AG94,AL94,AQ94,AV94) -> #DIV/0! | M94: =RANK(K94, K$87:$K$101) -> #DIV/0! | S94: =RANK(R94, R$87:R$101) -> #N/A | X94: =RANK(W94, W$87:W$101) -> #N/A | AC94: =RANK(AB94, AB$87:AB$101) -> #N/A | AH94: =RANK(AG94, AG$87:AG$101) -> #N/A | AM94: =RANK(AL94, AL$87:AL$101) -> #N/A | AR94: =RANK(AQ94, AQ$87:AQ$101) -> #N/A | AW94: =RANK(AV94, AV$87:AV$101) -> #N/A
C95: 9 | M95: =RANK(K95, K$87:$K$101) -> #DIV/0! | S95: =RANK(R95, R$87:R$101) -> #N/A | X95: =RANK(W95, W$87:W$101) -> #N/A | AC95: =RANK(AB95, AB$87:AB$101) -> #N/A | AH95: =RANK(AG95, AG$87:AG$101) -> #N/A | AM95: =RANK(AL95, AL$87:AL$101) -> #N/A | AR95: =RANK(AQ95, AQ$87:AQ$101) -> #N/A | AW95: =RANK(AV95, AV$87:AV$101) -> #N/A
C96: 10 | M96: =RANK(K96, K$87:$K$101) -> #DIV/0! | S96: =RANK(R96, R$87:R$101) -> #N/A | X96: =RANK(W96, W$87:W$101) -> #N/A | AC96: =RANK(AB96, AB$87:AB$101) -> #N/A | AH96: =RANK(AG96, AG$87:AG$101) -> #N/A | AM96: =RANK(AL96, AL$87:AL$101) -> #N/A | AR96: =RANK(AQ96, AQ$87:AQ$101) -> #N/A | AW96: =RANK(AV96, AV$87:AV$101) -> #N/A
C97: 11 | M97: =RANK(K97, K$87:$K$101) -> #DIV/0! | S97: =RANK(R97, R$87:R$101) -> #N/A | X97: =RANK(W97, W$87:W$101) -> #N/A | AC97: =RANK(AB97, AB$87:AB$101) -> #N/A | AH97: =RANK(AG97, AG$87:AG$101) -> #N/A | AM97: =RANK(AL97, AL$87:AL$101) -> #N/A | AR97: =RANK(AQ97, AQ$87:AQ$101) -> #N/A | AW97: =RANK(AV97, AV$87:AV$101) -> #N/A
C98: 12 | M98: =RANK(K98, K$87:$K$101) -> #DIV/0! | S98: =RANK(R98, R$87:R$101) -> #N/A | X98: =RANK(W98, W$87:W$101) -> #N/A | AC98: =RANK(AB98, AB$87:AB$101) -> #N/A | AH98: =RANK(AG98, AG$87:AG$101) -> #N/A | AM98: =RANK(AL98, AL$87:AL$101) -> #N/A | AR98: =RANK(AQ98, AQ$87:AQ$101) -> #N/A | AW98: =RANK(AV98, AV$87:AV$101) -> #N/A
C99: 13 | M99: =RANK(K99, K$87:$K$101) -> #DIV/0! | S99: =RANK(R99, R$87:R$101) -> #N/A | X99: =RANK(W99, W$87:W$101) -> #N/A | AC99: =RANK(AB99, AB$87:AB$101) -> #N/A | AH99: =RANK(AG99, AG$87:AG$101) -> #N/A | AM99: =RANK(AL99, AL$87:AL$101) -> #N/A | AR99: =RANK(AQ99, AQ$87:AQ$101) -> #N/A | AW99: =RANK(AV99, AV$87:AV$101) -> #N/A
C100: 14 | M100: =RANK(K100, K$87:$K$101) -> #DIV/0! | S100: =RANK(R100, R$87:R$101) -> #N/A | X100: =RANK(W100, W$87:W$101) -> #N/A | AC100: =RANK(AB100, AB$87:AB$101) -> #N/A | AH100: =RANK(AG100, AG$87:AG$101) -> #N/A | AM100: =RANK(AL100, AL$87:AL$101) -> #N/A | AR100: =RANK(AQ100, AQ$87:AQ$101) -> #N/A | AW100: =RANK(AV100, AV$87:AV$101) -> #N/A
...

Sheet （５-3）品群別人時生產性（4℃-飯糰)
B1: 月平均人時性 | C1: =AVERAGE(L7,L27,L47,L67,L87,L107) -> 273.59421
B2: 產線配置圖－每週更新 | N2: 資料繳交 | O2: 日期 | P2: 45958 | U2: =P2+1 -> 45959 | Z2: =U2+1 -> 45960 | AE2: =Z2+1 -> 45961 | AJ2: =AE2+1 -> 45962 | AO2: =AJ2+1 -> 45963 | AT2: =AO2+1 -> 45964
P3: 二 | U3: 三 | Z3: 四 | AE3: 五 | AJ3: 六 | AO3: 日 | AT3: 一
B4: 品群 | C4: 商品名稱 | E4: 計畫 | H4: 平均人時性 | I4: 實績 | L4: 平均人時性 | M4: 排名 | O4: 日報 | P4: 實際 | T4: 平均人時性 | U4: 實際 | Y4: 平均人時性 | Z4: 實際 | AD4: 平均人時性 | AE4: 實際 | AI4: 平均人時性 | AJ4: 實際 | AN4: 平均人時性 | AO4: 實際 | AS4: 平均人時性 | AT4: 實際 | AX4: 平均人時性
E5: 產線配置圖 | I5: 產線配置圖 | P5: 生產實績 | U5: 生產實績 | Z5: 生產實績 | AE5: 生產實績 | AJ5: 生產實績 | AO5: 生產實績 | AT5: 生產實績
E6: 人數 | F6: 產能／時 | G6: 人時性 | I6: 人數 | J6: 產能／時 | K6: 人時性 | P6: 人數 | Q6: 產能／時 | R6: 人時性 | S6: 排名 | U6: 人數 | V6: 產能／時 | W6: 人時性 | X6: 排名 | Z6: 人數 | AA6: 產能／時 | AB6: 人時性 | AC6: 排名 | AE6: 人數 | AF6: 產能／時 | AG6: 人時性 | AH6: 排名 | AJ6: 人數 | AK6: 產能／時 | AL6: 人時性 | AM6: 排名 | AO6: 人數 | AP6: 產能／時 | AQ6: 人時性 | AR6: 排名 | AT6: 人數 | AU6: 產能／時 | AV6: 人時性 | AW6: 排名
B7: 4℃-飯糰 | C7: 1 | D7: 淡麗清酒蒸蛤蜊烤飯糰 | E7: 4 | F7: 2000 | G7: 500 | H7: =AVERAGE(G7:G21) -> 291.16789 | I7: =AVERAGE(P7,U7,Z7,AE7,AJ7,AO7,AT7) -> 4 | J7: =AVERAGE(Q7,V7,AA7,AF7,AK7,AP7,AU7) -> 2059.2624 | K7: =AVERAGE(R7,W7,AB7,AG7,AL7,AQ7,AV7) -> 514.81561 | L7: =IFERROR(AVERAGE(K7:K21),"-") -> 279.25965 | M7: =RANK(K7, $K$7:K$21) -> 2 | P7: 4 | Q7: 2118 | R7: 529.5 | S7: =RANK(R7, R$7:R$21) -> 2 | T7: =AVERAGE(R7:R21) -> 283.57522 | U7: 4 | V7: 2097.1429 | W7: 524.28571 | X7: =RANK(W7, W$7:W$21) -> 1 | Y7: =AVERAGE(W7:W21) -> 279.19311 | Z7: 4 | AA7: 2229.4737 | AB7: 557.36842 | AC7: =RANK(AB7, AB$7:AB$21) -> 1 | AD7: =AVERAGE(AB7:AB21) -> 286.3219 | AE7: 4 | AF7: 1893.75 | AG7: 473.4375 | AH7: =RANK(AG7, AG$7:AG$21) -> 2 | AI7: =AVERAGE(AG7:AG21) -> 272.13816 | AJ7: 4 | AK7: 1800 | AL7: 450 | AM7: =RANK(AL7, AL$7:AL$21) -> 2 | AN7: =AVERAGE(AL7:AL21) -> 273.60921 | AO7: 4 | AP7: 2216.4706 | AQ7: 554.11765 | AR7: =RANK(AQ7, AQ$7:AQ$21) -> 1 | AS7: =AVERAGE(AQ7:AQ21) -> 280.97608 | AT7: 4 | AU7: 2060 | AV7: 515 | AW7: =RANK(AV7, AV$7:AV$21) -> 1 | AX7: =AVERAGE(AV7:AV21) -> 279.00385 | AZ7: =RANK(AX7, $K$7:AX$21) -> #N/A | BB7: =RANK(BA7, BA$7:BA$21) -> #N/A
C8: 2 | D8: 糖燻野郎起司炙燒牛烤飯糰 | E8: 4 | F8: 2000 | G8: 500 | I8: =AVERAGE(P8,U8,Z8,AE8,AJ8,AO8,AT8) -> 4 | J8: =AVERAGE(Q8,V8,AA8,AF8,AK8,AP8,AU8) -> 2138.3553 | K8: =AVERAGE(R8,W8,AB8,AG8,AL8,AQ8,AV8) -> 534.58882 | M8: =RANK(K8, $K$7:K$21) -> 1 | P8: 4 | Q8: 2212.1739 | R8: 553.04348 | S8: =RANK(R8, R$7:R$21) -> 1 | U8: 4 | V8: 2082.5 | W8: 520.625 | X8: =RANK(W8, W$7:W$21) -> 2 | Z8: 4 | AA8: 2126.087 | AB8: 531.52174 | AC8: =RANK(AB8, AB$7:AB$21) -> 2 | AE8: 4 | AF8: 2096.8421 | AG8: 524.21053 | AH8: =RANK(AG8, AG$7:AG$21) -> 1 | AJ8: 4 | AK8: 2206.6667 | AL8: 551.66667 | AM8: =RANK(AL8, AL$7:AL$21) -> 1 | AO8: 4 | AP8: 2199 | AQ8: 549.75 | AR8: =RANK(AQ8, AQ$7:AQ$21) -> 2 | AT8: 4 | AU8: 2045.2174 | AV8: 511.30435 | AW8: =RANK(AV8, AV$7:AV$21) -> 2 | AZ8: =RANK(AX8, $K$7:AX$21) -> #N/A | BB8: =RANK(BA8, BA$7:BA$21) -> #N/A
C9: 3 | D9: 大口金黃薯牛堡飯糰 | E9: 12 | F9: 2250 | G9: 187.5 | I9: =AVERAGE(P9,U9,Z9,AE9,AJ9,AO9,AT9) -> 12 | J9: =AVERAGE(Q9,V9,AA9,AF9,AK9,AP9,AU9) -> 2163.6331 | K9: =AVERAGE(R9,W9,AB9,AG9,AL9,AQ9,AV9) -> 180.30276 | M9: =RANK(K9, $K$7:K$21) -> 8 | P9: 12 | Q9: 2177.0149 | R9: 181.41791 | S9: =RANK(R9, R$7:R$21) -> 8 | U9: 12 | V9: 2145.8824 | W9: 178.82353 | X9: =RANK(W9, W$7:W$21) -> 8 | Z9: 12 | AA9: 2143.5484 | AB9: 178.62903 | AC9: =RANK(AB9, AB$7:AB$21) -> 8 | AE9: 12 | AF9: 2157.6 | AG9: 179.8 | AH9: =RANK(AG9, AG$7:AG$21) -> 8 | AJ9: 12 | AK9: 2132.3077 | AL9: 177.69231 | AM9: =RANK(AL9, AL$7:AL$21) -> 8 | AO9: 12 | AP9: 2197.1429 | AQ9: 183.09524 | AR9: =RANK(AQ9, AQ$7:AQ$21) -> 8 | AT9: 12 | AU9: 2191.9355 | AV9: 182.66129 | AW9: =RANK(AV9, AV$7:AV$21) -> 8 | AZ9: =RANK(AX9, $K$7:AX$21) -> #N/A | BB9: =RANK(BA9, BA$7:BA$21) -> #N/A
C10: 4 | D10: 大口日式塔塔醬蝦排飯糰 | E10: 11 | F10: 2118 | G10: 192.54545 | I10: =AVERAGE(P10,U10,Z10,AE10,AJ10,AO10,AT10) -> 11 | J10: =AVERAGE(Q10,V10,AA10,AF10,AK10,AP10,AU10) -> 2079.5307 | K10: =AVERAGE(R10,W10,AB10,AG10,AL10,AQ10,AV10) -> 189.04824 | M10: =RANK(K10, $K$7:K$21) -> 7 | P10: 11 | Q10: 2058 | R10: 187.09091 | S10: =RANK(R10, R$7:R$21) -> 7 | U10: 11 | V10: 2035.1515 | W10: 185.01377 | X10: =RANK(W10, W$7:W$21) -> 7 | Z10: 11 | AA10: 2029.7872 | AB10: 184.52611 | AC10: =RANK(AB10, AB$7:AB$21) -> 7 | AE10: 11 | AF10: 2107.2973 | AG10: 191.57248 | AH10: =RANK(AG10, AG$7:AG$21) -> 7 | AJ10: 11 | AK10: 2136 | AL10: 194.18182 | AM10: =RANK(AL10, AL$7:AL$21) -> 7 | AO10: 11 | AP10: 2062.7368 | AQ10: 187.52153 | AR10: =RANK(AQ10, AQ$7:AQ$21) -> 7 | AT10: 11 | AU10: 2127.7419 | AV10: 193.43109 | AW10: =RANK(AV10, AV$7:AV$21) -> 7 | AZ10: =RANK(AX10, $K$7:AX$21) -> #N/A | BB10: =RANK(BA10, BA$7:BA$21) -> #N/A
C11: 5 | D11: 大口歐風焙煎咖哩漢堡排飯糰 | E11: 11 | F11: 2250 | G11: 204.54545 | I11: =AVERAGE(P11,U11,Z11,AE11,AJ11,AO11,AT11) -> 11 | J11: =AVERAGE(Q11,V11,AA11,AF11,AK11,AP11,AU11) -> 2163.5704 | K11: =AVERAGE(R11,W11,AB11,AG11,AL11,AQ11,AV11) -> 196.68822 | M11: =RANK(K11, $K$7:K$21) -> 6 | P11: 11 | Q11: 2166.383 | R11: 196.94391 | S11: =RANK(R11, R$7:R$21) -> 6 | U11: 11 | V11: 2125.625 | W11: 193.23864 | X11: =RANK(W11, W$7:W$21) -> 6 | Z11: 11 | AA11: 2196.9767 | AB11: 199.72516 | AC11: =RANK(AB11, AB$7:AB$21) -> 6 | AE11: 11 | AF11: 2209.0141 | AG11: 200.81946 | AH11: =RANK(AG11, AG$7:AG$21) -> 6 | AJ11: 11 | AK11: 2171.5068 | AL11: 197.40971 | AM11: =RANK(AL11, AL$7:AL$21) -> 6 | AO11: 11 | AP11: 2129.3333 | AQ11: 193.57576 | AR11: =RANK(AQ11, AQ$7:AQ$21) -> 6 | AT11: 11 | AU11: 2146.1538 | AV11: 195.1049 | AW11: =RANK(AV11, AV$7:AV$21) -> 6 | AZ11: =RANK(AX11, $K$7:AX$21) -> #N/A | BB11: =RANK(BA11, BA$7:BA$21) -> #N/A
C12: 6 | D12: 大口蒜味香腸燒肉雙拼飯糰 | E12: 13 | F12: 2250 | G12: 173.07692 | I12: =AVERAGE(P12,U12,Z12,AE12,AJ12,AO12,AT12) -> 13 | J12: =AVERAGE(Q12,V12,AA12,AF12,AK12,AP12,AU12) -> 2166.5034 | K12: =AVERAGE(R12,W12,AB12,AG12,AL12,AQ12,AV12) -> 166.65411 | M12: =RANK(K12, $K$7:K$21) -> 9 | P12: 13 | Q12: 2157.3913 | R12: 165.95318 | S12: =RANK(R12, R$7:R$21) -> 9 | U12: 13 | V12: 2174.6667 | W12: 167.28205 | X12: =RANK(W12, W$7:W$21) -> 9 | Z12: 13 | AA12: 2170 | AB12: 166.92308 | AC12: =RANK(AB12, AB$7:AB$21) -> 9 | AE12: 13 | AF12: 2145 | AG12: 165 | AH12: =RANK(AG12, AG$7:AG$21) -> 9 | AJ12: 13 | AK12: 2138.9189 | AL12: 164.53222 | AM12: =RANK(AL12, AL$7:AL$21) -> 9 | AO12: 13 | AP12: 2178.5714 | AQ12: 167.58242 | AR12: =RANK(AQ12, AQ$7:AQ$21) -> 9 | AT12: 13 | AU12: 2200.9756 | AV12: 169.30582 | AW12: =RANK(AV12, AV$7:AV$21) -> 9 | AZ12: =RANK(AX12, $K$7:AX$21) -> #N/A | BB12: =RANK(BA12, BA$7:BA$21) -> #N/A
C13: 7 | D13: 大口花椒香麻雞飯糰 | E13: 9 | F13: 2769 | G13: 307.66667 | I13: =AVERAGE(P13,U13,Z13,AE13,AJ13,AO13,AT13) -> 9 | J13: =AVERAGE(Q13,V13,AA13,AF13,AK13,AP13,AU13) -> 2353.3187 | K13: =AVERAGE(R13,W13,AB13,AG13,AL13,AQ13,AV13) -> 261.47985 | M13: =RANK(K13, $K$7:K$21) -> 4 | P13: 9 | Q13: 2383.125 | R13: 264.79167 | S13: =RANK(R13, R$7:R$21) -> 4 | U13: 9 | V13: 2384 | W13: 264.88889 | X13: =RANK(W13, W$7:W$21) -> 4 | Z13: 9 | AA13: 2373.1034 | AB13: 263.67816 | AC13: =RANK(AB13, AB$7:AB$21) -> 4 | AE13: 9 | AF13: 2317.5 | AG13: 257.5 | AH13: =RANK(AG13, AG$7:AG$21) -> 4 | AJ13: 9 | AK13: 2358.2609 | AL13: 262.02899 | AM13: =RANK(AL13, AL$7:AL$21) -> 4 | AO13: 9 | AP13: 2333.7931 | AQ13: 259.31034 | AR13: =RANK(AQ13, AQ$7:AQ$21) -> 4 | AT13: 9 | AU13: 2323.4483 | AV13: 258.16092 | AW13: =RANK(AV13, AV$7:AV$21) -> 4 | AZ13: =RANK(AX13, $K$7:AX$21) -> #N/A | BB13: =RANK(BA13, BA$7:BA$21) -> #N/A
C14: 8 | D14: 大口義式香草雞腿排飯糰 | E14: 10 | F14: 2769 | G14: 276.9 | I14: =AVERAGE(P14,U14,Z14,AE14,AJ14,AO14,AT14) -> 10 | J14: =AVERAGE(Q14,V14,AA14,AF14,AK14,AP14,AU14) -> 2350.911 | K14: =AVERAGE(R14,W14,AB14,AG14,AL14,AQ14,AV14) -> 235.0911 | M14: =RANK(K14, $K$7:K$21) -> 5 | P14: 10 | Q14: 2363.7363 | R14: 236.37363 | S14: =RANK(R14, R$7:R$21) -> 5 | U14: 10 | V14: 2381.5909 | W14: 238.15909 | X14: =RANK(W14, W$7:W$21) -> 5 | Z14: 10 | AA14: 2362.963 | AB14: 236.2963 | AC14: =RANK(AB14, AB$7:AB$21) -> 5 | AE14: 10 | AF14: 2320 | AG14: 232 | AH14: =RANK(AG14, AG$7:AG$21) -> 5 | AJ14: 10 | AK14: 2370.566 | AL14: 237.0566 | AM14: =RANK(AL14, AL$7:AL$21) -> 5 | AO14: 10 | AP14: 2325.5696 | AQ14: 232.55696 | AR14: =RANK(AQ14, AQ$7:AQ$21) -> 5 | AT14: 10 | AU14: 2331.9512 | AV14: 233.19512 | AW14: =RANK(AV14, AV$7:AV$21) -> 5 | AZ14: =RANK(AX14, $K$7:AX$21) -> #N/A | BB14: =RANK(BA14, BA$7:BA$21) -> #N/A
C15: 9 | D15: 麻油雞飯糰 | E15: 18 | F15: 1250 | G15: 69.444444 | I15: =AVERAGE(P15,U15,Z15,AE15,AJ15,AO15,AT15) -> 18 | J15: =AVERAGE(Q15,V15,AA15,AF15,AK15,AP15,AU15) -> 1232.5083 | K15: =AVERAGE(R15,W15,AB15,AG15,AL15,AQ15,AV15) -> 68.472682 | M15: =RANK(K15, $K$7:K$21) -> 10 | P15: 18 | Q15: 1246.9307 | R15: 69.273927 | S15: =RANK(R15, R$7:R$21) -> 10 | U15: 18 | V15: 1228.5149 | W15: 68.250825 | X15: =RANK(W15, W$7:W$21) -> 10 | Z15: 18 | AA15: 1215.9184 | AB15: 67.55102 | AC15: =RANK(AB15, AB$7:AB$21) -> 10 | AE15: 18 | AF15: 1236.75 | AG15: 68.708333 | AH15: =RANK(AG15, AG$7:AG$21) -> 10 | AJ15: 18 | AK15: 1251.4286 | AL15: 69.52381 | AM15: =RANK(AL15, AL$7:AL$21) -> 10 | AO15: 18 | AP15: 1210.5155 | AQ15: 67.250859 | AR15: =RANK(AQ15, AQ$7:AQ$21) -> 10 | AT15: 18 | AU15: 1237.5 | AV15: 68.75 | AW15: =RANK(AV15, AV$7:AV$21) -> 10 | AZ15: =RANK(AX15, $K$7:AX$21) -> #N/A | BB15: =RANK(BA15, BA$7:BA$21) -> #N/A
C16: 10 | D16: 肉燥烤飯糰 | E16: 4 | F16: 2000 | G16: 500 | I16: =AVERAGE(P16,U16,Z16,AE16,AJ16,AO16,AT16) -> 4 | J16: =AVERAGE(Q16,V16,AA16,AF16,AK16,AP16,AU16) -> 1781.8203 | K16: =AVERAGE(R16,W16,AB16,AG16,AL16,AQ16,AV16) -> 445.45509 | M16: =RANK(K16, $K$7:K$21) -> 3 | P16: 4 | Q16: 1805.4545 | R16: 451.36364 | S16: =RANK(R16, R$7:R$21) -> 3 | U16: 4 | V16: 1805.4545 | W16: 451.36364 | X16: =RANK(W16, W$7:W$21) -> 3 | Z16: 4 | AA16: 1908 | AB16: 477 | AC16: =RANK(AB16, AB$7:AB$21) -> 3 | AE16: 4 | AF16: 1713.3333 | AG16: 428.33333 | AH16: =RANK(AG16, AG$7:AG$21) -> 3 | AJ16: 4 | AK16: 1728 | AL16: 432 | AM16: =RANK(AL16, AL$7:AL$21) -> 3 | AO16: 4 | AP16: 1660 | AQ16: 415 | AR16: =RANK(AQ16, AQ$7:AQ$21) -> 3 | AT16: 4 | AU16: 1852.5 | AV16: 463.125 | AW16: =RANK(AV16, AV$7:AV$21) -> 3 | AZ16: =RANK(AX16, $K$7:AX$21) -> #N/A | BB16: =RANK(BA16, BA$7:BA$21) -> #N/A
C17: 11 | M17: =RANK(K17, $K$7:K$21) -> #N/A | S17: =RANK(R17, R$7:R$21) -> #N/A | X17: =RANK(W17, W$7:W$21) -> #VALUE! | AC17: =RANK(AB17, AB$7:AB$21) -> #VALUE! | AH17: =RANK(AG17, AG$7:AG$21) -> #VALUE! | AM17: =RANK(AL17, AL$7:AL$21) -> #VALUE! | AR17: =RANK(AQ17, AQ$7:AQ$21) -> #VALUE! | AW17: =RANK(AV17, AV$7:AV$21) -> #VALUE! | AZ17: =RANK(AX17, $K$7:AX$21) -> #N/A | BB17: =RANK(BA17, BA$7:BA$21) -> #N/A
C18: 12 | M18: =RANK(K18, $K$7:K$21) -> #N/A | S18: =RANK(R18, R$7:R$21) -> #N/A | X18: =RANK(W18, W$7:W$21) -> #N/A | AC18: =RANK(AB18, AB$7:AB$21) -> #N/A | AH18: =RANK(AG18, AG$7:AG$21) -> #N/A | AM18: =RANK(AL18, AL$7:AL$21) -> #N/A | AR18: =RANK(AQ18, AQ$7:AQ$21) -> #N/A | AW18: =RANK(AV18, AV$7:AV$21) -> #N/A | AZ18: =RANK(AX18, $K$7:AX$21) -> #N/A | BB18: =RANK(BA18, BA$7:BA$21) -> #N/A
C19: 13 | M19: =RANK(K19, $K$7:K$21) -> #N/A | S19: =RANK(R19, R$7:R$21) -> #N/A | X19: =RANK(W19, W$7:W$21) -> #N/A | AC19: =RANK(AB19, AB$7:AB$21) -> #N/A | AH19: =RANK(AG19, AG$7:AG$21) -> #N/A | AM19: =RANK(AL19, AL$7:AL$21) -> #N/A | AR19: =RANK(AQ19, AQ$7:AQ$21) -> #N/A | AW19: =RANK(AV19, AV$7:AV$21) -> #N/A | AZ19: =RANK(AX19, $K$7:AX$21) -> #N/A | BB19: =RANK(BA19, BA$7:BA$21) -> #N/A
C20: 14 | M20: =RANK(K20, $K$7:K$21) -> #N/A | S20: =RANK(R20, R$7:R$21) -> #N/A | X20: =RANK(W20, W$7:W$21) -> #N/A | AC20: =RANK(AB20, AB$7:AB$21) -> #N/A | AH20: =RANK(AG20, AG$7:AG$21) -> #N/A | AM20: =RANK(AL20, AL$7:AL$21) -> #N/A | AR20: =RANK(AQ20, AQ$7:AQ$21) -> #N/A | AW20: =RANK(AV20, AV$7:AV$21) -> #N/A | AZ20: =RANK(AX20, $K$7:AX$21) -> #N/A | BB20: =RANK(BA20, BA$7:BA$21) -> #N/A
C21: 15 | M21: =RANK(K21, $K$7:K$21) -> #N/A | S21: =RANK(R21, R$7:R$21) -> #N/A | X21: =RANK(W21, W$7:W$21) -> #N/A | AC21: =RANK(AB21, AB$7:AB$21) -> #N/A | AH21: =RANK(AG21, AG$7:AG$21) -> #N/A | AM21: =RANK(AL21, AL$7:AL$21) -> #N/A | AR21: =RANK(AQ21, AQ$7:AQ$21) -> #N/A | AW21: =RANK(AV21, AV$7:AV$21) -> #N/A | AZ21: =RANK(AX21, $K$7:AX$21) -> #N/A | BB21: =RANK(BA21, BA$7:BA$21) -> #N/A
B22: 產線配置圖－每週更新 | N22: 資料繳交 | O22: 日期 | P22: =AT2+1 -> 45965 | U22: =P22+1 -> 45966 | Z22: =U22+1 -> 45967 | AE22: =Z22+1 -> 45968 | AJ22: =AE22+1 -> 45969 | AO22: =AJ22+1 -> 45970 | AT22: =AO22+1 -> 45971
P23: 二 | U23: 三 | Z23: 四 | AE23: 五 | AJ23: 六 | AO23: 日 | AT23: 一
B24: 品群 | C24: 商品名稱 | E24: 計畫 | H24: 平均人時性 | I24: 實績 | L24: 平均人時性 | M24: 排名 | O24: 日報 | P24: 實際 | T24: 平均人時性 | U24: 實際 | Y24: 平均人時性 | Z24: 實際 | AD24: 平均人時性 | AE24: 實際 | AI24: 平均人時性 | AJ24: 實際 | AN24: 平均人時性 | AO24: 實際 | AS24: 平均人時性 | AT24: 實際 | AX24: 平均人時性
E25: 產線配置圖 | I25: 產線配置圖 | P25: 生產實績 | U25: 生產實績 | Z25: 生產實績 | AE25: 生產實績 | AJ25: 生產實績 | AO25: 生產實績 | AT25: 生產實績
E26: 人數 | F26: 產能／時 | G26: 人時性 | I26: 人數 | J26: 產能／時 | K26: 人時性 | P26: 人數 | Q26: 產能／時 | R26: 人時性 | S26: 排名 | U26: 人數 | V26: 產能／時 | W26: 人時性 | X26: 排名 | Z26: 人數 | AA26: 產能／時 | AB26: 人時性 | AC26: 排名 | AE26: 人數 | AF26: 產能／時 | AG26: 人時性 | AH26: 排名 | AJ26: 人數 | AK26: 產能／時 | AL26: 人時性 | AM26: 排名 | AO26: 人數 | AP26: 產能／時 | AQ26: 人時性 | AR26: 排名 | AT26: 人數 | AU26: 產能／時 | AV26: 人時性 | AW26: 排名
B27: 4℃-飯糰 | C27: 1 | D27: 淡麗清酒蒸蛤蜊烤飯糰 | E27: 4 | F27: 2000 | G27: 500 | H27: =AVERAGE(G27:G41) -> 291.16789 | I27: =AVERAGE(P27,U27,Z27,AE27,AJ27,AO27,AT27) -> 4 | J27: =AVERAGE(Q27,V27,AA27,AF27,AK27,AP27,AU27) -> 2033.808 | K27: =AVERAGE(R27,W27,AB27,AG27,AL27,AQ27,AV27) -> 508.45201 | L27: =IFERROR(AVERAGE(K27:K41),"-") -> 267.92877 | M27: =RANK(K27, K$27:$K$41) -> 2 | P27: 4 | Q27: 2086.6667 | R27: 521.66667 | S27: =RANK(R27, R$27:R$41) -> 2 | T27: =AVERAGE(R27:R41) -> 272.53772 | U27: 4 | V27: 2216.6667 | W27: 554.16667 | X27: =RANK(W27, W$27:W$41) -> 1 | Y27: =AVERAGE(W27:W41) -> 273.75535 | Z27: 4 | AA27: 2156.4706 | AB27: 539.11765 | AC27: =RANK(AB27, AB$27:AB$41) -> 1 | AD27: =AVERAGE(AB27:AB41) -> 268.78666 | AE27: 4 | AF27: 1831.7647 | AG27: 457.94118 | AH27: =RANK(AG27, AG$27:AG$41) -> 2 | AI27: =AVERAGE(AG27:AG41) -> 258.68214 | AJ27: 4 | AK27: 1833.3333 | AL27: 458.33333 | AM27: =RANK(AL27, AL$27:AL$41) -> 3 | AN27: =AVERAGE(AL27:AL41) -> 263.67092 | AO27: 4 | AP27: 2223.3333 | AQ27: 555.83333 | AR27: =RANK(AQ27, AQ$27:AQ$41) -> 1 | AS27: =AVERAGE(AQ27:AQ41) -> 279.3179 | AT27: 4 | AU27: 1888.4211 | AV27: 472.10526 | AW27: =RANK(AV27, AV$27:AV$41) -> 2 | AX27: =AVERAGE(AV27:AV41) -> 269.13303
C28: 2 | D28: 糖燻野郎起司炙燒牛烤飯糰 | E28: 4 | F28: 2000 | G28: 500 | I28: =AVERAGE(P28,U28,Z28,AE28,AJ28,AO28,AT28) -> 4 | J28: =AVERAGE(Q28,V28,AA28,AF28,AK28,AP28,AU28) -> 2127.8219 | K28: =AVERAGE(R28,W28,AB28,AG28,AL28,AQ28,AV28) -> 531.95547 | M28: =RANK(K28, K$27:$K$41) -> 1 | P28: 4 | Q28: 2162.7273 | R28: 540.68182 | S28: =RANK(R28, R$27:R$41) -> 1 | U28: 4 | V28: 2131.4286 | W28: 532.85714 | X28: =RANK(W28, W$27:W$41) -> 2 | Z28: 4 | AA28: 2057.1429 | AB28: 514.28571 | AC28: =RANK(AB28, AB$27:AB$41) -> 2 | AE28: 4 | AF28: 2052 | AG28: 513 | AH28: =RANK(AG28, AG$27:AG$41) -> 1 | AJ28: 4 | AK28: 2166 | AL28: 541.5 | AM28: =RANK(AL28, AL$27:AL$41) -> 1 | AO28: 4 | AP28: 2198.1818 | AQ28: 549.54545 | AR28: =RANK(AQ28, AQ$27:AQ$41) -> 2 | AT28: 4 | AU28: 2127.2727 | AV28: 531.81818 | AW28: =RANK(AV28, AV$27:AV$41) -> 1
