Workbook

Sheet 填寫舉例
A2: 7 | B2: 月別 | C2: 工廠名 | D2: ・・・・・・・・
A4: （１）收支狀況 | E4: ※單位：千元 | G4: （２）ＫＰＩ達成進度 | M4: （３）業績構成比 | S4: （４）訂單數量構成比
B5: 當月 | C5: 前月 | D5: 差異 | E5: 累計 | H5: KPI | I5: 當月 | J5: 前月 | K5: 累計 | L5: ※補充 | N5: 當月 | O5: 比例 | P5: 前月 | Q5: 差異 | T5: 當月 | U5: 比例 | V5: 前月 | W5: 差異
A6: 業績金額 | B6: 500000 | C6: 510000 | D6: =B6-C6 -> -10000 | E6: =B6+C6 -> 1010000 | G6: 人時生產性1 | H6: 110 | I6: 100 | J6: 90 | L6: 個／MH | M6: 飯糰 | N6: 150000 | O6: =IFERROR(N6/$B$6,"") -> 0.3 | P6: 0.4 | Q6: =IFERROR(O6-P6,"") -> -0.1 | S6: 飯糰 | T6: 35000 | U6: =IFERROR(T6/$B$7,"") -> 0.35 | V6: 0.3 | W6: =IFERROR(U6-V6,"") -> 0.05
A7: 訂單數量 | B7: 100000 | C7: 110000 | D7: =B7-C7 -> -10000 | E7: =B7+C7 -> 210000 | G7: 人時生產性2 | H7: 0.8 | I7: 0.85 | J7: 0.81 | K7: 0.84 | L7: 達成率 | M7: 大口飯糰 | N7: 100000 | O7: =IFERROR(N7/$B$6,"") -> 0.2 | P7: 0.15 | Q7: =IFERROR(O7-P7,"") -> 0.05 | S7: 大口飯糰 | T7: 30000 | U7: =IFERROR(T7/$B$7,"") -> 0.3 | V7: 0.15 | W7: =IFERROR(U7-V7,"") -> 0.15
A8: 材料費 | B8: 250000 | C8: 260000 | D8: =B8-C8 -> -10000 | E8: =B8+C8 -> 510000 | G8: 半成品報廢 | H8: 0.0025 | I8: 0.0024 | J8: 0.0023 | K8: 0.00235 | L8: 報廢率 | M8: 便當 | N8: 160000 | O8: =IFERROR(N8/$B$6,"") -> 0.32 | P8: 0.28 | Q8: =IFERROR(O8-P8,"") -> 0.04 | S8: 便當 | T8: 20000 | U8: =IFERROR(T8/$B$7,"") -> 0.2 | V8: 0.28 | W8: =IFERROR(U8-V8,"") -> -0.08
A9: 材料費率 | B9: =B8/B6 -> 0.5 | C9: =C8/C6 -> 0.50980392 | D9: =B9-C9 -> -0.0098039216 | E9: =(B9+C9)/2 -> 0.50490196 | G9: 半成品超用 | H9: 0.006 | I9: 0.009 | J9: 0.0095 | K9: 0.0092 | L9: 超用率 | M9: 調理麵 | N9: 90000 | O9: =IFERROR(N9/$B$6,"") -> 0.18 | P9: 0.17 | Q9: =IFERROR(O9-P9,"") -> 0.01 | S9: 調理麵 | T9: 15000 | U9: =IFERROR(T9/$B$7,"") -> 0.15 | V9: 0.27 | W9: =IFERROR(U9-V9,"") -> -0.12
A10: 勞務成本 | B10: 100000 | C10: 105000 | D10: =B10-C10 -> -5000 | E10: =B10+C10 -> 205000 | G10: 固定產線 | H10: 0.95 | I10: 0.9 | J10: 0.92 | K10: 0.91 | L10: 導入率 | M10: 調理麵包 | N10: - | O10: =IFERROR(N10/$B$6,"") | P10: -% | Q10: =IFERROR(O10-P10,"") | S10: 調理麵包 | T10: - | U10: =IFERROR(T10/$B$7,"") | V10: -% | W10: =IFERROR(U10-V10,"")
A11: 勞務費率 | B11: =B10/B6 -> 0.2 | C11: =C10/C6 -> 0.20588235 | D11: =B11-C11 -> -0.0058823529 | E11: =(B11+C11)/2 -> 0.20294118 | G11: 教育訓練 | H11: 0.8 | I11: 0.85 | J11: 1 | K11: 0.92 | L11: 實施率 | M11: 袋裝調理麵包 | N11: - | O11: =IFERROR(N11/$B$6,"") | P11: -% | Q11: =IFERROR(O11-P11,"") | S11: 袋裝調理麵包 | T11: - | U11: =IFERROR(T11/$B$7,"") | V11: -% | W11: =IFERROR(U11-V11,"")
M12: 義大利麵 | N12: - | O12: =IFERROR(N12/$B$6,"") | P12: -% | Q12: =IFERROR(O12-P12,"") | S12: 義大利麵 | T12: - | U12: =IFERROR(T12/$B$7,"") | V12: -% | W12: =IFERROR(U12-V12,"")
A13: （５）品群別人時生產性 | M13: 調理包 | N13: - | O13: =IFERROR(N13/$B$6,"") | P13: -% | Q13: =IFERROR(O13-P13,"") | S13: 調理包 | T13: - | U13: =IFERROR(T13/$B$7,"") | V13: -% | W13: =IFERROR(U13-V13,"")
B14: 當月 | C14: 前月 | D14: 差異 | E14: 累計 | H14: 當月 | I14: 前月 | J14: 差異 | K14: 累計 | O14: =SUM(O6:O13) -> 1 | P14: =SUM(P6:P13) -> 1 | U14: =SUM(U6:U13) -> 1 | V14: =SUM(V6:V13) -> 1
A15: 飯糰 | B15: 600 | C15: 660 | D15: =B15-C15 -> -60 | E15: =(B15+C15)/2 -> 630 | G15: 調理麵包 | J15: =H15-I15 -> 0 | M15: （７）原因別分析
A16: 大口飯糰 | B16: 800 | C16: 780 | D16: =B16-C16 -> 20 | E16: =(B16+C16)/2 -> 790 | G16: 袋裝調理麵包 | J16: =H16-I16 -> 0 | N16: 合計 | P16: 作業原因 | R16: 規格原因
A17: 便當 | B17: 130 | C17: 111 | D17: =B17-C17 -> 19 | E17: =(B17+C17)/2 -> 120.5 | G17: 義大利麵 | J17: =H17-I17 -> 0 | N17: 金額 | O17: 比例 | P17: 金額 | Q17: 比例 | R17: 金額 | S17: 比例
A18: 調理麵 | B18: 140 | C18: 165 | D18: =B18-C18 -> -25 | E18: =(B18+C18)/2 -> 152.5 | G18: 調理包 | J18: =H18-I18 -> 0 | M18: 半成品報廢 | N18: 1200 | O18: =N18/$B$6 -> 0.0024 | P18: 900 | Q18: =IFERROR(P18/$B$6,"") -> 0.0018 | R18: 300 | S18: =IFERROR(R18/$B$6,"") -> 0.0006
M19: 半成品超用 | N19: 4500 | O19: =N19/$B$6 -> 0.009 | P19: 3500 | Q19: =IFERROR(P19/$B$6,"") -> 0.007 | R19: 1000 | S19: =IFERROR(R19/$B$6,"") -> 0.002
A20: （６）人時生產性前幾名品項
B21: 排名 | C21: 商品名 | F21: 人數 | G21: 產能 | H21: 人時生產性 | I21: 前月比 | J21: 主要原因&對策 | M21: （８）報廢原因別前幾名品項
A22: 飯糰 | B22: 1 | C22: 手巻明太子 | F22: 3 | G22: 3000 | H22: 1000 | I22: 10 | J22: 減少暫時停止生產,人時UP | M22: 半成品報廢 | N22: 排名 | O22: 商品名 | R22: 半成品名 | U22: 單價 | V22: 報廢率 | W22: 數量 | X22: 金額 | Y22: 前月比 | Z22: 主要原因&對策
B23: 2 | M23: 作業原因 | N23: 1 | O23: 明太子海苔便當 | R23: 油炸白身魚 | U23: 10 | V23: 0.15 | W23: 10 | X23: =W23*U23 -> 100 | Y23: 80 | Z23: 油調過多報廢。變更條件。
B24: 3 | N24: 2 | X24: =W24*U24 -> 0
B25: 4 | N25: 3 | X25: =W25*U25 -> 0
B26: 5 | N26: 4 | X26: =W26*U26 -> 0
B27: ▼1 | C27: 手巻卵黄雞絞肉 | F27: 4 | G27: 2800 | H27: 700 | I27: 6/30新商品 | J27: 因組裝2食材,人員增加,產速減少 | N27: 5 | X27: =W27*U27 -> 0
B28: ▼2 | U28: 前幾名合計比例 | V28: =X28/N18 -> 0.083333333 | W28: 前幾名合計金額 | X28: =SUM(X23:X27) -> 100
B29: ▼3 | M29: 規格原因 | N29: 1 | O29: 海老炒飯 | R29: 川燙蝦子拌醬 | U29: 5.55 | V29: 0.21 | W29: 50 | X29: =W29*U29 -> 277.5 | Y29: 35 | Z29: 蝦子入數不足
B30: ▼4 | N30: 2 | X30: =W30*U30 -> 0
B31: ▼5 | N31: 3 | X31: =W31*U31 -> 0
N32: 4 | X32: =W32*U32 -> 0
B33: 排名 | C33: 商品名 | F33: 人數 | G33: 產能 | H33: 人時生產性 | I33: 前月比 | J33: 主要原因&對策 | N33: 5 | X33: =W33*U33 -> 0
A34: 大口飯糰 | B34: 1 | C34: 直巻明太子美奶茲 | F34: 3 | G34: 2500 | H34: 833.33 | I34: 20 | J34: 透由調整速度提升。 | U34: 前幾名合計比例 | V34: =X34/N18 -> 0.23125 | W34: 前幾名合計金額 | X34: =SUM(X29:X33) -> 277.5
B35: 2
B36: 3 | M36: 半成品超用 | N36: 排名 | O36: 商品名 | R36: 半成品名 | U36: 單價 | V36: 報廢率 | W36: 數量 | X36: 金額 | Y36: 前月比 | Z36: 主要原因&對策
B37: 4 | M37: 作業原因 | N37: 1 | O37: 特製醬汁炙燒牛五花便當 | R37: 牛五花醬汁 | U37: 25 | V37: 0.25 | W37: 10 | X37: =W37*U37 -> 250 | Y37: 150 | Z37: 難度有差異。調理指導。
B38: 5 | N38: 2 | X38: =W38*U38 -> 0
B39: ▼1 | C39: 大口飯糰燒肉美奶滋 | F39: 7 | G39: 2200 | H39: 314.29 | I39: -15 | J39: 因摺疊增員。實施教育訓練。 | N39: 3 | X39: =W39*U39 -> 0
B40: ▼2 | N40: 4 | X40: =W40*U40 -> 0
B41: ▼3 | N41: 5 | X41: =W41*U41 -> 0
B42: ▼4 | U42: 前幾名合計比例 | V42: =X42/N19 -> 0.055555556 | W42: 前幾名合計金額 | X42: =SUM(X37:X41) -> 250
B43: ▼5 | M43: 規格原因 | N43: 1 | O43: 特製醬汁炙燒牛五花便當 | R43: 牛五花燒成 | U43: 30 | V43: 0.1 | W43: 20 | X43: =W43*U43 -> 600 | Y43: 400 | Z43: 因原料變更。
N44: 2 | X44: =W44*U44 -> 0
B45: 排名 | C45: 商品名 | F45: 人數 | G45: 產能 | H45: 人時生產性 | I45: 前月比 | J45: 主要原因&對策 | N45: 3 | X45: =W45*U45 -> 0
A46: 便當 | B46: 1 | C46: 明太子海苔便當 | F46: 15 | G46: 1200 | H46: 80 | I46: 5 | J46: 指導鋪開炒柴魚片 | N46: 4 | X46: =W46*U46 -> 0
B47: 2 | N47: 5 | X47: =W47*U47 -> 0
B48: 3 | U48: 前幾名合計比例 | V48: =X48/N19 -> 0.13333333 | W48: 前幾名合計金額 | X48: =SUM(X43:X47) -> 600
B49: 4
B50: 5 | M50: （９）歩留
B51: ▼1 | C51: 特製醬汁炙燒牛五花便當 | F51: 18 | G51: 800 | H51: 44.44 | I51: -15 | J51: 肉狀態不良，已連動開發 | N51: No. | O51: 商品名 | R51: 半成品名 | U51: 單價 | V51: 規格 | W51: 實績 | X51: 差異 | Y51: 主要原因&對策
B52: ▼2 | M52: 作業原因 | N52: 1 | O52: 特製醬汁炙燒牛五花便當 | R52: 牛五花燒成 | U52: 30 | V52: 0.62 | W52: 0.58 | X52: =W52-V52 -> -0.04 | Y52: 燒成過多，調整調理條件。
B53: ▼3 | N53: 2 | X53: =W53-V53 -> 0
B54: ▼4 | M54: 規格原因 | N54: 1 | O54: 大口飯糰三種起司午餐肉 | R54: ３種起司燒成 | U54: 20 | V54: 0.9 | W54: 0.82 | X54: =W54-V54 -> -0.08 | Y54: 與燒成範本不同。
B55: ▼5 | N55: 2 | X55: =W55-V55 -> 0

Sheet 生產管理報表(月)
A1: 生產管理報表
A3: 月別 | B3: 9 | C3: 工廠 | D3: 晉欣廠
A4: （１）收支狀況 | E4: ※單位：千元 | G4: （２）ＫＰＩ達成進度
A5: 項目 | B5: 當月 | C5: 前月 | D5: 差異 | E5: 累計 | G5: 項目 | H5: KPI | I5: 當月 | J5: 前月 | K5: 累計 | L5: ※補充
A6: 業績金額 | B6: ='（１）收支狀況'!H5/1000 -> 94650.512 | C6: 212376.15 | D6: =B6-C6 -> -117725.64 | E6: =B6 -> 94650.512 | G6: 人時性(個/月均) | H6: 266 | I6: ='（２）ＫＰＩ達成進度'!H5 -> 336.69624 | J6: 331.32088 | K6: =I6 -> 336.69624 | L6: 個／MH
A7: 訂單數量 | B7: ='（４）訂單數量構成比'!H7 -> 6558055 | C7: 6558055 | D7: =B7-C7 -> 0 | E7: =B7 -> 6558055 | G7: 人時達成率(%/月均) | H7: 0.8 | I7: ='（２）ＫＰＩ達成進度'!K5 -> 0.91993509 | J7: 0.90524832 | K7: =I7 -> 0.91993509 | L7: 達成率
A8: 材料費 | B8: ='（１）收支狀況'!N5/1000 -> 62190.405 | C8: 139088.16 | D8: =B8-C8 -> -76897.758 | E8: =B8 -> 62190.405 | G8: 半成品-報廢(%) | H8: 0.0025 | I8: ='（２）ＫＰＩ達成進度'!N5 -> 0.0024630891 | J8: 0.0024946244 | K8: =I8 -> 0.0024630891 | L8: 報廢率
A9: 材料費率 | B9: ='（１）收支狀況'!Q5 -> 0.65705302 | C9: 0.65491423 | D9: =B9-C9 -> 0.0021387914 | E9: =B9 -> 0.65705302 | G9: 半成品-超用(%) | H9: 0.0026 | I9: ='（２）ＫＰＩ達成進度'!Q5 -> 0.0025032418 | J9: 0.0023789152 | K9: =I9 -> 0.0025032418 | L9: 超用率
A10: 勞務成本 | B10: ='（１）收支狀況'!T5/1000 -> 13405.609 | C10: 30146.177 | D10: =B10-C10 -> -16740.567 | E10: =B10 -> 13405.609 | G10: 固定產線-導入率(%) | H10: 0.8 | I10: ='（２）ＫＰＩ達成進度'!T5 -> 0.91666667 | J10: 0.91666667 | K10: =I10 -> 0.91666667 | L10: 導入率
A11: 勞務費率 | B11: ='（１）收支狀況'!W5 -> 0.14163272 | C11: 0.14194709 | D11: =B11-C11 -> -0.00031437085 | E11: =B11 -> 0.14163272 | G11: 教育訓練-實施率(%) | H11: 1 | I11: ='（２）ＫＰＩ達成進度'!W5 -> 0.72278571 | J11: 0.67912903 | K11: =I11 -> 0.72278571 | L11: 實施率
A13: （３）業績構成比 | G13: （４）訂單數量構成比
B14: 當月 | C14: 比例 | D14: 前月 | E14: 差異 | H14: 當月 | I14: 比例 | J14: 前月 | K14: 差異
A15: 18℃-飯A15:A23糰(061,063) | B15: ='（３）業績構成比'!#REF!/1000 -> #REF! | C15: =IFERROR(B15/$B$6,"") | D15: 0.19048549 | E15: =IFERROR(C15-D15,"") | G15: 18℃-飯A15:A23糰(061,063) | H15: ='（４）訂單數量構成比'!#REF! -> #REF! | I15: =IFERROR(H15/$B$7,"") | J15: 0.33193454 | K15: =IFERROR(I15-J15,"")
A16: 18℃-壽司手卷(071,072,075,076) | B16: ='（３）業績構成比'!#REF!/1000 -> #REF! | C16: =IFERROR(B16/$B$6,"") | D16: 0.04002075 | E16: =IFERROR(C16-D16,"") | G16: 18℃-壽司手卷(071,072,075,076) | H16: ='（４）訂單數量構成比'!#REF! -> #REF! | I16: =IFERROR(H16/$B$7,"") | J16: 0.050408543 | K16: =IFERROR(I16-J16,"")
A17: 4℃-飯糰(065) | B17: ='（３）業績構成比'!#REF!/1000 -> #REF! | C17: =IFERROR(B17/$B$6,"") | D17: 0.098025494 | E17: =IFERROR(C17-D17,"") | G17: 4℃-飯糰(065) | H17: ='（４）訂單數量構成比'!#REF! -> #REF! | I17: =IFERROR(H17/$B$7,"") | J17: 0.09754935 | K17: =IFERROR(I17-J17,"")
A18: 4℃-壽司手卷(077) | B18: ='（３）業績構成比'!#REF!/1000 -> #REF! | C18: =IFERROR(B18/$B$6,"") | D18: 0.0023157871 | E18: =IFERROR(C18-D18,"") | G18: 4℃-壽司手卷(077) | H18: ='（４）訂單數量構成比'!#REF! -> #REF! | I18: =IFERROR(H18/$B$7,"") | J18: 0.0027738407 | K18: =IFERROR(I18-J18,"")
A19: 主食(091,092,093,094,095) | B19: ='（３）業績構成比'!#REF!/1000 -> #REF! | C19: =IFERROR(B19/$B$6,"") | D19: 0.26645165 | E19: =IFERROR(C19-D19,"") | G19: 主食(091,092,093,094,095) | H19: ='（４）訂單數量構成比'!#REF! -> #REF! | I19: =IFERROR(H19/$B$7,"") | J19: 0.20966064 | K19: =IFERROR(I19-J19,"")
A20: 便當(083) | B20: ='（３）業績構成比'!#REF!/1000 -> #REF! | C20: =IFERROR(B20/$B$6,"") | D20: 0.11880395 | E20: =IFERROR(C20-D20,"") | G20: 便當(083) | H20: ='（４）訂單數量構成比'!#REF! -> #REF! | I20: =IFERROR(H20/$B$7,"") | J20: 0.069473342 | K20: =IFERROR(I20-J20,"")
A21: 熱食義麵(122,123,124,126) | B21: ='（３）業績構成比'!#REF!/1000 -> #REF! | C21: =IFERROR(B21/$B$6,"") | D21: 0.13107603 | E21: =IFERROR(C21-D21,"") | G21: 熱食義麵(122,123,124,126) | H21: ='（４）訂單數量構成比'!#REF! -> #REF! | I21: =IFERROR(H21/$B$7,"") | J21: 0.087948485 | K21: =IFERROR(I21-J21,"")
A22: 季節調理麵(111,112) | B22: ='（３）業績構成比'!#REF!/1000 -> #REF! | C22: =IFERROR(B22/$B$6,"") | D22: 0.091535408 | E22: =IFERROR(C22-D22,"") | G22: 季節調理麵(111,112) | H22: ='（４）訂單數量構成比'!#REF! -> #REF! | I22: =IFERROR(H22/$B$7,"") | J22: 0.079981641 | K22: =IFERROR(I22-J22,"")
A23: 微波小吃(153,154,155) | B23: ='（３）業績構成比'!#REF!/1000 -> #REF! | C23: =IFERROR(B23/$B$6,"") | D23: 0.061285436 | E23: =IFERROR(C23-D23,"") | G23: 微波小吃(153,154,155) | H23: ='（４）訂單數量構成比'!#REF! -> #REF! | I23: =IFERROR(H23/$B$7,"") | J23: 0.070269615 | K23: =IFERROR(I23-J23,"")
C24: =SUM(C15:C23) -> 0 | D24: =SUM(D15:D23) -> 1 | I24: =SUM(I15:I23) -> 0 | J24: =SUM(J15:J23) -> 1
A26: （５）品群別人時生產性
A27: 品群 | B27: 當月 | C27: 前月 | D27: 差異 | E27: 累計 | M27: 8月 | N27: 9月 | O27: 10月 | P27: 11月 | Q27: 12月
A28: 18℃-飯A15:A23糰(061,063) | B28: ='（５-1）品群別人時生產性（18℃-飯糰）'!$C$1 -> 714.0007 | C28: 717.52753 | D28: =B28-C28 -> -3.5268391 | E28: =R28 -> 715.76412 | M28: 717.52753 | N28: =B28 -> 714.0007 | R28: =AVERAGE(M28:Q28) -> 715.76412
A29: 18℃-壽司手卷(071,072,075,076) | B29: ='（５-2）品群別人時生產性（18-壽司手卷)'!$C$1 -> 203.29612 | C29: 197.63272 | D29: =B29-C29 -> 5.6633989 | E29: =R29 -> 200.46442 | M29: 197.63272 | N29: =B29 -> 203.29612 | R29: =AVERAGE(M29:Q29) -> 200.46442
A30: 4℃-飯糰(065) | B30: ='（５-3）品群別人時生產性（4℃-飯糰)'!$C$1 -> 254.18663 | C30: 240.45857 | D30: =B30-C30 -> 13.728058 | E30: =R30 -> 247.3226 | M30: 240.45857 | N30: =B30 -> 254.18663 | R30: =AVERAGE(M30:Q30) -> 247.3226
A31: 4℃-壽司手卷(077) | B31: ='（５-4）品群別人時生產性（4℃-壽司手卷)'!$C$1 -> 104.02418 | C31: 106.86512 | D31: =B31-C31 -> -2.8409471 | E31: =R31 -> 105.44465 | M31: 106.86512 | N31: =B31 -> 104.02418 | R31: =AVERAGE(M31:Q31) -> 105.44465
A32: 主食(091,092,093,094,095) | B32: ='（５-5）品群別人時生產性(主食) '!$C$1 -> 92.295596 | C32: 89.310428 | D32: =B32-C32 -> 2.9851673 | E32: =R32 -> 90.803012 | M32: 89.310428 | N32: =B32 -> 92.295596 | R32: =AVERAGE(M32:Q32) -> 90.803012
A33: 便當(083) | B33: ='（５-6）品群別人時生產性(便當)'!$C$1 -> 66.363331 | C33: 65.672742 | D33: =B33-C33 -> 0.69058834 | E33: =R33 -> 66.018037 | M33: 65.672742 | N33: =B33 -> 66.363331 | R33: =AVERAGE(M33:Q33) -> 66.018037
A34: 熱食義麵(122,123,124,126) | B34: ='（５-7）品群別人時生產性(熱食義麵) '!$C$1 -> 87.692999 | C34: 75.478569 | D34: =B34-C34 -> 12.21443 | E34: =R34 -> 81.585784 | M34: 75.478569 | N34: =B34 -> 87.692999 | R34: =AVERAGE(M34:Q34) -> 81.585784
A35: 季節調理麵(111,112) | B35: ='（５-8）品群別人時生產性(季節調理麵) '!$C$1 -> 117.1719 | C35: 114.50557 | D35: =B35-C35 -> 2.6663284 | E35: =R35 -> 115.83874 | M35: 114.50557 | N35: =B35 -> 117.1719 | R35: =AVERAGE(M35:Q35) -> 115.83874
A36: 微波小吃(153,154,155) | B36: ='（５-9）品群別人時生產性(微波小吃)'!$C$1 -> 108.43233 | C36: 99.648342 | D36: =B36-C36 -> 8.7839895 | E36: =R36 -> 104.04034 | M36: 99.648342 | N36: =B36 -> 108.43233 | R36: =AVERAGE(M36:Q36) -> 104.04034

Sheet 生產管理報表(週) 
A1: 生產管理報表
A3: 月別 | B3: 9 | C3: 週別 | D3: W2 | E3: 工廠 | F3: 晉欣廠
A4: （１）收支狀況 | E4: ※單位：千元 | G4: （２）ＫＰＩ達成進度
A5: 項目 | B5: 當週 | C5: 前週 | D5: 差異 | E5: 累計 | G5: 項目 | H5: KPI | I5: 當週 | J5: 前週 | K5: 累計 | L5: ※補充
A6: 業績金額 | B6: ='（１）收支狀況'!G37/1000 -> 48362.935 | C6: 46287.577 | D6: =B6-C6 -> 2075.358 | E6: ='（１）收支狀況'!H5/1000 -> 94650.512 | G6: 人時性(個/月均) | H6: 266 | I6: ='（２）ＫＰＩ達成進度'!G37 -> 335.12857 | J6: 338.34123 | K6: ='（２）ＫＰＩ達成進度'!H5 -> 336.69624 | L6: 個／MH
A7: 訂單數量 | B7: ='（１）收支狀況'!J37 -> 1525242 | C7: 1456107 | D7: =B7-C7 -> 69135 | E7: ='（１）收支狀況'!K5 -> 2981349 | G7: 人時達成率(%/月均) | H7: 0.8 | I7: ='（２）ＫＰＩ達成進度'!J37 -> 0.91565183 | J7: 0.92421834 | K7: ='（２）ＫＰＩ達成進度'!K5 -> 0.91993509 | L7: 達成率
A8: 材料費 | B8: ='（１）收支狀況'!M37/1000 -> 31940.881 | C8: 30224.129 | D8: =B8-C8 -> 1716.752 | E8: ='（１）收支狀況'!N5/1000 -> 62190.405 | G8: 半成品-報廢(%) | H8: 0.0025 | I8: ='（２）ＫＰＩ達成進度'!M37 -> 0.0024809019 | J8: 0.0024445365 | K8: ='（２）ＫＰＩ達成進度'!N5 -> 0.0024630891 | L8: 報廢率
A9: 材料費率 | B9: ='（１）收支狀況'!P37 -> 0.66044133 | C9: 0.65296416 | D9: =B9-C9 -> 0.0074771641 | E9: ='（１）收支狀況'!Q5 -> 0.65705302 | G9: 半成品-超用(%) | H9: 0.0026 | I9: ='（２）ＫＰＩ達成進度'!P37 -> 0.0027407836 | J9: 0.0022832747 | K9: ='（２）ＫＰＩ達成進度'!Q5 -> 0.0025032418 | L9: 超用率
A10: 勞務成本 | B10: ='（１）收支狀況'!S37/1000 -> 6652.0226 | C10: 6765.7643 | D10: =B10-C10 -> -113.7417 | E10: ='（１）收支狀況'!T5/1000 -> 13405.609 | G10: 固定產線-導入率(%) | H10: 0.8 | I10: 0.917 | J10: 0.917 | K10: 0.917 | L10: 導入率
A11: 勞務費率 | B11: ='（１）收支狀況'!V37 -> 0.13754381 | C11: 0.14616804 | D11: =B11-C11 -> -0.0086242223 | E11: ='（１）收支狀況'!W5 -> 0.14163272 | G11: 教育訓練-實施率(%) | H11: 1 | I11: ='（２）ＫＰＩ達成進度'!V37 -> 0.73357143 | J11: 0.712 | K11: ='（２）ＫＰＩ達成進度'!W5 -> 0.72278571 | L11: 實施率
A13: （３）業績構成比 | G13: （４）訂單數量構成比
B14: 當週 | C14: 比例 | D14: 前週 | E14: 差異 | H14: 當週 | I14: 比例 | J14: 前週 | K14: 差異
A15: 18℃-飯糰(061,063) | B15: =SUM('（３）業績構成比'!I39:I45,'（３）業績構成比'!K39:K45)/1000 -> 11347.535 | C15: =IFERROR(B15/$B$6,"") -> 0.23463288 | D15: 0.19889795 | E15: =IFERROR(C15-D15,"") -> 0.035734937 | G15: 18℃-飯糰(061,063) | H15: =SUM(,'（４）訂單數量構成比'!I39:I45,'（４）訂單數量構成比'!K39:K45) -> 583517 | I15: =IFERROR(H15/$B$7,"") -> 0.38257339 | J15: 0.34512986 | K15: =IFERROR(I15-J15,"") -> 0.037443532
A16: 18℃-壽司手卷(071,072,075,076) | B16: =SUM('（３）業績構成比'!O39:O45,'（３）業績構成比'!Q39:Q45)/1000 -> 1816.7027 | C16: =IFERROR(B16/$B$6,"") -> 0.037563947 | D16: 0.042338025 | E16: =IFERROR(C16-D16,"") -> -0.004774078 | G16: 18℃-壽司手卷(071,072,075,076) | H16: =SUM('（４）訂單數量構成比'!O39:O45,'（４）訂單數量構成比'!Q39:Q45) -> 69190 | I16: =IFERROR(H16/$B$7,"") -> 0.045363293 | J16: 0.052027083 | K16: =IFERROR(I16-J16,"") -> -0.00666379
A17: 4℃-飯糰(065) | B17: =SUM('（３）業績構成比'!U39:U45)/1000 -> 4214.4066 | C17: =IFERROR(B17/$B$6,"") -> 0.08714125 | D17: 0.093807255 | E17: =IFERROR(C17-D17,"") -> -0.0066660047 | G17: 4℃-飯糰(065) | H17: =SUM('（４）訂單數量構成比'!U39:U45) -> 126928 | I17: =IFERROR(H17/$B$7,"") -> 0.08321827 | J17: 0.090603919 | K17: =IFERROR(I17-J17,"") -> -0.0073856489
A18: 4℃-壽司手卷(077) | B18: =SUM('（３）業績構成比'!W39:W45)/1000 -> 84.058316 | C18: =IFERROR(B18/$B$6,"") -> 0.0017380731 | D18: 0.0017052625 | E18: =IFERROR(C18-D18,"") -> 3.2810606e-05 | G18: 4℃-壽司手卷(077) | H18: =SUM('（４）訂單數量構成比'!W39:W45) -> 3171 | I18: =IFERROR(H18/$B$7,"") -> 0.0020790143 | J18: 0.0020458661 | K18: =IFERROR(I18-J18,"") -> 3.3148212e-05
A19: 主食(091,092,093,094,095) | B19: =SUM('（３）業績構成比'!Y39:Y45,'（３）業績構成比'!AA39:AA45)/1000 -> 12039.863 | C19: =IFERROR(B19/$B$6,"") -> 0.24894814 | D19: 0.26244677 | E19: =IFERROR(C19-D19,"") -> -0.013498632 | G19: 主食(091,092,093,094,095) | H19: =SUM('（４）訂單數量構成比'!Y39:Y45,'（４）訂單數量構成比'!AA39:AA45) -> 295340 | I19: =IFERROR(H19/$B$7,"") -> 0.19363485 | J19: 0.20493961 | K19: =IFERROR(I19-J19,"") -> -0.011304763
A20: 便當(083) | B20: =SUM('（３）業績構成比'!AE39:AE45)/1000 -> 4974.2802 | C20: =IFERROR(B20/$B$6,"") -> 0.10285315 | D20: 0.10895033 | E20: =IFERROR(C20-D20,"") -> -0.006097182 | G20: 便當(083) | H20: =SUM('（４）訂單數量構成比'!AE39:AE45) -> 90746 | I20: =IFERROR(H20/$B$7,"") -> 0.059496132 | J20: 0.063493274 | K20: =IFERROR(I20-J20,"") -> -0.0039971411
A21: 熱食義麵(122,123,124,126) | B21: =SUM('（３）業績構成比'!AG39:AG45)/1000 -> 7053.9366 | C21: =IFERROR(B21/$B$6,"") -> 0.14585419 | D21: 0.12954844 | E21: =IFERROR(C21-D21,"") -> 0.016305752 | G21: 熱食義麵(122,123,124,126) | H21: =SUM('（４）訂單數量構成比'!AG39:AG45) -> 143344 | I21: =IFERROR(H21/$B$7,"") -> 0.093981152 | J21: 0.082842813 | K21: =IFERROR(I21-J21,"") -> 0.011138339
A22: 季節調理麵(111,112) | B22: =SUM('（３）業績構成比'!AI39:AI45)/1000 -> 3969.5267 | C22: =IFERROR(B22/$B$6,"") -> 0.082077871 | D22: 0.092703991 | E22: =IFERROR(C22-D22,"") -> -0.01062612 | G22: 季節調理麵(111,112) | H22: =SUM('（４）訂單數量構成比'!AI39:AI45) -> 108232 | I22: =IFERROR(H22/$B$7,"") -> 0.070960543 | J22: 0.080386263 | K22: =IFERROR(I22-J22,"") -> -0.0094257202
A23: 微波小吃(153,154,155) | B23: =SUM('（３）業績構成比'!AK39:AK45)/1000 -> 2862.6264 | C23: =IFERROR(B23/$B$6,"") -> 0.059190501 | D23: 0.069601983 | E23: =IFERROR(C23-D23,"") -> -0.010411481 | G23: 微波小吃(153,154,155) | H23: =SUM('（４）訂單數量構成比'!AK39:AK45) -> 104774 | I23: =IFERROR(H23/$B$7,"") -> 0.068693361 | J23: 0.078531317 | K23: =IFERROR(I23-J23,"") -> -0.0098379553
C24: =SUM(C15:C23) -> 1 | D24: =SUM(D15:D23) -> 1 | I24: =SUM(I15:I23) -> 1 | J24: =SUM(J15:J23) -> 1
A26: （５）品群別人時生產性
A27: 品群 | B27: 當週 | C27: 前週 | D27: 差異 | E27: 累計
A28: 18℃-飯糰(061,063) | B28: ='（５-1）品群別人時生產性（18℃-飯糰）'!L42 -> 714.86008 | C28: ='（５-1）品群別人時生產性（18℃-飯糰）'!L7 -> 713.14131 | D28: =B28-C28 -> 1.7187698 | E28: ='（５-1）品群別人時生產性（18℃-飯糰）'!C1 -> 714.0007
A29: 18℃-壽司手卷(071,072,075,076) | B29: ='（５-2）品群別人時生產性（18-壽司手卷)'!L27 -> 202.12384 | C29: ='（５-2）品群別人時生產性（18-壽司手卷)'!L7 -> 204.46839 | D29: =B29-C29 -> -2.3445544 | E29: ='（５-2）品群別人時生產性（18-壽司手卷)'!C1 -> 203.29612
A30: 4℃-飯糰(065) | B30: ='（５-3）品群別人時生產性（4℃-飯糰)'!L27 -> 259.1052 | C30: ='（５-3）品群別人時生產性（4℃-飯糰)'!L7 -> 249.26806 | D30: =B30-C30 -> 9.8371474 | E30: ='（５-3）品群別人時生產性（4℃-飯糰)'!C1 -> 254.18663
A31: 4℃-壽司手卷(077) | B31: ='（５-4）品群別人時生產性（4℃-壽司手卷)'!L27 -> 105.24615 | C31: ='（５-4）品群別人時生產性（4℃-壽司手卷)'!L7 -> 102.8022 | D31: =B31-C31 -> 2.443956 | E31: ='（５-4）品群別人時生產性（4℃-壽司手卷)'!C1 -> 104.02418
A32: 主食(091,092,093,094,095) | B32: ='（５-5）品群別人時生產性(主食) '!L42 -> 92.221576 | C32: ='（５-5）品群別人時生產性(主食) '!L7 -> 92.369615 | D32: =B32-C32 -> -0.14803868 | E32: ='（５-5）品群別人時生產性(主食) '!C1 -> 92.295596
A33: 便當(083) | B33: ='（５-6）品群別人時生產性(便當)'!L27 -> 68.168322 | C33: ='（５-6）品群別人時生產性(便當)'!L7 -> 64.558339 | D33: =B33-C33 -> 3.6099833 | E33: ='（５-6）品群別人時生產性(便當)'!C1 -> 66.363331
A34: 熱食義麵(122,123,124,126) | B34: ='（５-7）品群別人時生產性(熱食義麵) '!L27 -> 87.833649 | C34: ='（５-7）品群別人時生產性(熱食義麵) '!L7 -> 87.552348 | D34: =B34-C34 -> 0.2813008 | E34: ='（５-7）品群別人時生產性(熱食義麵) '!C1 -> 87.692999
A35: 季節調理麵(111,112) | B35: ='（５-8）品群別人時生產性(季節調理麵) '!L27 -> 117.39386 | C35: ='（５-8）品群別人時生產性(季節調理麵) '!L7 -> 116.94994 | D35: =B35-C35 -> 0.44392053 | E35: ='（５-8）品群別人時生產性(季節調理麵) '!C1 -> 117.1719
A36: 微波小吃(153,154,155) | B36: ='（５-9）品群別人時生產性(微波小吃)'!L27 -> 111.59972 | C36: ='（５-9）品群別人時生產性(微波小吃)'!L7 -> 105.26495 | D36: =B36-C36 -> 6.3347681 | E36: ='（５-9）品群別人時生產性(微波小吃)'!C1 -> 108.43233

Sheet （１）收支狀況
B2: （１）收支狀況
B3: 資料繳交日 | C3: 月份 | D3: 日期 | F3: 營業額(元) | I3: 訂單數量(個) | L3: 材料費(元) | O3: 材料費率（材料費／營業額） | R3: 勞務成本（全廠人事成本） | U3: 勞務費率（勞務成本／營業額）
F4: 日 | G4: 週累積 | H4: 月累積 | I4: 日 | J4: 週累積 | K4: 月累積 | L4: 日 | M4: 週累積 | N4: 月累積 | O4: 日 | P4: 週累積 | Q4: 月累積 | R4: 日 | S4: 週累積 | T4: 月累積 | U4: 日 | V4: 週累積 | W4: 月累積
B5: =D17 -> 45882 | C5: 八 | D5: 45870 | E5: 五 | F5: 6238721 | G5: =SUM(F5:F8) -> 27719634 | H5: =SUM(F30:F99) -> 94650512 | I5: 189694 | J5: =SUM(I5:I8) -> 835562 | K5: =SUM(I30:I99) -> 2981349 | L5: 4328564 | M5: =SUM(L5:L8) -> 18071368 | N5: =SUM(L30:L99) -> 62190405 | O5: =L5/F5 -> 0.69382234 | P5: =M5/G5 -> 0.65193386 | Q5: =N5/H5 -> 0.65705302 | R5: 943023.35 | S5: =SUM(R5:R8) -> 3865161.5 | T5: =SUM(R30:R99) -> 13405609 | U5: =R5/F5 -> 0.15115652 | V5: =S5/G5 -> 0.13943768 | W5: =T5/H5 -> 0.14163272
D6: 45871 | E6: 六 | F6: 6562252 | I6: 198615 | L6: 4232726 | O6: =L6/F6 -> 0.64501119 | R6: 938418.88 | U6: =R6/F6 -> 0.14300257
D7: 45872 | E7: 日 | F7: 7531206 | I7: 226309 | L7: 4804413 | O7: =L7/F7 -> 0.63793408 | R7: 986964.21 | U7: =R7/F7 -> 0.13104996
D8: 45873 | E8: 一 | F8: 7387455 | I8: 220944 | L8: 4705665 | O8: =L8/F8 -> 0.63698053 | R8: 996755.08 | U8: =R8/F8 -> 0.13492537
D9: 45874 | E9: 二 | F9: 7967674 | G9: =SUM(F9:F15) -> 48153352 | I9: 237092 | J9: =SUM(I9:I15) -> 1481597 | L9: 5154252 | M9: =SUM(L9:L15) -> 31832447 | O9: =L9/F9 -> 0.64689544 | P9: =M9/G9 -> 0.66106399 | R9: 1013986.2 | S9: =SUM(R9:R15) -> 6693842.4 | U9: =R9/F9 -> 0.12726251 | V9: =S9/G9 -> 0.13901093
D10: 45875 | E10: 三 | F10: 7313533 | I10: 222453 | L10: 4928684 | O10: =L10/F10 -> 0.67391287 | R10: 978046.09 | U10: =R10/F10 -> 0.133731
D11: 45876 | E11: 四 | F11: 6849540 | I11: 211393 | L11: 4518685 | O11: =L11/F11 -> 0.65970635 | R11: 969314.06 | U11: =R11/F11 -> 0.14151521
D12: 45877 | E12: 五 | F12: 6028491 | I12: 189264 | L12: 4132693 | O12: =L12/F12 -> 0.68552694 | R12: 928029.26 | U12: =R12/F12 -> 0.15394056
D13: 45878 | E13: 六 | F13: 6203511 | I13: 192323 | L13: 4132318 | O13: =L13/F13 -> 0.66612568 | R13: 925688.35 | U13: =R13/F13 -> 0.14922007
D14: 45879 | E14: 日 | F14: 6959932 | I14: 216752 | L14: 4477956 | O14: =L14/F14 -> 0.64339077 | R14: 940286.83 | U14: =R14/F14 -> 0.1351
D15: 45880 | E15: 一 | F15: 6830671 | I15: 212320 | L15: 4487859 | O15: =L15/F15 -> 0.65701583 | R15: 938491.58 | U15: =R15/F15 -> 0.13739376
B16: =D24 -> 45889 | D16: 45881 | E16: 二 | F16: 7487435 | G16: =SUM(F16:F22) -> 48523585 | I16: 224380 | J16: =SUM(I16:I22) -> 1480470 | L16: 4856053 | M16: =SUM(L16:L22) -> 31535098 | O16: =L16/F16 -> 0.64856029 | P16: =M16/G16 -> 0.64989217 | R16: 983069.18 | S16: =SUM(R16:R22) -> 6841610.2 | U16: =R16/F16 -> 0.13129585 | V16: =S16/G16 -> 0.14099556
D17: 45882 | E17: 三 | F17: 7231344 | I17: 220130 | L17: 4546524 | O17: =L17/F17 -> 0.62872462 | R17: 985534.26 | U17: =R17/F17 -> 0.13628646
D18: 45883 | E18: 四 | F18: 7037093 | I18: 214387 | L18: 4629818 | O18: =L18/F18 -> 0.65791627 | R18: 991055.77 | U18: =R18/F18 -> 0.14083312
D19: 45884 | E19: 五 | F19: 6388038 | I19: 194099 | L19: 4187375 | O19: =L19/F19 -> 0.65550252 | R19: 982289.15 | U19: =R19/F19 -> 0.15377009
D20: 45885 | E20: 六 | F20: 6365900 | I20: 193782 | L20: 4221117 | O20: =L20/F20 -> 0.66308252 | R20: 964177.16 | U20: =R20/F20 -> 0.15145968
D21: 45886 | E21: 日 | F21: 7153920 | I21: 218883 | L21: 4622586 | O21: =L21/F21 -> 0.64616127 | R21: 959179.65 | U21: =R21/F21 -> 0.13407749
D22: 45887 | E22: 一 | F22: 6859855 | I22: 214809 | L22: 4471625 | O22: =L22/F22 -> 0.65185416 | R22: 976304.98 | U22: =R22/F22 -> 0.14232152
B23: =D31 -> 45896 | D23: 45888 | E23: 二 | F23: 7669791 | G23: =SUM(F23:F29) -> 48798227 | I23: 237868 | J23: =SUM(I23:I29) -> 1526628 | L23: 5123124 | M23: =SUM(L23:L29) -> 32021656 | O23: =L23/F23 -> 0.66796136 | P23: =M23/G23 -> 0.65620532 | R23: 986490.34 | S23: =SUM(R23:R29) -> 6898748.8 | U23: =R23/F23 -> 0.12862024 | V23: =S23/G23 -> 0.14137294
D24: 45889 | E24: 三 | F24: 7361858 | I24: 229442 | L24: 4636620 | O24: =L24/F24 -> 0.62981655 | R24: 983128.49 | U24: =R24/F24 -> 0.13354353
D25: 45890 | E25: 四 | F25: 7002876 | I25: 218054 | L25: 4532763 | O25: =L25/F25 -> 0.64727164 | R25: 968897.68 | U25: =R25/F25 -> 0.13835711
D26: 45891 | E26: 五 | F26: 6204031 | I26: 195390 | L26: 4156769 | O26: =L26/F26 -> 0.670011 | R26: 992349.54 | U26: =R26/F26 -> 0.15995238
D27: 45892 | E27: 六 | F27: 6323179 | I27: 198181 | L27: 4318835 | O27: =L27/F27 -> 0.68301641 | R27: 990699.66 | U27: =R27/F27 -> 0.15667747
D28: 45893 | E28: 日 | F28: 7218612 | I28: 227099 | L28: 4527394 | O28: =L28/F28 -> 0.62718345 | R28: 988981.44 | U28: =R28/F28 -> 0.13700438
D29: 45894 | E29: 一 | F29: 7017880 | I29: 220594 | L29: 4726151 | O29: =L29/F29 -> 0.67344426 | R29: 988201.65 | U29: =R29/F29 -> 0.14081199
B30: =D38 -> 45903 | D30: 45895 | E30: 二 | F30: 6875105 | G30: =SUM(F30:F36) -> 46287577 | I30: 215808 | J30: =SUM(I30:I36) -> 1456107 | L30: 4445363 | M30: =SUM(L30:L36) -> 30249524 | O30: =L30/F30 -> 0.64658838 | P30: =M30/G30 -> 0.6535128 | R30: 993229.01 | S30: =SUM(R30:R36) -> 6753586.8 | U30: =R30/F30 -> 0.14446747 | V30: =S30/G30 -> 0.14590495
D31: 45896 | E31: 三 | F31: 6713523 | I31: 211789 | L31: 4375267 | O31: =L31/F31 -> 0.65170954 | R31: 975476.53 | U31: =R31/F31 -> 0.14530024
D32: 45897 | E32: 四 | F32: 6453701 | I32: 204538 | L32: 4275402 | O32: =L32/F32 -> 0.6624729 | R32: 984413.34 | U32: =R32/F32 -> 0.1525347
D33: 45898 | E33: 五 | F33: 5903385 | I33: 187591 | L33: 3865422 | O33: =L33/F33 -> 0.6547806 | R33: 962941.29 | U33: =R33/F33 -> 0.1631168
D34: 45899 | E34: 六 | F34: 6221025 | I34: 193659 | L34: 4192354 | O34: =L34/F34 -> 0.67390084 | R34: 950874.71 | U34: =R34/F34 -> 0.15284856
D35: 45900 | E35: 日 | F35: 7014613 | I35: 220413 | L35: 4473786 | O35: =L35/F35 -> 0.63778087 | R35: 979878.72 | U35: =R35/F35 -> 0.13969106
D36: 45901 | E36: 一 | F36: 7106225 | I36: 222309 | L36: 4621930 | O36: =L36/F36 -> 0.65040581 | R36: 906773.22 | U36: =R36/F36 -> 0.12760266
D37: 45902 | E37: 二 | F37: 7727458 | G37: =SUM(F37:F43) -> 48362935 | I37: 240560 | J37: =SUM(I37:I43) -> 1525242 | L37: 5060598 | M37: =SUM(L37:L43) -> 31940881 | O37: =L37/F37 -> 0.65488522 | P37: =M37/G37 -> 0.66044133 | R37: 979621.45 | S37: =SUM(R37:R43) -> 6652022.6 | U37: =R37/F37 -> 0.1267715 | V37: =S37/G37 -> 0.13754381
D38: 45903 | E38: 三 | F38: 7254649 | I38: 228856 | L38: 4619747 | O38: =L38/F38 -> 0.63679814 | R38: 927369.82 | U38: =R38/F38 -> 0.12783111
D39: 45904 | E39: 四 | F39: 6602059 | I39: 210018 | L39: 4475566 | O39: =L39/F39 -> 0.67790457 | R39: 964337.57 | U39: =R39/F39 -> 0.14606618
D40: 45905 | E40: 五 | F40: 5807177 | I40: 186157 | L40: 3941615 | O40: =L40/F40 -> 0.6787489 | R40: 896979.56 | U40: =R40/F40 -> 0.15446052
D41: 45906 | E41: 六 | F41: 6167669 | I41: 195008 | L41: 4376939 | O41: =L41/F41 -> 0.70965854 | R41: 921397.83 | U41: =R41/F41 -> 0.14939158
D42: 45907 | E42: 日 | F42: 7394780 | I42: 233163 | L42: 4657028 | O42: =L42/F42 -> 0.62977235 | R42: 974400.35 | U42: =R42/F42 -> 0.13176867
D43: 45908 | E43: 一 | F43: 7409143 | I43: 231480 | L43: 4809388 | O43: =L43/F43 -> 0.64911529 | R43: 987915.99 | U43: =R43/F43 -> 0.13333742

Sheet （２）ＫＰＩ達成進度
B1: KPI | C1: 366
B2: （２）ＫＰＩ達成進度
B3: 資料繳交日 | C3: 月份 | D3: 日期 | F3: 人時生產性(個/人) | I3: 人時生產性達成率(%) | L3: 半成品報廢(%) | O3: 半成品超用(%) | R3: 固定產線-導入率(固定產線數/總產線數) | U3: 教育訓練-實施率(進度/計畫)
F4: 日 | G4: 週平均 | H4: 月平均 | I4: 日 | J4: 週平均 | K4: 月平均 | L4: 日 | M4: 週平均 | N4: 月平均 | O4: 日 | P4: 週平均 | Q4: 月平均 | R4: 日 | S4: 週平均 | T4: 月平均 | U4: 日 | V4: 週平均 | W4: 月平均
B5: =D17 -> 45882 | C5: 八 | D5: 45870 | E5: 五 | F5: 323.2 | G5: =AVERAGE(F5:F8) -> 323.2 | H5: =AVERAGE(F30:F99) -> 336.69624 | I5: =F5/$C$1 -> 0.88306011 | J5: =AVERAGE(I5:I8) -> 0.88306011 | K5: =AVERAGE(I30:I99) -> 0.91993509 | L5: 0.0025117077 | M5: =AVERAGE(L5:L8) -> 0.0024983247 | N5: =AVERAGE(L30:L99) -> 0.0024630891 | O5: 0.002999903 | P5: =AVERAGE(O5:O8) -> 0.0025091067 | Q5: =AVERAGE(O30:O99) -> 0.0025032418 | R5: =11/12 -> 0.91666667 | S5: =AVERAGE(R5:R8) -> 0.91666667 | T5: =AVERAGE(R30:R99) -> 0.91666667 | U5: 0.62 | V5: =AVERAGE(U5:U8) -> 0.625 | W5: =AVERAGE(U30:U99) -> 0.72278571
D6: 45871 | E6: 六 | F6: 319.2 | I6: =F6/$C$1 -> 0.87213115 | L6: 0.002468592 | O6: 0.0028443956 | R6: =11/12 -> 0.91666667 | U6: 0.62
D7: 45872 | E7: 日 | F7: 320.9 | I7: =F7/$C$1 -> 0.87677596 | L7: 0.0024820518 | O7: 0.0021361567 | R7: =11/12 -> 0.91666667 | U7: 0.63
D8: 45873 | E8: 一 | F8: 329.5 | I8: =F8/$C$1 -> 0.90027322 | L8: 0.0025309471 | O8: 0.0020559715 | R8: =11/12 -> 0.91666667 | U8: 0.63
D9: 45874 | E9: 二 | F9: 330.6 | G9: =AVERAGE(F9:F15) -> 328.97143 | I9: =F9/$C$1 -> 0.90327869 | J9: =AVERAGE(I9:I15) -> 0.89882904 | L9: 0.0024806626 | M9: =AVERAGE(L9:L15) -> 0.0025106738 | O9: 0.0020747828 | P9: =AVERAGE(O9:O15) -> 0.0024001339 | R9: =11/12 -> 0.91666667 | S9: =AVERAGE(R9:R15) -> 0.91666667 | U9: 0.635 | V9: =AVERAGE(U9:U15) -> 0.66
D10: 45875 | E10: 三 | F10: 329.4 | I10: =F10/$C$1 -> 0.9 | L10: 0.0024885303 | O10: 0.0024893285 | R10: =11/12 -> 0.91666667 | U10: 0.65
D11: 45876 | E11: 四 | F11: 331.8 | I11: =F11/$C$1 -> 0.90655738 | L11: 0.002511329 | O11: 0.0022021476 | R11: =11/12 -> 0.91666667 | U11: 0.66
D12: 45877 | E12: 五 | F12: 327.6 | I12: =F12/$C$1 -> 0.89508197 | L12: 0.0025100673 | O12: 0.0026764289 | R12: =11/12 -> 0.91666667 | U12: 0.66
D13: 45878 | E13: 六 | F13: 327 | I13: =F13/$C$1 -> 0.89344262 | L13: 0.0025210535 | O13: 0.0028191053 | R13: =11/12 -> 0.91666667 | U13: 0.67
D14: 45879 | E14: 日 | F14: 330.9 | I14: =F14/$C$1 -> 0.90409836 | L14: 0.0025324776 | O14: 0.0022019356 | R14: =11/12 -> 0.91666667 | U14: 0.67
D15: 45880 | E15: 一 | F15: 325.5 | I15: =F15/$C$1 -> 0.88934426 | L15: 0.0025305966 | O15: 0.0023372087 | R15: =11/12 -> 0.91666667 | U15: 0.675
B16: =D24 -> 45889 | D16: 45881 | E16: 二 | F16: 326.1 | G16: =AVERAGE(F16:F22) -> 328.34286 | I16: =F16/$C$1 -> 0.89098361 | J16: =AVERAGE(I16:I22) -> 0.89711163 | L16: 0.002479823 | M16: =AVERAGE(L16:L22) -> 0.0025138479 | O16: 0.0022799124 | P16: =AVERAGE(O16:O22) -> 0.0024171057 | R16: =11/12 -> 0.91666667 | S16: =AVERAGE(R16:R22) -> 0.91666667 | U16: 0.68 | V16: =AVERAGE(U16:U22) -> 0.68571429
D17: 45882 | E17: 三 | F17: 331.8 | I17: =F17/$C$1 -> 0.90655738 | L17: 0.0024907161 | O17: 0.0024630926 | R17: =11/12 -> 0.91666667 | U17: 0.68
D18: 45883 | E18: 四 | F18: 326.6 | I18: =F18/$C$1 -> 0.89234973 | L18: 0.0025108283 | O18: 0.002472546 | R18: =11/12 -> 0.91666667 | U18: 0.68
D19: 45884 | E19: 五 | F19: 332.3 | I19: =F19/$C$1 -> 0.9079235 | L19: 0.0025132368 | O19: 0.0025667444 | R19: =11/12 -> 0.91666667 | U19: 0.69
D20: 45885 | E20: 六 | F20: 325.6 | I20: =F20/$C$1 -> 0.88961749 | L20: 0.0025209124 | O20: 0.00251042 | R20: =11/12 -> 0.91666667 | U20: 0.69
D21: 45886 | E21: 日 | F21: 327.6 | I21: =F21/$C$1 -> 0.89508197 | L21: 0.0025325514 | O21: 0.0022401803 | R21: =11/12 -> 0.91666667 | U21: 0.69
D22: 45887 | E22: 一 | F22: 328.4 | I22: =F22/$C$1 -> 0.89726776 | L22: 0.0025488676 | O22: 0.0023868442 | R22: =11/12 -> 0.91666667 | U22: 0.69
B23: =D31 -> 45896 | D23: 45888 | E23: 二 | F23: 333.7 | G23: =AVERAGE(F23:F29) -> 335.27143 | I23: =F23/$C$1 -> 0.91174863 | J23: =AVERAGE(I23:I29) -> 0.91604215 | L23: 0.0024754769 | M23: =AVERAGE(L23:L29) -> 0.0025001696 | O23: 0.0022714493 | P23: =AVERAGE(O23:O29) -> 0.0023270885 | R23: =11/12 -> 0.91666667 | S23: =AVERAGE(R23:R29) -> 0.91666667 | U23: 0.69 | V23: =AVERAGE(U23:U29) -> 0.69585714
D24: 45889 | E24: 三 | F24: 334.1 | I24: =F24/$C$1 -> 0.91284153 | L24: 0.0025144124 | O24: 0.002165809 | R24: =11/12 -> 0.91666667 | U24: 0.69
D25: 45890 | E25: 四 | F25: 340 | I25: =F25/$C$1 -> 0.92896175 | L25: 0.0025342309 | O25: 0.002217703 | R25: =11/12 -> 0.91666667 | U25: 0.695
D26: 45891 | E26: 五 | F26: 330.2 | I26: =F26/$C$1 -> 0.90218579 | L26: 0.0024972691 | O26: 0.0025154403 | R26: =11/12 -> 0.91666667 | U26: 0.695
D27: 45892 | E27: 六 | F27: 333.2 | I27: =F27/$C$1 -> 0.91038251 | L27: 0.0024895345 | O27: 0.0025103538 | R27: =11/12 -> 0.91666667 | U27: 0.7
D28: 45893 | E28: 日 | F28: 337.2 | I28: =F28/$C$1 -> 0.92131148 | L28: 0.0025185436 | O28: 0.0023235667 | R28: =11/12 -> 0.91666667 | U28: 0.7
D29: 45894 | E29: 一 | F29: 338.5 | I29: =F29/$C$1 -> 0.92486339 | L29: 0.0024717196 | O29: 0.0022852972 | R29: =11/12 -> 0.91666667 | U29: 0.701
B30: =D38 -> 45903 | D30: 45895 | E30: 二 | F30: 330.16744 | G30: =AVERAGE(F30:F36) -> 338.26391 | I30: =F30/$C$1 -> 0.90209682 | J30: =AVERAGE(I30:I36) -> 0.92421834 | L30: 0.0024688309 | M30: =AVERAGE(L30:L36) -> 0.0024452763 | O30: 0.0023625366 | P30: =AVERAGE(O30:O36) -> 0.0022657 | R30: =11/12 -> 0.91666667 | S30: =AVERAGE(R30:R36) -> 0.91666667 | U30: 0.701 | V30: =AVERAGE(U30:U36) -> 0.712
D31: 45896 | E31: 三 | F31: 337.73305 | I31: =F31/$C$1 -> 0.9227679 | L31: 0.0025111525 | O31: 0.0023225024 | R31: =11/12 -> 0.91666667 | U31: 0.701
D32: 45897 | E32: 四 | F32: 362.18425 | I32: =F32/$C$1 -> 0.98957445 | L32: 0.002507462 | O32: 0.0023385481 | R32: =11/12 -> 0.91666667 | U32: 0.71
D33: 45898 | E33: 五 | F33: 335.46477 | I33: =F33/$C$1 -> 0.91657041 | L33: 0.0024989334 | O33: 0.0025849009 | R33: =11/12 -> 0.91666667 | U33: 0.71
D34: 45899 | E34: 六 | F34: 331.23588 | I34: =F34/$C$1 -> 0.90501606 | L34: 0.0021813294 | O34: 0.0020831805 | R34: =11/12 -> 0.91666667 | U34: 0.72
D35: 45900 | E35: 日 | F35: 333.26201 | I35: =F35/$C$1 -> 0.91055194 | L35: 0.0024995108 | O35: 0.00200798 | R35: =11/12 -> 0.91666667 | U35: 0.72
D36: 45901 | E36: 一 | F36: 337.8 | I36: =F36/$C$1 -> 0.92295082 | L36: 0.0024497152 | O36: 0.0021602518 | R36: 0.91666667 | U36: 0.722
D37: 45902 | E37: 二 | F37: 331.8 | G37: =AVERAGE(F37:F43) -> 335.12857 | I37: =F37/$C$1 -> 0.90655738 | J37: =AVERAGE(I37:I43) -> 0.91565183 | L37: 0.0025081702 | M37: =AVERAGE(L37:L43) -> 0.0024809019 | O37: 0.002987586 | P37: =AVERAGE(O37:O43) -> 0.0027407836 | R37: 0.91666667 | S37: =AVERAGE(R37:R43) -> 0.91666667 | U37: 0.723 | V37: =AVERAGE(U37:U43) -> 0.73357143
D38: 45903 | E38: 三 | F38: 331.8 | I38: =F38/$C$1 -> 0.90655738 | L38: 0.0024356035 | O38: 0.0025976289 | R38: 0.91666667 | U38: 0.723
D39: 45904 | E39: 四 | F39: 333.6 | I39: =F39/$C$1 -> 0.91147541 | L39: 0.0025008066 | O39: 0.0030613899 | R39: 0.91666667 | U39: 0.73
D40: 45905 | E40: 五 | F40: 339 | I40: =F40/$C$1 -> 0.92622951 | L40: 0.0025111788 | O40: 0.0028302524 | R40: 0.91666667 | U40: 0.735
D41: 45906 | E41: 六 | F41: 335.7 | I41: =F41/$C$1 -> 0.91721311 | L41: 0.0024919395 | O41: 0.0028965379 | R41: 0.91666667 | U41: 0.74
D42: 45907 | E42: 日 | F42: 335.9 | I42: =F42/$C$1 -> 0.91775956 | L42: 0.0024817889 | O42: 0.0025248926 | R42: 0.91666667 | U42: 0.742
D43: 45908 | E43: 一 | F43: 338.1 | I43: =F43/$C$1 -> 0.92377049 | L43: 0.0024368258 | O43: 0.0022871979 | R43: 0.91666667 | U43: 0.742

Sheet （３）業績構成比
B2: （3）業績構成比
B3: 資料繳交日 | C3: 月份 | D3: 日期 | F3: 營業額 | I3: 品類業績
I4: 18℃-飯糰 | O4: 18℃-壽司手卷 | U4: 4℃-飯糰 | W4: 4℃-壽司手卷 | Y4: 主食 | AE4: 便當 | AG4: 熱食義麵 | AI4: 季節調理麵 | AK4: 微波小吃
F5: 日 | G5: 週累積 | H5: 月累積 | I5: 一配 | K5: 二配 | M5: 合計 | O5: 一配 | Q5: 二配 | S5: 合計 | U5: 一配 | W5: 一配 | Y5: 一配 | AA5: 二配 | AC5: 合計 | AE5: 一配 | AG5: 一配 | AI5: 一配 | AK5: 一配
I6: 業績(元) | J6: 比例(%) | K6: 業績(元) | L6: 比例(%) | M6: 業績(元) | N6: 比例(%) | O6: 業績(元) | P6: 比例(%) | Q6: 業績(元) | R6: 比例(%) | S6: 業績(元) | T6: 比例(%) | U6: 業績(元) | V6: 比例(%) | W6: 業績(元) | X6: 比例(%) | Y6: 業績(元) | Z6: 比例(%) | AA6: 業績(元) | AB6: 比例(%) | AC6: 業績(元) | AD6: 比例(%) | AE6: 業績(元) | AF6: 比例(%) | AG6: 業績(元) | AH6: 比例(%) | AI6: 業績(元) | AJ6: 比例(%) | AK6: 業績(元) | AL6: 比例(%)
B7: =D19 -> 45882 | C7: 八 | D7: 45870 | E7: 五 | F7: =SUM(M7,S7,U7,W7,AC7,AE7,AG7,AI7,AK7) -> 6238721 | G7: =SUM(F7:F10) -> 27719634 | H7: =SUM(F7:F37) -> 212376150 | I7: 460351.7 | J7: =I7/$F7 -> 0.073789435 | K7: 693287.53 | L7: =K7/$F7 -> 0.11112655 | M7: =SUM(I7+K7) -> 1153639.2 | N7: =M7/$F7 -> 0.18491598 | O7: 137104.25 | P7: =O7/$F7 -> 0.021976339 | Q7: 111569.65 | R7: =Q7/$F7 -> 0.017883417 | S7: =SUM(O7+Q7) -> 248673.9 | T7: =S7/$F7 -> 0.039859757 | U7: 584777.06 | V7: =U7/$F7 -> 0.093733484 | W7: 29842.929 | X7: =W7/$F7 -> 0.0047835011 | Y7: 555162.57 | Z7: =Y7/$F7 -> 0.088986599 | AA7: 1091012.2 | AB7: =AA7/$F7 -> 0.17487754 | AC7: =SUM(Y7+AA7) -> 1646174.8 | AD7: =AC7/$F7 -> 0.26386414 | AE7: 845899.79 | AF7: =AE7/F7 -> 0.13558866 | AG7: 729805.08 | AH7: =AG7/F7 -> 0.11697992 | AI7: 648633.45 | AJ7: =AI7/F7 -> 0.10396898 | AK7: 351274.81 | AL7: =AK7/F7 -> 0.056305581
D8: 45871 | E8: 六 | F8: =SUM(M8,S8,U8,W8,AC8,AE8,AG8,AI8,AK8) -> 6562252 | I8: 451183.47 | J8: =I8/F8 -> 0.068754366 | K8: 750326.8 | L8: =K8/F8 -> 0.11433983 | M8: =SUM(I8+K8) -> 1201510.3 | N8: =M8/F8 -> 0.1830942 | O8: 138472.77 | P8: =O8/F8 -> 0.02110141 | Q8: 109730.43 | R8: =Q8/$F8 -> 0.016721459 | S8: =SUM(O8+Q8) -> 248203.19 | T8: =S8/F8 -> 0.037822868 | U8: 637083.78 | V8: =U8/F8 -> 0.097083102 | W8: 31992.391 | X8: =W8/F8 -> 0.0048752152 | Y8: 592645.44 | Z8: =Y8/F8 -> 0.09031129 | AA8: 1191918.8 | AB8: =AA8/$F8 -> 0.18163258 | AC8: =SUM(Y8+AA8) -> 1784564.2 | AD8: =AC8/F8 -> 0.27194387 | AE8: 865122.14 | AF8: =AE8/F8 -> 0.13183312 | AG8: 762782.7 | AH8: =AG8/F8 -> 0.11623795 | AI8: 672816.42 | AJ8: =AI8/F8 -> 0.10252828 | AK8: 358176.9 | AL8: =AK8/F8 -> 0.0545814
D9: 45872 | E9: 日 | F9: =SUM(M9,S9,U9,W9,AC9,AE9,AG9,AI9,AK9) -> 7531206 | I9: 547613.1 | J9: =I9/F9 -> 0.072712537 | K9: 792821.74 | L9: =K9/F9 -> 0.10527155 | M9: =SUM(I9+K9) -> 1340434.8 | N9: =M9/F9 -> 0.17798409 | O9: 166503.65 | P9: =O9/F9 -> 0.022108497 | Q9: 123789.32 | R9: =Q9/$F9 -> 0.016436852 | S9: =SUM(O9+Q9) -> 290292.97 | T9: =S9/F9 -> 0.038545349 | U9: 764518.16 | V9: =U9/F9 -> 0.10151338 | W9: 36401.381 | X9: =W9/F9 -> 0.0048334067 | Y9: 632029.54 | Z9: =Y9/F9 -> 0.083921425 | AA9: 1243905.9 | AB9: =AA9/$F9 -> 0.16516689 | AC9: =SUM(Y9+AA9) -> 1875935.4 | AD9: =AC9/F9 -> 0.24908831 | AE9: 1088217.5 | AF9: =AE9/F9 -> 0.14449446 | AG9: 954793.09 | AH9: =AG9/F9 -> 0.12677825 | AI9: 770955.77 | AJ9: =AI9/F9 -> 0.10236817 | AK9: 409656.86 | AL9: =AK9/F9 -> 0.05439459
D10: 45873 | E10: 一 | F10: =SUM(M10,S10,U10,W10,AC10,AE10,AG10,AI10,AK10) -> 7387455 | I10: 527064.59 | J10: =I10/F10 -> 0.071345896 | K10: 775570.16 | L10: =K10/F10 -> 0.10498476 | M10: =SUM(I10+K10) -> 1302634.8 | N10: =M10/F10 -> 0.17633065 | O10: 155828.97 | P10: =O10/F10 -> 0.021093729 | Q10: 122876.16 | R10: =Q10/$F10 -> 0.016633084 | S10: =SUM(O10+Q10) -> 278705.13 | T10: =S10/F10 -> 0.037726813 | U10: 731978.07 | V10: =U10/F10 -> 0.09908393 | W10: 33244.716 | X10: =W10/F10 -> 0.0045001581 | Y10: 655973.36 | Z10: =Y10/F10 -> 0.088795582 | AA10: 1278728.5 | AB10: =AA10/$F10 -> 0.17309459 | AC10: =SUM(Y10+AA10) -> 1934701.8 | AD10: =AC10/F10 -> 0.26189017 | AE10: 1084705.9 | AF10: =AE10/F10 -> 0.1468308 | AG10: 943304.52 | AH10: =AG10/F10 -> 0.12769005 | AI10: 679572.81 | AJ10: =AI10/F10 -> 0.091990112 | AK10: 398607.27 | AL10: =AK10/F10 -> 0.05395732
D11: 45874 | E11: 二 | F11: =SUM(M11,S11,U11,W11,AC11,AE11,AG11,AI11,AK11) -> 7967674 | G11: =SUM(F11:F17) -> 48153352 | I11: 588097.61 | J11: =I11/F11 -> 0.073810451 | K11: 773398.49 | L11: =K11/F11 -> 0.097067035 | M11: =SUM(I11+K11) -> 1361496.1 | N11: =M11/F11 -> 0.17087749 | O11: 155327.19 | P11: =O11/F11 -> 0.019494672 | Q11: 120159.87 | R11: =Q11/$F11 -> 0.015080922 | S11: =SUM(O11+Q11) -> 275487.06 | T11: =S11/F11 -> 0.034575593 | U11: 844784.96 | V11: =U11/F11 -> 0.10602655 | W11: 17264.6 | X11: =W11/F11 -> 0.0021668307 | Y11: 1098875 | Z11: =Y11/F11 -> 0.13791666 | AA11: 1257542 | AB11: =AA11/$F11 -> 0.15783051 | AC11: =SUM(Y11+AA11) -> 2356417 | AD11: =AC11/F11 -> 0.29574717 | AE11: 1102785.5 | AF11: =AE11/F11 -> 0.13840746 | AG11: 934645.05 | AH11: =AG11/F11 -> 0.11730463 | AI11: 683690.99 | AJ11: =AI11/F11 -> 0.085808103 | AK11: 391102.75 | AL11: =AK11/F11 -> 0.049086189
D12: 45875 | E12: 三 | F12: =SUM(M12,S12,U12,W12,AC12,AE12,AG12,AI12,AK12) -> 7313533 | I12: 568466.36 | J12: =I12/F12 -> 0.07772801 | K12: 770103.71 | L12: =K12/F12 -> 0.10529845 | M12: =SUM(I12+K12) -> 1338570.1 | N12: =M12/F12 -> 0.18302646 | O12: 154078.89 | P12: =O12/F12 -> 0.021067641 | Q12: 118660.19 | R12: =Q12/$F12 -> 0.016224742 | S12: =SUM(O12+Q12) -> 272739.07 | T12: =S12/F12 -> 0.037292383 | U12: 765121.05 | V12: =U12/F12 -> 0.10461716 | W12: 18856.173 | X12: =W12/F12 -> 0.0025782577 | Y12: 906317.98 | Z12: =Y12/F12 -> 0.12392341 | AA12: 1172639 | AB12: =AA12/$F12 -> 0.16033824 | AC12: =SUM(Y12+AA12) -> 2078957 | AD12: =AC12/F12 -> 0.28426165 | AE12: 905933.31 | AF12: =AE12/F12 -> 0.12387082 | AG12: 936490.42 | AH12: =AG12/F12 -> 0.12804898 | AI12: 600419.6 | AJ12: =AI12/F12 -> 0.082097066 | AK12: 396446.34 | AL12: =AK12/F12 -> 0.054207227
D13: 45876 | E13: 四 | F13: =SUM(M13,S13,U13,W13,AC13,AE13,AG13,AI13,AK13) -> 6849540 | I13: 555011.39 | J13: =I13/F13 -> 0.081029002 | K13: 747275.49 | L13: =K13/F13 -> 0.10909864 | M13: =SUM(I13+K13) -> 1302286.9 | N13: =M13/F13 -> 0.19012764 | O13: 148311.83 | P13: =O13/F13 -> 0.021652817 | Q13: 113722.3 | R13: =Q13/$F13 -> 0.01660291 | S13: =SUM(O13+Q13) -> 262034.13 | T13: =S13/F13 -> 0.038255727 | U13: 734422.27 | V13: =U13/F13 -> 0.10722213 | W13: 18720.731 | X13: =W13/F13 -> 0.002733137 | Y13: 807904.82 | Z13: =Y13/F13 -> 0.11795023 | AA13: 1022028.5 | AB13: =AA13/$F13 -> 0.14921126 | AC13: =SUM(Y13+AA13) -> 1829933.3 | AD13: =AC13/F13 -> 0.26716149 | AE13: 847604.45 | AF13: =AE13/F13 -> 0.12374619 | AG13: 879842.73 | AH13: =AG13/F13 -> 0.12845282 | AI13: 598863.2 | AJ13: =AI13/F13 -> 0.087431156 | AK13: 375832.32 | AL13: =AK13/F13 -> 0.054869717
D14: 45877 | E14: 五 | F14: =SUM(M14,S14,U14,W14,AC14,AE14,AG14,AI14,AK14) -> 6028491 | I14: 496338.67 | J14: =I14/F14 -> 0.082332158 | K14: 707672.44 | L14: =K14/F14 -> 0.11738799 | M14: =SUM(I14+K14) -> 1204011.1 | N14: =M14/F14 -> 0.19972015 | O14: 129409.85 | P14: =O14/F14 -> 0.021466375 | Q14: 107645.26 | R14: =Q14/$F14 -> 0.017856088 | S14: =SUM(O14+Q14) -> 237055.11 | T14: =S14/F14 -> 0.039322463 | U14: 646701.73 | V14: =U14/F14 -> 0.10727423 | W14: 17062.801 | X14: =W14/F14 -> 0.0028303602 | Y14: 660019.93 | Z14: =Y14/F14 -> 0.10948344 | AA14: 985617.94 | AB14: =AA14/$F14 -> 0.16349331 | AC14: =SUM(Y14+AA14) -> 1645637.9 | AD14: =AC14/F14 -> 0.27297675 | AE14: 694834.18 | AF14: =AE14/F14 -> 0.11525839 | AG14: 682038.66 | AH14: =AG14/F14 -> 0.11313588 | AI14: 558792.51 | AJ14: =AI14/F14 -> 0.092691937 | AK14: 342357.02 | AL14: =AK14/F14 -> 0.056789837
D15: 45878 | E15: 六 | F15: =SUM(M15,S15,U15,W15,AC15,AE15,AG15,AI15,AK15) -> 6203511 | I15: 476683.17 | J15: =I15/F15 -> 0.076840868 | K15: 757212.94 | L15: =K15/F15 -> 0.122062 | M15: =SUM(I15+K15) -> 1233896.1 | N15: =M15/F15 -> 0.19890286 | O15: 130154.49 | P15: =O15/F15 -> 0.020980778 | Q15: 108343.59 | R15: =Q15/$F15 -> 0.017464882 | S15: =SUM(O15+Q15) -> 238498.07 | T15: =S15/F15 -> 0.03844566 | U15: 677203.79 | V15: =U15/F15 -> 0.1091646 | W15: 14888.362 | X15: =W15/F15 -> 0.0023999896 | Y15: 666656.12 | Z15: =Y15/F15 -> 0.10746432 | AA15: 1075048.8 | AB15: =AA15/$F15 -> 0.17329684 | AC15: =SUM(Y15+AA15) -> 1741705 | AD15: =AC15/F15 -> 0.28076116 | AE15: 686858.9 | AF15: =AE15/F15 -> 0.11072099 | AG15: 664889.2 | AH15: =AG15/F15 -> 0.1071795 | AI15: 604376.54 | AJ15: =AI15/F15 -> 0.097424916 | AK15: 341195.07 | AL15: =AK15/F15 -> 0.055000317
D16: 45879 | E16: 日 | F16: =SUM(M16,S16,U16,W16,AC16,AE16,AG16,AI16,AK16) -> 6959932 | I16: 579957.52 | J16: =I16/F16 -> 0.083328044 | K16: 800683.84 | L16: =K16/F16 -> 0.11504191 | M16: =SUM(I16+K16) -> 1380641.4 | N16: =M16/F16 -> 0.19836995 | O16: 159336.96 | P16: =O16/F16 -> 0.022893465 | Q16: 120225.97 | R16: =Q16/$F16 -> 0.017274015 | S16: =SUM(O16+Q16) -> 279562.93 | T16: =S16/F16 -> 0.04016748 | U16: 782722.64 | V16: =U16/F16 -> 0.11246125 | W16: 14095.087 | X16: =W16/F16 -> 0.0020251759 | Y16: 700085.96 | Z16: =Y16/F16 -> 0.10058805 | AA16: 1081221 | AB16: =AA16/$F16 -> 0.15534937 | AC16: =SUM(Y16+AA16) -> 1781307 | AD16: =AC16/F16 -> 0.25593742 | AE16: 842001.04 | AF16: =AE16/F16 -> 0.12097834 | AG16: 872019.59 | AH16: =AG16/F16 -> 0.1252914 | AI16: 618960.1 | AJ16: =AI16/F16 -> 0.088931918 | AK16: 388622.23 | AL16: =AK16/F16 -> 0.055837072
D17: 45880 | E17: 一 | F17: =SUM(M17,S17,U17,W17,AC17,AE17,AG17,AI17,AK17) -> 6830671 | I17: 566289.2 | J17: =I17/F17 -> 0.082903891 | K17: 780782.44 | L17: =K17/F17 -> 0.11430538 | M17: =SUM(I17+K17) -> 1347071.6 | N17: =M17/F17 -> 0.19720927 | O17: 152894.74 | P17: =O17/F17 -> 0.022383561 | Q17: 119116.23 | R17: =Q17/$F17 -> 0.017438438 | S17: =SUM(O17+Q17) -> 272010.97 | T17: =S17/F17 -> 0.039821998 | U17: 741852.65 | V17: =U17/F17 -> 0.10860612 | W17: 14439.566 | X17: =W17/F17 -> 0.0021139309 | Y17: 711543.46 | Z17: =Y17/F17 -> 0.1041689 | AA17: 1109054.7 | AB17: =AA17/$F17 -> 0.16236395 | AC17: =SUM(Y17+AA17) -> 1820598.2 | AD17: =AC17/F17 -> 0.26653284 | AE17: 800327.47 | AF17: =AE17/F17 -> 0.11716674 | AG17: 845054.32 | AH17: =AG17/F17 -> 0.12371469 | AI17: 614864.35 | AJ17: =AI17/F17 -> 0.09001522 | AK17: 374451.87 | AL17: =AK17/F17 -> 0.054819193
B18: =D26 -> 45889 | D18: 45881 | E18: 二 | F18: =SUM(M18,S18,U18,W18,AC18,AE18,AG18,AI18,AK18) -> 7487435 | G18: =SUM(F18:F24) -> 48523585 | I18: 558887.26 | J18: =I18/F18 -> 0.074643354 | K18: 750498.56 | L18: =K18/F18 -> 0.1002344 | M18: =SUM(I18+K18) -> 1309385.8 | N18: =M18/F18 -> 0.17487776 | O18: 145970.83 | P18: =O18/F18 -> 0.019495438 | Q18: 114367.46 | R18: =Q18/$F18 -> 0.015274584 | S18: =SUM(O18+Q18) -> 260338.28 | T18: =S18/F18 -> 0.034770022 | U18: 712087.61 | V18: =U18/F18 -> 0.095104346 | W18: 13413.744 | X18: =W18/F18 -> 0.0017915006 | Y18: 955512.41 | Z18: =Y18/F18 -> 0.12761545 | AA18: 1148666.4 | AB18: =AA18/$F18 -> 0.15341253 | AC18: =SUM(Y18+AA18) -> 2104178.8 | AD18: =AC18/F18 -> 0.28102798 | AE18: 859219.62 | AF18: =AE18/F18 -> 0.11475487 | AG18: 1218740.7 | AH18: =AG18/F18 -> 0.16277146 | AI18: 625894.26 | AJ18: =AI18/F18 -> 0.083592614 | AK18: 384176.18 | AL18: =AK18/F18 -> 0.051309451
D19: 45882 | E19: 三 | F19: =SUM(M19,S19,U19,W19,AC19,AE19,AG19,AI19,AK19) -> 7231344 | I19: 542562.8 | J19: =I19/F19 -> 0.075029316 | K19: 753469.59 | L19: =K19/F19 -> 0.10419496 | M19: =SUM(I19+K19) -> 1296032.4 | N19: =M19/F19 -> 0.17922428 | O19: 139640.65 | P19: =O19/F19 -> 0.019310469 | Q19: 115956.22 | R19: =Q19/$F19 -> 0.016035225 | S19: =SUM(O19+Q19) -> 255596.87 | T19: =S19/F19 -> 0.035345694 | U19: 725374.59 | V19: =U19/F19 -> 0.10030979 | W19: 13676.706 | X19: =W19/F19 -> 0.0018913091 | Y19: 894731.27 | Z19: =Y19/F19 -> 0.1237296 | AA19: 1107829.7 | AB19: =AA19/$F19 -> 0.15319832 | AC19: =SUM(Y19+AA19) -> 2002561 | AD19: =AC19/F19 -> 0.27692791 | AE19: 839308.3 | AF19: =AE19/F19 -> 0.11606533 | AG19: 1058187.5 | AH19: =AG19/F19 -> 0.14633345 | AI19: 650806.96 | AJ19: =AI19/F19 -> 0.089998064 | AK19: 389799.63 | AL19: =AK19/F19 -> 0.053904175
D20: 45883 | E20: 四 | F20: =SUM(M20,S20,U20,W20,AC20,AE20,AG20,AI20,AK20) -> 7037093 | I20: 553845.52 | J20: =I20/F20 -> 0.078703738 | K20: 738498.32 | L20: =K20/F20 -> 0.10494366 | M20: =SUM(I20+K20) -> 1292343.8 | N20: =M20/F20 -> 0.1836474 | O20: 142847.73 | P20: =O20/F20 -> 0.020299253 | Q20: 114503.49 | R20: =Q20/$F20 -> 0.016271419 | S20: =SUM(O20+Q20) -> 257351.22 | T20: =S20/F20 -> 0.036570672 | U20: 690536.37 | V20: =U20/F20 -> 0.098128072 | W20: 13623.003 | X20: =W20/F20 -> 0.001935885 | Y20: 807947.04 | Z20: =Y20/F20 -> 0.11481261 | AA20: 1116490.7 | AB20: =AA20/$F20 -> 0.15865794 | AC20: =SUM(Y20+AA20) -> 1924437.7 | AD20: =AC20/F20 -> 0.27347055 | AE20: 803753.08 | AF20: =AE20/F20 -> 0.11421663 | AG20: 1007468.4 | AH20: =AG20/F20 -> 0.14316543 | AI20: 668860.72 | AJ20: =AI20/F20 -> 0.095047873 | AK20: 378718.63 | AL20: =AK20/F20 -> 0.053817483
D21: 45884 | E21: 五 | F21: =SUM(M21,S21,U21,W21,AC21,AE21,AG21,AI21,AK21) -> 6388038 | I21: 471450.92 | J21: =I21/F21 -> 0.073802148 | K21: 686358.99 | L21: =K21/F21 -> 0.10744441 | M21: =SUM(I21+K21) -> 1157809.9 | N21: =M21/F21 -> 0.18124656 | O21: 124873.81 | P21: =O21/F21 -> 0.019548069 | Q21: 104864.12 | R21: =Q21/$F21 -> 0.016415701 | S21: =SUM(O21+Q21) -> 229737.93 | T21: =S21/F21 -> 0.035963771 | U21: 609363.61 | V21: =U21/F21 -> 0.095391357 | W21: 12509.094 | X21: =W21/F21 -> 0.0019582059 | Y21: 764495.15 | Z21: =Y21/F21 -> 0.11967605 | AA21: 1141615.4 | AB21: =AA21/$F21 -> 0.17871142 | AC21: =SUM(Y21+AA21) -> 1906110.5 | AD21: =AC21/F21 -> 0.29838747 | AE21: 724592.66 | AF21: =AE21/F21 -> 0.11342961 | AG21: 792884.96 | AH21: =AG21/F21 -> 0.12412026 | AI21: 596864.24 | AJ21: =AI21/F21 -> 0.093434673 | AK21: 358165.07 | AL21: =AK21/F21 -> 0.056068086
D22: 45885 | E22: 六 | F22: =SUM(M22,S22,U22,W22,AC22,AE22,AG22,AI22,AK22) -> 6365900 | I22: 458402.27 | J22: =I22/F22 -> 0.072009028 | K22: 738962.5 | L22: =K22/F22 -> 0.11608139 | M22: =SUM(I22+K22) -> 1197364.8 | N22: =M22/F22 -> 0.18809042 | O22: 124808.75 | P22: =O22/F22 -> 0.019605829 | Q22: 104024.37 | R22: =Q22/$F22 -> 0.016340875 | S22: =SUM(O22+Q22) -> 228833.12 | T22: =S22/F22 -> 0.035946703 | U22: 600837.63 | V22: =U22/F22 -> 0.094383769 | W22: 13246.387 | X22: =W22/F22 -> 0.002080835 | Y22: 740381.55 | Z22: =Y22/F22 -> 0.1163043 | AA22: 1106517.5 | AB22: =AA22/$F22 -> 0.17381949 | AC22: =SUM(Y22+AA22) -> 1846899.1 | AD22: =AC22/F22 -> 0.29012379 | AE22: 731987.3 | AF22: =AE22/F22 -> 0.11498567 | AG22: 846969.11 | AH22: =AG22/F22 -> 0.13304782 | AI22: 551276.21 | AJ22: =AI22/F22 -> 0.086598315 | AK22: 348486.41 | AL22: =AK22/F22 -> 0.054742677
D23: 45886 | E23: 日 | F23: =SUM(M23,S23,U23,W23,AC23,AE23,AG23,AI23,AK23) -> 7153920 | I23: 564087.8 | J23: =I23/F23 -> 0.078850169 | K23: 792939.4 | L23: =K23/F23 -> 0.11083985 | M23: =SUM(I23+K23) -> 1357027.2 | N23: =M23/F23 -> 0.18969002 | O23: 156340.67 | P23: =O23/F23 -> 0.021853847 | Q23: 117704.57 | R23: =Q23/$F23 -> 0.016453157 | S23: =SUM(O23+Q23) -> 274045.24 | T23: =S23/F23 -> 0.038307004 | U23: 717127.54 | V23: =U23/F23 -> 0.1002426 | W23: 12745.484 | X23: =W23/F23 -> 0.0017816085 | Y23: 770890.62 | Z23: =Y23/F23 -> 0.10775779 | AA23: 1093785 | AB23: =AA23/$F23 -> 0.15289309 | AC23: =SUM(Y23+AA23) -> 1864675.6 | AD23: =AC23/F23 -> 0.26065088 | AE23: 884052.99 | AF23: =AE23/F23 -> 0.12357602 | AG23: 1017835.3 | AH23: =AG23/F23 -> 0.14227658 | AI23: 636158.51 | AJ23: =AI23/F23 -> 0.088924465 | AK23: 390252.2 | AL23: =AK23/F23 -> 0.05455082
D24: 45887 | E24: 一 | F24: =SUM(M24,S24,U24,W24,AC24,AE24,AG24,AI24,AK24) -> 6859855 | I24: 559286.05 | J24: =I24/F24 -> 0.081530302 | K24: 833445.2 | L24: =K24/F24 -> 0.12149604 | M24: =SUM(I24+K24) -> 1392731.2 | N24: =M24/F24 -> 0.20302634 | O24: 149464.12 | P24: =O24/F24 -> 0.021788233 | Q24: 120215.06 | R24: =Q24/$F24 -> 0.017524432 | S24: =SUM(O24+Q24) -> 269679.18 | T24: =S24/F24 -> 0.039312665 | U24: 699866.89 | V24: =U24/F24 -> 0.10202357 | W24: 12981.771 | X24: =W24/F24 -> 0.0018924264 | Y24: 731613.51 | Z24: =Y24/F24 -> 0.10665145 | AA24: 1063991.6 | AB24: =AA24/$F24 -> 0.15510409 | AC24: =SUM(Y24+AA24) -> 1795605.1 | AD24: =AC24/F24 -> 0.26175554 | AE24: 872648.98 | AF24: =AE24/F24 -> 0.12721099 | AG24: 782377.15 | AH24: =AG24/F24 -> 0.11405156 | AI24: 649146.42 | AJ24: =AI24/F24 -> 0.094629758 | AK24: 384818.29 | AL24: =AK24/F24 -> 0.056097147
B25: =D33 -> 45896 | D25: 45888 | E25: 二 | F25: =SUM(M25,S25,U25,W25,AC25,AE25,AG25,AI25,AK25) -> 7669791 | G25: =SUM(F25:F31) -> 48798227 | I25: 607919.47 | J25: =I25/F25 -> 0.079261543 | K25: 832702.4 | L25: =K25/F25 -> 0.10856911 | M25: =SUM(I25+K25) -> 1440621.9 | N25: =M25/F25 -> 0.18783065 | O25: 224155.31 | P25: =O25/F25 -> 0.029225738 | Q25: 123513.28 | R25: =Q25/$F25 -> 0.016103865 | S25: =SUM(O25+Q25) -> 347668.59 | T25: =S25/F25 -> 0.045329604 | U25: 690915.54 | V25: =U25/F25 -> 0.090082707 | W25: 13253.035 | X25: =W25/F25 -> 0.0017279525 | Y25: 765839.81 | Z25: =Y25/F25 -> 0.099851458 | AA25: 1077776.6 | AB25: =AA25/$F25 -> 0.14052229 | AC25: =SUM(Y25+AA25) -> 1843616.4 | AD25: =AC25/F25 -> 0.24037374 | AE25: 856379.76 | AF25: =AE25/F25 -> 0.11165621 | AG25: 1231516.7 | AH25: =AG25/F25 -> 0.16056718 | AI25: 609285.3 | AJ25: =AI25/F25 -> 0.079439623 | AK25: 636533.84 | AL25: =AK25/F25 -> 0.082992331
D26: 45889 | E26: 三 | F26: =SUM(M26,S26,U26,W26,AC26,AE26,AG26,AI26,AK26) -> 7361858 | I26: 594546.06 | J26: =I26/F26 -> 0.080760327 | K26: 830968.78 | L26: =K26/F26 -> 0.11287487 | M26: =SUM(I26+K26) -> 1425514.8 | N26: =M26/F26 -> 0.1936352 | O26: 196772.43 | P26: =O26/F26 -> 0.026728636 | Q26: 120856.2 | R26: =Q26/$F26 -> 0.016416535 | S26: =SUM(O26+Q26) -> 317628.63 | T26: =S26/F26 -> 0.043145172 | U26: 685874.37 | V26: =U26/F26 -> 0.093165934 | W26: 12905.885 | X26: =W26/F26 -> 0.0017530744 | Y26: 764276.21 | Z26: =Y26/F26 -> 0.10381567 | AA26: 1068327.2 | AB26: =AA26/$F26 -> 0.14511651 | AC26: =SUM(Y26+AA26) -> 1832603.4 | AD26: =AC26/F26 -> 0.24893218 | AE26: 835491.41 | AF26: =AE26/F26 -> 0.1134892 | AG26: 1044244.4 | AH26: =AG26/F26 -> 0.14184523 | AI26: 678370.87 | AJ26: =AI26/F26 -> 0.092146693 | AK26: 529224.18 | AL26: =AK26/F26 -> 0.071887312
D27: 45890 | E27: 四 | F27: =SUM(M27,S27,U27,W27,AC27,AE27,AG27,AI27,AK27) -> 7002876 | I27: 568728.19 | J27: =I27/F27 -> 0.081213518 | K27: 780398.67 | L27: =K27/F27 -> 0.11143974 | M27: =SUM(I27+K27) -> 1349126.9 | N27: =M27/F27 -> 0.19265326 | O27: 185478.54 | P27: =O27/F27 -> 0.026486052 | Q27: 121450.38 | R27: =Q27/$F27 -> 0.017342929 | S27: =SUM(O27+Q27) -> 306928.92 | T27: =S27/F27 -> 0.043828982 | U27: 643674.21 | V27: =U27/F27 -> 0.091915694 | W27: 11872.642 | X27: =W27/F27 -> 0.0016953952 | Y27: 726904.73 | Z27: =Y27/F27 -> 0.10380089 | AA27: 999381.41 | AB27: =AA27/$F27 -> 0.14271014 | AC27: =SUM(Y27+AA27) -> 1726286.1 | AD27: =AC27/F27 -> 0.24651103 | AE27: 810524.18 | AF27: =AE27/F27 -> 0.11574162 | AG27: 999965.11 | AH27: =AG27/F27 -> 0.14279349 | AI27: 652636.93 | AJ27: =AI27/F27 -> 0.093195557 | AK27: 501860.99 | AL27: =AK27/F27 -> 0.071664984
D28: 45891 | E28: 五 | F28: =SUM(M28,S28,U28,W28,AC28,AE28,AG28,AI28,AK28) -> 6204031 | I28: 499996.83 | J28: =I28/F28 -> 0.080592252 | K28: 731141.66 | L28: =K28/F28 -> 0.11784945 | M28: =SUM(I28+K28) -> 1231138.5 | N28: =M28/F28 -> 0.1984417 | O28: 173126.79 | P28: =O28/F28 -> 0.027905533 | Q28: 104751.3 | R28: =Q28/$F28 -> 0.016884393 | S28: =SUM(O28+Q28) -> 277878.09 | T28: =S28/F28 -> 0.044789926 | U28: 555001.45 | V28: =U28/F28 -> 0.0894582 | W28: 11208.88 | X28: =W28/F28 -> 0.0018067092 | Y28: 658869.67 | Z28: =Y28/F28 -> 0.10620025 | AA28: 1002788.2 | AB28: =AA28/$F28 -> 0.16163494 | AC28: =SUM(Y28+AA28) -> 1661657.8 | AD28: =AC28/F28 -> 0.26783519 | AE28: 665464.14 | AF28: =AE28/F28 -> 0.10726319 | AG28: 813011 | AH28: =AG28/F28 -> 0.13104561 | AI28: 554084.81 | AJ28: =AI28/F28 -> 0.089310452 | AK28: 434586.31 | AL28: =AK28/F28 -> 0.070049023
D29: 45892 | E29: 六 | F29: =SUM(M29,S29,U29,W29,AC29,AE29,AG29,AI29,AK29) -> 6323179 | I29: 481953.15 | J29: =I29/F29 -> 0.076220071 | K29: 765037.78 | L29: =K29/F29 -> 0.12098942 | M29: =SUM(I29+K29) -> 1246990.9 | N29: =M29/F29 -> 0.19720949 | O29: 168482.61 | P29: =O29/F29 -> 0.026645239 | Q29: 105779.12 | R29: =Q29/$F29 -> 0.016728788 | S29: =SUM(O29+Q29) -> 274261.73 | T29: =S29/F29 -> 0.043374026 | U29: 552843.19 | V29: =U29/F29 -> 0.08743121 | W29: 11709.925 | X29: =W29/F29 -> 0.0018519047 | Y29: 662479.35 | Z29: =Y29/F29 -> 0.10476998 | AA29: 1080025.8 | AB29: =AA29/$F29 -> 0.17080425 | AC29: =SUM(Y29+AA29) -> 1742505.2 | AD29: =AC29/F29 -> 0.27557423 | AE29: 676673.09 | AF29: =AE29/F29 -> 0.1070147 | AG29: 836437.22 | AH29: =AG29/F29 -> 0.13228112 | AI29: 539013.59 | AJ29: =AI29/F29 -> 0.085244083 | AK29: 442744.15 | AL29: =AK29/F29 -> 0.070019234
D30: 45893 | E30: 日 | F30: =SUM(M30,S30,U30,W30,AC30,AE30,AG30,AI30,AK30) -> 7218612 | I30: 591387.07 | J30: =I30/F30 -> 0.081925316 | K30: 825455.84 | L30: =K30/F30 -> 0.11435105 | M30: =SUM(I30+K30) -> 1416842.9 | N30: =M30/F30 -> 0.19627636 | O30: 214795.81 | P30: =O30/F30 -> 0.029755833 | Q30: 117310.17 | R30: =Q30/$F30 -> 0.01625107 | S30: =SUM(O30+Q30) -> 332105.99 | T30: =S30/F30 -> 0.046006903 | U30: 674550.39 | V30: =U30/F30 -> 0.093445997 | W30: 12454.029 | X30: =W30/F30 -> 0.0017252664 | Y30: 743647.64 | Z30: =Y30/F30 -> 0.10301809 | AA30: 1093643 | AB30: =AA30/$F30 -> 0.15150323 | AC30: =SUM(Y30+AA30) -> 1837290.7 | AD30: =AC30/F30 -> 0.25452132 | AE30: 825284.16 | AF30: =AE30/F30 -> 0.11432726 | AG30: 970670.92 | AH30: =AG30/F30 -> 0.13446781 | AI30: 648153.02 | AJ30: =AI30/F30 -> 0.089789148 | AK30: 501259.91 | AL30: =AK30/F30 -> 0.069439929
D31: 45894 | E31: 一 | F31: =SUM(M31,S31,U31,W31,AC31,AE31,AG31,AI31,AK31) -> 7017880 | I31: 573896.01 | J31: =I31/F31 -> 0.081776265 | K31: 804365.33 | L31: =K31/F31 -> 0.11461657 | M31: =SUM(I31+K31) -> 1378261.3 | N31: =M31/F31 -> 0.19639283 | O31: 182922.48 | P31: =O31/F31 -> 0.026065204 | Q31: 117107.31 | R31: =Q31/$F31 -> 0.016686992 | S31: =SUM(O31+Q31) -> 300029.78 | T31: =S31/F31 -> 0.042752196 | U31: 671816.31 | V31: =U31/F31 -> 0.095729238 | W31: 11606.551 | X31: =W31/F31 -> 0.0016538543 | Y31: 735581.79 | Z31: =Y31/F31 -> 0.10481538 | AA31: 1096793.7 | AB31: =AA31/$F31 -> 0.15628561 | AC31: =SUM(Y31+AA31) -> 1832375.5 | AD31: =AC31/F31 -> 0.261101 | AE31: 799438.21 | AF31: =AE31/F31 -> 0.11391449 | AG31: 900605.92 | AH31: =AG31/F31 -> 0.1283302 | AI31: 645782.83 | AJ31: =AI31/F31 -> 0.092019645 | AK31: 477963.59 | AL31: =AK31/F31 -> 0.068106549
B32: =D40 -> 45903 | D32: 45895 | E32: 二 | F32: =SUM(M32,S32,U32,W32,AC32,AE32,AG32,AI32,AK32) -> 6875105 | G32: =SUM(F32:F38) -> 46287577 | I32: 567336.53 | J32: =I32/F32 -> 0.082520417 | K32: 785905.27 | L32: =K32/F32 -> 0.11431175 | M32: =SUM(I32+K32) -> 1353241.8 | N32: =M32/F32 -> 0.19683216 | O32: 178593 | P32: =O32/F32 -> 0.025976766 | Q32: 111805.19 | R32: =Q32/$F32 -> 0.016262325 | S32: =SUM(O32+Q32) -> 290398.19 | T32: =S32/F32 -> 0.042239091 | U32: 642657.91 | V32: =U32/F32 -> 0.093476086 | W32: 11632.639 | X32: =W32/F32 -> 0.0016919944 | Y32: 723887.3 | Z32: =Y32/F32 -> 0.10529109 | AA32: 1051236.7 | AB32: =AA32/$F32 -> 0.15290482 | AC32: =SUM(Y32+AA32) -> 1775124 | AD32: =AC32/F32 -> 0.25819591 | AE32: 744155.79 | AF32: =AE32/F32 -> 0.10823919 | AG32: 967152.27 | AH32: =AG32/F32 -> 0.14067455 | AI32: 634965.37 | AJ32: =AI32/F32 -> 0.092357189 | AK32: 455777.07 | AL32: =AK32/F32 -> 0.066293834
D33: 45896 | E33: 三 | F33: =SUM(M33,S33,U33,W33,AC33,AE33,AG33,AI33,AK33) -> 6713523 | I33: 558111.33 | J33: =I33/F33 -> 0.083132408 | K33: 774715.06 | L33: =K33/F33 -> 0.1153962 | M33: =SUM(I33+K33) -> 1332826.4 | N33: =M33/F33 -> 0.19852861 | O33: 177569.34 | P33: =O33/F33 -> 0.026449502 | Q33: 109021.94 | R33: =Q33/$F33 -> 0.016239154 | S33: =SUM(O33+Q33) -> 286591.27 | T33: =S33/F33 -> 0.042688656 | U33: 624839.98 | V33: =U33/F33 -> 0.093071846 | W33: 10969.953 | X33: =W33/F33 -> 0.0016340084 | Y33: 696526.39 | Z33: =Y33/F33 -> 0.10374976 | AA33: 988183.68 | AB33: =AA33/$F33 -> 0.14719301 | AC33: =SUM(Y33+AA33) -> 1684710.1 | AD33: =AC33/F33 -> 0.25094277 | AE33: 744162.89 | AF33: =AE33/F33 -> 0.11084536 | AG33: 921233.63 | AH33: =AG33/F33 -> 0.1372206 | AI33: 645587.96 | AJ33: =AI33/F33 -> 0.096162322 | AK33: 462600.85 | AL33: =AK33/F33 -> 0.068905826
D34: 45897 | E34: 四 | F34: =SUM(M34,S34,U34,W34,AC34,AE34,AG34,AI34,AK34) -> 6453701 | I34: 551600.36 | J34: =I34/F34 -> 0.085470394 | K34: 741958.15 | L34: =K34/F34 -> 0.1149663 | M34: =SUM(I34+K34) -> 1293558.5 | N34: =M34/F34 -> 0.2004367 | O34: 172267.07 | P34: =O34/F34 -> 0.026692756 | Q34: 110101.01 | R34: =Q34/$F34 -> 0.017060136 | S34: =SUM(O34+Q34) -> 282368.08 | T34: =S34/F34 -> 0.043752892 | U34: 604268.75 | V34: =U34/F34 -> 0.093631352 | W34: 11076.179 | X34: =W34/F34 -> 0.0017162523 | Y34: 672617.99 | Z34: =Y34/F34 -> 0.10422206 | AA34: 959144.2 | AB34: =AA34/$F34 -> 0.14861925 | AC34: =SUM(Y34+AA34) -> 1631762.2 | AD34: =AC34/F34 -> 0.25284131 | AE34: 712515.59 | AF34: =AE34/F34 -> 0.11040418 | AG34: 846602.66 | AH34: =AG34/F34 -> 0.13118095 | AI34: 612473.93 | AJ34: =AI34/F34 -> 0.094902744 | AK34: 459075.1 | AL34: =AK34/F34 -> 0.071133618
D35: 45898 | E35: 五 | F35: =SUM(M35,S35,U35,W35,AC35,AE35,AG35,AI35,AK35) -> 5903385 | I35: 473553.86 | J35: =I35/F35 -> 0.080217344 | K35: 714232.31 | L35: =K35/F35 -> 0.12098691 | M35: =SUM(I35+K35) -> 1187786.2 | N35: =M35/F35 -> 0.20120425 | O35: 149093.94 | P35: =O35/F35 -> 0.02525567 | Q35: 99985.105 | R35: =Q35/$F35 -> 0.016936911 | S35: =SUM(O35+Q35) -> 249079.05 | T35: =S35/F35 -> 0.042192581 | U35: 545246.71 | V35: =U35/F35 -> 0.092361707 | W35: 10491.548 | X35: =W35/F35 -> 0.0017772088 | Y35: 620397.51 | Z35: =Y35/F35 -> 0.10509183 | AA35: 957112.05 | AB35: =AA35/$F35 -> 0.16212936 | AC35: =SUM(Y35+AA35) -> 1577509.6 | AD35: =AC35/F35 -> 0.26722119 | AE35: 614474.3 | AF35: =AE35/F35 -> 0.10408847 | AG35: 720171.36 | AH35: =AG35/F35 -> 0.12199295 | AI35: 581403.31 | AJ35: =AI35/F35 -> 0.098486429 | AK35: 417222.99 | AL35: =AK35/F35 -> 0.070675212
D36: 45899 | E36: 六 | F36: =SUM(M36,S36,U36,W36,AC36,AE36,AG36,AI36,AK36) -> 6221025 | I36: 464629.46 | J36: =I36/F36 -> 0.074686962 | K36: 770618.94 | L36: =K36/F36 -> 0.12387331 | M36: =SUM(I36+K36) -> 1235248.4 | N36: =M36/F36 -> 0.19856027 | O36: 148810.34 | P36: =O36/F36 -> 0.02392055 | Q36: 101640.76 | R36: =Q36/$F36 -> 0.016338266 | S36: =SUM(O36+Q36) -> 250451.1 | T36: =S36/F36 -> 0.040258815 | U36: 581812.31 | V36: =U36/F36 -> 0.093523545 | W36: 11523.486 | X36: =W36/F36 -> 0.0018523452 | Y36: 622788.96 | Z36: =Y36/F36 -> 0.10011035 | AA36: 1093062.6 | AB36: =AA36/$F36 -> 0.17570459 | AC36: =SUM(Y36+AA36) -> 1715851.6 | AD36: =AC36/F36 -> 0.27581493 | AE36: 675209.57 | AF36: =AE36/F36 -> 0.10853671 | AG36: 733348.32 | AH36: =AG36/F36 -> 0.11788223 | AI36: 588342.06 | AJ36: =AI36/F36 -> 0.094573171 | AK36: 429238.17 | AL36: =AK36/F36 -> 0.068997982
D37: 45900 | E37: 日 | F37: =SUM(M37,S37,U37,W37,AC37,AE37,AG37,AI37,AK37) -> 7014613 | I37: 577642.99 | J37: =I37/F37 -> 0.082348519 | K37: 816886.95 | L37: =K37/F37 -> 0.11645503 | M37: =SUM(I37+K37) -> 1394529.9 | N37: =M37/F37 -> 0.19880355 | O37: 190884.6 | P37: =O37/F37 -> 0.027212421 | Q37: 114334.44 | R37: =Q37/$F37 -> 0.016299466 | S37: =SUM(O37+Q37) -> 305219.05 | T37: =S37/F37 -> 0.043511887 | U37: 678415.55 | V37: =U37/F37 -> 0.096714609 | W37: 12108.264 | X37: =W37/F37 -> 0.0017261486 | Y37: 720560.87 | Z37: =Y37/F37 -> 0.10272283 | AA37: 1065723.6 | AB37: =AA37/$F37 -> 0.15192906 | AC37: =SUM(Y37+AA37) -> 1786284.4 | AD37: =AC37/F37 -> 0.25465189 | AE37: 791498.77 | AF37: =AE37/F37 -> 0.1128357 | AG37: 922334.57 | AH37: =AG37/F37 -> 0.13148759 | AI37: 618884.45 | AJ37: =AI37/F37 -> 0.088227882 | AK37: 505337.95 | AL37: =AK37/F37 -> 0.072040745
D38: 45901 | E38: 一 | F38: =SUM(M38,S38,U38,W38,AC38,AE38,AG38,AI38,AK38) -> 7106225 | I38: 564796.27 | J38: =I38/F38 -> 0.079479086 | K38: 844516.54 | L38: =K38/F38 -> 0.1188418 | M38: =SUM(I38+K38) -> 1409312.8 | N38: =M38/F38 -> 0.19832088 | O38: 178305.27 | P38: =O38/F38 -> 0.025091419 | Q38: 117312.6 | R38: =Q38/$F38 -> 0.016508427 | S38: =SUM(O38+Q38) -> 295617.87 | T38: =S38/F38 -> 0.041599846 | U38: 664869.3 | V38: =U38/F38 -> 0.093561533 | W38: 11130.398 | X38: =W38/F38 -> 0.0015662885 | Y38: 724213.71 | Z38: =Y38/F38 -> 0.10191258 | AA38: 1252569.5 | AB38: =AA38/$F38 -> 0.1762637 | AC38: =SUM(Y38+AA38) -> 1976783.2 | AD38: =AC38/F38 -> 0.27817628 | AE38: 761029.94 | AF38: =AE38/F38 -> 0.10709342 | AG38: 885640.41 | AH38: =AG38/F38 -> 0.12462882 | AI38: 609386.06 | AJ38: =AI38/F38 -> 0.085753837 | AK38: 492455 | AL38: =AK38/F38 -> 0.0692991
D39: 45902 | E39: 二 | F39: =SUM(M39,S39,U39,W39,AC39,AE39,AG39,AI39,AK39) -> 7727458 | G39: =SUM(F39:F45) -> 48362935 | I39: 895945.02 | J39: =I39/F39 -> 0.11594305 | K39: 864483.49 | L39: =K39/F39 -> 0.11187165 | M39: =SUM(I39+K39) -> 1760428.5 | N39: =M39/F39 -> 0.2278147 | O39: 173390.16 | P39: =O39/F39 -> 0.022438188 | Q39: 117719.68 | R39: =Q39/$F39 -> 0.015233946 | S39: =SUM(O39+Q39) -> 291109.84 | T39: =S39/F39 -> 0.037672135 | U39: 654432.77 | V39: =U39/F39 -> 0.084689269 | W39: 12158.137 | X39: =W39/F39 -> 0.0015733682 | Y39: 698241.88 | Z39: =Y39/F39 -> 0.090358547 | AA39: 1229944.2 | AB39: =AA39/$F39 -> 0.15916543 | AC39: =SUM(Y39+AA39) -> 1928186.1 | AD39: =AC39/F39 -> 0.24952398 | AE39: 774796.36 | AF39: =AE39/F39 -> 0.10026536 | AG39: 1240057.7 | AH39: =AG39/F39 -> 0.1604742 | AI39: 592076.67 | AJ39: =AI39/F39 -> 0.076619849 | AK39: 474211.97 | AL39: =AK39/F39 -> 0.061367136
D40: 45903 | E40: 三 | F40: =SUM(M40,S40,U40,W40,AC40,AE40,AG40,AI40,AK40) -> 7254649 | I40: 853934.48 | J40: =I40/F40 -> 0.11770859 | K40: 849068.34 | L40: =K40/F40 -> 0.11703783 | M40: =SUM(I40+K40) -> 1703002.8 | N40: =M40/F40 -> 0.23474641 | O40: 161410.07 | P40: =O40/F40 -> 0.022249191 | Q40: 115119.31 | R40: =Q40/$F40 -> 0.015868349 | S40: =SUM(O40+Q40) -> 276529.38 | T40: =S40/F40 -> 0.038117541 | U40: 629174.45 | V40: =U40/F40 -> 0.08672707 | W40: 11437.042 | X40: =W40/F40 -> 0.0015765121 | Y40: 665754.82 | Z40: =Y40/F40 -> 0.091769405 | AA40: 1124097.9 | AB40: =AA40/$F40 -> 0.15494863 | AC40: =SUM(Y40+AA40) -> 1789852.8 | AD40: =AC40/F40 -> 0.24671804 | AE40: 742015.94 | AF40: =AE40/F40 -> 0.10228144 | AG40: 1057877.5 | AH40: =AG40/F40 -> 0.14582063 | AI40: 574185.36 | AJ40: =AI40/F40 -> 0.079147228 | AK40: 470573.8 | AL40: =AK40/F40 -> 0.064865137
D41: 45904 | E41: 四 | F41: =SUM(M41,S41,U41,W41,AC41,AE41,AG41,AI41,AK41) -> 6602059 | I41: 766879.83 | J41: =I41/F41 -> 0.11615768 | K41: 783941.33 | L41: =K41/F41 -> 0.11874194 | M41: =SUM(I41+K41) -> 1550821.2 | N41: =M41/F41 -> 0.23489962 | O41: 152373.36 | P41: =O41/F41 -> 0.023079673 | Q41: 116613.79 | R41: =Q41/$F41 -> 0.017663246 | S41: =SUM(O41+Q41) -> 268987.16 | T41: =S41/F41 -> 0.040742919 | U41: 592627.72 | V41: =U41/F41 -> 0.089764076 | W41: 11154.125 | X41: =W41/F41 -> 0.0016894919 | Y41: 623826.76 | Z41: =Y41/F41 -> 0.094489729 | AA41: 912090.6 | AB41: =AA41/$F41 -> 0.13815245 | AC41: =SUM(Y41+AA41) -> 1535917.4 | AD41: =AC41/F41 -> 0.23264218 | AE41: 686539.58 | AF41: =AE41/F41 -> 0.10398871 | AG41: 974352.73 | AH41: =AG41/F41 -> 0.14758316 | AI41: 542486.9 | AJ41: =AI41/F41 -> 0.08216935 | AK41: 439172.26 | AL41: =AK41/F41 -> 0.066520499
D42: 45905 | E42: 五 | F42: =SUM(M42,S42,U42,W42,AC42,AE42,AG42,AI42,AK42) -> 5807177 | I42: 700967.78 | J42: =I42/F42 -> 0.12070715 | K42: 734957.29 | L42: =K42/F42 -> 0.12656017 | M42: =SUM(I42+K42) -> 1435925.1 | N42: =M42/F42 -> 0.24726732 | O42: 119243.52 | P42: =O42/F42 -> 0.020533818 | Q42: 97402.177 | R42: =Q42/$F42 -> 0.016772724 | S42: =SUM(O42+Q42) -> 216645.69 | T42: =S42/F42 -> 0.037306542 | U42: 509402.49 | V42: =U42/F42 -> 0.08771947 | W42: 9800.5843 | X42: =W42/F42 -> 0.0016876676 | Y42: 552530 | Z42: =Y42/F42 -> 0.095146058 | AA42: 872926.26 | AB42: =AA42/$F42 -> 0.15031852 | AC42: =SUM(Y42+AA42) -> 1425456.3 | AD42: =AC42/F42 -> 0.24546458 | AE42: 565244.9 | AF42: =AE42/F42 -> 0.097335573 | AG42: 792265.17 | AH42: =AG42/F42 -> 0.13642862 | AI42: 534404.31 | AJ42: =AI42/F42 -> 0.092024801 | AK42: 318032.52 | AL42: =AK42/F42 -> 0.054765425
D43: 45906 | E43: 六 | F43: =SUM(M43,S43,U43,W43,AC43,AE43,AG43,AI43,AK43) -> 6167669 | I43: 686612.5 | J43: =I43/F43 -> 0.11132447 | K43: 794389.29 | L43: =K43/F43 -> 0.12879895 | M43: =SUM(I43+K43) -> 1481001.8 | N43: =M43/F43 -> 0.24012342 | O43: 117355.57 | P43: =O43/F43 -> 0.019027541 | Q43: 97295.734 | R43: =Q43/$F43 -> 0.015775123 | S43: =SUM(O43+Q43) -> 214651.31 | T43: =S43/F43 -> 0.034802663 | U43: 510856.35 | V43: =U43/F43 -> 0.082828108 | W43: 10781.211 | X43: =W43/F43 -> 0.0017480203 | Y43: 593184.79 | Z43: =Y43/F43 -> 0.096176496 | AA43: 1000410.8 | AB43: =AA43/$F43 -> 0.16220242 | AC43: =SUM(Y43+AA43) -> 1593595.6 | AD43: =AC43/F43 -> 0.25837891 | AE43: 611938.27 | AF43: =AE43/F43 -> 0.099217106 | AG43: 879693.66 | AH43: =AG43/F43 -> 0.14262984 | AI43: 526676.21 | AJ43: =AI43/F43 -> 0.085393074 | AK43: 338474.57 | AL43: =AK43/F43 -> 0.054878848
D44: 45907 | E44: 日 | F44: =SUM(M44,S44,U44,W44,AC44,AE44,AG44,AI44,AK44) -> 7394780 | I44: 869357.49 | J44: =I44/F44 -> 0.11756367 | K44: 860695.51 | L44: =K44/F44 -> 0.11639231 | M44: =SUM(I44+K44) -> 1730053 | N44: =M44/F44 -> 0.23395598 | O44: 167431.93 | P44: =O44/F44 -> 0.022641908 | Q44: 114451.35 | R44: =Q44/$F44 -> 0.015477316 | S44: =SUM(O44+Q44) -> 281883.28 | T44: =S44/F44 -> 0.038119225 | U44: 662934.92 | V44: =U44/F44 -> 0.089649038 | W44: 14838.643 | X44: =W44/F44 -> 0.0020066375 | Y44: 707930.82 | Z44: =Y44/F44 -> 0.095733858 | AA44: 1130952.4 | AB44: =AA44/$F44 -> 0.15293928 | AC44: =SUM(Y44+AA44) -> 1838883.2 | AD44: =AC44/F44 -> 0.24867314 | AE44: 778191.06 | AF44: =AE44/F44 -> 0.10523519 | AG44: 1065808.8 | AH44: =AG44/F44 -> 0.14412989 | AI44: 611514.13 | AJ44: =AI44/F44 -> 0.082695378 | AK44: 410672.99 | AL44: =AK44/F44 -> 0.055535525
D45: 45908 | E45: 一 | F45: =SUM(M45,S45,U45,W45,AC45,AE45,AG45,AI45,AK45) -> 7409143 | I45: 814238.04 | J45: =I45/F45 -> 0.10989639 | K45: 872064.47 | L45: =K45/F45 -> 0.11770113 | M45: =SUM(I45+K45) -> 1686302.5 | N45: =M45/F45 -> 0.22759751 | O45: 153939.38 | P45: =O45/F45 -> 0.020776948 | Q45: 112956.71 | R45: =Q45/$F45 -> 0.015245584 | S45: =SUM(O45+Q45) -> 266896.09 | T45: =S45/F45 -> 0.036022531 | U45: 654977.91 | V45: =U45/F45 -> 0.088401305 | W45: 13888.573 | X45: =W45/F45 -> 0.0018745182 | Y45: 727257.57 | Z45: =Y45/F45 -> 0.098156774 | AA45: 1200713.7 | AB45: =AA45/$F45 -> 0.16205838 | AC45: =SUM(Y45+AA45) -> 1927971.3 | AD45: =AC45/F45 -> 0.26021516 | AE45: 815554.07 | AF45: =AE45/F45 -> 0.11007401 | AG45: 1043881.1 | AH45: =AG45/F45 -> 0.14089094 | AI45: 588183.16 | AJ45: =AI45/F45 -> 0.079386126 | AK45: 411488.28 | AL45: =AK45/F45 -> 0.055537905

Sheet （４）訂單數量構成比
B2: （4）訂單數量構成比
B3: 資料繳交日 | C3: 月份 | D3: 日期 | F3: 訂單量 | I3: 品類訂單量
I4: 18℃-飯糰 | O4: 18℃-壽司手卷 | U4: 4℃-飯糰 | W4: 4℃-壽司手卷 | Y4: 主食 | AE4: 便當 | AG4: 熱食義麵 | AI4: 季節調理麵 | AK4: 微波小吃
F5: 日 | G5: 週累積 | H5: 月累積 | I5: 一配 | K5: 二配 | M5: 合計 | O5: 一配 | Q5: 二配 | S5: 合計 | U5: 一配 | W5: 一配 | Y5: 一配 | AA5: 二配 | AC5: 合計 | AE5: 一配 | AG5: 一配 | AI5: 一配 | AK5: 一配
I6: 訂單數 | J6: 比例(%) | K6: 訂單數 | L6: 比例(%) | M6: 訂單數 | N6: 比例(%) | O6: 訂單數 | P6: 比例(%) | Q6: 訂單數 | R6: 比例(%) | S6: 訂單數 | T6: 比例(%) | U6: 訂單數 | V6: 比例(%) | W6: 訂單數 | X6: 比例(%) | Y6: 訂單數 | Z6: 比例(%) | AA6: 訂單數 | AB6: 比例(%) | AC6: 訂單數 | AD6: 比例(%) | AE6: 訂單數 | AF6: 比例(%) | AG6: 訂單數 | AH6: 比例(%) | AI6: 訂單數 | AJ6: 比例(%) | AK6: 訂單數 | AL6: 比例(%)
B7: =D19 -> 45882 | C7: 八 | D7: 45870 | E7: 五 | F7: =SUM(M7,S7,U7,W7,AC7,AE7,AG7,AI7,AK7) -> 189694 | G7: =SUM(F7:F10) -> 835562 | H7: =SUM(F7:F37) -> 6558055 | I7: 24297 | J7: =I7/F7 -> 0.12808523 | K7: 36868 | L7: =K7/F7 -> 0.19435512 | M7: =SUM(I7+K7) -> 61165 | N7: =M7/F7 -> 0.32244035 | O7: 5748 | P7: =O7/F7 -> 0.030301433 | Q7: 3941 | R7: =Q7/D7 -> 0.085916721 | S7: =SUM(O7+Q7) -> 9689 | T7: =S7/F7 -> 0.051076998 | U7: 17469 | V7: =U7/F7 -> 0.092090419 | W7: 1039 | X7: =W7/F7 -> 0.0054772423 | Y7: 19748 | Z7: =Y7/F7 -> 0.10410451 | AA7: 21070 | AB7: =AA7/D7 -> 0.45934162 | AC7: =SUM(Y7+AA7) -> 40818 | AD7: =AC7/F7 -> 0.21517813 | AE7: 14905 | AF7: =AE7/F7 -> 0.078573914 | AG7: 15386 | AH7: =AG7/F7 -> 0.081109576 | AI7: 16873 | AJ7: =AI7/F7 -> 0.088948517 | AK7: 12350 | AL7: =AK7/F7 -> 0.065104853
D8: 45871 | E8: 六 | F8: =SUM(M8,S8,U8,W8,AC8,AE8,AG8,AI8,AK8) -> 198615 | I8: 23770 | J8: =I8/F8 -> 0.11967878 | K8: 39888 | L8: =K8/F8 -> 0.20083075 | M8: =SUM(I8+K8) -> 63658 | N8: =M8/F8 -> 0.32050953 | O8: 5810 | P8: =O8/F8 -> 0.029252574 | Q8: 3881 | R8: =Q8/D8 -> 0.084606832 | S8: =SUM(O8+Q8) -> 9691 | T8: =S8/F8 -> 0.048792891 | U8: 18974 | V8: =U8/F8 -> 0.095531556 | W8: 1121 | X8: =W8/F8 -> 0.0056440853 | Y8: 20640 | Z8: =Y8/F8 -> 0.10391964 | AA8: 23039 | AB8: =AA8/D8 -> 0.50225633 | AC8: =SUM(Y8+AA8) -> 43679 | AD8: =AC8/F8 -> 0.21991793 | AE8: 15234 | AF8: =AE8/F8 -> 0.076701156 | AG8: 16085 | AH8: =AG8/F8 -> 0.080985827 | AI8: 17509 | AJ8: =AI8/F8 -> 0.088155477 | AK8: 12664 | AL8: =AK8/F8 -> 0.063761549
D9: 45872 | E9: 日 | F9: =SUM(M9,S9,U9,W9,AC9,AE9,AG9,AI9,AK9) -> 226309 | I9: 28783 | J9: =I9/F9 -> 0.12718451 | K9: 42271 | L9: =K9/F9 -> 0.18678444 | M9: =SUM(I9+K9) -> 71054 | N9: =M9/F9 -> 0.31396895 | O9: 6994 | P9: =O9/F9 -> 0.030904648 | Q9: 4382 | R9: =Q9/D9 -> 0.095526683 | S9: =SUM(O9+Q9) -> 11376 | T9: =S9/F9 -> 0.050267555 | U9: 22622 | V9: =U9/F9 -> 0.099960673 | W9: 1271 | X9: =W9/F9 -> 0.005616215 | Y9: 22207 | Z9: =Y9/F9 -> 0.098126897 | AA9: 24003 | AB9: =AA9/D9 -> 0.52326038 | AC9: =SUM(Y9+AA9) -> 46210 | AD9: =AC9/F9 -> 0.20418985 | AE9: 19050 | AF9: =AE9/F9 -> 0.084176944 | AG9: 20178 | AH9: =AG9/F9 -> 0.089161279 | AI9: 20163 | AJ9: =AI9/F9 -> 0.089094998 | AK9: 14385 | AL9: =AK9/F9 -> 0.063563535
D10: 45873 | E10: 一 | F10: =SUM(M10,S10,U10,W10,AC10,AE10,AG10,AI10,AK10) -> 220944 | I10: 27707 | J10: =I10/F10 -> 0.12540282 | K10: 41367 | L10: =K10/F10 -> 0.18722844 | M10: =SUM(I10+K10) -> 69074 | N10: =M10/F10 -> 0.31263125 | O10: 6496 | P10: =O10/F10 -> 0.029401115 | Q10: 4347 | R10: =Q10/D10 -> 0.094761624 | S10: =SUM(O10+Q10) -> 10843 | T10: =S10/F10 -> 0.049075784 | U10: 21669 | V10: =U10/F10 -> 0.098074625 | W10: 1163 | X10: =W10/F10 -> 0.0052637772 | Y10: 22556 | Z10: =Y10/F10 -> 0.10208922 | AA10: 24659 | AB10: =AA10/D10 -> 0.53754932 | AC10: =SUM(Y10+AA10) -> 47215 | AD10: =AC10/F10 -> 0.21369668 | AE10: 19050 | AF10: =AE10/F10 -> 0.086220943 | AG10: 19934 | AH10: =AG10/F10 -> 0.090221957 | AI10: 18083 | AJ10: =AI10/F10 -> 0.081844268 | AK10: 13913 | AL10: =AK10/F10 -> 0.062970708
D11: 45874 | E11: 二 | F11: =SUM(M11,S11,U11,W11,AC11,AE11,AG11,AI11,AK11) -> 237092 | G11: =SUM(F11:F17) -> 1481597 | I11: 31215 | J11: =I11/F11 -> 0.13165775 | K11: 41098 | L11: =K11/F11 -> 0.17334199 | M11: =SUM(I11+K11) -> 72313 | N11: =M11/F11 -> 0.30499975 | O11: 6557 | P11: =O11/F11 -> 0.027655931 | Q11: 4244 | R11: =Q11/D11 -> 0.092514278 | S11: =SUM(O11+Q11) -> 10801 | T11: =S11/F11 -> 0.045556155 | U11: 27130 | V11: =U11/F11 -> 0.11442815 | W11: 651 | X11: =W11/F11 -> 0.0027457696 | Y11: 30868 | Z11: =Y11/F11 -> 0.13019419 | AA11: 24259 | AB11: =AA11/D11 -> 0.52881807 | AC11: =SUM(Y11+AA11) -> 55127 | AD11: =AC11/F11 -> 0.23251312 | AE11: 19391 | AF11: =AE11/F11 -> 0.081786817 | AG11: 19755 | AH11: =AG11/F11 -> 0.083322086 | AI11: 18196 | AJ11: =AI11/F11 -> 0.076746579 | AK11: 13728 | AL11: =AK11/F11 -> 0.057901574
D12: 45875 | E12: 三 | F12: =SUM(M12,S12,U12,W12,AC12,AE12,AG12,AI12,AK12) -> 222453 | I12: 30098 | J12: =I12/F12 -> 0.13530049 | K12: 40918 | L12: =K12/F12 -> 0.18393998 | M12: =SUM(I12+K12) -> 71016 | N12: =M12/F12 -> 0.31924047 | O12: 6456 | P12: =O12/F12 -> 0.029021861 | Q12: 4188 | R12: =Q12/D12 -> 0.091291553 | S12: =SUM(O12+Q12) -> 10644 | T12: =S12/F12 -> 0.04784831 | U12: 24026 | V12: =U12/F12 -> 0.10800484 | W12: 711 | X12: =W12/F12 -> 0.0031961808 | Y12: 27469 | Z12: =Y12/F12 -> 0.12348226 | AA12: 22639 | AB12: =AA12/D12 -> 0.49349319 | AC12: =SUM(Y12+AA12) -> 50108 | AD12: =AC12/F12 -> 0.22525208 | AE12: 16348 | AF12: =AE12/F12 -> 0.073489681 | AG12: 19784 | AH12: =AG12/F12 -> 0.08893564 | AI12: 15906 | AJ12: =AI12/F12 -> 0.071502744 | AK12: 13910 | AL12: =AK12/F12 -> 0.062530063
D13: 45876 | E13: 四 | F13: =SUM(M13,S13,U13,W13,AC13,AE13,AG13,AI13,AK13) -> 211393 | I13: 29431 | J13: =I13/F13 -> 0.1392241 | K13: 39687 | L13: =K13/F13 -> 0.18774037 | M13: =SUM(I13+K13) -> 69118 | N13: =M13/F13 -> 0.32696447 | O13: 6247 | P13: =O13/F13 -> 0.029551593 | Q13: 4009 | R13: =Q13/D13 -> 0.087387741 | S13: =SUM(O13+Q13) -> 10256 | T13: =S13/F13 -> 0.048516271 | U13: 23164 | V13: =U13/F13 -> 0.1095779 | W13: 706 | X13: =W13/F13 -> 0.0033397511 | Y13: 25319 | Z13: =Y13/F13 -> 0.11977218 | AA13: 19736 | AB13: =AA13/D13 -> 0.43020316 | AC13: =SUM(Y13+AA13) -> 45055 | AD13: =AC13/F13 -> 0.21313383 | AE13: 15331 | AF13: =AE13/F13 -> 0.072523688 | AG13: 18575 | AH13: =AG13/F13 -> 0.087869513 | AI13: 15865 | AJ13: =AI13/F13 -> 0.075049789 | AK13: 13323 | AL13: =AK13/F13 -> 0.063024793
D14: 45877 | E14: 五 | F14: =SUM(M14,S14,U14,W14,AC14,AE14,AG14,AI14,AK14) -> 189264 | I14: 26474 | J14: =I14/F14 -> 0.13987869 | K14: 37685 | L14: =K14/F14 -> 0.19911341 | M14: =SUM(I14+K14) -> 64159 | N14: =M14/F14 -> 0.3389921 | O14: 5418 | P14: =O14/F14 -> 0.02862668 | Q14: 3800 | R14: =Q14/D14 -> 0.082830176 | S14: =SUM(O14+Q14) -> 9218 | T14: =S14/F14 -> 0.048704455 | U14: 20286 | V14: =U14/F14 -> 0.10718362 | W14: 644 | X14: =W14/F14 -> 0.0034026545 | Y14: 21678 | Z14: =Y14/F14 -> 0.11453842 | AA14: 19043 | AB14: =AA14/D14 -> 0.41508817 | AC14: =SUM(Y14+AA14) -> 40721 | AD14: =AC14/F14 -> 0.21515449 | AE14: 12595 | AF14: =AE14/F14 -> 0.066547257 | AG14: 14396 | AH14: =AG14/F14 -> 0.076063065 | AI14: 15074 | AJ14: =AI14/F14 -> 0.079645363 | AK14: 12171 | AL14: =AK14/F14 -> 0.064307
D15: 45878 | E15: 六 | F15: =SUM(M15,S15,U15,W15,AC15,AE15,AG15,AI15,AK15) -> 192323 | I15: 25438 | J15: =I15/F15 -> 0.13226707 | K15: 40276 | L15: =K15/F15 -> 0.20941853 | M15: =SUM(I15+K15) -> 65714 | N15: =M15/F15 -> 0.3416856 | O15: 5422 | P15: =O15/F15 -> 0.028192156 | Q15: 3828 | R15: =Q15/D15 -> 0.083438685 | S15: =SUM(O15+Q15) -> 9250 | T15: =S15/F15 -> 0.048096172 | U15: 21476 | V15: =U15/F15 -> 0.11166631 | W15: 562 | X15: =W15/F15 -> 0.0029221674 | Y15: 19618 | Z15: =Y15/F15 -> 0.10200548 | AA15: 20751 | AB15: =AA15/D15 -> 0.4523083 | AC15: =SUM(Y15+AA15) -> 40369 | AD15: =AC15/F15 -> 0.20990209 | AE15: 12433 | AF15: =AE15/F15 -> 0.064646454 | AG15: 14047 | AH15: =AG15/F15 -> 0.073038586 | AI15: 16291 | AJ15: =AI15/F15 -> 0.084706457 | AK15: 12181 | AL15: =AK15/F15 -> 0.063336158
D16: 45879 | E16: 日 | F16: =SUM(M16,S16,U16,W16,AC16,AE16,AG16,AI16,AK16) -> 216752 | I16: 30754 | J16: =I16/F16 -> 0.14188566 | K16: 42713 | L16: =K16/F16 -> 0.19705931 | M16: =SUM(I16+K16) -> 73467 | N16: =M16/F16 -> 0.33894497 | O16: 6692 | P16: =O16/F16 -> 0.030873994 | Q16: 4244 | R16: =Q16/D16 -> 0.092504196 | S16: =SUM(O16+Q16) -> 10936 | T16: =S16/F16 -> 0.050453975 | U16: 24468 | V16: =U16/F16 -> 0.11288477 | W16: 532 | X16: =W16/F16 -> 0.002454418 | Y16: 22266 | Z16: =Y16/F16 -> 0.1027257 | AA16: 20884 | AB16: =AA16/D16 -> 0.45519737 | AC16: =SUM(Y16+AA16) -> 43150 | AD16: =AC16/F16 -> 0.19907544 | AE16: 15278 | AF16: =AE16/F16 -> 0.070486085 | AG16: 18430 | AH16: =AG16/F16 -> 0.08502805 | AI16: 16716 | AJ16: =AI16/F16 -> 0.077120396 | AK16: 13775 | AL16: =AK16/F16 -> 0.063551893
D17: 45880 | E17: 一 | F17: =SUM(M17,S17,U17,W17,AC17,AE17,AG17,AI17,AK17) -> 212320 | I17: 30064 | J17: =I17/F17 -> 0.14159759 | K17: 41846 | L17: =K17/F17 -> 0.1970893 | M17: =SUM(I17+K17) -> 71910 | N17: =M17/F17 -> 0.33868689 | O17: 6405 | P17: =O17/F17 -> 0.030166729 | Q17: 4199 | R17: =Q17/D17 -> 0.09152136 | S17: =SUM(O17+Q17) -> 10604 | T17: =S17/F17 -> 0.049943482 | U17: 22841 | V17: =U17/F17 -> 0.10757818 | W17: 545 | X17: =W17/F17 -> 0.0025668802 | Y17: 22697 | Z17: =Y17/F17 -> 0.10689996 | AA17: 21413 | AB17: =AA17/D17 -> 0.46671752 | AC17: =SUM(Y17+AA17) -> 44110 | AD17: =AC17/F17 -> 0.20775245 | AE17: 14604 | AF17: =AE17/F17 -> 0.068782969 | AG17: 17867 | AH17: =AG17/F17 -> 0.084151281 | AI17: 16601 | AJ17: =AI17/F17 -> 0.078188583 | AK17: 13238 | AL17: =AK17/F17 -> 0.062349284
B18: =D26 -> 45889 | D18: 45881 | E18: 二 | F18: =SUM(M18,S18,U18,W18,AC18,AE18,AG18,AI18,AK18) -> 224380 | G18: =SUM(F18:F24) -> 1480470 | I18: 29738 | J18: =I18/F18 -> 0.13253409 | K18: 40317 | L18: =K18/F18 -> 0.17968179 | M18: =SUM(I18+K18) -> 70055 | N18: =M18/F18 -> 0.31221588 | O18: 6102 | P18: =O18/F18 -> 0.027194937 | Q18: 4030 | R18: =Q18/D18 -> 0.087835923 | S18: =SUM(O18+Q18) -> 10132 | T18: =S18/F18 -> 0.04515554 | U18: 21828 | V18: =U18/F18 -> 0.097281398 | W18: 506 | X18: =W18/F18 -> 0.002255103 | Y18: 27791 | Z18: =Y18/F18 -> 0.12385685 | AA18: 22172 | AB18: =AA18/D18 -> 0.48325015 | AC18: =SUM(Y18+AA18) -> 49963 | AD18: =AC18/F18 -> 0.22267136 | AE18: 15650 | AF18: =AE18/F18 -> 0.069747749 | AG18: 25790 | AH18: =AG18/F18 -> 0.11493894 | AI18: 16882 | AJ18: =AI18/F18 -> 0.075238435 | AK18: 13574 | AL18: =AK18/F18 -> 0.060495588
D19: 45882 | E19: 三 | F19: =SUM(M19,S19,U19,W19,AC19,AE19,AG19,AI19,AK19) -> 220130 | I19: 28877 | J19: =I19/F19 -> 0.13118157 | K19: 40445 | L19: =K19/F19 -> 0.18373234 | M19: =SUM(I19+K19) -> 69322 | N19: =M19/F19 -> 0.31491391 | O19: 5845 | P19: =O19/F19 -> 0.026552492 | Q19: 4084 | R19: =Q19/D19 -> 0.089010941 | S19: =SUM(O19+Q19) -> 9929 | T19: =S19/F19 -> 0.045105165 | U19: 22470 | V19: =U19/F19 -> 0.10207605 | W19: 516 | X19: =W19/F19 -> 0.0023440694 | Y19: 27430 | Z19: =Y19/F19 -> 0.12460819 | AA19: 21391 | AB19: =AA19/D19 -> 0.46621769 | AC19: =SUM(Y19+AA19) -> 48821 | AD19: =AC19/F19 -> 0.22178258 | AE19: 15236 | AF19: =AE19/F19 -> 0.069213646 | AG19: 22394 | AH19: =AG19/F19 -> 0.1017308 | AI19: 17604 | AJ19: =AI19/F19 -> 0.079970926 | AK19: 13838 | AL19: =AK19/F19 -> 0.062862854
D20: 45883 | E20: 四 | F20: =SUM(M20,S20,U20,W20,AC20,AE20,AG20,AI20,AK20) -> 214387 | I20: 29541 | J20: =I20/F20 -> 0.13779287 | K20: 39657 | L20: =K20/F20 -> 0.18497857 | M20: =SUM(I20+K20) -> 69198 | N20: =M20/F20 -> 0.32277144 | O20: 5970 | P20: =O20/F20 -> 0.027846838 | Q20: 4027 | R20: =Q20/D20 -> 0.087766711 | S20: =SUM(O20+Q20) -> 9997 | T20: =S20/F20 -> 0.046630626 | U20: 21447 | V20: =U20/F20 -> 0.10003872 | W20: 514 | X20: =W20/F20 -> 0.0023975334 | Y20: 24388 | Z20: =Y20/F20 -> 0.1137569 | AA20: 21528 | AB20: =AA20/D20 -> 0.46919338 | AC20: =SUM(Y20+AA20) -> 45916 | AD20: =AC20/F20 -> 0.21417343 | AE20: 14615 | AF20: =AE20/F20 -> 0.068171111 | AG20: 21330 | AH20: =AG20/F20 -> 0.099492973 | AI20: 18057 | AJ20: =AI20/F20 -> 0.084226189 | AK20: 13313 | AL20: =AK20/F20 -> 0.062097982
D21: 45884 | E21: 五 | F21: =SUM(M21,S21,U21,W21,AC21,AE21,AG21,AI21,AK21) -> 194099 | I21: 25248 | J21: =I21/F21 -> 0.13007795 | K21: 36751 | L21: =K21/F21 -> 0.18934152 | M21: =SUM(I21+K21) -> 61999 | N21: =M21/F21 -> 0.31941947 | O21: 5223 | P21: =O21/F21 -> 0.026908949 | Q21: 3692 | R21: =Q21/D21 -> 0.080463778 | S21: =SUM(O21+Q21) -> 8915 | T21: =S21/F21 -> 0.04593017 | U21: 18829 | V21: =U21/F21 -> 0.097007197 | W21: 472 | X21: =W21/F21 -> 0.0024317487 | Y21: 23205 | Z21: =Y21/F21 -> 0.11955239 | AA21: 22044 | AB21: =AA21/D21 -> 0.48042891 | AC21: =SUM(Y21+AA21) -> 45249 | AD21: =AC21/F21 -> 0.2331233 | AE21: 13175 | AF21: =AE21/F21 -> 0.067877732 | AG21: 16516 | AH21: =AG21/F21 -> 0.085090598 | AI21: 16257 | AJ21: =AI21/F21 -> 0.083756227 | AK21: 12687 | AL21: =AK21/F21 -> 0.065363552
D22: 45885 | E22: 六 | F22: =SUM(M22,S22,U22,W22,AC22,AE22,AG22,AI22,AK22) -> 193782 | I22: 24555 | J22: =I22/F22 -> 0.12671456 | K22: 39550 | L22: =K22/F22 -> 0.20409532 | M22: =SUM(I22+K22) -> 64105 | N22: =M22/F22 -> 0.33080988 | O22: 5197 | P22: =O22/F22 -> 0.026818796 | Q22: 3667 | R22: =Q22/D22 -> 0.079917184 | S22: =SUM(O22+Q22) -> 8864 | T22: =S22/F22 -> 0.045742123 | U22: 18536 | V22: =U22/F22 -> 0.095653879 | W22: 500 | X22: =W22/F22 -> 0.002580219 | Y22: 22067 | Z22: =Y22/F22 -> 0.11387539 | AA22: 21393 | AB22: =AA22/D22 -> 0.46623079 | AC22: =SUM(Y22+AA22) -> 43460 | AD22: =AC22/F22 -> 0.22427264 | AE22: 13240 | AF22: =AE22/F22 -> 0.068324199 | AG22: 17674 | AH22: =AG22/F22 -> 0.091205582 | AI22: 15045 | AJ22: =AI22/F22 -> 0.07763879 | AK22: 12358 | AL22: =AK22/F22 -> 0.063772693
D23: 45886 | E23: 日 | F23: =SUM(M23,S23,U23,W23,AC23,AE23,AG23,AI23,AK23) -> 218883 | I23: 30082 | J23: =I23/F23 -> 0.13743415 | K23: 42584 | L23: =K23/F23 -> 0.19455143 | M23: =SUM(I23+K23) -> 72666 | N23: =M23/F23 -> 0.33198558 | O23: 6525 | P23: =O23/F23 -> 0.029810447 | Q23: 4143 | R23: =Q23/D23 -> 0.090288977 | S23: =SUM(O23+Q23) -> 10668 | T23: =S23/F23 -> 0.048738367 | U23: 21957 | V23: =U23/F23 -> 0.10031387 | W23: 481 | X23: =W23/F23 -> 0.0021975211 | Y23: 23596 | Z23: =Y23/F23 -> 0.10780189 | AA23: 21095 | AB23: =AA23/D23 -> 0.45972628 | AC23: =SUM(Y23+AA23) -> 44691 | AD23: =AC23/F23 -> 0.20417757 | AE23: 15943 | AF23: =AE23/F23 -> 0.072838 | AG23: 21313 | AH23: =AG23/F23 -> 0.097371655 | AI23: 17338 | AJ23: =AI23/F23 -> 0.079211268 | AK23: 13826 | AL23: =AK23/F23 -> 0.063166166
D24: 45887 | E24: 一 | F24: =SUM(M24,S24,U24,W24,AC24,AE24,AG24,AI24,AK24) -> 214809 | I24: 29864 | J24: =I24/F24 -> 0.13902583 | K24: 45412 | L24: =K24/F24 -> 0.21140641 | M24: =SUM(I24+K24) -> 75276 | N24: =M24/F24 -> 0.35043224 | O24: 6222 | P24: =O24/F24 -> 0.028965267 | Q24: 4233 | R24: =Q24/D24 -> 0.092248349 | S24: =SUM(O24+Q24) -> 10455 | T24: =S24/F24 -> 0.048671145 | U24: 21370 | V24: =U24/F24 -> 0.099483727 | W24: 490 | X24: =W24/F24 -> 0.0022810962 | Y24: 23001 | Z24: =Y24/F24 -> 0.10707652 | AA24: 20547 | AB24: =AA24/D24 -> 0.44777388 | AC24: =SUM(Y24+AA24) -> 43548 | AD24: =AC24/F24 -> 0.20272894 | AE24: 15782 | AF24: =AE24/F24 -> 0.07346992 | AG24: 16580 | AH24: =AG24/F24 -> 0.077184848 | AI24: 17705 | AJ24: =AI24/F24 -> 0.082422059 | AK24: 13603 | AL24: =AK24/F24 -> 0.063326025
B25: =D33 -> 45896 | D25: 45888 | E25: 二 | F25: =SUM(M25,S25,U25,W25,AC25,AE25,AG25,AI25,AK25) -> 237868 | G25: =SUM(F25:F31) -> 1526628 | I25: 33069 | J25: =I25/F25 -> 0.13902248 | K25: 45244 | L25: =K25/F25 -> 0.19020633 | M25: =SUM(I25+K25) -> 78313 | N25: =M25/F25 -> 0.32922882 | O25: 9326 | P25: =O25/F25 -> 0.039206619 | Q25: 4335 | R25: =Q25/D25 -> 0.094469142 | S25: =SUM(O25+Q25) -> 13661 | T25: =S25/F25 -> 0.057431012 | U25: 21093 | V25: =U25/F25 -> 0.088675232 | W25: 500 | X25: =W25/F25 -> 0.0021020062 | Y25: 23898 | Z25: =Y25/F25 -> 0.10046749 | AA25: 20781 | AB25: =AA25/D25 -> 0.45286349 | AC25: =SUM(Y25+AA25) -> 44679 | AD25: =AC25/F25 -> 0.18783107 | AE25: 15477 | AF25: =AE25/F25 -> 0.065065499 | AG25: 24866 | AH25: =AG25/F25 -> 0.10453697 | AI25: 16634 | AJ25: =AI25/F25 -> 0.069929541 | AK25: 22645 | AL25: =AK25/F25 -> 0.095199859
D26: 45889 | E26: 三 | F26: =SUM(M26,S26,U26,W26,AC26,AE26,AG26,AI26,AK26) -> 229442 | I26: 32220 | J26: =I26/F26 -> 0.14042765 | K26: 45155 | L26: =K26/F26 -> 0.19680355 | M26: =SUM(I26+K26) -> 77375 | N26: =M26/F26 -> 0.3372312 | O26: 8196 | P26: =O26/F26 -> 0.035721446 | Q26: 4237 | R26: =Q26/D26 -> 0.092331496 | S26: =SUM(O26+Q26) -> 12433 | T26: =S26/F26 -> 0.054187987 | U26: 21014 | V26: =U26/F26 -> 0.091587416 | W26: 487 | X26: =W26/F26 -> 0.0021225408 | Y26: 23915 | Z26: =Y26/F26 -> 0.10423113 | AA26: 20603 | AB26: =AA26/D26 -> 0.4489747 | AC26: =SUM(Y26+AA26) -> 44518 | AD26: =AC26/F26 -> 0.19402725 | AE26: 15065 | AF26: =AE26/F26 -> 0.065659295 | AG26: 21348 | AH26: =AG26/F26 -> 0.093043122 | AI26: 18480 | AJ26: =AI26/F26 -> 0.080543231 | AK26: 18722 | AL26: =AK26/F26 -> 0.081597964
D27: 45890 | E27: 四 | F27: =SUM(M27,S27,U27,W27,AC27,AE27,AG27,AI27,AK27) -> 218054 | I27: 30841 | J27: =I27/F27 -> 0.14143744 | K27: 42362 | L27: =K27/F27 -> 0.19427298 | M27: =SUM(I27+K27) -> 73203 | N27: =M27/F27 -> 0.33571042 | O27: 7728 | P27: =O27/F27 -> 0.035440762 | Q27: 4256 | R27: =Q27/D27 -> 0.092743517 | S27: =SUM(O27+Q27) -> 11984 | T27: =S27/F27 -> 0.054958863 | U27: 19752 | V27: =U27/F27 -> 0.090583067 | W27: 448 | X27: =W27/F27 -> 0.0020545369 | Y27: 22755 | Z27: =Y27/F27 -> 0.10435488 | AA27: 19291 | AB27: =AA27/D27 -> 0.42037481 | AC27: =SUM(Y27+AA27) -> 42046 | AD27: =AC27/F27 -> 0.1928238 | AE27: 14624 | AF27: =AE27/F27 -> 0.067065956 | AG27: 20445 | AH27: =AG27/F27 -> 0.093761178 | AI27: 17703 | AJ27: =AI27/F27 -> 0.081186312 | AK27: 17849 | AL27: =AK27/F27 -> 0.081855871
D28: 45891 | E28: 五 | F28: =SUM(M28,S28,U28,W28,AC28,AE28,AG28,AI28,AK28) -> 195390 | I28: 27396 | J28: =I28/F28 -> 0.14021188 | K28: 39705 | L28: =K28/F28 -> 0.20320897 | M28: =SUM(I28+K28) -> 67101 | N28: =M28/F28 -> 0.34342085 | O28: 7065 | P28: =O28/F28 -> 0.036158452 | Q28: 3680 | R28: =Q28/D28 -> 0.080190015 | S28: =SUM(O28+Q28) -> 10745 | T28: =S28/F28 -> 0.054992579 | U28: 17065 | V28: =U28/F28 -> 0.087338144 | W28: 423 | X28: =W28/F28 -> 0.002164901 | Y28: 21641 | Z28: =Y28/F28 -> 0.11075797 | AA28: 19340 | AB28: =AA28/D28 -> 0.4214334 | AC28: =SUM(Y28+AA28) -> 40981 | AD28: =AC28/F28 -> 0.2097395 | AE28: 12098 | AF28: =AE28/F28 -> 0.061917191 | AG28: 16376 | AH28: =AG28/F28 -> 0.083811863 | AI28: 15117 | AJ28: =AI28/F28 -> 0.07736834 | AK28: 15484 | AL28: =AK28/F28 -> 0.079246635
D29: 45892 | E29: 六 | F29: =SUM(M29,S29,U29,W29,AC29,AE29,AG29,AI29,AK29) -> 198181 | I29: 26435 | J29: =I29/F29 -> 0.13338817 | K29: 41426 | L29: =K29/F29 -> 0.20903114 | M29: =SUM(I29+K29) -> 67861 | N29: =M29/F29 -> 0.3424193 | O29: 6850 | P29: =O29/F29 -> 0.034564363 | Q29: 3721 | R29: =Q29/D29 -> 0.08108167 | S29: =SUM(O29+Q29) -> 10571 | T29: =S29/F29 -> 0.053340128 | U29: 17062 | V29: =U29/F29 -> 0.086093016 | W29: 442 | X29: =W29/F29 -> 0.0022302844 | Y29: 21814 | Z29: =Y29/F29 -> 0.1100711 | AA29: 20850 | AB29: =AA29/D29 -> 0.45432755 | AC29: =SUM(Y29+AA29) -> 42664 | AD29: =AC29/F29 -> 0.21527795 | AE29: 12312 | AF29: =AE29/F29 -> 0.062125027 | AG29: 16805 | AH29: =AG29/F29 -> 0.084796222 | AI29: 14710 | AJ29: =AI29/F29 -> 0.074225077 | AK29: 15754 | AL29: =AK29/F29 -> 0.079492989
D30: 45893 | E30: 日 | F30: =SUM(M30,S30,U30,W30,AC30,AE30,AG30,AI30,AK30) -> 227099 | I30: 32268 | J30: =I30/F30 -> 0.14208781 | K30: 44789 | L30: =K30/F30 -> 0.19722236 | M30: =SUM(I30+K30) -> 77057 | N30: =M30/F30 -> 0.33931017 | O30: 8839 | P30: =O30/F30 -> 0.038921351 | Q30: 4118 | R30: =Q30/D30 -> 0.08973046 | S30: =SUM(O30+Q30) -> 12957 | T30: =S30/F30 -> 0.057054412 | U30: 20712 | V30: =U30/F30 -> 0.091202515 | W30: 470 | X30: =W30/F30 -> 0.002069582 | Y30: 24570 | Z30: =Y30/F30 -> 0.1081907 | AA30: 21076 | AB30: =AA30/D30 -> 0.45924215 | AC30: =SUM(Y30+AA30) -> 45646 | AD30: =AC30/F30 -> 0.20099604 | AE30: 15094 | AF30: =AE30/F30 -> 0.066464405 | AG30: 19751 | AH30: =AG30/F30 -> 0.086970881 | AI30: 17676 | AJ30: =AI30/F30 -> 0.077833896 | AK30: 17736 | AL30: =AK30/F30 -> 0.078098098
D31: 45894 | E31: 一 | F31: =SUM(M31,S31,U31,W31,AC31,AE31,AG31,AI31,AK31) -> 220594 | I31: 31302 | J31: =I31/F31 -> 0.14189869 | K31: 43722 | L31: =K31/F31 -> 0.19820122 | M31: =SUM(I31+K31) -> 75024 | N31: =M31/F31 -> 0.34009991 | O31: 7492 | P31: =O31/F31 -> 0.033962846 | Q31: 4109 | R31: =Q31/D31 -> 0.089532401 | S31: =SUM(O31+Q31) -> 11601 | T31: =S31/F31 -> 0.052589826 | U31: 20564 | V31: =U31/F31 -> 0.09322103 | W31: 438 | X31: =W31/F31 -> 0.0019855481 | Y31: 24279 | Z31: =Y31/F31 -> 0.11006192 | AA31: 21132 | AB31: =AA31/D31 -> 0.46045235 | AC31: =SUM(Y31+AA31) -> 45411 | AD31: =AC31/F31 -> 0.20585782 | AE31: 14625 | AF31: =AE31/F31 -> 0.066298267 | AG31: 18404 | AH31: =AG31/F31 -> 0.083429286 | AI31: 17615 | AJ31: =AI31/F31 -> 0.07985258 | AK31: 16912 | AL31: =AK31/F31 -> 0.07666573
B32: =D40 -> 45903 | D32: 45895 | E32: 二 | F32: =SUM(M32,S32,U32,W32,AC32,AE32,AG32,AI32,AK32) -> 215808 | G32: =SUM(F32:F38) -> 1456107 | I32: 31023 | J32: =I32/F32 -> 0.14375278 | K32: 42788 | L32: =K32/F32 -> 0.19826883 | M32: =SUM(I32+K32) -> 73811 | N32: =M32/F32 -> 0.34202161 | O32: 7316 | P32: =O32/F32 -> 0.033900504 | Q32: 3926 | R32: =Q32/D32 -> 0.085543087 | S32: =SUM(O32+Q32) -> 11242 | T32: =S32/F32 -> 0.052092601 | U32: 19575 | V32: =U32/F32 -> 0.090705627 | W32: 439 | X32: =W32/F32 -> 0.0020342156 | Y32: 23857 | Z32: =Y32/F32 -> 0.11054734 | AA32: 20246 | AB32: =AA32/D32 -> 0.44113738 | AC32: =SUM(Y32+AA32) -> 44103 | AD32: =AC32/F32 -> 0.20436221 | AE32: 13683 | AF32: =AE32/F32 -> 0.063403581 | AG32: 19475 | AH32: =AG32/F32 -> 0.090242252 | AI32: 17320 | AJ32: =AI32/F32 -> 0.080256524 | AK32: 16160 | AL32: =AK32/F32 -> 0.074881376
D33: 45896 | E33: 三 | F33: =SUM(M33,S33,U33,W33,AC33,AE33,AG33,AI33,AK33) -> 211789 | I33: 30486 | J33: =I33/F33 -> 0.14394515 | K33: 42192 | L33: =K33/F33 -> 0.19921715 | M33: =SUM(I33+K33) -> 72678 | N33: =M33/F33 -> 0.3431623 | O33: 7281 | P33: =O33/F33 -> 0.034378556 | Q33: 3825 | R33: =Q33/D33 -> 0.083340596 | S33: =SUM(O33+Q33) -> 11106 | T33: =S33/F33 -> 0.052438984 | U33: 19025 | V33: =U33/F33 -> 0.089829972 | W33: 414 | X33: =W33/F33 -> 0.0019547757 | Y33: 23332 | Z33: =Y33/F33 -> 0.11016625 | AA33: 19033 | AB33: =AA33/D33 -> 0.41469845 | AC33: =SUM(Y33+AA33) -> 42365 | AD33: =AC33/F33 -> 0.200034 | AE33: 13625 | AF33: =AE33/F33 -> 0.064332897 | AG33: 18609 | AH33: =AG33/F33 -> 0.087865753 | AI33: 17609 | AJ33: =AI33/F33 -> 0.083144073 | AK33: 16358 | AL33: =AK33/F33 -> 0.07723725
D34: 45897 | E34: 四 | F34: =SUM(M34,S34,U34,W34,AC34,AE34,AG34,AI34,AK34) -> 204538 | I34: 30126 | J34: =I34/F34 -> 0.14728803 | K34: 40409 | L34: =K34/F34 -> 0.19756231 | M34: =SUM(I34+K34) -> 70535 | N34: =M34/F34 -> 0.34485035 | O34: 7062 | P34: =O34/F34 -> 0.034526592 | Q34: 3865 | R34: =Q34/D34 -> 0.084210297 | S34: =SUM(O34+Q34) -> 10927 | T34: =S34/F34 -> 0.053422836 | U34: 18405 | V34: =U34/F34 -> 0.089983279 | W34: 418 | X34: =W34/F34 -> 0.00204363 | Y34: 22739 | Z34: =Y34/F34 -> 0.1111725 | AA34: 18478 | AB34: =AA34/D34 -> 0.40259712 | AC34: =SUM(Y34+AA34) -> 41217 | AD34: =AC34/F34 -> 0.20151268 | AE34: 13034 | AF34: =AE34/F34 -> 0.0637241 | AG34: 17024 | AH34: =AG34/F34 -> 0.083231478 | AI34: 16695 | AJ34: =AI34/F34 -> 0.081622975 | AK34: 16283 | AL34: =AK34/F34 -> 0.079608679
D35: 45898 | E35: 五 | F35: =SUM(M35,S35,U35,W35,AC35,AE35,AG35,AI35,AK35) -> 187591 | I35: 25996 | J35: =I35/F35 -> 0.13857808 | K35: 38790 | L35: =K35/F35 -> 0.20677964 | M35: =SUM(I35+K35) -> 64786 | N35: =M35/F35 -> 0.34535772 | O35: 6093 | P35: =O35/F35 -> 0.032480236 | Q35: 3511 | R35: =Q35/D35 -> 0.076495708 | S35: =SUM(O35+Q35) -> 9604 | T35: =S35/F35 -> 0.051196486 | U35: 16655 | V35: =U35/F35 -> 0.088783577 | W35: 396 | X35: =W35/F35 -> 0.0021109755 | Y35: 21278 | Z35: =Y35/F35 -> 0.11342762 | AA35: 18452 | AB35: =AA35/D35 -> 0.40202187 | AC35: =SUM(Y35+AA35) -> 39730 | AD35: =AC35/F35 -> 0.21179054 | AE35: 11269 | AF35: =AE35/F35 -> 0.060072178 | AG35: 14420 | AH35: =AG35/F35 -> 0.076869359 | AI35: 15865 | AJ35: =AI35/F35 -> 0.084572288 | AK35: 14866 | AL35: =AK35/F35 -> 0.079246872
D36: 45899 | E36: 六 | F36: =SUM(M36,S36,U36,W36,AC36,AE36,AG36,AI36,AK36) -> 193659 | I36: 25439 | J36: =I36/F36 -> 0.13135976 | K36: 41873 | L36: =K36/F36 -> 0.21622026 | M36: =SUM(I36+K36) -> 67312 | N36: =M36/F36 -> 0.34758002 | O36: 6067 | P36: =O36/F36 -> 0.031328263 | Q36: 3572 | R36: =Q36/D36 -> 0.077823046 | S36: =SUM(O36+Q36) -> 9639 | T36: =S36/F36 -> 0.049773055 | U36: 17820 | V36: =U36/F36 -> 0.092017412 | W36: 435 | X36: =W36/F36 -> 0.0022462163 | Y36: 19048 | Z36: =Y36/F36 -> 0.098358455 | AA36: 21077 | AB36: =AA36/D36 -> 0.4592039 | AC36: =SUM(Y36+AA36) -> 40125 | AD36: =AC36/F36 -> 0.20719409 | AE36: 12358 | AF36: =AE36/F36 -> 0.063813197 | AG36: 14650 | AH36: =AG36/F36 -> 0.075648434 | AI36: 16045 | AJ36: =AI36/F36 -> 0.082851817 | AK36: 15275 | AL36: =AK36/F36 -> 0.078875756
D37: 45900 | E37: 日 | F37: =SUM(M37,S37,U37,W37,AC37,AE37,AG37,AI37,AK37) -> 220413 | I37: 31875 | J37: =I37/F37 -> 0.14461488 | K37: 44645 | L37: =K37/F37 -> 0.20255157 | M37: =SUM(I37+K37) -> 76520 | N37: =M37/F37 -> 0.34716646 | O37: 7833 | P37: =O37/F37 -> 0.035537831 | Q37: 4011 | R37: =Q37/D37 -> 0.087385621 | S37: =SUM(O37+Q37) -> 11844 | T37: =S37/F37 -> 0.053735487 | U37: 20430 | V37: =U37/F37 -> 0.092689633 | W37: 457 | X37: =W37/F37 -> 0.0020733804 | Y37: 22740 | Z37: =Y37/F37 -> 0.10316996 | AA37: 20531 | AB37: =AA37/D37 -> 0.44729847 | AC37: =SUM(Y37+AA37) -> 43271 | AD37: =AC37/F37 -> 0.19631782 | AE37: 14486 | AF37: =AE37/F37 -> 0.065722076 | AG37: 18564 | AH37: =AG37/F37 -> 0.084223707 | AI37: 16890 | AJ37: =AI37/F37 -> 0.076628874 | AK37: 17951 | AL37: =AK37/F37 -> 0.081442565
D38: 45901 | E38: 一 | F38: =SUM(M38,S38,U38,W38,AC38,AE38,AG38,AI38,AK38) -> 222309 | I38: 31188 | J38: =I38/F38 -> 0.14029122 | K38: 45716 | L38: =K38/F38 -> 0.2056417 | M38: =SUM(I38+K38) -> 76904 | N38: =M38/F38 -> 0.34593291 | O38: 7283 | P38: =O38/F38 -> 0.032760707 | Q38: 4112 | R38: =Q38/D38 -> 0.089584105 | S38: =SUM(O38+Q38) -> 11395 | T38: =S38/F38 -> 0.051257484 | U38: 20019 | V38: =U38/F38 -> 0.090050335 | W38: 420 | X38: =W38/F38 -> 0.0018892622 | Y38: 23192 | Z38: =Y38/F38 -> 0.10432326 | AA38: 24411 | AB38: =AA38/D38 -> 0.53181848 | AC38: =SUM(Y38+AA38) -> 47603 | AD38: =AC38/F38 -> 0.21412988 | AE38: 13998 | AF38: =AE38/F38 -> 0.062966412 | AG38: 17886 | AH38: =AG38/F38 -> 0.080455582 | AI38: 16627 | AJ38: =AI38/F38 -> 0.074792294 | AK38: 17457 | AL38: =AK38/F38 -> 0.078525836
D39: 45902 | E39: 二 | F39: =SUM(M39,S39,U39,W39,AC39,AE39,AG39,AI39,AK39) -> 240560 | G39: =SUM(F39:F45) -> 1525242 | I39: 43708 | J39: =I39/F39 -> 0.18169272 | K39: 46366 | L39: =K39/F39 -> 0.19274194 | M39: =SUM(I39+K39) -> 90074 | N39: =M39/F39 -> 0.37443465 | O39: 7078 | P39: =O39/F39 -> 0.029423013 | Q39: 4101 | R39: =Q39/D39 -> 0.089342512 | S39: =SUM(O39+Q39) -> 11179 | T39: =S39/F39 -> 0.046470735 | U39: 19657 | V39: =U39/F39 -> 0.081713502 | W39: 458 | X39: =W39/F39 -> 0.0019038909 | Y39: 22718 | Z39: =Y39/F39 -> 0.094437978 | AA39: 23992 | AB39: =AA39/D39 -> 0.52267875 | AC39: =SUM(Y39+AA39) -> 46710 | AD39: =AC39/F39 -> 0.19417193 | AE39: 14199 | AF39: =AE39/F39 -> 0.059024776 | AG39: 25447 | AH39: =AG39/F39 -> 0.10578234 | AI39: 16117 | AJ39: =AI39/F39 -> 0.066997838 | AK39: 16719 | AL39: =AK39/F39 -> 0.069500333
D40: 45903 | E40: 三 | F40: =SUM(M40,S40,U40,W40,AC40,AE40,AG40,AI40,AK40) -> 228856 | I40: 41906 | J40: =I40/F40 -> 0.18311078 | K40: 45666 | L40: =K40/F40 -> 0.19954032 | M40: =SUM(I40+K40) -> 87572 | N40: =M40/F40 -> 0.3826511 | O40: 6487 | P40: =O40/F40 -> 0.028345335 | Q40: 4013 | R40: =Q40/D40 -> 0.08742348 | S40: =SUM(O40+Q40) -> 10500 | T40: =S40/F40 -> 0.045880379 | U40: 18908 | V40: =U40/F40 -> 0.082619639 | W40: 431 | X40: =W40/F40 -> 0.0018832803 | Y40: 22068 | Z40: =Y40/F40 -> 0.096427448 | AA40: 21947 | AB40: =AA40/D40 -> 0.4781169 | AC40: =SUM(Y40+AA40) -> 44015 | AD40: =AC40/F40 -> 0.19232618 | AE40: 13526 | AF40: =AE40/F40 -> 0.059102667 | AG40: 21626 | AH40: =AG40/F40 -> 0.094496102 | AI40: 15647 | AJ40: =AI40/F40 -> 0.068370504 | AK40: 16631 | AL40: =AK40/F40 -> 0.072670151
D41: 45904 | E41: 四 | F41: =SUM(M41,S41,U41,W41,AC41,AE41,AG41,AI41,AK41) -> 210018 | I41: 38090 | J41: =I41/F41 -> 0.18136541 | K41: 42384 | L41: =K41/F41 -> 0.20181127 | M41: =SUM(I41+K41) -> 80474 | N41: =M41/F41 -> 0.38317668 | O41: 6155 | P41: =O41/F41 -> 0.029307012 | Q41: 4074 | R41: =Q41/D41 -> 0.088750436 | S41: =SUM(O41+Q41) -> 10229 | T41: =S41/F41 -> 0.048705349 | U41: 17869 | V41: =U41/F41 -> 0.085083183 | W41: 421 | X41: =W41/F41 -> 0.0020045901 | Y41: 20720 | Z41: =Y41/F41 -> 0.09865821 | AA41: 17620 | AB41: =AA41/D41 -> 0.38384455 | AC41: =SUM(Y41+AA41) -> 38340 | AD41: =AC41/F41 -> 0.18255578 | AE41: 12515 | AF41: =AE41/F41 -> 0.05959013 | AG41: 19930 | AH41: =AG41/F41 -> 0.094896628 | AI41: 14795 | AJ41: =AI41/F41 -> 0.070446343 | AK41: 15445 | AL41: =AK41/F41 -> 0.073541316
D42: 45905 | E42: 五 | F42: =SUM(M42,S42,U42,W42,AC42,AE42,AG42,AI42,AK42) -> 186157 | I42: 33916 | J42: =I42/F42 -> 0.1821903 | K42: 39665 | L42: =K42/F42 -> 0.21307284 | M42: =SUM(I42+K42) -> 73581 | N42: =M42/F42 -> 0.39526314 | O42: 4809 | P42: =O42/F42 -> 0.025833033 | Q42: 3410 | R42: =Q42/D42 -> 0.074283847 | S42: =SUM(O42+Q42) -> 8219 | T42: =S42/F42 -> 0.044150905 | U42: 15369 | V42: =U42/F42 -> 0.082559345 | W42: 370 | X42: =W42/F42 -> 0.0019875696 | Y42: 18830 | Z42: =Y42/F42 -> 0.10115118 | AA42: 16836 | AB42: =AA42/D42 -> 0.36675743 | AC42: =SUM(Y42+AA42) -> 35666 | AD42: =AC42/F42 -> 0.19159097 | AE42: 10286 | AF42: =AE42/F42 -> 0.055254436 | AG42: 15953 | AH42: =AG42/F42 -> 0.085696482 | AI42: 14584 | AJ42: =AI42/F42 -> 0.078342474 | AK42: 12129 | AL42: =AK42/F42 -> 0.065154681
D43: 45906 | E43: 六 | F43: =SUM(M43,S43,U43,W43,AC43,AE43,AG43,AI43,AK43) -> 195008 | I43: 33111 | J43: =I43/F43 -> 0.16979303 | K43: 42836 | L43: =K43/F43 -> 0.21966278 | M43: =SUM(I43+K43) -> 75947 | N43: =M43/F43 -> 0.38945582 | O43: 4715 | P43: =O43/F43 -> 0.024178495 | Q43: 3410 | R43: =Q43/D43 -> 0.074282229 | S43: =SUM(O43+Q43) -> 8125 | T43: =S43/F43 -> 0.041664957 | U43: 15452 | V43: =U43/F43 -> 0.079237775 | W43: 407 | X43: =W43/F43 -> 0.0020870939 | Y43: 19650 | Z43: =Y43/F43 -> 0.1007651 | AA43: 19314 | AB43: =AA43/D43 -> 0.42072932 | AC43: =SUM(Y43+AA43) -> 38964 | AD43: =AC43/F43 -> 0.19980719 | AE43: 11158 | AF43: =AE43/F43 -> 0.057218165 | AG43: 17712 | AH43: =AG43/F43 -> 0.090827043 | AI43: 14371 | AJ43: =AI43/F43 -> 0.073694413 | AK43: 12872 | AL43: =AK43/F43 -> 0.066007548
D44: 45907 | E44: 日 | F44: =SUM(M44,S44,U44,W44,AC44,AE44,AG44,AI44,AK44) -> 233163 | I44: 42322 | J44: =I44/F44 -> 0.1815125 | K44: 46765 | L44: =K44/F44 -> 0.20056784 | M44: =SUM(I44+K44) -> 89087 | N44: =M44/F44 -> 0.38208035 | O44: 6782 | P44: =O44/F44 -> 0.029086948 | Q44: 4003 | R44: =Q44/D44 -> 0.087198031 | S44: =SUM(O44+Q44) -> 10785 | T44: =S44/F44 -> 0.046255195 | U44: 19964 | V44: =U44/F44 -> 0.085622504 | W44: 560 | X44: =W44/F44 -> 0.0024017533 | Y44: 23112 | Z44: =Y44/F44 -> 0.099123789 | AA44: 21832 | AB44: =AA44/D44 -> 0.47557017 | AC44: =SUM(Y44+AA44) -> 44944 | AD44: =AC44/F44 -> 0.19275786 | AE44: 14167 | AF44: =AE44/F44 -> 0.060760069 | AG44: 21532 | AH44: =AG44/F44 -> 0.092347414 | AI44: 16669 | AJ44: =AI44/F44 -> 0.07149076 | AK44: 15455 | AL44: =AK44/F44 -> 0.066284102
D45: 45908 | E45: 一 | F45: =SUM(M45,S45,U45,W45,AC45,AE45,AG45,AI45,AK45) -> 231480 | I45: 39836 | J45: =I45/F45 -> 0.17209262 | K45: 46946 | L45: =K45/F45 -> 0.20280802 | M45: =SUM(I45+K45) -> 86782 | N45: =M45/F45 -> 0.37490064 | O45: 6204 | P45: =O45/F45 -> 0.026801452 | Q45: 3949 | R45: =Q45/D45 -> 0.086019866 | S45: =SUM(O45+Q45) -> 10153 | T45: =S45/F45 -> 0.043861241 | U45: 19709 | V45: =U45/F45 -> 0.085143425 | W45: 524 | X45: =W45/F45 -> 0.0022636945 | Y45: 23529 | Z45: =Y45/F45 -> 0.10164593 | AA45: 23172 | AB45: =AA45/D45 -> 0.50474863 | AC45: =SUM(Y45+AA45) -> 46701 | AD45: =AC45/F45 -> 0.20174961 | AE45: 14895 | AF45: =AE45/F45 -> 0.064346812 | AG45: 21144 | AH45: =AG45/F45 -> 0.091342665 | AI45: 16049 | AJ45: =AI45/F45 -> 0.069332124 | AK45: 15523 | AL45: =AK45/F45 -> 0.067059789

Sheet （５-1）品群別人時生產性（18℃-飯糰）
B1: 月平均人時性 | C1: =AVERAGE(L7,L42,L77,L112,L147) -> 714.0007
B2: 產線配置圖－每週更新 | N2: 資料繳交 | O2: 日期 | P2: 45895 | U2: =P2+1 -> 45896 | Z2: =U2+1 -> 45897 | AE2: =Z2+1 -> 45898 | AJ2: =AE2+1 -> 45899 | AO2: =AJ2+1 -> 45900 | AT2: =AO2+1 -> 45901
P3: 二 | U3: 三 | Z3: 四 | AE3: 五 | AJ3: 六 | AO3: 日 | AT3: 一
B4: 品群 | C4: 商品名稱 | E4: 計畫 | H4: 平均人時性 | I4: 實績 | L4: 平均人時性 | M4: 排名 | O4: 日報 | P4: 實際 | T4: 平均人時性 | U4: 實際 | Y4: 平均人時性 | Z4: 實際 | AD4: 平均人時性 | AE4: 實際 | AI4: 平均人時性 | AJ4: 實際 | AN4: 平均人時性 | AO4: 實際 | AS4: 平均人時性 | AT4: 實際 | AX4: 平均人時性
E5: 產線配置圖 | I5: 產線配置圖 | P5: 生產實績 | U5: 生產實績 | Z5: 生產實績 | AE5: 生產實績 | AJ5: 生產實績 | AO5: 生產實績 | AT5: 生產實績
E6: 人數 | F6: 產能／時 | G6: 人時性 | I6: 人數 | J6: 產能／時 | K6: 人時性 | P6: 人數 | Q6: 產能／時 | R6: 人時性 | S6: 排名 | U6: 人數 | V6: 產能／時 | W6: 人時性 | X6: 排名 | Z6: 人數 | AA6: 產能／時 | AB6: 人時性 | AC6: 排名 | AE6: 人數 | AF6: 產能／時 | AG6: 人時性 | AH6: 排名 | AJ6: 人數 | AK6: 產能／時 | AL6: 人時性 | AM6: 排名 | AO6: 人數 | AP6: 產能／時 | AQ6: 人時性 | AR6: 排名 | AT6: 人數 | AU6: 產能／時 | AV6: 人時性 | AW6: 排名
B7: 18℃-飯糰 | C7: 1 | D7: 經典肉鬆飯糰 | E7: 4 | F7: 2035.3333 | G7: 508.83333 | H7: =AVERAGE(G7:G36) -> 718.32622 | I7: =AVERAGE(P7,U7,Z7,AE7,AJ7,AO7,AT7) -> 4 | J7: =AVERAGE(Q7,V7,AA7,AF7,AK7,AP7,AU7) -> 2003.5661 | K7: =AVERAGE(R7,W7,AB7,AG7,AL7,AQ7,AV7) -> 500.89152 | L7: =IFERROR(AVERAGE(K7:K36),"-") -> 713.14131 | M7: =RANK(K7, K$7:$K$36) -> 19 | P7: 4 | Q7: 1987.3333 | R7: 496.83333 | S7: =RANK(R7, R$7:R$36) -> 19 | T7: =AVERAGE(R7:R36) -> 711.70735 | U7: 4 | V7: 1996.1798 | W7: 499.04494 | X7: =RANK(W7, W$7:W$36) -> 18 | Y7: =AVERAGE(W7:W36) -> 714.97883 | Z7: 4 | AA7: 2013.4091 | AB7: 503.35227 | AC7: =RANK(AB7, AB$7:AB$36) -> 18 | AD7: =AVERAGE(AB7:AB36) -> 708.47487 | AE7: 4 | AF7: 1983.8961 | AG7: 495.97403 | AH7: =RANK(AG7, AG$7:AG$36) -> 19 | AI7: =AVERAGE(AG7:AG36) -> 724.57016 | AJ7: 4 | AK7: 1980.8108 | AL7: 495.2027 | AM7: =RANK(AL7, AL$7:AL$36) -> 19 | AN7: =AVERAGE(AL7:AL36) -> 706.74602 | AO7: 4 | AP7: 2046 | AQ7: 511.5 | AR7: =RANK(AQ7, AQ$7:AQ$36) -> 19 | AS7: =AVERAGE(AQ7:AQ36) -> 715.30519 | AT7: 4 | AU7: 2017.3333 | AV7: 504.33333 | AW7: =RANK(AV7, AV$7:AV$36) -> 19 | AX7: =AVERAGE(AV7:AV36) -> 710.20675
C8: 2 | D8: 蔬食鮪魚飯糰 | E8: 3 | F8: 2665.9459 | G8: 888.64865 | I8: =AVERAGE(P8,U8,Z8,AE8,AJ8,AO8,AT8) -> 3 | J8: =AVERAGE(Q8,V8,AA8,AF8,AK8,AP8,AU8) -> 2684.5934 | K8: =AVERAGE(R8,W8,AB8,AG8,AL8,AQ8,AV8) -> 894.86447 | M8: =RANK(K8, K$7:$K$36) -> 2 | P8: 3 | Q8: 2730 | R8: 910 | S8: =RANK(R8, R$7:R$36) -> 2 | U8: 3 | V8: 2670 | W8: 890 | X8: =RANK(W8, W$7:W$36) -> 3 | Z8: 3 | AA8: 2805 | AB8: 935 | AC8: =RANK(AB8, AB$7:AB$36) -> 1 | AE8: 3 | AF8: 2670 | AG8: 890 | AH8: =RANK(AG8, AG$7:AG$36) -> 4 | AJ8: 3 | AK8: 2632.5 | AL8: 877.5 | AM8: =RANK(AL8, AL$7:AL$36) -> 3 | AO8: 3 | AP8: 2638.5 | AQ8: 879.5 | AR8: =RANK(AQ8, AQ$7:AQ$36) -> 3 | AT8: 3 | AU8: 2646.1538 | AV8: 882.05128 | AW8: =RANK(AV8, AV$7:AV$36) -> 3
C9: 3 | D9: 北海道秋鮭親子飯糰 | E9: 4 | F9: 2945.625 | G9: 736.40625 | I9: =AVERAGE(P9,U9,Z9,AE9,AJ9,AO9,AT9) -> 4 | J9: =AVERAGE(Q9,V9,AA9,AF9,AK9,AP9,AU9) -> 2940.4959 | K9: =AVERAGE(R9,W9,AB9,AG9,AL9,AQ9,AV9) -> 735.12398 | M9: =RANK(K9, K$7:$K$36) -> 8 | P9: 4 | Q9: 2945 | R9: 736.25 | S9: =RANK(R9, R$7:R$36) -> 8 | U9: 4 | V9: 2920 | W9: 730 | X9: =RANK(W9, W$7:W$36) -> 9 | Z9: 4 | AA9: 2887.5 | AB9: 721.875 | AC9: =RANK(AB9, AB$7:AB$36) -> 9 | AE9: 4 | AF9: 3000 | AG9: 750 | AH9: =RANK(AG9, AG$7:AG$36) -> 7 | AJ9: 4 | AK9: 2888.5714 | AL9: 722.14286 | AM9: =RANK(AL9, AL$7:AL$36) -> 8 | AO9: 4 | AP9: 3012 | AQ9: 753 | AR9: =RANK(AQ9, AQ$7:AQ$36) -> 8 | AT9: 4 | AU9: 2930.4 | AV9: 732.6 | AW9: =RANK(AV9, AV$7:AV$36) -> 9
C10: 4 | D10: 熟成紅鮭飯糰 | E10: 4 | F10: 3003 | G10: 750.75 | I10: =AVERAGE(P10,U10,Z10,AE10,AJ10,AO10,AT10) -> 4 | J10: =AVERAGE(Q10,V10,AA10,AF10,AK10,AP10,AU10) -> 2925.3719 | K10: =AVERAGE(R10,W10,AB10,AG10,AL10,AQ10,AV10) -> 731.34298 | M10: =RANK(K10, K$7:$K$36) -> 9 | P10: 4 | Q10: 2978.8235 | R10: 744.70588 | S10: =RANK(R10, R$7:R$36) -> 7 | U10: 4 | V10: 2971.7647 | W10: 742.94118 | X10: =RANK(W10, W$7:W$36) -> 8 | Z10: 4 | AA10: 2925.8824 | AB10: 731.47059 | AC10: =RANK(AB10, AB$7:AB$36) -> 8 | AE10: 4 | AF10: 2848 | AG10: 712 | AH10: =RANK(AG10, AG$7:AG$36) -> 9 | AJ10: 4 | AK10: 2978.5714 | AL10: 744.64286 | AM10: =RANK(AL10, AL$7:AL$36) -> 7 | AO10: 4 | AP10: 2857.8947 | AQ10: 714.47368 | AR10: =RANK(AQ10, AQ$7:AQ$36) -> 9 | AT10: 4 | AU10: 2916.6667 | AV10: 729.16667 | AW10: =RANK(AV10, AV$7:AV$36) -> 10
C11: 5 | D11: 贅沢鮭魚肚飯糰 | E11: 4 | F11: 3001 | G11: 750.25 | I11: =AVERAGE(P11,U11,Z11,AE11,AJ11,AO11,AT11) -> 4 | J11: =AVERAGE(Q11,V11,AA11,AF11,AK11,AP11,AU11) -> 2643 | K11: =AVERAGE(R11,W11,AB11,AG11,AL11,AQ11,AV11) -> 660.75 | M11: =RANK(K11, K$7:$K$36) -> 11 | P11: 4 | Q11: 2592 | R11: 648 | S11: =RANK(R11, R$7:R$36) -> 11 | U11: 4 | V11: 2676 | W11: 669 | X11: =RANK(W11, W$7:W$36) -> 11 | Z11: 4 | AA11: 2616 | AB11: 654 | AC11: =RANK(AB11, AB$7:AB$36) -> 11 | AE11: 4 | AF11: 2580 | AG11: 645 | AH11: =RANK(AG11, AG$7:AG$36) -> 11 | AJ11: 4 | AK11: 2625 | AL11: 656.25 | AM11: =RANK(AL11, AL$7:AL$36) -> 11 | AO11: 4 | AP11: 2736 | AQ11: 684 | AR11: =RANK(AQ11, AQ$7:AQ$36) -> 10 | AT11: 4 | AU11: 2676 | AV11: 669 | AW11: =RANK(AV11, AV$7:AV$36) -> 11
C12: 6 | D12: 鮪魚飯糰 | E12: 3 | F12: 2989.7727 | G12: 996.59091 | I12: =AVERAGE(P12,U12,Z12,AE12,AJ12,AO12,AT12) -> 3 | J12: =AVERAGE(Q12,V12,AA12,AF12,AK12,AP12,AU12) -> 2859.4558 | K12: =AVERAGE(R12,W12,AB12,AG12,AL12,AQ12,AV12) -> 953.15193 | M12: =RANK(K12, K$7:$K$36) -> 1 | P12: 3 | Q12: 2833.3333 | R12: 944.44444 | S12: =RANK(R12, R$7:R$36) -> 1 | U12: 3 | V12: 2813.3333 | W12: 937.77778 | X12: =RANK(W12, W$7:W$36) -> 1 | Z12: 3 | AA12: 2720 | AB12: 906.66667 | AC12: =RANK(AB12, AB$7:AB$36) -> 2 | AE12: 3 | AF12: 2948.5714 | AG12: 982.85714 | AH12: =RANK(AG12, AG$7:AG$36) -> 2 | AJ12: 3 | AK12: 2854.2857 | AL12: 951.42857 | AM12: =RANK(AL12, AL$7:AL$36) -> 1 | AO12: 3 | AP12: 2953.3333 | AQ12: 984.44444 | AR12: =RANK(AQ12, AQ$7:AQ$36) -> 1 | AT12: 3 | AU12: 2893.3333 | AV12: 964.44444 | AW12: =RANK(AV12, AV$7:AV$36) -> 1
C13: 7 | D13: 壹號醬炙烤牛飯糰 | E13: 4 | F13: 2441.0526 | G13: 610.26316 | I13: =AVERAGE(P13,U13,Z13,AE13,AJ13,AO13,AT13) -> 4 | J13: =AVERAGE(Q13,V13,AA13,AF13,AK13,AP13,AU13) -> 2430.9604 | K13: =AVERAGE(R13,W13,AB13,AG13,AL13,AQ13,AV13) -> 607.7401 | M13: =RANK(K13, K$7:$K$36) -> 17 | P13: 4 | Q13: 2407.0588 | R13: 601.76471 | S13: =RANK(R13, R$7:R$36) -> 17 | U13: 4 | V13: 2396.4706 | W13: 599.11765 | X13: =RANK(W13, W$7:W$36) -> 17 | Z13: 4 | AA13: 2490 | AB13: 622.5 | AC13: =RANK(AB13, AB$7:AB$36) -> 12 | AE13: 4 | AF13: 2404.2857 | AG13: 601.07143 | AH13: =RANK(AG13, AG$7:AG$36) -> 17 | AJ13: 4 | AK13: 2387.1429 | AL13: 596.78571 | AM13: =RANK(AL13, AL$7:AL$36) -> 17 | AO13: 4 | AP13: 2500 | AQ13: 625 | AR13: =RANK(AQ13, AQ$7:AQ$36) -> 14 | AT13: 4 | AU13: 2431.7647 | AV13: 607.94118 | AW13: =RANK(AV13, AV$7:AV$36) -> 15
C14: 8 | D14: 明太子龍蝦風味沙拉飯糰 | E14: 3 | F14: 2497.0213 | G14: 832.34043 | I14: =AVERAGE(P14,U14,Z14,AE14,AJ14,AO14,AT14) -> 3 | J14: =AVERAGE(Q14,V14,AA14,AF14,AK14,AP14,AU14) -> 2488.1793 | K14: =AVERAGE(R14,W14,AB14,AG14,AL14,AQ14,AV14) -> 829.39311 | M14: =RANK(K14, K$7:$K$36) -> 5 | P14: 3 | Q14: 2505.7143 | R14: 835.2381 | S14: =RANK(R14, R$7:R$36) -> 5 | U14: 3 | V14: 2465.7143 | W14: 821.90476 | X14: =RANK(W14, W$7:W$36) -> 5 | Z14: 3 | AA14: 2511 | AB14: 837 | AC14: =RANK(AB14, AB$7:AB$36) -> 5 | AE14: 3 | AF14: 2480 | AG14: 826.66667 | AH14: =RANK(AG14, AG$7:AG$36) -> 5 | AJ14: 3 | AK14: 2498.3333 | AL14: 832.77778 | AM14: =RANK(AL14, AL$7:AL$36) -> 4 | AO14: 3 | AP14: 2473.6364 | AQ14: 824.54545 | AR14: =RANK(AQ14, AQ$7:AQ$36) -> 5 | AT14: 3 | AU14: 2482.8571 | AV14: 827.61905 | AW14: =RANK(AV14, AV$7:AV$36) -> 4
C15: 9 | D15: 鹽蔥燒肉飯糰 | E15: 3 | F15: 2503.6364 | G15: 834.54545 | I15: =AVERAGE(P15,U15,Z15,AE15,AJ15,AO15,AT15) -> 3 | J15: =AVERAGE(Q15,V15,AA15,AF15,AK15,AP15,AU15) -> 2473.9748 | K15: =AVERAGE(R15,W15,AB15,AG15,AL15,AQ15,AV15) -> 824.65828 | M15: =RANK(K15, K$7:$K$36) -> 6 | P15: 3 | Q15: 2471.1628 | R15: 823.72093 | S15: =RANK(R15, R$7:R$36) -> 6 | U15: 3 | V15: 2450 | W15: 816.66667 | X15: =RANK(W15, W$7:W$36) -> 7 | Z15: 3 | AA15: 2556 | AB15: 852 | AC15: =RANK(AB15, AB$7:AB$36) -> 4 | AE15: 3 | AF15: 2453.6842 | AG15: 817.89474 | AH15: =RANK(AG15, AG$7:AG$36) -> 6 | AJ15: 3 | AK15: 2438.9189 | AL15: 812.97297 | AM15: =RANK(AL15, AL$7:AL$36) -> 5 | AO15: 3 | AP15: 2490.6667 | AQ15: 830.22222 | AR15: =RANK(AQ15, AQ$7:AQ$36) -> 4 | AT15: 3 | AU15: 2457.3913 | AV15: 819.13043 | AW15: =RANK(AV15, AV$7:AV$36) -> 5
C16: 10 | D16: 香辣鹹水雞飯糰(區) | E16: 4 | F16: 2491.0345 | G16: 622.75862 | I16: =AVERAGE(P16,U16,Z16,AE16,AJ16,AO16,AT16) -> 4 | J16: =AVERAGE(Q16,V16,AA16,AF16,AK16,AP16,AU16) -> 2470.6634 | K16: =AVERAGE(R16,W16,AB16,AG16,AL16,AQ16,AV16) -> 617.66584 | M16: =RANK(K16, K$7:$K$36) -> 15 | P16: 4 | Q16: 2470 | R16: 617.5 | S16: =RANK(R16, R$7:R$36) -> 15 | U16: 4 | V16: 2472.4138 | W16: 618.10345 | X16: =RANK(W16, W$7:W$36) -> 14 | Z16: 4 | AA16: 2455.8621 | AB16: 613.96552 | AC16: =RANK(AB16, AB$7:AB$36) -> 16 | AE16: 4 | AF16: 2414.4 | AG16: 603.6 | AH16: =RANK(AG16, AG$7:AG$36) -> 16 | AJ16: 4 | AK16: 2495 | AL16: 623.75 | AM16: =RANK(AL16, AL$7:AL$36) -> 12 | AO16: 4 | AP16: 2556 | AQ16: 639 | AR16: =RANK(AQ16, AQ$7:AQ$36) -> 13 | AT16: 4 | AU16: 2430.9677 | AV16: 607.74194 | AW16: =RANK(AV16, AV$7:AV$36) -> 16
C17: 11 | D17: 胡麻鮮蔬雞絲飯糰(區) | E17: 4 | F17: 2472.2449 | G17: 618.06122 | I17: =AVERAGE(P17,U17,Z17,AE17,AJ17,AO17,AT17) -> 4 | J17: =AVERAGE(Q17,V17,AA17,AF17,AK17,AP17,AU17) -> 2476.9122 | K17: =AVERAGE(R17,W17,AB17,AG17,AL17,AQ17,AV17) -> 619.22806 | M17: =RANK(K17, K$7:$K$36) -> 14 | P17: 4 | Q17: 2469.8182 | R17: 617.45455 | S17: =RANK(R17, R$7:R$36) -> 16 | U17: 4 | V17: 2464.3636 | W17: 616.09091 | X17: =RANK(W17, W$7:W$36) -> 16 | Z17: 4 | AA17: 2489.434 | AB17: 622.35849 | AC17: =RANK(AB17, AB$7:AB$36) -> 13 | AE17: 4 | AF17: 2486.6667 | AG17: 621.66667 | AH17: =RANK(AG17, AG$7:AG$36) -> 13 | AJ17: 4 | AK17: 2456 | AL17: 614 | AM17: =RANK(AL17, AL$7:AL$36) -> 15 | AO17: 4 | AP17: 2493.2143 | AQ17: 623.30357 | AR17: =RANK(AQ17, AQ$7:AQ$36) -> 15 | AT17: 4 | AU17: 2478.8889 | AV17: 619.72222 | AW17: =RANK(AV17, AV$7:AV$36) -> 13
C18: 12 | D18: 三杯辣海瓜子飯糰 | E18: 3 | F18: 2365.7143 | G18: 788.57143 | I18: =AVERAGE(P18,U18,Z18,AE18,AJ18,AO18,AT18) -> 3 | J18: =AVERAGE(Q18,V18,AA18,AF18,AK18,AP18,AU18) -> 2566.6656 | K18: =AVERAGE(R18,W18,AB18,AG18,AL18,AQ18,AV18) -> 855.55519 | M18: =RANK(K18, K$7:$K$36) -> 4 | P18: 3 | Q18: 2556 | R18: 852 | S18: =RANK(R18, R$7:R$36) -> 4 | U18: 3 | V18: 2460 | W18: 820 | X18: =RANK(W18, W$7:W$36) -> 6 | Z18: 3 | AA18: 2360 | AB18: 786.66667 | AC18: =RANK(AB18, AB$7:AB$36) -> 7 | AE18: 3 | AF18: 3390 | AG18: 1130 | AH18: =RANK(AG18, AG$7:AG$36) -> 1 | AJ18: 3 | AK18: 2410.9091 | AL18: 803.63636 | AM18: =RANK(AL18, AL$7:AL$36) -> 6 | AO18: 3 | AP18: 2373.75 | AQ18: 791.25 | AR18: =RANK(AQ18, AQ$7:AQ$36) -> 6 | AT18: 3 | AU18: 2416 | AV18: 805.33333 | AW18: =RANK(AV18, AV$7:AV$36) -> 6
C19: 13 | D19: 雞肉飯飯糰 | E19: 4 | F19: 2554.1538 | G19: 638.53846 | I19: =AVERAGE(P19,U19,Z19,AE19,AJ19,AO19,AT19) -> 4 | J19: =AVERAGE(Q19,V19,AA19,AF19,AK19,AP19,AU19) -> 2480.6218 | K19: =AVERAGE(R19,W19,AB19,AG19,AL19,AQ19,AV19) -> 620.15546 | M19: =RANK(K19, K$7:$K$36) -> 13 | P19: 4 | Q19: 2487.619 | R19: 621.90476 | S19: =RANK(R19, R$7:R$36) -> 13 | U19: 4 | V19: 2493.871 | W19: 623.46774 | X19: =RANK(W19, W$7:W$36) -> 13 | Z19: 4 | AA19: 2487.0968 | AB19: 621.77419 | AC19: =RANK(AB19, AB$7:AB$36) -> 14 | AE19: 4 | AF19: 2496.6667 | AG19: 624.16667 | AH19: =RANK(AG19, AG$7:AG$36) -> 12 | AJ19: 4 | AK19: 2457.7358 | AL19: 614.43396 | AM19: =RANK(AL19, AL$7:AL$36) -> 14 | AO19: 4 | AP19: 2475 | AQ19: 618.75 | AR19: =RANK(AQ19, AQ$7:AQ$36) -> 17 | AT19: 4 | AU19: 2466.3636 | AV19: 616.59091 | AW19: =RANK(AV19, AV$7:AV$36) -> 14
... C25: 19 | D25: 哇沙米魚卵沙拉飯糰 | E25: 3 | F25: 2676.6667 | G25: 892.22222 | I25: =AVERAGE(P25,U25,Z25,AE25,AJ25,AO25,AT25) -> 3 | J25: =AVERAGE(Q25,V25,AA25,AF25,AK25,AP25,AU25) -> 2683.2655 | K25: =AVERAGE(R25,W25,AB25,AG25,AL25,AQ25,AV25) -> 894.42182 | M25: =RANK(K25, K$7:$K$36) -> 3 | P25: 3 | Q25: 2689.8701 | R25: 896.62338 | S25: =RANK(R25, R$7:R$36) -> 3 | U25: 3 | V25: 2677.6 | W25: 892.53333 | X25: =RANK(W25, W$7:W$36) -> 2 | Z25: 3 | AA25: 2670 | AB25: 890 | AC25: =RANK(AB25, AB$7:AB$36) -> 3 | AE25: 3 | AF25: 2690.1493 | AG25: 896.71642 | AH25: =RANK(AG25, AG$7:AG$36) -> 3 | AJ25: 3 | AK25: 2698.1538 | AL25: 899.38462 | AM25: =RANK(AL25, AL$7:AL$36) -> 2 | AO25: 3 | AP25: 2679.0361 | AQ25: 893.01205 | AR25: =RANK(AQ25, AQ$7:AQ$36) -> 2 | AT25: 3 | AU25: 2678.0488 | AV25: 892.68293 | AW25: =RANK(AV25, AV$7:AV$36) -> 2
C26: 20 | M26: =RANK(K26, K$7:$K$36) -> #N/A | S26: =RANK(R26, R$7:R$36) -> #N/A | X26: =RANK(W26, W$7:W$36) -> #N/A | AC26: =RANK(AB26, AB$7:AB$36) -> #N/A | AH26: =RANK(AG26, AG$7:AG$36) -> #N/A | AM26: =RANK(AL26, AL$7:AL$36) -> #N/A | AR26: =RANK(AQ26, AQ$7:AQ$36) -> #N/A | AW26: =RANK(AV26, AV$7:AV$36) -> #N/A
C27: 21 | M27: =RANK(K27, K$7:$K$36) -> #N/A | S27: =RANK(R27, R$7:R$36) -> #N/A | X27: =RANK(W27, W$7:W$36) -> #N/A | AC27: =RANK(AB27, AB$7:AB$36) -> #N/A | AH27: =RANK(AG27, AG$7:AG$36) -> #N/A | AM27: =RANK(AL27, AL$7:AL$36) -> #N/A | AR27: =RANK(AQ27, AQ$7:AQ$36) -> #N/A | AW27: =RANK(AV27, AV$7:AV$36) -> #N/A
C28: 22 | M28: =RANK(K28, K$7:$K$36) -> #N/A | S28: =RANK(R28, R$7:R$36) -> #N/A | X28: =RANK(W28, W$7:W$36) -> #N/A | AC28: =RANK(AB28, AB$7:AB$36) -> #N/A | AH28: =RANK(AG28, AG$7:AG$36) -> #N/A | AM28: =RANK(AL28, AL$7:AL$36) -> #N/A | AR28: =RANK(AQ28, AQ$7:AQ$36) -> #N/A | AW28: =RANK(AV28, AV$7:AV$36) -> #N/A
C29: 23 | M29: =RANK(K29, K$7:$K$36) -> #N/A | S29: =RANK(R29, R$7:R$36) -> #N/A | X29: =RANK(W29, W$7:W$36) -> #N/A | AC29: =RANK(AB29, AB$7:AB$36) -> #N/A | AH29: =RANK(AG29, AG$7:AG$36) -> #N/A | AM29: =RANK(AL29, AL$7:AL$36) -> #N/A | AR29: =RANK(AQ29, AQ$7:AQ$36) -> #N/A | AW29: =RANK(AV29, AV$7:AV$36) -> #N/A
C30: 24 | M30: =RANK(K30, K$7:$K$36) -> #N/A | S30: =RANK(R30, R$7:R$36) -> #N/A | X30: =RANK(W30, W$7:W$36) -> #N/A | AC30: =RANK(AB30, AB$7:AB$36) -> #N/A | AH30: =RANK(AG30, AG$7:AG$36) -> #N/A | AM30: =RANK(AL30, AL$7:AL$36) -> #N/A | AR30: =RANK(AQ30, AQ$7:AQ$36) -> #N/A | AW30: =RANK(AV30, AV$7:AV$36) -> #N/A
C31: 25 | M31: =RANK(K31, K$7:$K$36) -> #N/A | S31: =RANK(R31, R$7:R$36) -> #N/A | X31: =RANK(W31, W$7:W$36) -> #N/A | AC31: =RANK(AB31, AB$7:AB$36) -> #N/A | AH31: =RANK(AG31, AG$7:AG$36) -> #N/A | AM31: =RANK(AL31, AL$7:AL$36) -> #N/A | AR31: =RANK(AQ31, AQ$7:AQ$36) -> #N/A | AW31: =RANK(AV31, AV$7:AV$36) -> #N/A
C32: 26 | M32: =RANK(K32, K$7:$K$36) -> #N/A | S32: =RANK(R32, R$7:R$36) -> #N/A | X32: =RANK(W32, W$7:W$36) -> #N/A | AC32: =RANK(AB32, AB$7:AB$36) -> #N/A | AH32: =RANK(AG32, AG$7:AG$36) -> #N/A | AM32: =RANK(AL32, AL$7:AL$36) -> #N/A | AR32: =RANK(AQ32, AQ$7:AQ$36) -> #N/A | AW32: =RANK(AV32, AV$7:AV$36) -> #N/A
C33: 27 | M33: =RANK(K33, K$7:$K$36) -> #N/A | S33: =RANK(R33, R$7:R$36) -> #N/A | X33: =RANK(W33, W$7:W$36) -> #N/A | AC33: =RANK(AB33, AB$7:AB$36) -> #N/A | AH33: =RANK(AG33, AG$7:AG$36) -> #N/A | AM33: =RANK(AL33, AL$7:AL$36) -> #N/A | AR33: =RANK(AQ33, AQ$7:AQ$36) -> #N/A | AW33: =RANK(AV33, AV$7:AV$36) -> #N/A
C34: 28 | M34: =RANK(K34, K$7:$K$36) -> #N/A | S34: =RANK(R34, R$7:R$36) -> #N/A | X34: =RANK(W34, W$7:W$36) -> #N/A | AC34: =RANK(AB34, AB$7:AB$36) -> #N/A | AH34: =RANK(AG34, AG$7:AG$36) -> #N/A | AM34: =RANK(AL34, AL$7:AL$36) -> #N/A | AR34: =RANK(AQ34, AQ$7:AQ$36) -> #N/A | AW34: =RANK(AV34, AV$7:AV$36) -> #N/A
C35: 29 | M35: =RANK(K35, K$7:$K$36) -> #N/A | S35: =RANK(R35, R$7:R$36) -> #N/A | X35: =RANK(W35, W$7:W$36) -> #N/A | AC35: =RANK(AB35, AB$7:AB$36) -> #N/A | AH35: =RANK(AG35, AG$7:AG$36) -> #N/A | AM35: =RANK(AL35, AL$7:AL$36) -> #N/A | AR35: =RANK(AQ35, AQ$7:AQ$36) -> #N/A | AW35: =RANK(AV35, AV$7:AV$36) -> #N/A
C36: 30 | M36: =RANK(K36, K$7:$K$36) -> #N/A | S36: =RANK(R36, R$7:R$36) -> #N/A | X36: =RANK(W36, W$7:W$36) -> #N/A | AC36: =RANK(AB36, AB$7:AB$36) -> #N/A | AH36: =RANK(AG36, AG$7:AG$36) -> #N/A | AM36: =RANK(AL36, AL$7:AL$36) -> #N/A | AR36: =RANK(AQ36, AQ$7:AQ$36) -> #N/A | AW36: =RANK(AV36, AV$7:AV$36) -> #N/A
B37: 產線配置圖－每週更新 | N37: 資料繳交 | O37: 日期 | P37: =AT2+1 -> 45902 | U37: =P37+1 -> 45903 | Z37: =U37+1 -> 45904 | AE37: =Z37+1 -> 45905 | AJ37: =AE37+1 -> 45906 | AO37: =AJ37+1 -> 45907 | AT37: =AO37+1 -> 45908
P38: 二 | U38: 三 | Z38: 四 | AE38: 五 | AJ38: 六 | AO38: 日 | AT38: 一
B39: 品群 | C39: 商品名稱 | E39: 計畫 | H39: 平均人時性 | I39: 實績 | L39: 平均人時性 | M39: 排名 | O39: 日報 | P39: 實際 | T39: 平均人時性 | U39: 實際 | Y39: 平均人時性 | Z39: 實際 | AD39: 平均人時性 | AE39: 實際 | AI39: 平均人時性 | AJ39: 實際 | AN39: 平均人時性 | AO39: 實際 | AS39: 平均人時性 | AT39: 實際 | AX39: 平均人時性
E40: 產線配置圖 | I40: 產線配置圖 | P40: 生產實績 | U40: 生產實績 | Z40: 生產實績 | AE40: 生產實績 | AJ40: 生產實績 | AO40: 生產實績 | AT40: 生產實績
E41: 人數 | F41: 產能／時 | G41: 人時性 | I41: 人數 | J41: 產能／時 | K41: 人時性 | P41: 人數 | Q41: 產能／時 | R41: 人時性 | S41: 排名 | U41: 人數 | V41: 產能／時 | W41: 人時性 | X41: 排名 | Z41: 人數 | AA41: 產能／時 | AB41: 人時性 | AC41: 排名 | AE41: 人數 | AF41: 產能／時 | AG41: 人時性 | AH41: 排名 | AJ41: 人數 | AK41: 產能／時 | AL41: 人時性 | AM41: 排名 | AO41: 人數 | AP41: 產能／時 | AQ41: 人時性 | AR41: 排名 | AT41: 人數 | AU41: 產能／時 | AV41: 人時性 | AW41: 排名
B42: 18℃-飯糰 | C42: 1 | D42: 經典肉鬆飯糰 | E42: 4 | F42: 2035.3333 | G42: 508.83333 | H42: =AVERAGE(G42:G71) -> 718.32622 | I42: =AVERAGE(P42,U42,Z42,AE42,AJ42,AO42,AT42) -> 4 | J42: =AVERAGE(Q42,V42,AA42,AF42,AK42,AP42,AU42) -> 2001.3917 | K42: =AVERAGE(R42,W42,AB42,AG42,AL42,AQ42,AV42) -> 500.34792 | L42: =IFERROR(AVERAGE(K42:K71),"-") -> 714.86008 | M42: =RANK(K42, K$42:$K$71) -> 19 | P42: 4 | Q42: 2035.3333 | R42: 508.83333 | S42: =RANK(R42, R$42:R$71) -> 19 | T42: =AVERAGE(R42:R71) -> 718.32622 | U42: 4 | V42: 1987.9121 | W42: 496.97802 | X42: =RANK(W42, W$42:W$71) -> 19 | Y42: =AVERAGE(W42:W71) -> 716.20475 | Z42: 4 | AA42: 1990.2273 | AB42: 497.55682 | AC42: =RANK(AB42, AB$42:AB$71) -> 19 | AD42: =AVERAGE(AB42:AB71) -> 711.78102 | AE42: 4 | AF42: 2006.9231 | AG42: 501.73077 | AH42: =RANK(AG42, AG$42:AG$71) -> 19 | AI42: =AVERAGE(AG42:AG71) -> 717.64349 | AJ42: 4 | AK42: 1987.2 | AL42: 496.8 | AM42: =RANK(AL42, AL$42:AL$71) -> 19 | AN42: =AVERAGE(AL42:AL71) -> 708.82649 | AO42: 4 | AP42: 2000.2105 | AQ42: 500.05263 | AR42: =RANK(AQ42, AQ$42:AQ$71) -> 19 | AS42: =AVERAGE(AQ42:AQ71) -> 716.6745 | AT42: 4 | AU42: 2001.9355 | AV42: 500.48387 | AW42: =RANK(AV42, AV$42:AV$71) -> 19 | AX42: =AVERAGE(AV42:AV71) -> 714.56408
C43: 2 | D43: 蔬食鮪魚飯糰 | E43: 3 | F43: 2665.9459 | G43: 888.64865 | I43: =AVERAGE(P43,U43,Z43,AE43,AJ43,AO43,AT43) -> 3 | J43: =AVERAGE(Q43,V43,AA43,AF43,AK43,AP43,AU43) -> 2701.1139 | K43: =AVERAGE(R43,W43,AB43,AG43,AL43,AQ43,AV43) -> 900.37131 | M43: =RANK(K43, K$42:$K$71) -> 2 | P43: 3 | Q43: 2665.9459 | R43: 888.64865 | S43: =RANK(R43, R$42:R$71) -> 3 | U43: 3 | V43: 2695 | W43: 898.33333 | X43: =RANK(W43, W$42:W$71) -> 2 | Z43: 3 | AA43: 2656.6667 | AB43: 885.55556 | AC43: =RANK(AB43, AB$42:AB$71) -> 3 | AE43: 3 | AF43: 2760 | AG43: 920 | AH43: =RANK(AG43, AG$42:AG$71) -> 2 | AJ43: 3 | AK43: 2770 | AL43: 923.33333 | AM43: =RANK(AL43, AL$42:AL$71) -> 2 | AO43: 3 | AP43: 2673.1579 | AQ43: 891.05263 | AR43: =RANK(AQ43, AQ$42:AQ$71) -> 3 | AT43: 3 | AU43: 2687.027 | AV43: 895.67568 | AW43: =RANK(AV43, AV$42:AV$71) -> 2
C44: 3 | D44: 北海道秋鮭親子飯糰 | E44: 4 | F44: 2945.625 | G44: 736.40625 | I44: =AVERAGE(P44,U44,Z44,AE44,AJ44,AO44,AT44) -> 4 | J44: =AVERAGE(Q44,V44,AA44,AF44,AK44,AP44,AU44) -> 2940.61 | K44: =AVERAGE(R44,W44,AB44,AG44,AL44,AQ44,AV44) -> 735.15251 | M44: =RANK(K44, K$42:$K$71) -> 9 | P44: 4 | Q44: 2945.625 | R44: 736.40625 | S44: =RANK(R44, R$42:R$71) -> 9 | U44: 4 | V44: 2960.6897 | W44: 740.17241 | X44: =RANK(W44, W$42:W$71) -> 9 | Z44: 4 | AA44: 2926.6667 | AB44: 731.66667 | AC44: =RANK(AB44, AB$42:AB$71) -> 9 | AE44: 4 | AF44: 3002.5 | AG44: 750.625 | AH44: =RANK(AG44, AG$42:AG$71) -> 7 | AJ44: 4 | AK44: 2885.2174 | AL44: 721.30435 | AM44: =RANK(AL44, AL$42:AL$71) -> 9 | AO44: 4 | AP44: 2930 | AQ44: 732.5 | AR44: =RANK(AQ44, AQ$42:AQ$71) -> 9 | AT44: 4 | AU44: 2933.5714 | AV44: 733.39286 | AW44: =RANK(AV44, AV$42:AV$71) -> 9
C45: 4 | D45: 熟成紅鮭飯糰 | E45: 4 | F45: 3003 | G45: 750.75 | I45: =AVERAGE(P45,U45,Z45,AE45,AJ45,AO45,AT45) -> 4 | J45: =AVERAGE(Q45,V45,AA45,AF45,AK45,AP45,AU45) -> 2960.6685 | K45: =AVERAGE(R45,W45,AB45,AG45,AL45,AQ45,AV45) -> 740.16712 | M45: =RANK(K45, K$42:$K$71) -> 8 | P45: 4 | Q45: 3003 | R45: 750.75 | S45: =RANK(R45, R$42:R$71) -> 7 | U45: 4 | V45: 3000 | W45: 750 | X45: =RANK(W45, W$42:W$71) -> 8 | Z45: 4 | AA45: 2964.4444 | AB45: 741.11111 | AC45: =RANK(AB45, AB$42:AB$71) -> 8 | AE45: 4 | AF45: 2929.6552 | AG45: 732.41379 | AH45: =RANK(AG45, AG$42:AG$71) -> 9 | AJ45: 4 | AK45: 2898.4615 | AL45: 724.61538 | AM45: =RANK(AL45, AL$42:AL$71) -> 8 | AO45: 4 | AP45: 3002.6667 | AQ45: 750.66667 | AR45: =RANK(AQ45, AQ$42:AQ$71) -> 7 | AT45: 4 | AU45: 2926.4516 | AV45: 731.6129 | AW45: =RANK(AV45, AV$42:AV$71) -> 10
C46: 5 | D46: 贅沢鮭魚肚飯糰 | E46: 4 | F46: 3001 | G46: 750.25 | I46: =AVERAGE(P46,U46,Z46,AE46,AJ46,AO46,AT46) -> 4 | J46: =AVERAGE(Q46,V46,AA46,AF46,AK46,AP46,AU46) -> 2974.1787 | K46: =AVERAGE(R46,W46,AB46,AG46,AL46,AQ46,AV46) -> 743.54468 | M46: =RANK(K46, K$42:$K$71) -> 7 | P46: 4 | Q46: 3001 | R46: 750.25 | S46: =RANK(R46, R$42:R$71) -> 8 | U46: 4 | V46: 3007.5 | W46: 751.875 | X46: =RANK(W46, W$42:W$71) -> 7 | Z46: 4 | AA46: 2979.6 | AB46: 744.9 | AC46: =RANK(AB46, AB$42:AB$71) -> 7 | AE46: 4 | AF46: 2944.2857 | AG46: 736.07143 | AH46: =RANK(AG46, AG$42:AG$71) -> 8 | AJ46: 4 | AK46: 2932.8571 | AL46: 733.21429 | AM46: =RANK(AL46, AL$42:AL$71) -> 7 | AO46: 4 | AP46: 2973.6 | AQ46: 743.4 | AR46: =RANK(AQ46, AQ$42:AQ$71) -> 8 | AT46: 4 | AU46: 2980.4082 | AV46: 745.10204 | AW46: =RANK(AV46, AV$42:AV$71) -> 8
C47: 6 | D47: 鮪魚飯糰 | E47: 3 | F47: 2989.7727 | G47: 996.59091 | I47: =AVERAGE(P47,U47,Z47,AE47,AJ47,AO47,AT47) -> 3 | J47: =AVERAGE(Q47,V47,AA47,AF47,AK47,AP47,AU47) -> 2985.0305 | K47: =AVERAGE(R47,W47,AB47,AG47,AL47,AQ47,AV47) -> 995.01015 | M47: =RANK(K47, K$42:$K$71) -> 1 | P47: 3 | Q47: 2989.7727 | R47: 996.59091 | S47: =RANK(R47, R$42:R$71) -> 1 | U47: 3 | V47: 2976.7059 | W47: 992.23529 | X47: =RANK(W47, W$42:W$71) -> 1 | Z47: 3 | AA47: 2992.7711 | AB47: 997.59036 | AC47: =RANK(AB47, AB$42:AB$71) -> 1 | AE47: 3 | AF47: 3011.1429 | AG47: 1003.7143 | AH47: =RANK(AG47, AG$42:AG$71) -> 1 | AJ47: 3 | AK47: 2962.6087 | AL47: 987.53623 | AM47: =RANK(AL47, AL$42:AL$71) -> 1 | AO47: 3 | AP47: 2979.3548 | AQ47: 993.11828 | AR47: =RANK(AQ47, AQ$42:AQ$71) -> 1 | AT47: 3 | AU47: 2982.8571 | AV47: 994.28571 | AW47: =RANK(AV47, AV$42:AV$71) -> 1
C48: 7 | D48: 壹號醬炙烤牛飯糰 | E48: 4 | F48: 2441.0526 | G48: 610.26316 | I48: =AVERAGE(P48,U48,Z48,AE48,AJ48,AO48,AT48) -> 4 | J48: =AVERAGE(Q48,V48,AA48,AF48,AK48,AP48,AU48) -> 2438.3967 | K48: =AVERAGE(R48,W48,AB48,AG48,AL48,AQ48,AV48) -> 609.59918 | M48: =RANK(K48, K$42:$K$71) -> 16 | P48: 4 | Q48: 2441.0526 | R48: 610.26316 | S48: =RANK(R48, R$42:R$71) -> 16 | U48: 4 | V48: 2403.1579 | W48: 600.78947 | X48: =RANK(W48, W$42:W$71) -> 17 | Z48: 4 | AA48: 2433.3333 | AB48: 608.33333 | AC48: =RANK(AB48, AB$42:AB$71) -> 16 | AE48: 4 | AF48: 2494.2857 | AG48: 623.57143 | AH48: =RANK(AG48, AG$42:AG$71) -> 14 | AJ48: 4 | AK48: 2430 | AL48: 607.5 | AM48: =RANK(AL48, AL$42:AL$71) -> 16 | AO48: 4 | AP48: 2448 | AQ48: 612 | AR48: =RANK(AQ48, AQ$42:AQ$71) -> 17 | AT48: 4 | AU48: 2418.9474 | AV48: 604.73684 | AW48: =RANK(AV48, AV$42:AV$71) -> 17
C49: 8 | D49: 明太子龍蝦風味沙拉飯糰 | E49: 3 | F49: 2497.0213 | G49: 832.34043 | I49: =AVERAGE(P49,U49,Z49,AE49,AJ49,AO49,AT49) -> 3 | J49: =AVERAGE(Q49,V49,AA49,AF49,AK49,AP49,AU49) -> 2472.1002 | K49: =AVERAGE(R49,W49,AB49,AG49,AL49,AQ49,AV49) -> 824.03341 | M49: =RANK(K49, K$42:$K$71) -> 5 | P49: 3 | Q49: 2497.0213 | R49: 832.34043 | S49: =RANK(R49, R$42:R$71) -> 5 | U49: 3 | V49: 2456.1702 | W49: 818.7234 | X49: =RANK(W49, W$42:W$71) -> 5 | Z49: 3 | AA49: 2473.3333 | AB49: 824.44444 | AC49: =RANK(AB49, AB$42:AB$71) -> 4 | AE49: 3 | AF49: 2454 | AG49: 818 | AH49: =RANK(AG49, AG$42:AG$71) -> 5 | AJ49: 3 | AK49: 2484.3243 | AL49: 828.10811 | AM49: =RANK(AL49, AL$42:AL$71) -> 4 | AO49: 3 | AP49: 2473.4694 | AQ49: 824.4898 | AR49: =RANK(AQ49, AQ$42:AQ$71) -> 4 | AT49: 3 | AU49: 2466.383 | AV49: 822.12766 | AW49: =RANK(AV49, AV$42:AV$71) -> 5
C50: 9 | D50: 鹽蔥燒肉飯糰 | E50: 3 | F50: 2503.6364 | G50: 834.54545 | I50: =AVERAGE(P50,U50,Z50,AE50,AJ50,AO50,AT50) -> 3 | J50: =AVERAGE(Q50,V50,AA50,AF50,AK50,AP50,AU50) -> 2489.3413 | K50: =AVERAGE(R50,W50,AB50,AG50,AL50,AQ50,AV50) -> 829.78042 | M50: =RANK(K50, K$42:$K$71) -> 4 | P50: 3 | Q50: 2503.6364 | R50: 834.54545 | S50: =RANK(R50, R$42:R$71) -> 4 | U50: 3 | V50: 2487.2727 | W50: 829.09091 | X50: =RANK(W50, W$42:W$71) -> 4 | Z50: 3 | AA50: 2458.6364 | AB50: 819.54545 | AC50: =RANK(AB50, AB$42:AB$71) -> 5 | AE50: 3 | AF50: 2467.8947 | AG50: 822.63158 | AH50: =RANK(AG50, AG$42:AG$71) -> 4 | AJ50: 3 | AK50: 2469.7297 | AL50: 823.24324 | AM50: =RANK(AL50, AL$42:AL$71) -> 5 | AO50: 3 | AP50: 2463.6735 | AQ50: 821.22449 | AR50: =RANK(AQ50, AQ$42:AQ$71) -> 5 | AT50: 3 | AU50: 2574.5455 | AV50: 858.18182 | AW50: =RANK(AV50, AV$42:AV$71) -> 4
C51: 10 | D51: 香辣鹹水雞飯糰(區) | E51: 4 | F51: 2491.0345 | G51: 622.75862 | I51: =AVERAGE(P51,U51,Z51,AE51,AJ51,AO51,AT51) -> 4 | J51: =AVERAGE(Q51,V51,AA51,AF51,AK51,AP51,AU51) -> 2462.6553 | K51: =AVERAGE(R51,W51,AB51,AG51,AL51,AQ51,AV51) -> 615.66383 | M51: =RANK(K51, K$42:$K$71) -> 15 | P51: 4 | Q51: 2491.0345 | R51: 622.75862 | S51: =RANK(R51, R$42:R$71) -> 13 | U51: 4 | V51: 2436 | W51: 609 | X51: =RANK(W51, W$42:W$71) -> 16 | Z51: 4 | AA51: 2462.069 | AB51: 615.51724 | AC51: =RANK(AB51, AB$42:AB$71) -> 15 | AE51: 4 | AF51: 2447.5 | AG51: 611.875 | AH51: =RANK(AG51, AG$42:AG$71) -> 17 | AJ51: 4 | AK51: 2432.5 | AL51: 608.125 | AM51: =RANK(AL51, AL$42:AL$71) -> 15 | AO51: 4 | AP51: 2475.4839 | AQ51: 618.87097 | AR51: =RANK(AQ51, AQ$42:AQ$71) -> 14 | AT51: 4 | AU51: 2494 | AV51: 623.5 | AW51: =RANK(AV51, AV$42:AV$71) -> 13
C52: 11 | D52: 胡麻鮮蔬雞絲飯糰(區) | E52: 4 | F52: 2472.2449 | G52: 618.06122 | I52: =AVERAGE(P52,U52,Z52,AE52,AJ52,AO52,AT52) -> 4 | J52: =AVERAGE(Q52,V52,AA52,AF52,AK52,AP52,AU52) -> 2478.0874 | K52: =AVERAGE(R52,W52,AB52,AG52,AL52,AQ52,AV52) -> 619.52184 | M52: =RANK(K52, K$42:$K$71) -> 14 | P52: 4 | Q52: 2472.2449 | R52: 618.06122 | S52: =RANK(R52, R$42:R$71) -> 14 | U52: 4 | V52: 2456.3265 | W52: 614.08163 | X52: =RANK(W52, W$42:W$71) -> 15 | Z52: 4 | AA52: 2542.6667 | AB52: 635.66667 | AC52: =RANK(AB52, AB$42:AB$71) -> 12 | AE52: 4 | AF52: 2448 | AG52: 612 | AH52: =RANK(AG52, AG$42:AG$71) -> 16 | AJ52: 4 | AK52: 2440 | AL52: 610 | AM52: =RANK(AL52, AL$42:AL$71) -> 14 | AO52: 4 | AP52: 2486.9388 | AQ52: 621.73469 | AR52: =RANK(AQ52, AQ$42:AQ$71) -> 13 | AT52: 4 | AU52: 2500.4348 | AV52: 625.1087 | AW52: =RANK(AV52, AV$42:AV$71) -> 12
C53: 12 | D53: 三杯辣海瓜子飯糰 | E53: 3 | F53: 2365.7143 | G53: 788.57143 | I53: =AVERAGE(P53,U53,Z53,AE53,AJ53,AO53,AT53) -> 3 | J53: =AVERAGE(Q53,V53,AA53,AF53,AK53,AP53,AU53) -> 2359.9969 | K53: =AVERAGE(R53,W53,AB53,AG53,AL53,AQ53,AV53) -> 786.66562 | M53: =RANK(K53, K$42:$K$71) -> 6 | P53: 3 | Q53: 2365.7143 | R53: 788.57143 | S53: =RANK(R53, R$42:R$71) -> 6 | U53: 3 | V53: 2352.8571 | W53: 784.28571 | X53: =RANK(W53, W$42:W$71) -> 6 | Z53: 3 | AA53: 2326.1538 | AB53: 775.38462 | AC53: =RANK(AB53, AB$42:AB$71) -> 6 | AE53: 3 | AF53: 2322 | AG53: 774 | AH53: =RANK(AG53, AG$42:AG$71) -> 6 | AJ53: 3 | AK53: 2406 | AL53: 802 | AM53: =RANK(AL53, AL$42:AL$71) -> 6 | AO53: 3 | AP53: 2425.7143 | AQ53: 808.57143 | AR53: =RANK(AQ53, AQ$42:AQ$71) -> 6 | AT53: 3 | AU53: 2321.5385 | AV53: 773.84615 | AW53: =RANK(AV53, AV$42:AV$71) -> 6
C54: 13 | D54: 雞肉飯飯糰 | E54: 4 | F54: 2554.1538 | G54: 638.53846 | I54: =AVERAGE(P54,U54,Z54,AE54,AJ54,AO54,AT54) -> 4 | J54: =AVERAGE(Q54,V54,AA54,AF54,AK54,AP54,AU54) -> 2490.9256 | K54: =AVERAGE(R54,W54,AB54,AG54,AL54,AQ54,AV54) -> 622.73141 | M54: =RANK(K54, K$42:$K$71) -> 12 | P54: 4 | Q54: 2554.1538 | R54: 638.53846 | S54: =RANK(R54, R$42:R$71) -> 12 | U54: 4 | V54: 2498.7692 | W54: 624.69231 | X54: =RANK(W54, W$42:W$71) -> 12 | Z54: 4 | AA54: 2481.5625 | AB54: 620.39062 | AC54: =RANK(AB54, AB$42:AB$71) -> 13 | AE54: 4 | AF54: 2461.0714 | AG54: 615.26786 | AH54: =RANK(AG54, AG$42:AG$71) -> 15 | AJ54: 4 | AK54: 2474.717 | AL54: 618.67925 | AM54: =RANK(AL54, AL$42:AL$71) -> 13 | AO54: 4 | AP54: 2472.6761 | AQ54: 618.16901 | AR54: =RANK(AQ54, AQ$42:AQ$71) -> 15 | AT54: 4 | AU54: 2493.5294 | AV54: 623.38235 | AW54: =RANK(AV54, AV$42:AV$71) -> 14
... C60: 19 | D60: 哇沙米魚卵沙拉飯糰 | E60: 3 | F60: 2676.6667 | G60: 892.22222 | I60: =AVERAGE(P60,U60,Z60,AE60,AJ60,AO60,AT60) -> 3 | J60: =AVERAGE(Q60,V60,AA60,AF60,AK60,AP60,AU60) -> 2678.6823 | K60: =AVERAGE(R60,W60,AB60,AG60,AL60,AQ60,AV60) -> 892.89411 | M60: =RANK(K60, K$42:$K$71) -> 3 | P60: 3 | Q60: 2676.6667 | R60: 892.22222 | S60: =RANK(R60, R$42:R$71) -> 2 | U60: 3 | V60: 2671.7647 | W60: 890.58824 | X60: =RANK(W60, W$42:W$71) -> 3 | Z60: 3 | AA60: 2664.4444 | AB60: 888.14815 | AC60: =RANK(AB60, AB$42:AB$71) -> 2 | AE60: 3 | AF60: 2683.4043 | AG60: 894.46809 | AH60: =RANK(AG60, AG$42:AG$71) -> 3 | AJ60: 3 | AK60: 2700 | AL60: 900 | AM60: =RANK(AL60, AL$42:AL$71) -> 3 | AO60: 3 | AP60: 2680.678 | AQ60: 893.55932 | AR60: =RANK(AQ60, AQ$42:AQ$71) -> 2 | AT60: 3 | AU60: 2673.8182 | AV60: 891.27273 | AW60: =RANK(AV60, AV$42:AV$71) -> 3
C61: 20 | M61: =RANK(K61, K$42:$K$71) -> #N/A | S61: =RANK(R61, R$42:R$71) -> #N/A | X61: =RANK(W61, W$42:W$71) -> #N/A | AC61: =RANK(AB61, AB$42:AB$71) -> #N/A | AH61: =RANK(AG61, AG$42:AG$71) -> #N/A | AM61: =RANK(AL61, AL$42:AL$71) -> #N/A | AR61: =RANK(AQ61, AQ$42:AQ$71) -> #N/A | AW61: =RANK(AV61, AV$42:AV$71) -> #N/A
C62: 21 | M62: =RANK(K62, K$42:$K$71) -> #N/A | S62: =RANK(R62, R$42:R$71) -> #N/A | X62: =RANK(W62, W$42:W$71) -> #N/A | AC62: =RANK(AB62, AB$42:AB$71) -> #N/A | AH62: =RANK(AG62, AG$42:AG$71) -> #N/A | AM62: =RANK(AL62, AL$42:AL$71) -> #N/A | AR62: =RANK(AQ62, AQ$42:AQ$71) -> #N/A | AW62: =RANK(AV62, AV$42:AV$71) -> #N/A
C63: 22 | M63: =RANK(K63, K$42:$K$71) -> #N/A | S63: =RANK(R63, R$42:R$71) -> #N/A | X63: =RANK(W63, W$42:W$71) -> #N/A | AC63: =RANK(AB63, AB$42:AB$71) -> #N/A | AH63: =RANK(AG63, AG$42:AG$71) -> #N/A | AM63: =RANK(AL63, AL$42:AL$71) -> #N/A | AR63: =RANK(AQ63, AQ$42:AQ$71) -> #N/A | AW63: =RANK(AV63, AV$42:AV$71) -> #N/A
C64: 23 | M64: =RANK(K64, K$42:$K$71) -> #N/A | S64: =RANK(R64, R$42:R$71) -> #N/A | X64: =RANK(W64, W$42:W$71) -> #N/A | AC64: =RANK(AB64, AB$42:AB$71) -> #N/A | AH64: =RANK(AG64, AG$42:AG$71) -> #N/A | AM64: =RANK(AL64, AL$42:AL$71) -> #N/A | AR64: =RANK(AQ64, AQ$42:AQ$71) -> #N/A | AW64: =RANK(AV64, AV$42:AV$71) -> #N/A
C65: 24 | M65: =RANK(K65, K$42:$K$71) -> #N/A | S65: =RANK(R65, R$42:R$71) -> #N/A | X65: =RANK(W65, W$42:W$71) -> #N/A | AC65: =RANK(AB65, AB$42:AB$71) -> #N/A | AH65: =RANK(AG65, AG$42:AG$71) -> #N/A | AM65: =RANK(AL65, AL$42:AL$71) -> #N/A | AR65: =RANK(AQ65, AQ$42:AQ$71) -> #N/A | AW65: =RANK(AV65, AV$42:AV$71) -> #N/A
C66: 25 | M66: =RANK(K66, K$42:$K$71) -> #N/A | S66: =RANK(R66, R$42:R$71) -> #N/A | X66: =RANK(W66, W$42:W$71) -> #N/A | AC66: =RANK(AB66, AB$42:AB$71) -> #N/A | AH66: =RANK(AG66, AG$42:AG$71) -> #N/A | AM66: =RANK(AL66, AL$42:AL$71) -> #N/A | AR66: =RANK(AQ66, AQ$42:AQ$71) -> #N/A | AW66: =RANK(AV66, AV$42:AV$71) -> #N/A
C67: 26 | M67: =RANK(K67, K$42:$K$71) -> #N/A | S67: =RANK(R67, R$42:R$71) -> #N/A | X67: =RANK(W67, W$42:W$71) -> #N/A | AC67: =RANK(AB67, AB$42:AB$71) -> #N/A | AH67: =RANK(AG67, AG$42:AG$71) -> #N/A | AM67: =RANK(AL67, AL$42:AL$71) -> #N/A | AR67: =RANK(AQ67, AQ$42:AQ$71) -> #N/A | AW67: =RANK(AV67, AV$42:AV$71) -> #N/A
C68: 27 | M68: =RANK(K68, K$42:$K$71) -> #N/A | S68: =RANK(R68, R$42:R$71) -> #N/A | X68: =RANK(W68, W$42:W$71) -> #N/A | AC68: =RANK(AB68, AB$42:AB$71) -> #N/A | AH68: =RANK(AG68, AG$42:AG$71) -> #N/A | AM68: =RANK(AL68, AL$42:AL$71) -> #N/A | AR68: =RANK(AQ68, AQ$42:AQ$71) -> #N/A | AW68: =RANK(AV68, AV$42:AV$71) -> #N/A
C69: 28 | M69: =RANK(K69, K$42:$K$71) -> #N/A | S69: =RANK(R69, R$42:R$71) -> #N/A | X69: =RANK(W69, W$42:W$71) -> #N/A | AC69: =RANK(AB69, AB$42:AB$71) -> #N/A | AH69: =RANK(AG69, AG$42:AG$71) -> #N/A | AM69: =RANK(AL69, AL$42:AL$71) -> #N/A | AR69: =RANK(AQ69, AQ$42:AQ$71) -> #N/A | AW69: =RANK(AV69, AV$42:AV$71) -> #N/A
C70: 29 | M70: =RANK(K70, K$42:$K$71) -> #N/A | S70: =RANK(R70, R$42:R$71) -> #N/A | X70: =RANK(W70, W$42:W$71) -> #N/A | AC70: =RANK(AB70, AB$42:AB$71) -> #N/A | AH70: =RANK(AG70, AG$42:AG$71) -> #N/A | AM70: =RANK(AL70, AL$42:AL$71) -> #N/A | AR70: =RANK(AQ70, AQ$42:AQ$71) -> #N/A | AW70: =RANK(AV70, AV$42:AV$71) -> #N/A
C71: 30 | M71: =RANK(K71, K$42:$K$71) -> #N/A | S71: =RANK(R71, R$42:R$71) -> #N/A | X71: =RANK(W71, W$42:W$71) -> #N/A | AC71: =RANK(AB71, AB$42:AB$71) -> #N/A | AH71: =RANK(AG71, AG$42:AG$71) -> #N/A | AM71: =RANK(AL71, AL$42:AL$71) -> #N/A | AR71: =RANK(AQ71, AQ$42:AQ$71) -> #N/A | AW71: =RANK(AV71, AV$42:AV$71) -> #N/A
B72: 產線配置圖－每週更新 | N72: 資料繳交 | O72: 日期 | P72: =P37+7 -> 45909 | U72: =P72+1 -> 45910 | Z72: =U72+1 -> 45911 | AE72: =Z72+1 -> 45912 | AJ72: =AE72+1 -> 45913 | AO72: =AJ72+1 -> 45914 | AT72: =AO72+1 -> 45915
P73: 二 | U73: 三 | Z73: 四 | AE73: 五 | AJ73: 六 | AO73: 日 | AT73: 一
B74: 品群 | C74: 商品名稱 | E74: 計畫 | H74: 平均人時性 | I74: 實績 | L74: 平均人時性 | M74: 排名 | O74: 日報 | P74: 實際 | T74: 平均人時性 | U74: 實際 | Y74: 平均人時性 | Z74: 實際 | AD74: 平均人時性 | AE74: 實際 | AI74: 平均人時性 | AJ74: 實際 | AN74: 平均人時性 | AO74: 實際 | AS74: 平均人時性 | AT74: 實際 | AX74: 平均人時性
E75: 產線配置圖 | I75: 產線配置圖 | P75: 生產實績 | U75: 生產實績 | Z75: 生產實績 | AE75: 生產實績 | AJ75: 生產實績 | AO75: 生產實績 | AT75: 生產實績
E76: 人數 | F76: 產能／時 | G76: 人時性 | I76: 人數 | J76: 產能／時 | K76: 人時性 | P76: 人數 | Q76: 產能／時 | R76: 人時性 | S76: 排名 | U76: 人數 | V76: 產能／時 | W76: 人時性 | X76: 排名 | Z76: 人數 | AA76: 產能／時 | AB76: 人時性 | AC76: 排名 | AE76: 人數 | AF76: 產能／時 | AG76: 人時性 | AH76: 排名 | AJ76: 人數 | AK76: 產能／時 | AL76: 人時性 | AM76: 排名 | AO76: 人數 | AP76: 產能／時 | AQ76: 人時性 | AR76: 排名 | AT76: 人數 | AU76: 產能／時 | AV76: 人時性 | AW76: 排名
B77: 18℃-飯糰 | C77: 1 | H77: =AVERAGE(G77:G106) -> #DIV/0! | I77: =AVERAGE(P77,U77,Z77,AE77,AJ77,AO77,AT77) -> #DIV/0! | J77: =AVERAGE(Q77,V77,AA77,AF77,AK77,AP77,AU77) -> #DIV/0! | K77: =AVERAGE(R77,W77,AB77,AG77,AL77,AQ77,AV77) -> #DIV/0! | L77: =IFERROR(AVERAGE(K77:K106),"-") -> - | M77: =RANK(K77, K$147:$K$176) -> #DIV/0! | S77: =RANK(R77, R$147:R$176) -> #N/A | T77: =AVERAGE(R77:R106) -> #DIV/0! | X77: =RANK(W77, W$147:W$176) -> #N/A | Y77: =AVERAGE(W77:W106) -> #DIV/0! | AC77: =RANK(AB77, AB$147:AB$176) -> #N/A | AD77: =AVERAGE(AB77:AB106) -> #DIV/0! | AH77: =RANK(AG77, AG$147:AG$176) -> #N/A | AI77: =AVERAGE(AG77:AG106) -> #DIV/0! | AM77: =RANK(AL77, AL$147:AL$176) -> #N/A | AN77: =AVERAGE(AL77:AL106) -> #DIV/0! | AR77: =RANK(AQ77, AQ$147:AQ$176) -> #N/A | AS77: =AVERAGE(AQ77:AQ106) -> #DIV/0! | AW77: =RANK(AV77, AV$147:AV$176) -> #N/A | AX77: =AVERAGE(AV77:AV106) -> #DIV/0!
C78: 2 | I78: =AVERAGE(P78,U78,Z78,AE78,AJ78,AO78,AT78) -> #DIV/0! | J78: =AVERAGE(Q78,V78,AA78,AF78,AK78,AP78,AU78) -> #DIV/0! | K78: =AVERAGE(R78,W78,AB78,AG78,AL78,AQ78,AV78) -> #DIV/0! | M78: =RANK(K78, K$147:$K$176) -> #DIV/0! | S78: =RANK(R78, R$147:R$176) -> #N/A | X78: =RANK(W78, W$147:W$176) -> #N/A | AC78: =RANK(AB78, AB$147:AB$176) -> #N/A | AH78: =RANK(AG78, AG$147:AG$176) -> #N/A | AM78: =RANK(AL78, AL$147:AL$176) -> #N/A | AR78: =RANK(AQ78, AQ$147:AQ$176) -> #N/A | AW78: =RANK(AV78, AV$147:AV$176) -> #N/A
C79: 3 | I79: =AVERAGE(P79,U79,Z79,AE79,AJ79,AO79,AT79) -> #DIV/0! | J79: =AVERAGE(Q79,V79,AA79,AF79,AK79,AP79,AU79) -> #DIV/0! | K79: =AVERAGE(R79,W79,AB79,AG79,AL79,AQ79,AV79) -> #DIV/0! | M79: =RANK(K79, K$147:$K$176) -> #DIV/0! | S79: =RANK(R79, R$147:R$176) -> #N/A | X79: =RANK(W79, W$147:W$176) -> #N/A | AC79: =RANK(AB79, AB$147:AB$176) -> #N/A | AH79: =RANK(AG79, AG$147:AG$176) -> #N/A | AM79: =RANK(AL79, AL$147:AL$176) -> #N/A | AR79: =RANK(AQ79, AQ$147:AQ$176) -> #N/A | AW79: =RANK(AV79, AV$147:AV$176) -> #N/A
C80: 4 | I80: =AVERAGE(P80,U80,Z80,AE80,AJ80,AO80,AT80) -> #DIV/0! | J80: =AVERAGE(Q80,V80,AA80,AF80,AK80,AP80,AU80) -> #DIV/0! | K80: =AVERAGE(R80,W80,AB80,AG80,AL80,AQ80,AV80) -> #DIV/0! | M80: =RANK(K80, K$147:$K$176) -> #DIV/0! | S80: =RANK(R80, R$147:R$176) -> #N/A | X80: =RANK(W80, W$147:W$176) -> #N/A | AC80: =RANK(AB80, AB$147:AB$176) -> #N/A | AH80: =RANK(AG80, AG$147:AG$176) -> #N/A | AM80: =RANK(AL80, AL$147:AL$176) -> #N/A | AR80: =RANK(AQ80, AQ$147:AQ$176) -> #N/A | AW80: =RANK(AV80, AV$147:AV$176) -> #N/A
C81: 5 | I81: =AVERAGE(P81,U81,Z81,AE81,AJ81,AO81,AT81) -> #DIV/0! | J81: =AVERAGE(Q81,V81,AA81,AF81,AK81,AP81,AU81) -> #DIV/0! | K81: =AVERAGE(R81,W81,AB81,AG81,AL81,AQ81,AV81) -> #DIV/0! | M81: =RANK(K81, K$147:$K$176) -> #DIV/0! | S81: =RANK(R81, R$147:R$176) -> #N/A | X81: =RANK(W81, W$147:W$176) -> #N/A | AC81: =RANK(AB81, AB$147:AB$176) -> #N/A | AH81: =RANK(AG81, AG$147:AG$176) -> #N/A | AM81: =RANK(AL81, AL$147:AL$176) -> #N/A | AR81: =RANK(AQ81, AQ$147:AQ$176) -> #N/A | AW81: =RANK(AV81, AV$147:AV$176) -> #N/A
C82: 6 | I82: =AVERAGE(P82,U82,Z82,AE82,AJ82,AO82,AT82) -> #DIV/0! | J82: =AVERAGE(Q82,V82,AA82,AF82,AK82,AP82,AU82) -> #DIV/0! | K82: =AVERAGE(R82,W82,AB82,AG82,AL82,AQ82,AV82) -> #DIV/0! | M82: =RANK(K82, K$147:$K$176) -> #DIV/0! | S82: =RANK(R82, R$147:R$176) -> #N/A | X82: =RANK(W82, W$147:W$176) -> #N/A | AC82: =RANK(AB82, AB$147:AB$176) -> #N/A | AH82: =RANK(AG82, AG$147:AG$176) -> #N/A | AM82: =RANK(AL82, AL$147:AL$176) -> #N/A | AR82: =RANK(AQ82, AQ$147:AQ$176) -> #N/A | AW82: =RANK(AV82, AV$147:AV$176) -> #N/A
C83: 7 | I83: =AVERAGE(P83,U83,Z83,AE83,AJ83,AO83,AT83) -> #DIV/0! | J83: =AVERAGE(Q83,V83,AA83,AF83,AK83,AP83,AU83) -> #DIV/0! | K83: =AVERAGE(R83,W83,AB83,AG83,AL83,AQ83,AV83) -> #DIV/0! | M83: =RANK(K83, K$147:$K$176) -> #DIV/0! | S83: =RANK(R83, R$147:R$176) -> #N/A | X83: =RANK(W83, W$147:W$176) -> #N/A | AC83: =RANK(AB83, AB$147:AB$176) -> #N/A | AH83: =RANK(AG83, AG$147:AG$176) -> #N/A | AM83: =RANK(AL83, AL$147:AL$176) -> #N/A | AR83: =RANK(AQ83, AQ$147:AQ$176) -> #N/A | AW83: =RANK(AV83, AV$147:AV$176) -> #N/A
C84: 8 | I84: =AVERAGE(P84,U84,Z84,AE84,AJ84,AO84,AT84) -> #DIV/0! | J84: =AVERAGE(Q84,V84,AA84,AF84,AK84,AP84,AU84) -> #DIV/0! | K84: =AVERAGE(R84,W84,AB84,AG84,AL84,AQ84,AV84) -> #DIV/0! | M84: =RANK(K84, K$147:$K$176) -> #DIV/0! | S84: =RANK(R84, R$147:R$176) -> #N/A | X84: =RANK(W84, W$147:W$176) -> #N/A | AC84: =RANK(AB84, AB$147:AB$176) -> #N/A | AH84: =RANK(AG84, AG$147:AG$176) -> #N/A | AM84: =RANK(AL84, AL$147:AL$176) -> #N/A | AR84: =RANK(AQ84, AQ$147:AQ$176) -> #N/A | AW84: =RANK(AV84, AV$147:AV$176) -> #N/A
C85: 9 | I85: =AVERAGE(P85,U85,Z85,AE85,AJ85,AO85,AT85) -> #DIV/0! | J85: =AVERAGE(Q85,V85,AA85,AF85,AK85,AP85,AU85) -> #DIV/0! | K85: =AVERAGE(R85,W85,AB85,AG85,AL85,AQ85,AV85) -> #DIV/0! | M85: =RANK(K85, K$147:$K$176) -> #DIV/0! | S85: =RANK(R85, R$147:R$176) -> #N/A | X85: =RANK(W85, W$147:W$176) -> #N/A | AC85: =RANK(AB85, AB$147:AB$176) -> #N/A | AH85: =RANK(AG85, AG$147:AG$176) -> #N/A | AM85: =RANK(AL85, AL$147:AL$176) -> #N/A | AR85: =RANK(AQ85, AQ$147:AQ$176) -> #N/A | AW85: =RANK(AV85, AV$147:AV$176) -> #N/A
C86: 10 | I86: =AVERAGE(P86,U86,Z86,AE86,AJ86,AO86,AT86) -> #DIV/0! | J86: =AVERAGE(Q86,V86,AA86,AF86,AK86,AP86,AU86) -> #DIV/0! | K86: =AVERAGE(R86,W86,AB86,AG86,AL86,AQ86,AV86) -> #DIV/0! | M86: =RANK(K86, K$147:$K$176) -> #DIV/0! | S86: =RANK(R86, R$147:R$176) -> #N/A | X86: =RANK(W86, W$147:W$176) -> #N/A | AC86: =RANK(AB86, AB$147:AB$176) -> #N/A | AH86: =RANK(AG86, AG$147:AG$176) -> #N/A | AM86: =RANK(AL86, AL$147:AL$176) -> #N/A | AR86: =RANK(AQ86, AQ$147:AQ$176) -> #N/A | AW86: =RANK(AV86, AV$147:AV$176) -> #N/A
C87: 11 | I87: =AVERAGE(P87,U87,Z87,AE87,AJ87,AO87,AT87) -> #DIV/0! | J87: =AVERAGE(Q87,V87,AA87,AF87,AK87,AP87,AU87) -> #DIV/0! | K87: =AVERAGE(R87,W87,AB87,AG87,AL87,AQ87,AV87) -> #DIV/0! | M87: =RANK(K87, K$147:$K$176) -> #DIV/0! | S87: =RANK(R87, R$147:R$176) -> #N/A | X87: =RANK(W87, W$147:W$176) -> #N/A | AC87: =RANK(AB87, AB$147:AB$176) -> #N/A | AH87: =RANK(AG87, AG$147:AG$176) -> #N/A | AM87: =RANK(AL87, AL$147:AL$176) -> #N/A | AR87: =RANK(AQ87, AQ$147:AQ$176) -> #N/A | AW87: =RANK(AV87, AV$147:AV$176) -> #N/A
C88: 12 | I88: =AVERAGE(P88,U88,Z88,AE88,AJ88,AO88,AT88) -> #DIV/0! | J88: =AVERAGE(Q88,V88,AA88,AF88,AK88,AP88,AU88) -> #DIV/0! | K88: =AVERAGE(R88,W88,AB88,AG88,AL88,AQ88,AV88) -> #DIV/0! | M88: =RANK(K88, K$147:$K$176) -> #DIV/0! | S88: =RANK(R88, R$147:R$176) -> #N/A | X88: =RANK(W88, W$147:W$176) -> #N/A | AC88: =RANK(AB88, AB$147:AB$176) -> #N/A | AH88: =RANK(AG88, AG$147:AG$176) -> #N/A | AM88: =RANK(AL88, AL$147:AL$176) -> #N/A | AR88: =RANK(AQ88, AQ$147:AQ$176) -> #N/A | AW88: =RANK(AV88, AV$147:AV$176) -> #N/A
C89: 13 | I89: =AVERAGE(P89,U89,Z89,AE89,AJ89,AO89,AT89) -> #DIV/0! | J89: =AVERAGE(Q89,V89,AA89,AF89,AK89,AP89,AU89) -> #DIV/0! | K89: =AVERAGE(R89,W89,AB89,AG89,AL89,AQ89,AV89) -> #DIV/0! | M89: =RANK(K89, K$147:$K$176) -> #DIV/0! | S89: =RANK(R89, R$147:R$176) -> #N/A | X89: =RANK(W89, W$147:W$176) -> #N/A | AC89: =RANK(AB89, AB$147:AB$176) -> #N/A | AH89: =RANK(AG89, AG$147:AG$176) -> #N/A | AM89: =RANK(AL89, AL$147:AL$176) -> #N/A | AR89: =RANK(AQ89, AQ$147:AQ$176) -> #N/A | AW89: =RANK(AV89, AV$147:AV$176) -> #N/A
... C96: 20 | I96: =AVERAGE(P96,U96,Z96,AE96,AJ96,AO96,AT96) -> #DIV/0! | J96: =AVERAGE(Q96,V96,AA96,AF96,AK96,AP96,AU96) -> #DIV/0! | K96: =AVERAGE(R96,W96,AB96,AG96,AL96,AQ96,AV96) -> #DIV/0! | M96: =RANK(K96, K$147:$K$176) -> #DIV/0! | S96: =RANK(R96, R$147:R$176) -> #N/A | X96: =RANK(W96, W$147:W$176) -> #N/A | AC96: =RANK(AB96, AB$147:AB$176) -> #N/A | AH96: =RANK(AG96, AG$147:AG$176) -> #N/A | AM96: =RANK(AL96, AL$147:AL$176) -> #N/A | AR96: =RANK(AQ96, AQ$147:AQ$176) -> #N/A | AW96: =RANK(AV96, AV$147:AV$176) -> #N/A
C97: 21 | M97: =RANK(K97, K$147:$K$176) -> #DIV/0! | S97: =RANK(R97, R$147:R$176) -> #N/A | X97: =RANK(W97, W$147:W$176) -> #N/A | AC97: =RANK(AB97, AB$147:AB$176) -> #N/A | AH97: =RANK(AG97, AG$147:AG$176) -> #N/A | AM97: =RANK(AL97, AL$147:AL$176) -> #N/A | AR97: =RANK(AQ97, AQ$147:AQ$176) -> #N/A | AW97: =RANK(AV97, AV$147:AV$176) -> #N/A
C98: 22 | M98: =RANK(K98, K$147:$K$176) -> #DIV/0! | S98: =RANK(R98, R$147:R$176) -> #N/A | X98: =RANK(W98, W$147:W$176) -> #N/A | AC98: =RANK(AB98, AB$147:AB$176) -> #N/A | AH98: =RANK(AG98, AG$147:AG$176) -> #N/A | AM98: =RANK(AL98, AL$147:AL$176) -> #N/A | AR98: =RANK(AQ98, AQ$147:AQ$176) -> #N/A | AW98: =RANK(AV98, AV$147:AV$176) -> #N/A
C99: 23 | M99: =RANK(K99, K$147:$K$176) -> #DIV/0! | S99: =RANK(R99, R$147:R$176) -> #N/A | X99: =RANK(W99, W$147:W$176) -> #N/A | AC99: =RANK(AB99, AB$147:AB$176) -> #N/A | AH99: =RANK(AG99, AG$147:AG$176) -> #N/A | AM99: =RANK(AL99, AL$147:AL$176) -> #N/A | AR99: =RANK(AQ99, AQ$147:AQ$176) -> #N/A | AW99: =RANK(AV99, AV$147:AV$176) -> #N/A
C100: 24 | M100: =RANK(K100, K$147:$K$176) -> #DIV/0! | S100: =RANK(R100, R$147:R$176) -> #N/A | X100: =RANK(W100, W$147:W$176) -> #N/A | AC100: =RANK(AB100, AB$147:AB$176) -> #N/A | AH100: =RANK(AG100, AG$147:AG$176) -> #N/A | AM100: =RANK(AL100, AL$147:AL$176) -> #N/A | AR100: =RANK(AQ100, AQ$147:AQ$176) -> #N/A | AW100: =RANK(AV100, AV$147:AV$176) -> #N/A
C101: 25 | M101: =RANK(K101, K$147:$K$176) -> #DIV/0! | S101: =RANK(R101, R$147:R$176) -> #N/A | X101: =RANK(W101, W$147:W$176) -> #N/A | AC101: =RANK(AB101, AB$147:AB$176) -> #N/A | AH101: =RANK(AG101, AG$147:AG$176) -> #N/A | AM101: =RANK(AL101, AL$147:AL$176) -> #N/A | AR101: =RANK(AQ101, AQ$147:AQ$176) -> #N/A | AW101: =RANK(AV101, AV$147:AV$176) -> #N/A
C102: 26 | M102: =RANK(K102, K$147:$K$176) -> #DIV/0! | S102: =RANK(R102, R$147:R$176) -> #N/A | X102: =RANK(W102, W$147:W$176) -> #N/A | AC102: =RANK(AB102, AB$147:AB$176) -> #N/A | AH102: =RANK(AG102, AG$147:AG$176) -> #N/A | AM102: =RANK(AL102, AL$147:AL$176) -> #N/A | AR102: =RANK(AQ102, AQ$147:AQ$176) -> #N/A | AW102: =RANK(AV102, AV$147:AV$176) -> #N/A
C103: 27 | M103: =RANK(K103, K$147:$K$176) -> #DIV/0! | S103: =RANK(R103, R$147:R$176) -> #N/A | X103: =RANK(W103, W$147:W$176) -> #N/A | AC103: =RANK(AB103, AB$147:AB$176) -> #N/A | AH103: =RANK(AG103, AG$147:AG$176) -> #N/A | AM103: =RANK(AL103, AL$147:AL$176) -> #N/A | AR103: =RANK(AQ103, AQ$147:AQ$176) -> #N/A | AW103: =RANK(AV103, AV$147:AV$176) -> #N/A
C104: 28 | M104: =RANK(K104, K$147:$K$176) -> #DIV/0! | S104: =RANK(R104, R$147:R$176) -> #N/A | X104: =RANK(W104, W$147:W$176) -> #N/A | AC104: =RANK(AB104, AB$147:AB$176) -> #N/A | AH104: =RANK(AG104, AG$147:AG$176) -> #N/A | AM104: =RANK(AL104, AL$147:AL$176) -> #N/A | AR104: =RANK(AQ104, AQ$147:AQ$176) -> #N/A | AW104: =RANK(AV104, AV$147:AV$176) -> #N/A
C105: 29 | M105: =RANK(K105, K$147:$K$176) -> #DIV/0! | S105: =RANK(R105, R$147:R$176) -> #N/A | X105: =RANK(W105, W$147:W$176) -> #N/A | AC105: =RANK(AB105, AB$147:AB$176) -> #N/A | AH105: =RANK(AG105, AG$147:AG$176) -> #N/A | AM105: =RANK(AL105, AL$147:AL$176) -> #N/A | AR105: =RANK(AQ105, AQ$147:AQ$176) -> #N/A | AW105: =RANK(AV105, AV$147:AV$176) -> #N/A
C106: 30 | M106: =RANK(K106, K$147:$K$176) -> #DIV/0! | S106: =RANK(R106, R$147:R$176) -> #N/A | X106: =RANK(W106, W$147:W$176) -> #N/A | AC106: =RANK(AB106, AB$147:AB$176) -> #N/A | AH106: =RANK(AG106, AG$147:AG$176) -> #N/A | AM106: =RANK(AL106, AL$147:AL$176) -> #N/A | AR106: =RANK(AQ106, AQ$147:AQ$176) -> #N/A | AW106: =RANK(AV106, AV$147:AV$176) -> #N/A
B107: 產線配置圖－每週更新 | N107: 資料繳交 | O107: 日期 | P107: =P72+7 -> 45916 | U107: =P107+1 -> 45917 | Z107: =U107+1 -> 45918 | AE107: =Z107+1 -> 45919 | AJ107: =AE107+1 -> 45920 | AO107: =AJ107+1 -> 45921 | AT107: =AO107+1 -> 45922
P108: 二 | U108: 三 | Z108: 四 | AE108: 五 | AJ108: 六 | AO108: 日 | AT108: 一
B109: 品群 | C109: 商品名稱 | E109: 計畫 | H109: 平均人時性 | I109: 實績 | L109: 平均人時性 | M109: 排名 | O109: 日報 | P109: 實際 | T109: 平均人時性 | U109: 實際 | Y109: 平均人時性 | Z109: 實際 | AD109: 平均人時性 | AE109: 實際 | AI109: 平均人時性 | AJ109: 實際 | AN109: 平均人時性 | AO109: 實際 | AS109: 平均人時性 | AT109: 實際 | AX109: 平均人時性
E110: 產線配置圖 | I110: 產線配置圖 | P110: 生產實績 | U110: 生產實績 | Z110: 生產實績 | AE110: 生產實績 | AJ110: 生產實績 | AO110: 生產實績 | AT110: 生產實績
E111: 人數 | F111: 產能／時 | G111: 人時性 | I111: 人數 | J111: 產能／時 | K111: 人時性 | P111: 人數 | Q111: 產能／時 | R111: 人時性 | S111: 排名 | U111: 人數 | V111: 產能／時 | W111: 人時性 | X111: 排名 | Z111: 人數 | AA111: 產能／時 | AB111: 人時性 | AC111: 排名 | AE111: 人數 | AF111: 產能／時 | AG111: 人時性 | AH111: 排名 | AJ111: 人數 | AK111: 產能／時 | AL111: 人時性 | AM111: 排名 | AO111: 人數 | AP111: 產能／時 | AQ111: 人時性 | AR111: 排名 | AT111: 人數 | AU111: 產能／時 | AV111: 人時性 | AW111: 排名
B112: 18℃-飯糰 | C112: 1 | H112: =AVERAGE(G112:G141) -> #DIV/0! | I112: =AVERAGE(P112,U112,Z112,AE112,AJ112,AO112,AT112) -> #DIV/0! | J112: =AVERAGE(Q112,V112,AA112,AF112,AK112,AP112,AU112) -> #DIV/0! | K112: =AVERAGE(R112,W112,AB112,AG112,AL112,AQ112,AV112) -> #DIV/0! | L112: =IFERROR(AVERAGE(K112:K141),"-") -> - | M112: =RANK(K112, K$147:$K$176) -> #DIV/0! | S112: =RANK(R112, R$147:R$176) -> #N/A | T112: =AVERAGE(R112:R141) -> #DIV/0! | X112: =RANK(W112, W$147:W$176) -> #N/A | Y112: =AVERAGE(W112:W141) -> #DIV/0! | AC112: =RANK(AB112, AB$147:AB$176) -> #N/A | AD112: =AVERAGE(AB112:AB141) -> #DIV/0! | AH112: =RANK(AG112, AG$147:AG$176) -> #N/A | AI112: =AVERAGE(AG112:AG141) -> #DIV/0! | AM112: =RANK(AL112, AL$147:AL$176) -> #N/A | AN112: =AVERAGE(AL112:AL141) -> #DIV/0! | AR112: =RANK(AQ112, AQ$147:AQ$176) -> #N/A | AS112: =AVERAGE(AQ112:AQ141) -> #DIV/0! | AW112: =RANK(AV112, AV$147:AV$176) -> #N/A | AX112: =AVERAGE(AV112:AV141) -> #DIV/0!
C113: 2 | I113: =AVERAGE(P113,U113,Z113,AE113,AJ113,AO113,AT113) -> #DIV/0! | J113: =AVERAGE(Q113,V113,AA113,AF113,AK113,AP113,AU113) -> #DIV/0! | K113: =AVERAGE(R113,W113,AB113,AG113,AL113,AQ113,AV113) -> #DIV/0! | M113: =RANK(K113, K$147:$K$176) -> #DIV/0! | S113: =RANK(R113, R$147:R$176) -> #N/A | X113: =RANK(W113, W$147:W$176) -> #N/A | AC113: =RANK(AB113, AB$147:AB$176) -> #N/A | AH113: =RANK(AG113, AG$147:AG$176) -> #N/A | AM113: =RANK(AL113, AL$147:AL$176) -> #N/A | AR113: =RANK(AQ113, AQ$147:AQ$176) -> #N/A | AW113: =RANK(AV113, AV$147:AV$176) -> #N/A
C114: 3 | I114: =AVERAGE(P114,U114,Z114,AE114,AJ114,AO114,AT114) -> #DIV/0! | J114: =AVERAGE(Q114,V114,AA114,AF114,AK114,AP114,AU114) -> #DIV/0! | K114: =AVERAGE(R114,W114,AB114,AG114,AL114,AQ114,AV114) -> #DIV/0! | M114: =RANK(K114, K$147:$K$176) -> #DIV/0! | S114: =RANK(R114, R$147:R$176) -> #N/A | X114: =RANK(W114, W$147:W$176) -> #N/A | AC114: =RANK(AB114, AB$147:AB$176) -> #N/A | AH114: =RANK(AG114, AG$147:AG$176) -> #N/A | AM114: =RANK(AL114, AL$147:AL$176) -> #N/A | AR114: =RANK(AQ114, AQ$147:AQ$176) -> #N/A | AW114: =RANK(AV114, AV$147:AV$176) -> #N/A
C115: 4 | I115: =AVERAGE(P115,U115,Z115,AE115,AJ115,AO115,AT115) -> #DIV/0! | J115: =AVERAGE(Q115,V115,AA115,AF115,AK115,AP115,AU115) -> #DIV/0! | K115: =AVERAGE(R115,W115,AB115,AG115,AL115,AQ115,AV115) -> #DIV/0! | M115: =RANK(K115, K$147:$K$176) -> #DIV/0! | S115: =RANK(R115, R$147:R$176) -> #N/A | X115: =RANK(W115, W$147:W$176) -> #N/A | AC115: =RANK(AB115, AB$147:AB$176) -> #N/A | AH115: =RANK(AG115, AG$147:AG$176) -> #N/A | AM115: =RANK(AL115, AL$147:AL$176) -> #N/A | AR115: =RANK(AQ115, AQ$147:AQ$176) -> #N/A | AW115: =RANK(AV115, AV$147:AV$176) -> #N/A
C116: 5 | I116: =AVERAGE(P116,U116,Z116,AE116,AJ116,AO116,AT116) -> #DIV/0! | J116: =AVERAGE(Q116,V116,AA116,AF116,AK116,AP116,AU116) -> #DIV/0! | K116: =AVERAGE(R116,W116,AB116,AG116,AL116,AQ116,AV116) -> #DIV/0! | M116: =RANK(K116, K$147:$K$176) -> #DIV/0! | S116: =RANK(R116, R$147:R$176) -> #N/A | X116: =RANK(W116, W$147:W$176) -> #N/A | AC116: =RANK(AB116, AB$147:AB$176) -> #N/A | AH116: =RANK(AG116, AG$147:AG$176) -> #N/A | AM116: =RANK(AL116, AL$147:AL$176) -> #N/A | AR116: =RANK(AQ116, AQ$147:AQ$176) -> #N/A | AW116: =RANK(AV116, AV$147:AV$176) -> #N/A
...

Sheet （５-2）品群別人時生產性（18-壽司手卷)
B1: 月平均人時性 | C1: =AVERAGE(L7,L27,L47,L67,L87) -> 203.29612
B2: 產線配置圖－每週更新 | N2: 資料繳交 | O2: 日期 | P2: 45895 | U2: =P2+1 -> 45896 | Z2: =U2+1 -> 45897 | AE2: =Z2+1 -> 45898 | AJ2: =AE2+1 -> 45899 | AO2: =AJ2+1 -> 45900 | AT2: =AO2+1 -> 45901
P3: 二 | U3: 三 | Z3: 四 | AE3: 五 | AJ3: 六 | AO3: 日 | AT3: 一
B4: 品群 | C4: 商品名稱 | E4: 計畫 | H4: 平均人時性 | I4: 實績 | L4: 平均人時性 | M4: 排名 | O4: 日報 | P4: 實際 | T4: 平均人時性 | U4: 實際 | Y4: 平均人時性 | Z4: 實際 | AD4: 平均人時性 | AE4: 實際 | AI4: 平均人時性 | AJ4: 實際 | AN4: 平均人時性 | AO4: 實際 | AS4: 平均人時性 | AT4: 實際 | AX4: 平均人時性
E5: 產線配置圖 | I5: 產線配置圖 | P5: 生產實績 | U5: 生產實績 | Z5: 生產實績 | AE5: 生產實績 | AJ5: 生產實績 | AO5: 生產實績 | AT5: 生產實績
E6: 人數 | F6: 產能／時 | G6: 人時性 | I6: 人數 | J6: 產能／時 | K6: 人時性 | P6: 人數 | Q6: 產能／時 | R6: 人時性 | S6: 排名 | U6: 人數 | V6: 產能／時 | W6: 人時性 | X6: 排名 | Z6: 人數 | AA6: 產能／時 | AB6: 人時性 | AC6: 排名 | AE6: 人數 | AF6: 產能／時 | AG6: 人時性 | AH6: 排名 | AJ6: 人數 | AK6: 產能／時 | AL6: 人時性 | AM6: 排名 | AO6: 人數 | AP6: 產能／時 | AQ6: 人時性 | AR6: 排名 | AT6: 人數 | AU6: 產能／時 | AV6: 人時性 | AW6: 排名
B7: 18℃-壽司手卷 | C7: 1 | D7: 日式厚蛋脆卷 | E7: 15 | F7: 1200 | G7: 80 | H7: =AVERAGE(G7:G21) -> 194.65 | I7: =AVERAGE(P7,U7,Z7,AE7,AJ7,AO7,AT7) -> 13 | J7: =AVERAGE(Q7,V7,AA7,AF7,AK7,AP7,AU7) -> 1181.6571 | K7: =AVERAGE(R7,W7,AB7,AG7,AL7,AQ7,AV7) -> 90.896703 | L7: =IFERROR(AVERAGE(K7:K21),"-") -> 204.46839 | M7: =RANK(K7, K$7:$K$21) -> 7 | P7: 13 | Q7: 1080 | R7: 83.076923 | S7: =RANK(R7, R$7:R$21) -> 8 | T7: =AVERAGE(R7:R21) -> 195.78366 | U7: 13 | V7: 1238 | W7: 95.230769 | X7: =RANK(W7, W$7:W$21) -> 8 | Y7: =AVERAGE(W7:W21) -> 196.31076 | Z7: 13 | AA7: 1168 | AB7: 89.846154 | AC7: =RANK(AB7, AB$7:AB$21) -> 8 | AD7: =AVERAGE(AB7:AB21) -> 198.41236 | AE7: 13 | AF7: 1212 | AG7: 93.230769 | AH7: =RANK(AG7, AG$7:AG$21) -> 8 | AI7: =AVERAGE(AG7:AG21) -> 206.59098 | AJ7: 13 | AK7: 1161.6 | AL7: 89.353846 | AM7: =RANK(AL7, AL$7:AL$21) -> 8 | AN7: =AVERAGE(AL7:AL21) -> 193.39419 | AO7: 13 | AP7: 1226 | AQ7: 94.307692 | AR7: =RANK(AQ7, AQ$7:AQ$21) -> 8 | AS7: =AVERAGE(AQ7:AQ21) -> 193.92896 | AT7: 13 | AU7: 1186 | AV7: 91.230769 | AW7: =RANK(AV7, AV$7:AV$21) -> 7 | AX7: =AVERAGE(AV7:AV21) -> 205.87879
C8: 2 | D8: 長野稻荷壽司 | E8: 10 | F8: 1500 | G8: 150 | I8: =AVERAGE(P8,U8,Z8,AE8,AJ8,AO8,AT8) -> 10 | J8: =AVERAGE(Q8,V8,AA8,AF8,AK8,AP8,AU8) -> 1497.8129 | K8: =AVERAGE(R8,W8,AB8,AG8,AL8,AQ8,AV8) -> 149.78129 | M8: =RANK(K8, K$7:$K$21) -> 5 | P8: 10 | Q8: 1551 | R8: 155.1 | S8: =RANK(R8, R$7:R$21) -> 5 | U8: 10 | V8: 1545 | W8: 154.5 | X8: =RANK(W8, W$7:W$21) -> 4 | Z8: 10 | AA8: 1518 | AB8: 151.8 | AC8: =RANK(AB8, AB$7:AB$21) -> 7 | AE8: 10 | AF8: 1450.2857 | AG8: 145.02857 | AH8: =RANK(AG8, AG$7:AG$21) -> 6 | AJ8: 10 | AK8: 1412.5714 | AL8: 141.25714 | AM8: =RANK(AL8, AL$7:AL$21) -> 7 | AO8: 10 | AP8: 1449.3333 | AQ8: 144.93333 | AR8: =RANK(AQ8, AQ$7:AQ$21) -> 5 | AT8: 10 | AU8: 1558.5 | AV8: 155.85 | AW8: =RANK(AV8, AV$7:AV$21) -> 5
C9: 3 | D9: 雙饗雙手卷 | E9: 10 | F9: 1636 | G9: 163.6 | I9: =AVERAGE(P9,U9,Z9,AE9,AJ9,AO9,AT9) -> 12 | J9: =AVERAGE(Q9,V9,AA9,AF9,AK9,AP9,AU9) -> 1772.6667 | K9: =AVERAGE(R9,W9,AB9,AG9,AL9,AQ9,AV9) -> 147.72222 | M9: =RANK(K9, K$7:$K$21) -> 6 | P9: 12 | Q9: 1908 | R9: 159 | S9: =RANK(R9, R$7:R$21) -> 4 | U9: 12 | V9: 1704 | W9: 142 | X9: =RANK(W9, W$7:W$21) -> 7 | Z9: 12 | AA9: 1881 | AB9: 156.75 | AC9: =RANK(AB9, AB$7:AB$21) -> 5 | AE9: 12 | AF9: 1708.5 | AG9: 142.375 | AH9: =RANK(AG9, AG$7:AG$21) -> 7 | AJ9: 12 | AK9: 1720.5 | AL9: 143.375 | AM9: =RANK(AL9, AL$7:AL$21) -> 6 | AO9: 12 | AP9: 1692 | AQ9: 141 | AR9: =RANK(AQ9, AQ$7:AQ$21) -> 7 | AT9: 12 | AU9: 1794.6667 | AV9: 149.55556 | AW9: =RANK(AV9, AV$7:AV$21) -> 6
C10: 4 | D10: 海饌雙手卷 | E10: 10 | F10: 1636 | G10: 163.6 | I10: =AVERAGE(P10,U10,Z10,AE10,AJ10,AO10,AT10) -> 12 | J10: =AVERAGE(Q10,V10,AA10,AF10,AK10,AP10,AU10) -> 1814.2143 | K10: =AVERAGE(R10,W10,AB10,AG10,AL10,AQ10,AV10) -> 151.18452 | M10: =RANK(K10, K$7:$K$21) -> 4 | P10: 12 | Q10: 1765.5 | R10: 147.125 | S10: =RANK(R10, R$7:R$21) -> 7 | U10: 12 | V10: 1756.5 | W10: 146.375 | X10: =RANK(W10, W$7:W$21) -> 6 | Z10: 12 | AA10: 1954.2857 | AB10: 162.85714 | AC10: =RANK(AB10, AB$7:AB$21) -> 4 | AE10: 12 | AF10: 1774.2857 | AG10: 147.85714 | AH10: =RANK(AG10, AG$7:AG$21) -> 4 | AJ10: 12 | AK10: 1839.4286 | AL10: 153.28571 | AM10: =RANK(AL10, AL$7:AL$21) -> 4 | AO10: 12 | AP10: 1736 | AQ10: 144.66667 | AR10: =RANK(AQ10, AQ$7:AQ$21) -> 6 | AT10: 12 | AU10: 1873.5 | AV10: 156.125 | AW10: =RANK(AV10, AV$7:AV$21) -> 4
C11: 5 | D11: 芝麻海苔香鬆細卷 | E11: 6 | F11: 1500 | G11: 250 | I11: =AVERAGE(P11,U11,Z11,AE11,AJ11,AO11,AT11) -> 5 | J11: =AVERAGE(Q11,V11,AA11,AF11,AK11,AP11,AU11) -> 1472.7468 | K11: =AVERAGE(R11,W11,AB11,AG11,AL11,AQ11,AV11) -> 294.54935 | M11: =RANK(K11, K$7:$K$21) -> 3 | P11: 5 | Q11: 1433.6842 | R11: 286.73684 | S11: =RANK(R11, R$7:R$21) -> 2 | U11: 5 | V11: 1503.1579 | W11: 300.63158 | X11: =RANK(W11, W$7:W$21) -> 1 | Z11: 5 | AA11: 1449 | AB11: 289.8 | AC11: =RANK(AB11, AB$7:AB$21) -> 3 | AE11: 5 | AF11: 1485 | AG11: 297 | AH11: =RANK(AG11, AG$7:AG$21) -> 2 | AJ11: 5 | AK11: 1492.5 | AL11: 298.5 | AM11: =RANK(AL11, AL$7:AL$21) -> 1 | AO11: 5 | AP11: 1442.7273 | AQ11: 288.54545 | AR11: =RANK(AQ11, AQ$7:AQ$21) -> 3 | AT11: 5 | AU11: 1503.1579 | AV11: 300.63158 | AW11: =RANK(AV11, AV$7:AV$21) -> 1
C12: 6 | D12: 鮪魚沙拉細卷 | E12: 5 | F12: 1500 | G12: 300 | I12: =AVERAGE(P12,U12,Z12,AE12,AJ12,AO12,AT12) -> 5 | J12: =AVERAGE(Q12,V12,AA12,AF12,AK12,AP12,AU12) -> 1477.7567 | K12: =AVERAGE(R12,W12,AB12,AG12,AL12,AQ12,AV12) -> 295.55134 | M12: =RANK(K12, K$7:$K$21) -> 2 | P12: 5 | Q12: 1491.7241 | R12: 298.34483 | S12: =RANK(R12, R$7:R$21) -> 1 | U12: 5 | V12: 1475.1724 | W12: 295.03448 | X12: =RANK(W12, W$7:W$21) -> 2 | Z12: 5 | AA12: 1467.8571 | AB12: 293.57143 | AC12: =RANK(AB12, AB$7:AB$21) -> 1 | AE12: 5 | AF12: 1452 | AG12: 290.4 | AH12: =RANK(AG12, AG$7:AG$21) -> 3 | AJ12: 5 | AK12: 1490 | AL12: 298 | AM12: =RANK(AL12, AL$7:AL$21) -> 2 | AO12: 5 | AP12: 1473.75 | AQ12: 294.75 | AR12: =RANK(AQ12, AQ$7:AQ$21) -> 1 | AT12: 5 | AU12: 1493.7931 | AV12: 298.75862 | AW12: =RANK(AV12, AV$7:AV$21) -> 2
C13: 7 | D13: 炙烤焦糖鮭魚細卷 | E13: 5 | F13: 1500 | G13: 300 | I13: =AVERAGE(P13,U13,Z13,AE13,AJ13,AO13,AT13) -> 5 | J13: =AVERAGE(Q13,V13,AA13,AF13,AK13,AP13,AU13) -> 1507.9666 | K13: =AVERAGE(R13,W13,AB13,AG13,AL13,AQ13,AV13) -> 301.59332 | M13: =RANK(K13, K$7:$K$21) -> 1 | P13: 5 | Q13: 1425 | R13: 285 | S13: =RANK(R13, R$7:R$21) -> 3 | U13: 5 | V13: 1440 | W13: 288 | X13: =RANK(W13, W$7:W$21) -> 3 | Z13: 5 | AA13: 1450.9091 | AB13: 290.18182 | AC13: =RANK(AB13, AB$7:AB$21) -> 2 | AE13: 5 | AF13: 1950 | AG13: 390 | AH13: =RANK(AG13, AG$7:AG$21) -> 1 | AJ13: 5 | AK13: 1392 | AL13: 278.4 | AM13: =RANK(AL13, AL$7:AL$21) -> 3 | AO13: 5 | AP13: 1452.8571 | AQ13: 290.57143 | AR13: =RANK(AQ13, AQ$7:AQ$21) -> 2 | AT13: 5 | AU13: 1445 | AV13: 289 | AW13: =RANK(AV13, AV$7:AV$21) -> 3
C14: 8 | D14: 新之助の豆皮壽司喔 | E14: 10 | F14: 1500 | G14: 150 | M14: =RANK(K14, K$7:$K$21) -> #N/A | P14: 10 | Q14: 1518.8571 | R14: 151.88571 | S14: =RANK(R14, R$7:R$21) -> 6 | U14: 10 | V14: 1487.1429 | W14: 148.71429 | X14: =RANK(W14, W$7:W$21) -> 5 | Z14: 10 | AA14: 1524.9231 | AB14: 152.49231 | AC14: =RANK(AB14, AB$7:AB$21) -> 6 | AE14: 10 | AF14: 1468.3636 | AG14: 146.83636 | AH14: =RANK(AG14, AG$7:AG$21) -> 5 | AJ14: 10 | AK14: 1449.8182 | AL14: 144.98182 | AM14: =RANK(AL14, AL$7:AL$21) -> 5 | AO14: 10 | AP14: 1526.5714 | AQ14: 152.65714 | AR14: =RANK(AQ14, AQ$7:AQ$21) -> 4 | AW14: =RANK(AV14, AV$7:AV$21) -> #N/A
C15: 9 | M15: =RANK(K15, K$7:$K$21) -> #N/A | S15: =RANK(R15, R$7:R$21) -> #N/A | X15: =RANK(W15, W$7:W$21) -> #N/A | AC15: =RANK(AB15, AB$7:AB$21) -> #N/A | AH15: =RANK(AG15, AG$7:AG$21) -> #N/A | AM15: =RANK(AL15, AL$7:AL$21) -> #N/A | AR15: =RANK(AQ15, AQ$7:AQ$21) -> #N/A | AW15: =RANK(AV15, AV$7:AV$21) -> #N/A
C16: 10 | M16: =RANK(K16, K$7:$K$21) -> #N/A | S16: =RANK(R16, R$7:R$21) -> #N/A | X16: =RANK(W16, W$7:W$21) -> #N/A | AC16: =RANK(AB16, AB$7:AB$21) -> #N/A | AH16: =RANK(AG16, AG$7:AG$21) -> #N/A | AM16: =RANK(AL16, AL$7:AL$21) -> #N/A | AR16: =RANK(AQ16, AQ$7:AQ$21) -> #N/A | AW16: =RANK(AV16, AV$7:AV$21) -> #N/A
C17: 11 | M17: =RANK(K17, K$7:$K$21) -> #N/A | S17: =RANK(R17, R$7:R$21) -> #N/A | X17: =RANK(W17, W$7:W$21) -> #N/A | AC17: =RANK(AB17, AB$7:AB$21) -> #N/A | AH17: =RANK(AG17, AG$7:AG$21) -> #N/A | AM17: =RANK(AL17, AL$7:AL$21) -> #N/A | AR17: =RANK(AQ17, AQ$7:AQ$21) -> #N/A | AW17: =RANK(AV17, AV$7:AV$21) -> #N/A
C18: 12 | M18: =RANK(K18, K$7:$K$21) -> #N/A | S18: =RANK(R18, R$7:R$21) -> #N/A | X18: =RANK(W18, W$7:W$21) -> #N/A | AC18: =RANK(AB18, AB$7:AB$21) -> #N/A | AH18: =RANK(AG18, AG$7:AG$21) -> #N/A | AM18: =RANK(AL18, AL$7:AL$21) -> #N/A | AR18: =RANK(AQ18, AQ$7:AQ$21) -> #N/A | AW18: =RANK(AV18, AV$7:AV$21) -> #N/A
C19: 13 | M19: =RANK(K19, K$7:$K$21) -> #N/A | S19: =RANK(R19, R$7:R$21) -> #N/A | X19: =RANK(W19, W$7:W$21) -> #N/A | AC19: =RANK(AB19, AB$7:AB$21) -> #N/A | AH19: =RANK(AG19, AG$7:AG$21) -> #N/A | AM19: =RANK(AL19, AL$7:AL$21) -> #N/A | AR19: =RANK(AQ19, AQ$7:AQ$21) -> #N/A | AW19: =RANK(AV19, AV$7:AV$21) -> #N/A
C20: 14 | M20: =RANK(K20, K$7:$K$21) -> #N/A | S20: =RANK(R20, R$7:R$21) -> #N/A | X20: =RANK(W20, W$7:W$21) -> #N/A | AC20: =RANK(AB20, AB$7:AB$21) -> #N/A | AH20: =RANK(AG20, AG$7:AG$21) -> #N/A | AM20: =RANK(AL20, AL$7:AL$21) -> #N/A | AR20: =RANK(AQ20, AQ$7:AQ$21) -> #N/A | AW20: =RANK(AV20, AV$7:AV$21) -> #N/A
C21: 15 | M21: =RANK(K21, K$7:$K$21) -> #N/A | S21: =RANK(R21, R$7:R$21) -> #N/A | X21: =RANK(W21, W$7:W$21) -> #N/A | AC21: =RANK(AB21, AB$7:AB$21) -> #N/A | AH21: =RANK(AG21, AG$7:AG$21) -> #N/A | AM21: =RANK(AL21, AL$7:AL$21) -> #N/A | AR21: =RANK(AQ21, AQ$7:AQ$21) -> #N/A | AW21: =RANK(AV21, AV$7:AV$21) -> #N/A
B22: 產線配置圖－每週更新 | N22: 資料繳交 | O22: 日期 | P22: =AT2+1 -> 45902 | U22: =P22+1 -> 45903 | Z22: =U22+1 -> 45904 | AE22: =Z22+1 -> 45905 | AJ22: =AE22+1 -> 45906 | AO22: =AJ22+1 -> 45907 | AT22: =AO22+1 -> 45908
P23: 二 | U23: 三 | Z23: 四 | AE23: 五 | AJ23: 六 | AO23: 日 | AT23: 一
B24: 品群 | C24: 商品名稱 | E24: 計畫 | H24: 平均人時性 | I24: 實績 | L24: 平均人時性 | M24: 排名 | O24: 日報 | P24: 實際 | T24: 平均人時性 | U24: 實際 | Y24: 平均人時性 | Z24: 實際 | AD24: 平均人時性 | AE24: 實際 | AI24: 平均人時性 | AJ24: 實際 | AN24: 平均人時性 | AO24: 實際 | AS24: 平均人時性 | AT24: 實際 | AX24: 平均人時性
E25: 產線配置圖 | I25: 產線配置圖 | P25: 生產實績 | U25: 生產實績 | Z25: 生產實績 | AE25: 生產實績 | AJ25: 生產實績 | AO25: 生產實績 | AT25: 生產實績
E26: 人數 | F26: 產能／時 | G26: 人時性 | I26: 人數 | J26: 產能／時 | K26: 人時性 | P26: 人數 | Q26: 產能／時 | R26: 人時性 | S26: 排名 | U26: 人數 | V26: 產能／時 | W26: 人時性 | X26: 排名 | Z26: 人數 | AA26: 產能／時 | AB26: 人時性 | AC26: 排名 | AE26: 人數 | AF26: 產能／時 | AG26: 人時性 | AH26: 排名 | AJ26: 人數 | AK26: 產能／時 | AL26: 人時性 | AM26: 排名 | AO26: 人數 | AP26: 產能／時 | AQ26: 人時性 | AR26: 排名 | AT26: 人數 | AU26: 產能／時 | AV26: 人時性 | AW26: 排名
B27: 18℃-壽司手卷 | C27: 1 | D27: 日式厚蛋脆卷 | E27: 13 | F27: 1286.4 | G27: 98.953846 | H27: =AVERAGE(G27:G41) -> 196.72798 | I27: =AVERAGE(P27,U27,Z27,AE27,AJ27,AO27,AT27) -> 13 | J27: =AVERAGE(Q27,V27,AA27,AF27,AK27,AP27,AU27) -> 1286.4 | K27: =AVERAGE(R27,W27,AB27,AG27,AL27,AQ27,AV27) -> 98.953846 | L27: =IFERROR(AVERAGE(K27:K41),"-") -> 202.12384 | M27: =RANK(K27, K$27:$K$41) -> 7 | P27: 13 | Q27: 1286.4 | R27: 98.953846 | S27: =RANK(R27, R$27:R$41) -> 8 | T27: =AVERAGE(R27:R41) -> 196.72798 | X27: =RANK(W27, W$27:W$41) -> #N/A | Y27: =AVERAGE(W27:W41) -> 212.59081 | AC27: =RANK(AB27, AB$27:AB$41) -> #N/A | AD27: =AVERAGE(AB27:AB41) -> 211.72952 | AH27: =RANK(AG27, AG$27:AG$41) -> #N/A | AI27: =AVERAGE(AG27:AG41) -> 197.15054 | AM27: =RANK(AL27, AL$27:AL$41) -> #N/A | AN27: =AVERAGE(AL27:AL41) -> 209.86735 | AR27: =RANK(AQ27, AQ$27:AQ$41) -> #N/A | AS27: =AVERAGE(AQ27:AQ41) -> 212.18078 | AW27: =RANK(AV27, AV$27:AV$41) -> #N/A | AX27: =AVERAGE(AV27:AV41) -> 209.31545
C28: 2 | D28: 長野稻荷壽司 | E28: 10 | F28: 1447.5 | G28: 144.75 | I28: =AVERAGE(P28,U28,Z28,AE28,AJ28,AO28,AT28) -> 12.571429 | J28: =AVERAGE(Q28,V28,AA28,AF28,AK28,AP28,AU28) -> 1456.5714 | K28: =AVERAGE(R28,W28,AB28,AG28,AL28,AQ28,AV28) -> 116.81593 | M28: =RANK(K28, K$27:$K$41) -> 6 | P28: 10 | Q28: 1447.5 | R28: 144.75 | S28: =RANK(R28, R$27:R$41) -> 7 | U28: 13 | V28: 1395 | W28: 107.30769 | X28: =RANK(W28, W$27:W$41) -> 7 | Z28: 13 | AA28: 1356 | AB28: 104.30769 | AC28: =RANK(AB28, AB$27:AB$41) -> 7 | AE28: 13 | AF28: 1514 | AG28: 116.46154 | AH28: =RANK(AG28, AG$27:AG$41) -> 7 | AJ28: 13 | AK28: 1542 | AL28: 118.61538 | AM28: =RANK(AL28, AL$27:AL$41) -> 7 | AO28: 13 | AP28: 1531.5 | AQ28: 117.80769 | AR28: =RANK(AQ28, AQ$27:AQ$41) -> 7 | AT28: 13 | AU28: 1410 | AV28: 108.46154 | AW28: =RANK(AV28, AV$27:AV$41) -> 7
C29: 3 | D29: 雙饗雙手卷 | E29: 12 | F29: 1857.3333 | G29: 154.77778 | I29: =AVERAGE(P29,U29,Z29,AE29,AJ29,AO29,AT29) -> 10.285714 | J29: =AVERAGE(Q29,V29,AA29,AF29,AK29,AP29,AU29) -> 1753.2048 | K29: =AVERAGE(R29,W29,AB29,AG29,AL29,AQ29,AV29) -> 170.89825 | M29: =RANK(K29, K$27:$K$41) -> 4 | P29: 12 | Q29: 1857.3333 | R29: 154.77778 | S29: =RANK(R29, R$27:R$41) -> 4 | U29: 10 | V29: 1804.8 | W29: 180.48 | X29: =RANK(W29, W$27:W$41) -> 4 | Z29: 10 | AA29: 1807.2 | AB29: 180.72 | AC29: =RANK(AB29, AB$27:AB$41) -> 4 | AE29: 10 | AF29: 1422 | AG29: 142.2 | AH29: =RANK(AG29, AG$27:AG$41) -> 4 | AJ29: 10 | AK29: 1735.5 | AL29: 173.55 | AM29: =RANK(AL29, AL$27:AL$41) -> 4 | AO29: 10 | AP29: 1776 | AQ29: 177.6 | AR29: =RANK(AQ29, AQ$27:AQ$41) -> 4 | AT29: 10 | AU29: 1869.6 | AV29: 186.96 | AW29: =RANK(AV29, AV$27:AV$41) -> 4
C30: 4 | D30: 海饌雙手卷 | E30: 12 | F30: 1850.6667 | G30: 154.22222 | I30: =AVERAGE(P30,U30,Z30,AE30,AJ30,AO30,AT30) -> 12 | J30: =AVERAGE(Q30,V30,AA30,AF30,AK30,AP30,AU30) -> 1807.3333 | K30: =AVERAGE(R30,W30,AB30,AG30,AL30,AQ30,AV30) -> 150.61111 | M30: =RANK(K30, K$27:$K$41) -> 5 | P30: 12 | Q30: 1850.6667 | R30: 154.22222 | S30: =RANK(R30, R$27:R$41) -> 5 | U30: 12 | V30: 1942.6667 | W30: 161.88889 | X30: =RANK(W30, W$27:W$41) -> 5 | Z30: 12 | AA30: 1889.3333 | AB30: 157.44444 | AC30: =RANK(AB30, AB$27:AB$41) -> 5 | AE30: 12 | AF30: 1454.6667 | AG30: 121.22222 | AH30: =RANK(AG30, AG$27:AG$41) -> 6 | AJ30: 12 | AK30: 1836 | AL30: 153 | AM30: =RANK(AL30, AL$27:AL$41) -> 5 | AO30: 12 | AP30: 1891.2 | AQ30: 157.6 | AR30: =RANK(AQ30, AQ$27:AQ$41) -> 5 | AT30: 12 | AU30: 1786.8 | AV30: 148.9 | AW30: =RANK(AV30, AV$27:AV$41) -> 6
C31: 5 | D31: 芝麻海苔香鬆細卷 | E31: 5 | F31: 1461 | G31: 292.2 | I31: =AVERAGE(P31,U31,Z31,AE31,AJ31,AO31,AT31) -> 5 | J31: =AVERAGE(Q31,V31,AA31,AF31,AK31,AP31,AU31) -> 1457.4031 | K31: =AVERAGE(R31,W31,AB31,AG31,AL31,AQ31,AV31) -> 291.48061 | M31: =RANK(K31, K$27:$K$41) -> 2 | P31: 5 | Q31: 1461 | R31: 292.2 | S31: =RANK(R31, R$27:R$41) -> 2 | U31: 5 | V31: 1488 | W31: 297.6 | X31: =RANK(W31, W$27:W$41) -> 3 | Z31: 5 | AA31: 1477.1429 | AB31: 295.42857 | AC31: =RANK(AB31, AB$27:AB$41) -> 2 | AE31: 5 | AF31: 1436.25 | AG31: 287.25 | AH31: =RANK(AG31, AG$27:AG$41) -> 2 | AJ31: 5 | AK31: 1448 | AL31: 289.6 | AM31: =RANK(AL31, AL$27:AL$41) -> 3 | AO31: 5 | AP31: 1440 | AQ31: 288 | AR31: =RANK(AQ31, AQ$27:AQ$41) -> 2 | AT31: 5 | AU31: 1451.4286 | AV31: 290.28571 | AW31: =RANK(AV31, AV$27:AV$41) -> 2
C32: 6 | D32: 鮪魚沙拉細卷 | E32: 5 | F32: 1504 | G32: 300.8 | I32: =AVERAGE(P32,U32,Z32,AE32,AJ32,AO32,AT32) -> 5 | J32: =AVERAGE(Q32,V32,AA32,AF32,AK32,AP32,AU32) -> 1481.1622 | K32: =AVERAGE(R32,W32,AB32,AG32,AL32,AQ32,AV32) -> 296.23244 | M32: =RANK(K32, K$27:$K$41) -> 1 | P32: 5 | Q32: 1504 | R32: 300.8 | S32: =RANK(R32, R$27:R$41) -> 1 | U32: 5 | V32: 1491.7241 | W32: 298.34483 | X32: =RANK(W32, W$27:W$41) -> 2 | Z32: 5 | AA32: 1475.1724 | AB32: 295.03448 | AC32: =RANK(AB32, AB$27:AB$41) -> 3 | AE32: 5 | AF32: 1455 | AG32: 291 | AH32: =RANK(AG32, AG$27:AG$41) -> 1 | AJ32: 5 | AK32: 1479.1304 | AL32: 295.82609 | AM32: =RANK(AL32, AL$27:AL$41) -> 1 | AO32: 5 | AP32: 1501.8182 | AQ32: 300.36364 | AR32: =RANK(AQ32, AQ$27:AQ$41) -> 1 | AT32: 5 | AU32: 1461.2903 | AV32: 292.25806 | AW32: =RANK(AV32, AV$27:AV$41) -> 1
C33: 7 | D33: 炙烤焦糖鮭魚細卷 | E33: 5 | F33: 1408 | G33: 281.6 | I33: =AVERAGE(P33,U33,Z33,AE33,AJ33,AO33,AT33) -> 5 | J33: =AVERAGE(Q33,V33,AA33,AF33,AK33,AP33,AU33) -> 1449.3733 | K33: =AVERAGE(R33,W33,AB33,AG33,AL33,AQ33,AV33) -> 289.87467 | M33: =RANK(K33, K$27:$K$41) -> 3 | P33: 5 | Q33: 1408 | R33: 281.6 | S33: =RANK(R33, R$27:R$41) -> 3 | U33: 5 | V33: 1508.5714 | W33: 301.71429 | X33: =RANK(W33, W$27:W$41) -> 1 | Z33: 5 | AA33: 1482.8571 | AB33: 296.57143 | AC33: =RANK(AB33, AB$27:AB$41) -> 1 | AE33: 5 | AF33: 1404 | AG33: 280.8 | AH33: =RANK(AG33, AG$27:AG$41) -> 3 | AJ33: 5 | AK33: 1470 | AL33: 294 | AM33: =RANK(AL33, AL$27:AL$41) -> 2 | AO33: 5 | AP33: 1436.4706 | AQ33: 287.29412 | AR33: =RANK(AQ33, AQ$27:AQ$41) -> 3 | AT33: 5 | AU33: 1435.7143 | AV33: 287.14286 | AW33: =RANK(AV33, AV$27:AV$41) -> 3
C34: 8 | D34: 新之助の豆皮壽司喔 | E34: 10 | F34: 1465.2 | G34: 146.52 | M34: =RANK(K34, K$27:$K$41) -> #N/A | P34: 10 | Q34: 1465.2 | R34: 146.52 | S34: =RANK(R34, R$27:R$41) -> 6 | U34: 10 | V34: 1408 | W34: 140.8 | X34: =RANK(W34, W$27:W$41) -> 6 | Z34: 10 | AA34: 1526 | AB34: 152.6 | AC34: =RANK(AB34, AB$27:AB$41) -> 6 | AE34: 10 | AF34: 1411.2 | AG34: 141.12 | AH34: =RANK(AG34, AG$27:AG$41) -> 5 | AJ34: 10 | AK34: 1444.8 | AL34: 144.48 | AM34: =RANK(AL34, AL$27:AL$41) -> 6 | AO34: 10 | AP34: 1566 | AQ34: 156.6 | AR34: =RANK(AQ34, AQ$27:AQ$41) -> 6 | AT34: 10 | AU34: 1512 | AV34: 151.2 | AW34: =RANK(AV34, AV$27:AV$41) -> 5
C35: 9 | M35: =RANK(K35, K$27:$K$41) -> #N/A | S35: =RANK(R35, R$27:R$41) -> #N/A | X35: =RANK(W35, W$27:W$41) -> #N/A | AC35: =RANK(AB35, AB$27:AB$41) -> #N/A | AH35: =RANK(AG35, AG$27:AG$41) -> #N/A | AM35: =RANK(AL35, AL$27:AL$41) -> #N/A | AR35: =RANK(AQ35, AQ$27:AQ$41) -> #N/A | AW35: =RANK(AV35, AV$27:AV$41) -> #N/A
C36: 10 | M36: =RANK(K36, K$27:$K$41) -> #N/A | S36: =RANK(R36, R$27:R$41) -> #N/A | X36: =RANK(W36, W$27:W$41) -> #N/A | AC36: =RANK(AB36, AB$27:AB$41) -> #N/A | AH36: =RANK(AG36, AG$27:AG$41) -> #N/A | AM36: =RANK(AL36, AL$27:AL$41) -> #N/A | AR36: =RANK(AQ36, AQ$27:AQ$41) -> #N/A | AW36: =RANK(AV36, AV$27:AV$41) -> #N/A
C37: 11 | M37: =RANK(K37, K$27:$K$41) -> #N/A | S37: =RANK(R37, R$27:R$41) -> #N/A | X37: =RANK(W37, W$27:W$41) -> #N/A | AC37: =RANK(AB37, AB$27:AB$41) -> #N/A | AH37: =RANK(AG37, AG$27:AG$41) -> #N/A | AM37: =RANK(AL37, AL$27:AL$41) -> #N/A | AR37: =RANK(AQ37, AQ$27:AQ$41) -> #N/A | AW37: =RANK(AV37, AV$27:AV$41) -> #N/A
C38: 12 | M38: =RANK(K38, K$27:$K$41) -> #N/A | S38: =RANK(R38, R$27:R$41) -> #N/A | X38: =RANK(W38, W$27:W$41) -> #N/A | AC38: =RANK(AB38, AB$27:AB$41) -> #N/A | AH38: =RANK(AG38, AG$27:AG$41) -> #N/A | AM38: =RANK(AL38, AL$27:AL$41) -> #N/A | AR38: =RANK(AQ38, AQ$27:AQ$41) -> #N/A | AW38: =RANK(AV38, AV$27:AV$41) -> #N/A
C39: 13 | M39: =RANK(K39, K$27:$K$41) -> #N/A | S39: =RANK(R39, R$27:R$41) -> #N/A | X39: =RANK(W39, W$27:W$41) -> #N/A | AC39: =RANK(AB39, AB$27:AB$41) -> #N/A | AH39: =RANK(AG39, AG$27:AG$41) -> #N/A | AM39: =RANK(AL39, AL$27:AL$41) -> #N/A | AR39: =RANK(AQ39, AQ$27:AQ$41) -> #N/A | AW39: =RANK(AV39, AV$27:AV$41) -> #N/A
C40: 14 | M40: =RANK(K40, K$27:$K$41) -> #N/A | S40: =RANK(R40, R$27:R$41) -> #N/A | X40: =RANK(W40, W$27:W$41) -> #N/A | AC40: =RANK(AB40, AB$27:AB$41) -> #N/A | AH40: =RANK(AG40, AG$27:AG$41) -> #N/A | AM40: =RANK(AL40, AL$27:AL$41) -> #N/A | AR40: =RANK(AQ40, AQ$27:AQ$41) -> #N/A | AW40: =RANK(AV40, AV$27:AV$41) -> #N/A
C41: 15 | M41: =RANK(K41, K$27:$K$41) -> #N/A | S41: =RANK(R41, R$27:R$41) -> #N/A | X41: =RANK(W41, W$27:W$41) -> #N/A | AC41: =RANK(AB41, AB$27:AB$41) -> #N/A | AH41: =RANK(AG41, AG$27:AG$41) -> #N/A | AM41: =RANK(AL41, AL$27:AL$41) -> #N/A | AR41: =RANK(AQ41, AQ$27:AQ$41) -> #N/A | AW41: =RANK(AV41, AV$27:AV$41) -> #N/A
B42: 產線配置圖－每週更新 | N42: 資料繳交 | O42: 日期 | P42: =P22+7 -> 45909 | U42: =P42+1 -> 45910 | Z42: =U42+1 -> 45911 | AE42: =Z42+1 -> 45912 | AJ42: =AE42+1 -> 45913 | AO42: =AJ42+1 -> 45914 | AT42: =AO42+1 -> 45915
P43: 二 | U43: 三 | Z43: 四 | AE43: 五 | AJ43: 六 | AO43: 日 | AT43: 一
B44: 品群 | C44: 商品名稱 | E44: 計畫 | H44: 平均人時性 | I44: 實績 | L44: 平均人時性 | M44: 排名 | O44: 日報 | P44: 實際 | T44: 平均人時性 | U44: 實際 | Y44: 平均人時性 | Z44: 實際 | AD44: 平均人時性 | AE44: 實際 | AI44: 平均人時性 | AJ44: 實際 | AN44: 平均人時性 | AO44: 實際 | AS44: 平均人時性 | AT44: 實際 | AX44: 平均人時性
E45: 產線配置圖 | I45: 產線配置圖 | P45: 生產實績 | U45: 生產實績 | Z45: 生產實績 | AE45: 生產實績 | AJ45: 生產實績 | AO45: 生產實績 | AT45: 生產實績
E46: 人數 | F46: 產能／時 | G46: 人時性 | I46: 人數 | J46: 產能／時 | K46: 人時性 | P46: 人數 | Q46: 產能／時 | R46: 人時性 | S46: 排名 | U46: 人數 | V46: 產能／時 | W46: 人時性 | X46: 排名 | Z46: 人數 | AA46: 產能／時 | AB46: 人時性 | AC46: 排名 | AE46: 人數 | AF46: 產能／時 | AG46: 人時性 | AH46: 排名 | AJ46: 人數 | AK46: 產能／時 | AL46: 人時性 | AM46: 排名 | AO46: 人數 | AP46: 產能／時 | AQ46: 人時性 | AR46: 排名 | AT46: 人數 | AU46: 產能／時 | AV46: 人時性 | AW46: 排名
B47: 18℃-壽司手卷 | C47: 1 | H47: =AVERAGE(G47:G61) -> #DIV/0! | I47: =AVERAGE(P47,U47,Z47,AE47,AJ47,AO47,AT47) -> #DIV/0! | J47: =AVERAGE(Q47,V47,AA47,AF47,AK47,AP47,AU47) -> #DIV/0! | K47: =AVERAGE(R47,W47,AB47,AG47,AL47,AQ47,AV47) -> #DIV/0! | L47: =IFERROR(AVERAGE(K47:K61),"-") -> - | M47: =RANK(K47, K$87:$K$101) -> #DIV/0! | S47: =RANK(R47, R$87:R$101) -> #N/A | T47: =AVERAGE(R47:R61) -> #DIV/0! | X47: =RANK(W47, W$87:W$101) -> #N/A | Y47: =AVERAGE(W47:W61) -> #DIV/0! | AC47: =RANK(AB47, AB$87:AB$101) -> #N/A | AD47: =AVERAGE(AB47:AB61) -> #DIV/0! | AH47: =RANK(AG47, AG$87:AG$101) -> #N/A | AI47: =AVERAGE(AG47:AG61) -> #DIV/0! | AM47: =RANK(AL47, AL$87:AL$101) -> #N/A | AN47: =AVERAGE(AL47:AL61) -> #DIV/0! | AR47: =RANK(AQ47, AQ$87:AQ$101) -> #N/A | AS47: =AVERAGE(AQ47:AQ61) -> #DIV/0! | AW47: =RANK(AV47, AV$87:AV$101) -> #N/A | AX47: =AVERAGE(AV47:AV61) -> #DIV/0!
C48: 2 | I48: =AVERAGE(P48,U48,Z48,AE48,AJ48,AO48,AT48) -> #DIV/0! | J48: =AVERAGE(Q48,V48,AA48,AF48,AK48,AP48,AU48) -> #DIV/0! | K48: =AVERAGE(R48,W48,AB48,AG48,AL48,AQ48,AV48) -> #DIV/0! | M48: =RANK(K48, K$87:$K$101) -> #DIV/0! | S48: =RANK(R48, R$87:R$101) -> #N/A | X48: =RANK(W48, W$87:W$101) -> #N/A | AC48: =RANK(AB48, AB$87:AB$101) -> #N/A | AH48: =RANK(AG48, AG$87:AG$101) -> #N/A | AM48: =RANK(AL48, AL$87:AL$101) -> #N/A | AR48: =RANK(AQ48, AQ$87:AQ$101) -> #N/A | AW48: =RANK(AV48, AV$87:AV$101) -> #N/A
C49: 3 | I49: =AVERAGE(P49,U49,Z49,AE49,AJ49,AO49,AT49) -> #DIV/0! | J49: =AVERAGE(Q49,V49,AA49,AF49,AK49,AP49,AU49) -> #DIV/0! | K49: =AVERAGE(R49,W49,AB49,AG49,AL49,AQ49,AV49) -> #DIV/0! | M49: =RANK(K49, K$87:$K$101) -> #DIV/0! | S49: =RANK(R49, R$87:R$101) -> #N/A | X49: =RANK(W49, W$87:W$101) -> #N/A | AC49: =RANK(AB49, AB$87:AB$101) -> #N/A | AH49: =RANK(AG49, AG$87:AG$101) -> #N/A | AM49: =RANK(AL49, AL$87:AL$101) -> #N/A | AR49: =RANK(AQ49, AQ$87:AQ$101) -> #N/A | AW49: =RANK(AV49, AV$87:AV$101) -> #N/A
C50: 4 | I50: =AVERAGE(P50,U50,Z50,AE50,AJ50,AO50,AT50) -> #DIV/0! | J50: =AVERAGE(Q50,V50,AA50,AF50,AK50,AP50,AU50) -> #DIV/0! | K50: =AVERAGE(R50,W50,AB50,AG50,AL50,AQ50,AV50) -> #DIV/0! | M50: =RANK(K50, K$87:$K$101) -> #DIV/0! | S50: =RANK(R50, R$87:R$101) -> #N/A | X50: =RANK(W50, W$87:W$101) -> #N/A | AC50: =RANK(AB50, AB$87:AB$101) -> #N/A | AH50: =RANK(AG50, AG$87:AG$101) -> #N/A | AM50: =RANK(AL50, AL$87:AL$101) -> #N/A | AR50: =RANK(AQ50, AQ$87:AQ$101) -> #N/A | AW50: =RANK(AV50, AV$87:AV$101) -> #N/A
C51: 5 | I51: =AVERAGE(P51,U51,Z51,AE51,AJ51,AO51,AT51) -> #DIV/0! | J51: =AVERAGE(Q51,V51,AA51,AF51,AK51,AP51,AU51) -> #DIV/0! | K51: =AVERAGE(R51,W51,AB51,AG51,AL51,AQ51,AV51) -> #DIV/0! | M51: =RANK(K51, K$87:$K$101) -> #DIV/0! | S51: =RANK(R51, R$87:R$101) -> #N/A | X51: =RANK(W51, W$87:W$101) -> #N/A | AC51: =RANK(AB51, AB$87:AB$101) -> #N/A | AH51: =RANK(AG51, AG$87:AG$101) -> #N/A | AM51: =RANK(AL51, AL$87:AL$101) -> #N/A | AR51: =RANK(AQ51, AQ$87:AQ$101) -> #N/A | AW51: =RANK(AV51, AV$87:AV$101) -> #N/A
C52: 6 | I52: =AVERAGE(P52,U52,Z52,AE52,AJ52,AO52,AT52) -> #DIV/0! | J52: =AVERAGE(Q52,V52,AA52,AF52,AK52,AP52,AU52) -> #DIV/0! | K52: =AVERAGE(R52,W52,AB52,AG52,AL52,AQ52,AV52) -> #DIV/0! | M52: =RANK(K52, K$87:$K$101) -> #DIV/0! | S52: =RANK(R52, R$87:R$101) -> #N/A | X52: =RANK(W52, W$87:W$101) -> #N/A | AC52: =RANK(AB52, AB$87:AB$101) -> #N/A | AH52: =RANK(AG52, AG$87:AG$101) -> #N/A | AM52: =RANK(AL52, AL$87:AL$101) -> #N/A | AR52: =RANK(AQ52, AQ$87:AQ$101) -> #N/A | AW52: =RANK(AV52, AV$87:AV$101) -> #N/A
C53: 7 | I53: =AVERAGE(P53,U53,Z53,AE53,AJ53,AO53,AT53) -> #DIV/0! | J53: =AVERAGE(Q53,V53,AA53,AF53,AK53,AP53,AU53) -> #DIV/0! | K53: =AVERAGE(R53,W53,AB53,AG53,AL53,AQ53,AV53) -> #DIV/0! | M53: =RANK(K53, K$87:$K$101) -> #DIV/0! | S53: =RANK(R53, R$87:R$101) -> #N/A | X53: =RANK(W53, W$87:W$101) -> #N/A | AC53: =RANK(AB53, AB$87:AB$101) -> #N/A | AH53: =RANK(AG53, AG$87:AG$101) -> #N/A | AM53: =RANK(AL53, AL$87:AL$101) -> #N/A | AR53: =RANK(AQ53, AQ$87:AQ$101) -> #N/A | AW53: =RANK(AV53, AV$87:AV$101) -> #N/A
C54: 8 | M54: =RANK(K54, K$87:$K$101) -> #DIV/0! | S54: =RANK(R54, R$87:R$101) -> #N/A | X54: =RANK(W54, W$87:W$101) -> #N/A | AC54: =RANK(AB54, AB$87:AB$101) -> #N/A | AH54: =RANK(AG54, AG$87:AG$101) -> #N/A | AM54: =RANK(AL54, AL$87:AL$101) -> #N/A | AR54: =RANK(AQ54, AQ$87:AQ$101) -> #N/A | AW54: =RANK(AV54, AV$87:AV$101) -> #N/A
C55: 9 | M55: =RANK(K55, K$87:$K$101) -> #DIV/0! | S55: =RANK(R55, R$87:R$101) -> #N/A | X55: =RANK(W55, W$87:W$101) -> #N/A | AC55: =RANK(AB55, AB$87:AB$101) -> #N/A | AH55: =RANK(AG55, AG$87:AG$101) -> #N/A | AM55: =RANK(AL55, AL$87:AL$101) -> #N/A | AR55: =RANK(AQ55, AQ$87:AQ$101) -> #N/A | AW55: =RANK(AV55, AV$87:AV$101) -> #N/A
C56: 10 | M56: =RANK(K56, K$87:$K$101) -> #DIV/0! | S56: =RANK(R56, R$87:R$101) -> #N/A | X56: =RANK(W56, W$87:W$101) -> #N/A | AC56: =RANK(AB56, AB$87:AB$101) -> #N/A | AH56: =RANK(AG56, AG$87:AG$101) -> #N/A | AM56: =RANK(AL56, AL$87:AL$101) -> #N/A | AR56: =RANK(AQ56, AQ$87:AQ$101) -> #N/A | AW56: =RANK(AV56, AV$87:AV$101) -> #N/A
C57: 11 | M57: =RANK(K57, K$87:$K$101) -> #DIV/0! | S57: =RANK(R57, R$87:R$101) -> #N/A | X57: =RANK(W57, W$87:W$101) -> #N/A | AC57: =RANK(AB57, AB$87:AB$101) -> #N/A | AH57: =RANK(AG57, AG$87:AG$101) -> #N/A | AM57: =RANK(AL57, AL$87:AL$101) -> #N/A | AR57: =RANK(AQ57, AQ$87:AQ$101) -> #N/A | AW57: =RANK(AV57, AV$87:AV$101) -> #N/A
C58: 12 | M58: =RANK(K58, K$87:$K$101) -> #DIV/0! | S58: =RANK(R58, R$87:R$101) -> #N/A | X58: =RANK(W58, W$87:W$101) -> #N/A | AC58: =RANK(AB58, AB$87:AB$101) -> #N/A | AH58: =RANK(AG58, AG$87:AG$101) -> #N/A | AM58: =RANK(AL58, AL$87:AL$101) -> #N/A | AR58: =RANK(AQ58, AQ$87:AQ$101) -> #N/A | AW58: =RANK(AV58, AV$87:AV$101) -> #N/A
C59: 13 | M59: =RANK(K59, K$87:$K$101) -> #DIV/0! | S59: =RANK(R59, R$87:R$101) -> #N/A | X59: =RANK(W59, W$87:W$101) -> #N/A | AC59: =RANK(AB59, AB$87:AB$101) -> #N/A | AH59: =RANK(AG59, AG$87:AG$101) -> #N/A | AM59: =RANK(AL59, AL$87:AL$101) -> #N/A | AR59: =RANK(AQ59, AQ$87:AQ$101) -> #N/A | AW59: =RANK(AV59, AV$87:AV$101) -> #N/A
C60: 14 | M60: =RANK(K60, K$87:$K$101) -> #DIV/0! | S60: =RANK(R60, R$87:R$101) -> #N/A | X60: =RANK(W60, W$87:W$101) -> #N/A | AC60: =RANK(AB60, AB$87:AB$101) -> #N/A | AH60: =RANK(AG60, AG$87:AG$101) -> #N/A | AM60: =RANK(AL60, AL$87:AL$101) -> #N/A | AR60: =RANK(AQ60, AQ$87:AQ$101) -> #N/A | AW60: =RANK(AV60, AV$87:AV$101) -> #N/A
C61: 15 | M61: =RANK(K61, K$87:$K$101) -> #DIV/0! | S61: =RANK(R61, R$87:R$101) -> #N/A | X61: =RANK(W61, W$87:W$101) -> #N/A | AC61: =RANK(AB61, AB$87:AB$101) -> #N/A | AH61: =RANK(AG61, AG$87:AG$101) -> #N/A | AM61: =RANK(AL61, AL$87:AL$101) -> #N/A | AR61: =RANK(AQ61, AQ$87:AQ$101) -> #N/A | AW61: =RANK(AV61, AV$87:AV$101) -> #N/A
B62: 產線配置圖－每週更新 | N62: 資料繳交 | O62: 日期 | P62: =P42+7 -> 45916 | U62: =P62+1 -> 45917 | Z62: =U62+1 -> 45918 | AE62: =Z62+1 -> 45919 | AJ62: =AE62+1 -> 45920 | AO62: =AJ62+1 -> 45921 | AT62: =AO62+1 -> 45922
P63: 二 | U63: 三 | Z63: 四 | AE63: 五 | AJ63: 六 | AO63: 日 | AT63: 一
B64: 品群 | C64: 商品名稱 | E64: 計畫 | H64: 平均人時性 | I64: 實績 | L64: 平均人時性 | M64: 排名 | O64: 日報 | P64: 實際 | T64: 平均人時性 | U64: 實際 | Y64: 平均人時性 | Z64: 實際 | AD64: 平均人時性 | AE64: 實際 | AI64: 平均人時性 | AJ64: 實際 | AN64: 平均人時性 | AO64: 實際 | AS64: 平均人時性 | AT64: 實際 | AX64: 平均人時性
E65: 產線配置圖 | I65: 產線配置圖 | P65: 生產實績 | U65: 生產實績 | Z65: 生產實績 | AE65: 生產實績 | AJ65: 生產實績 | AO65: 生產實績 | AT65: 生產實績
E66: 人數 | F66: 產能／時 | G66: 人時性 | I66: 人數 | J66: 產能／時 | K66: 人時性 | P66: 人數 | Q66: 產能／時 | R66: 人時性 | S66: 排名 | U66: 人數 | V66: 產能／時 | W66: 人時性 | X66: 排名 | Z66: 人數 | AA66: 產能／時 | AB66: 人時性 | AC66: 排名 | AE66: 人數 | AF66: 產能／時 | AG66: 人時性 | AH66: 排名 | AJ66: 人數 | AK66: 產能／時 | AL66: 人時性 | AM66: 排名 | AO66: 人數 | AP66: 產能／時 | AQ66: 人時性 | AR66: 排名 | AT66: 人數 | AU66: 產能／時 | AV66: 人時性 | AW66: 排名
B67: 18℃-壽司手卷 | C67: 1 | H67: =AVERAGE(G67:G81) -> #DIV/0! | I67: =AVERAGE(P67,U67,Z67,AE67,AJ67,AO67,AT67) -> #DIV/0! | J67: =AVERAGE(Q67,V67,AA67,AF67,AK67,AP67,AU67) -> #DIV/0! | K67: =AVERAGE(R67,W67,AB67,AG67,AL67,AQ67,AV67) -> #DIV/0! | L67: =IFERROR(AVERAGE(K67:K81),"-") -> - | M67: =RANK(K67, K$87:$K$101) -> #DIV/0! | S67: =RANK(R67, R$87:R$101) -> #N/A | T67: =AVERAGE(R67:R81) -> #DIV/0! | X67: =RANK(W67, W$87:W$101) -> #N/A | Y67: =AVERAGE(W67:W81) -> #DIV/0! | AC67: =RANK(AB67, AB$87:AB$101) -> #N/A | AD67: =AVERAGE(AB67:AB81) -> #DIV/0! | AH67: =RANK(AG67, AG$87:AG$101) -> #N/A | AI67: =AVERAGE(AG67:AG81) -> #DIV/0! | AM67: =RANK(AL67, AL$87:AL$101) -> #N/A | AN67: =AVERAGE(AL67:AL81) -> #DIV/0! | AR67: =RANK(AQ67, AQ$87:AQ$101) -> #N/A | AS67: =AVERAGE(AQ67:AQ81) -> #DIV/0! | AW67: =RANK(AV67, AV$87:AV$101) -> #N/A | AX67: =AVERAGE(AV67:AV81) -> #DIV/0!
C68: 2 | I68: =AVERAGE(P68,U68,Z68,AE68,AJ68,AO68,AT68) -> #DIV/0! | J68: =AVERAGE(Q68,V68,AA68,AF68,AK68,AP68,AU68) -> #DIV/0! | K68: =AVERAGE(R68,W68,AB68,AG68,AL68,AQ68,AV68) -> #DIV/0! | M68: =RANK(K68, K$87:$K$101) -> #DIV/0! | S68: =RANK(R68, R$87:R$101) -> #N/A | X68: =RANK(W68, W$87:W$101) -> #N/A | AC68: =RANK(AB68, AB$87:AB$101) -> #N/A | AH68: =RANK(AG68, AG$87:AG$101) -> #N/A | AM68: =RANK(AL68, AL$87:AL$101) -> #N/A | AR68: =RANK(AQ68, AQ$87:AQ$101) -> #N/A | AW68: =RANK(AV68, AV$87:AV$101) -> #N/A
C69: 3 | I69: =AVERAGE(P69,U69,Z69,AE69,AJ69,AO69,AT69) -> #DIV/0! | J69: =AVERAGE(Q69,V69,AA69,AF69,AK69,AP69,AU69) -> #DIV/0! | K69: =AVERAGE(R69,W69,AB69,AG69,AL69,AQ69,AV69) -> #DIV/0! | M69: =RANK(K69, K$87:$K$101) -> #DIV/0! | S69: =RANK(R69, R$87:R$101) -> #N/A | X69: =RANK(W69, W$87:W$101) -> #N/A | AC69: =RANK(AB69, AB$87:AB$101) -> #N/A | AH69: =RANK(AG69, AG$87:AG$101) -> #N/A | AM69: =RANK(AL69, AL$87:AL$101) -> #N/A | AR69: =RANK(AQ69, AQ$87:AQ$101) -> #N/A | AW69: =RANK(AV69, AV$87:AV$101) -> #N/A
C70: 4 | I70: =AVERAGE(P70,U70,Z70,AE70,AJ70,AO70,AT70) -> #DIV/0! | J70: =AVERAGE(Q70,V70,AA70,AF70,AK70,AP70,AU70) -> #DIV/0! | K70: =AVERAGE(R70,W70,AB70,AG70,AL70,AQ70,AV70) -> #DIV/0! | M70: =RANK(K70, K$87:$K$101) -> #DIV/0! | S70: =RANK(R70, R$87:R$101) -> #N/A | X70: =RANK(W70, W$87:W$101) -> #N/A | AC70: =RANK(AB70, AB$87:AB$101) -> #N/A | AH70: =RANK(AG70, AG$87:AG$101) -> #N/A | AM70: =RANK(AL70, AL$87:AL$101) -> #N/A | AR70: =RANK(AQ70, AQ$87:AQ$101) -> #N/A | AW70: =RANK(AV70, AV$87:AV$101) -> #N/A
C71: 5 | I71: =AVERAGE(P71,U71,Z71,AE71,AJ71,AO71,AT71) -> #DIV/0! | J71: =AVERAGE(Q71,V71,AA71,AF71,AK71,AP71,AU71) -> #DIV/0! | K71: =AVERAGE(R71,W71,AB71,AG71,AL71,AQ71,AV71) -> #DIV/0! | M71: =RANK(K71, K$87:$K$101) -> #DIV/0! | S71: =RANK(R71, R$87:R$101) -> #N/A | X71: =RANK(W71, W$87:W$101) -> #N/A | AC71: =RANK(AB71, AB$87:AB$101) -> #N/A | AH71: =RANK(AG71, AG$87:AG$101) -> #N/A | AM71: =RANK(AL71, AL$87:AL$101) -> #N/A | AR71: =RANK(AQ71, AQ$87:AQ$101) -> #N/A | AW71: =RANK(AV71, AV$87:AV$101) -> #N/A
C72: 6 | I72: =AVERAGE(P72,U72,Z72,AE72,AJ72,AO72,AT72) -> #DIV/0! | J72: =AVERAGE(Q72,V72,AA72,AF72,AK72,AP72,AU72) -> #DIV/0! | K72: =AVERAGE(R72,W72,AB72,AG72,AL72,AQ72,AV72) -> #DIV/0! | M72: =RANK(K72, K$87:$K$101) -> #DIV/0! | S72: =RANK(R72, R$87:R$101) -> #N/A | X72: =RANK(W72, W$87:W$101) -> #N/A | AC72: =RANK(AB72, AB$87:AB$101) -> #N/A | AH72: =RANK(AG72, AG$87:AG$101) -> #N/A | AM72: =RANK(AL72, AL$87:AL$101) -> #N/A | AR72: =RANK(AQ72, AQ$87:AQ$101) -> #N/A | AW72: =RANK(AV72, AV$87:AV$101) -> #N/A
C73: 7 | I73: =AVERAGE(P73,U73,Z73,AE73,AJ73,AO73,AT73) -> #DIV/0! | J73: =AVERAGE(Q73,V73,AA73,AF73,AK73,AP73,AU73) -> #DIV/0! | K73: =AVERAGE(R73,W73,AB73,AG73,AL73,AQ73,AV73) -> #DIV/0! | M73: =RANK(K73, K$87:$K$101) -> #DIV/0! | S73: =RANK(R73, R$87:R$101) -> #N/A | X73: =RANK(W73, W$87:W$101) -> #N/A | AC73: =RANK(AB73, AB$87:AB$101) -> #N/A | AH73: =RANK(AG73, AG$87:AG$101) -> #N/A | AM73: =RANK(AL73, AL$87:AL$101) -> #N/A | AR73: =RANK(AQ73, AQ$87:AQ$101) -> #N/A | AW73: =RANK(AV73, AV$87:AV$101) -> #N/A
C74: 8 | M74: =RANK(K74, K$87:$K$101) -> #DIV/0! | S74: =RANK(R74, R$87:R$101) -> #N/A | X74: =RANK(W74, W$87:W$101) -> #N/A | AC74: =RANK(AB74, AB$87:AB$101) -> #N/A | AH74: =RANK(AG74, AG$87:AG$101) -> #N/A | AM74: =RANK(AL74, AL$87:AL$101) -> #N/A | AR74: =RANK(AQ74, AQ$87:AQ$101) -> #N/A | AW74: =RANK(AV74, AV$87:AV$101) -> #N/A
C75: 9 | M75: =RANK(K75, K$87:$K$101) -> #DIV/0! | S75: =RANK(R75, R$87:R$101) -> #N/A | X75: =RANK(W75, W$87:W$101) -> #N/A | AC75: =RANK(AB75, AB$87:AB$101) -> #N/A | AH75: =RANK(AG75, AG$87:AG$101) -> #N/A | AM75: =RANK(AL75, AL$87:AL$101) -> #N/A | AR75: =RANK(AQ75, AQ$87:AQ$101) -> #N/A | AW75: =RANK(AV75, AV$87:AV$101) -> #N/A
C76: 10 | M76: =RANK(K76, K$87:$K$101) -> #DIV/0! | S76: =RANK(R76, R$87:R$101) -> #N/A | X76: =RANK(W76, W$87:W$101) -> #N/A | AC76: =RANK(AB76, AB$87:AB$101) -> #N/A | AH76: =RANK(AG76, AG$87:AG$101) -> #N/A | AM76: =RANK(AL76, AL$87:AL$101) -> #N/A | AR76: =RANK(AQ76, AQ$87:AQ$101) -> #N/A | AW76: =RANK(AV76, AV$87:AV$101) -> #N/A
C77: 11 | M77: =RANK(K77, K$87:$K$101) -> #DIV/0! | S77: =RANK(R77, R$87:R$101) -> #N/A | X77: =RANK(W77, W$87:W$101) -> #N/A | AC77: =RANK(AB77, AB$87:AB$101) -> #N/A | AH77: =RANK(AG77, AG$87:AG$101) -> #N/A | AM77: =RANK(AL77, AL$87:AL$101) -> #N/A | AR77: =RANK(AQ77, AQ$87:AQ$101) -> #N/A | AW77: =RANK(AV77, AV$87:AV$101) -> #N/A
C78: 12 | M78: =RANK(K78, K$87:$K$101) -> #DIV/0! | S78: =RANK(R78, R$87:R$101) -> #N/A | X78: =RANK(W78, W$87:W$101) -> #N/A | AC78: =RANK(AB78, AB$87:AB$101) -> #N/A | AH78: =RANK(AG78, AG$87:AG$101) -> #N/A | AM78: =RANK(AL78, AL$87:AL$101) -> #N/A | AR78: =RANK(AQ78, AQ$87:AQ$101) -> #N/A | AW78: =RANK(AV78, AV$87:AV$101) -> #N/A
C79: 13 | M79: =RANK(K79, K$87:$K$101) -> #DIV/0! | S79: =RANK(R79, R$87:R$101) -> #N/A | X79: =RANK(W79, W$87:W$101) -> #N/A | AC79: =RANK(AB79, AB$87:AB$101) -> #N/A | AH79: =RANK(AG79, AG$87:AG$101) -> #N/A | AM79: =RANK(AL79, AL$87:AL$101) -> #N/A | AR79: =RANK(AQ79, AQ$87:AQ$101) -> #N/A | AW79: =RANK(AV79, AV$87:AV$101) -> #N/A
C80: 14 | M80: =RANK(K80, K$87:$K$101) -> #DIV/0! | S80: =RANK(R80, R$87:R$101) -> #N/A | X80: =RANK(W80, W$87:W$101) -> #N/A | AC80: =RANK(AB80, AB$87:AB$101) -> #N/A | AH80: =RANK(AG80, AG$87:AG$101) -> #N/A | AM80: =RANK(AL80, AL$87:AL$101) -> #N/A | AR80: =RANK(AQ80, AQ$87:AQ$101) -> #N/A | AW80: =RANK(AV80, AV$87:AV$101) -> #N/A
C81: 15 | M81: =RANK(K81, K$87:$K$101) -> #DIV/0! | S81: =RANK(R81, R$87:R$101) -> #N/A | X81: =RANK(W81, W$87:W$101) -> #N/A | AC81: =RANK(AB81, AB$87:AB$101) -> #N/A | AH81: =RANK(AG81, AG$87:AG$101) -> #N/A | AM81: =RANK(AL81, AL$87:AL$101) -> #N/A | AR81: =RANK(AQ81, AQ$87:AQ$101) -> #N/A | AW81: =RANK(AV81, AV$87:AV$101) -> #N/A
B82: 產線配置圖－每週更新 | N82: 資料繳交 | O82: 日期 | P82: =P62+7 -> 45923 | U82: =P82+1 -> 45924 | Z82: =U82+1 -> 45925 | AE82: =Z82+1 -> 45926 | AJ82: =AE82+1 -> 45927 | AO82: =AJ82+1 -> 45928 | AT82: =AO82+1 -> 45929
P83: 二 | U83: 三 | Z83: 四 | AE83: 五 | AJ83: 六 | AO83: 日 | AT83: 一
B84: 品群 | C84: 商品名稱 | E84: 計畫 | H84: 平均人時性 | I84: 實績 | L84: 平均人時性 | M84: 排名 | O84: 日報 | P84: 實際 | T84: 平均人時性 | U84: 實際 | Y84: 平均人時性 | Z84: 實際 | AD84: 平均人時性 | AE84: 實際 | AI84: 平均人時性 | AJ84: 實際 | AN84: 平均人時性 | AO84: 實際 | AS84: 平均人時性 | AT84: 實際 | AX84: 平均人時性
E85: 產線配置圖 | I85: 產線配置圖 | P85: 生產實績 | U85: 生產實績 | Z85: 生產實績 | AE85: 生產實績 | AJ85: 生產實績 | AO85: 生產實績 | AT85: 生產實績
E86: 人數 | F86: 產能／時 | G86: 人時性 | I86: 人數 | J86: 產能／時 | K86: 人時性 | P86: 人數 | Q86: 產能／時 | R86: 人時性 | S86: 排名 | U86: 人數 | V86: 產能／時 | W86: 人時性 | X86: 排名 | Z86: 人數 | AA86: 產能／時 | AB86: 人時性 | AC86: 排名 | AE86: 人數 | AF86: 產能／時 | AG86: 人時性 | AH86: 排名 | AJ86: 人數 | AK86: 產能／時 | AL86: 人時性 | AM86: 排名 | AO86: 人數 | AP86: 產能／時 | AQ86: 人時性 | AR86: 排名 | AT86: 人數 | AU86: 產能／時 | AV86: 人時性 | AW86: 排名
B87: 18℃-壽司手卷 | C87: 1 | H87: =AVERAGE(G87:G101) -> #DIV/0! | I87: =AVERAGE(P87,U87,Z87,AE87,AJ87,AO87,AT87) -> #DIV/0! | J87: =AVERAGE(Q87,V87,AA87,AF87,AK87,AP87,AU87) -> #DIV/0! | K87: =AVERAGE(R87,W87,AB87,AG87,AL87,AQ87,AV87) -> #DIV/0! | L87: =IFERROR(AVERAGE(K87:K101),"-") -> - | M87: =RANK(K87, K$87:$K$101) -> #DIV/0! | S87: =RANK(R87, R$87:R$101) -> #N/A | T87: =AVERAGE(R87:R101) -> #DIV/0! | X87: =RANK(W87, W$87:W$101) -> #N/A | Y87: =AVERAGE(W87:W101) -> #DIV/0! | AC87: =RANK(AB87, AB$87:AB$101) -> #N/A | AD87: =AVERAGE(AB87:AB101) -> #DIV/0! | AH87: =RANK(AG87, AG$87:AG$101) -> #N/A | AI87: =AVERAGE(AG87:AG101) -> #DIV/0! | AM87: =RANK(AL87, AL$87:AL$101) -> #N/A | AN87: =AVERAGE(AL87:AL101) -> #DIV/0! | AR87: =RANK(AQ87, AQ$87:AQ$101) -> #N/A | AS87: =AVERAGE(AQ87:AQ101) -> #DIV/0! | AW87: =RANK(AV87, AV$87:AV$101) -> #N/A | AX87: =AVERAGE(AV87:AV101) -> #DIV/0!
C88: 2 | I88: =AVERAGE(P88,U88,Z88,AE88,AJ88,AO88,AT88) -> #DIV/0! | J88: =AVERAGE(Q88,V88,AA88,AF88,AK88,AP88,AU88) -> #DIV/0! | K88: =AVERAGE(R88,W88,AB88,AG88,AL88,AQ88,AV88) -> #DIV/0! | M88: =RANK(K88, K$87:$K$101) -> #DIV/0! | S88: =RANK(R88, R$87:R$101) -> #N/A | X88: =RANK(W88, W$87:W$101) -> #N/A | AC88: =RANK(AB88, AB$87:AB$101) -> #N/A | AH88: =RANK(AG88, AG$87:AG$101) -> #N/A | AM88: =RANK(AL88, AL$87:AL$101) -> #N/A | AR88: =RANK(AQ88, AQ$87:AQ$101) -> #N/A | AW88: =RANK(AV88, AV$87:AV$101) -> #N/A
C89: 3 | I89: =AVERAGE(P89,U89,Z89,AE89,AJ89,AO89,AT89) -> #DIV/0! | J89: =AVERAGE(Q89,V89,AA89,AF89,AK89,AP89,AU89) -> #DIV/0! | K89: =AVERAGE(R89,W89,AB89,AG89,AL89,AQ89,AV89) -> #DIV/0! | M89: =RANK(K89, K$87:$K$101) -> #DIV/0! | S89: =RANK(R89, R$87:R$101) -> #N/A | X89: =RANK(W89, W$87:W$101) -> #N/A | AC89: =RANK(AB89, AB$87:AB$101) -> #N/A | AH89: =RANK(AG89, AG$87:AG$101) -> #N/A | AM89: =RANK(AL89, AL$87:AL$101) -> #N/A | AR89: =RANK(AQ89, AQ$87:AQ$101) -> #N/A | AW89: =RANK(AV89, AV$87:AV$101) -> #N/A
C90: 4 | I90: =AVERAGE(P90,U90,Z90,AE90,AJ90,AO90,AT90) -> #DIV/0! | J90: =AVERAGE(Q90,V90,AA90,AF90,AK90,AP90,AU90) -> #DIV/0! | K90: =AVERAGE(R90,W90,AB90,AG90,AL90,AQ90,AV90) -> #DIV/0! | M90: =RANK(K90, K$87:$K$101) -> #DIV/0! | S90: =RANK(R90, R$87:R$101) -> #N/A | X90: =RANK(W90, W$87:W$101) -> #N/A | AC90: =RANK(AB90, AB$87:AB$101) -> #N/A | AH90: =RANK(AG90, AG$87:AG$101) -> #N/A | AM90: =RANK(AL90, AL$87:AL$101) -> #N/A | AR90: =RANK(AQ90, AQ$87:AQ$101) -> #N/A | AW90: =RANK(AV90, AV$87:AV$101) -> #N/A
C91: 5 | I91: =AVERAGE(P91,U91,Z91,AE91,AJ91,AO91,AT91) -> #DIV/0! | J91: =AVERAGE(Q91,V91,AA91,AF91,AK91,AP91,AU91) -> #DIV/0! | K91: =AVERAGE(R91,W91,AB91,AG91,AL91,AQ91,AV91) -> #DIV/0! | M91: =RANK(K91, K$87:$K$101) -> #DIV/0! | S91: =RANK(R91, R$87:R$101) -> #N/A | X91: =RANK(W91, W$87:W$101) -> #N/A | AC91: =RANK(AB91, AB$87:AB$101) -> #N/A | AH91: =RANK(AG91, AG$87:AG$101) -> #N/A | AM91: =RANK(AL91, AL$87:AL$101) -> #N/A | AR91: =RANK(AQ91, AQ$87:AQ$101) -> #N/A | AW91: =RANK(AV91, AV$87:AV$101) -> #N/A
C92: 6 | I92: =AVERAGE(P92,U92,Z92,AE92,AJ92,AO92,AT92) -> #DIV/0! | J92: =AVERAGE(Q92,V92,AA92,AF92,AK92,AP92,AU92) -> #DIV/0! | K92: =AVERAGE(R92,W92,AB92,AG92,AL92,AQ92,AV92) -> #DIV/0! | M92: =RANK(K92, K$87:$K$101) -> #DIV/0! | S92: =RANK(R92, R$87:R$101) -> #N/A | X92: =RANK(W92, W$87:W$101) -> #N/A | AC92: =RANK(AB92, AB$87:AB$101) -> #N/A | AH92: =RANK(AG92, AG$87:AG$101) -> #N/A | AM92: =RANK(AL92, AL$87:AL$101) -> #N/A | AR92: =RANK(AQ92, AQ$87:AQ$101) -> #N/A | AW92: =RANK(AV92, AV$87:AV$101) -> #N/A
C93: 7 | I93: =AVERAGE(P93,U93,Z93,AE93,AJ93,AO93,AT93) -> #DIV/0! | J93: =AVERAGE(Q93,V93,AA93,AF93,AK93,AP93,AU93) -> #DIV/0! | K93: =AVERAGE(R93,W93,AB93,AG93,AL93,AQ93,AV93) -> #DIV/0! | M93: =RANK(K93, K$87:$K$101) -> #DIV/0! | S93: =RANK(R93, R$87:R$101) -> #N/A | X93: =RANK(W93, W$87:W$101) -> #N/A | AC93: =RANK(AB93, AB$87:AB$101) -> #N/A | AH93: =RANK(AG93, AG$87:AG$101) -> #N/A | AM93: =RANK(AL93, AL$87:AL$101) -> #N/A | AR93: =RANK(AQ93, AQ$87:AQ$101) -> #N/A | AW93: =RANK(AV93, AV$87:AV$101) -> #N/A
C94: 8 | M94: =RANK(K94, K$87:$K$101) -> #DIV/0! | S94: =RANK(R94, R$87:R$101) -> #N/A | X94: =RANK(W94, W$87:W$101) -> #N/A | AC94: =RANK(AB94, AB$87:AB$101) -> #N/A | AH94: =RANK(AG94, AG$87:AG$101) -> #N/A | AM94: =RANK(AL94, AL$87:AL$101) -> #N/A | AR94: =RANK(AQ94, AQ$87:AQ$101) -> #N/A | AW94: =RANK(AV94, AV$87:AV$101) -> #N/A
C95: 9 | M95: =RANK(K95, K$87:$K$101) -> #DIV/0! | S95: =RANK(R95, R$87:R$101) -> #N/A | X95: =RANK(W95, W$87:W$101) -> #N/A | AC95: =RANK(AB95, AB$87:AB$101) -> #N/A | AH95: =RANK(AG95, AG$87:AG$101) -> #N/A | AM95: =RANK(AL95, AL$87:AL$101) -> #N/A | AR95: =RANK(AQ95, AQ$87:AQ$101) -> #N/A | AW95: =RANK(AV95, AV$87:AV$101) -> #N/A
C96: 10 | M96: =RANK(K96, K$87:$K$101) -> #DIV/0! | S96: =RANK(R96, R$87:R$101) -> #N/A | X96: =RANK(W96, W$87:W$101) -> #N/A | AC96: =RANK(AB96, AB$87:AB$101) -> #N/A | AH96: =RANK(AG96, AG$87:AG$101) -> #N/A | AM96: =RANK(AL96, AL$87:AL$101) -> #N/A | AR96: =RANK(AQ96, AQ$87:AQ$101) -> #N/A | AW96: =RANK(AV96, AV$87:AV$101) -> #N/A
C97: 11 | M97: =RANK(K97, K$87:$K$101) -> #DIV/0! | S97: =RANK(R97, R$87:R$101) -> #N/A | X97: =RANK(W97, W$87:W$101) -> #N/A | AC97: =RANK(AB97, AB$87:AB$101) -> #N/A | AH97: =RANK(AG97, AG$87:AG$101) -> #N/A | AM97: =RANK(AL97, AL$87:AL$101) -> #N/A | AR97: =RANK(AQ97, AQ$87:AQ$101) -> #N/A | AW97: =RANK(AV97, AV$87:AV$101) -> #N/A
C98: 12 | M98: =RANK(K98, K$87:$K$101) -> #DIV/0! | S98: =RANK(R98, R$87:R$101) -> #N/A | X98: =RANK(W98, W$87:W$101) -> #N/A | AC98: =RANK(AB98, AB$87:AB$101) -> #N/A | AH98: =RANK(AG98, AG$87:AG$101) -> #N/A | AM98: =RANK(AL98, AL$87:AL$101) -> #N/A | AR98: =RANK(AQ98, AQ$87:AQ$101) -> #N/A | AW98: =RANK(AV98, AV$87:AV$101) -> #N/A
C99: 13 | M99: =RANK(K99, K$87:$K$101) -> #DIV/0! | S99: =RANK(R99, R$87:R$101) -> #N/A | X99: =RANK(W99, W$87:W$101) -> #N/A | AC99: =RANK(AB99, AB$87:AB$101) -> #N/A | AH99: =RANK(AG99, AG$87:AG$101) -> #N/A | AM99: =RANK(AL99, AL$87:AL$101) -> #N/A | AR99: =RANK(AQ99, AQ$87:AQ$101) -> #N/A | AW99: =RANK(AV99, AV$87:AV$101) -> #N/A
C100: 14 | M100: =RANK(K100, K$87:$K$101) -> #DIV/0! | S100: =RANK(R100, R$87:R$101) -> #N/A | X100: =RANK(W100, W$87:W$101) -> #N/A | AC100: =RANK(AB100, AB$87:AB$101) -> #N/A | AH100: =RANK(AG100, AG$87:AG$101) -> #N/A | AM100: =RANK(AL100, AL$87:AL$101) -> #N/A | AR100: =RANK(AQ100, AQ$87:AQ$101) -> #N/A | AW100: =RANK(AV100, AV$87:AV$101) -> #N/A
...

Sheet （５-3）品群別人時生產性（4℃-飯糰)
B1: 月平均人時性 | C1: =AVERAGE(L7,L27,L47,L67,L87) -> 254.18663
B2: 產線配置圖－每週更新 | N2: 資料繳交 | O2: 日期 | P2: 45895 | U2: =P2+1 -> 45896 | Z2: =U2+1 -> 45897 | AE2: =Z2+1 -> 45898 | AJ2: =AE2+1 -> 45899 | AO2: =AJ2+1 -> 45900 | AT2: =AO2+1 -> 45901
P3: 二 | U3: 三 | Z3: 四 | AE3: 五 | AJ3: 六 | AO3: 日 | AT3: 一
B4: 品群 | C4: 商品名稱 | E4: 計畫 | H4: 平均人時性 | I4: 實績 | L4: 平均人時性 | M4: 排名 | O4: 日報 | P4: 實際 | T4: 平均人時性 | U4: 實際 | Y4: 平均人時性 | Z4: 實際 | AD4: 平均人時性 | AE4: 實際 | AI4: 平均人時性 | AJ4: 實際 | AN4: 平均人時性 | AO4: 實際 | AS4: 平均人時性 | AT4: 實際 | AX4: 平均人時性
E5: 產線配置圖 | I5: 產線配置圖 | P5: 生產實績 | U5: 生產實績 | Z5: 生產實績 | AE5: 生產實績 | AJ5: 生產實績 | AO5: 生產實績 | AT5: 生產實績
E6: 人數 | F6: 產能／時 | G6: 人時性 | I6: 人數 | J6: 產能／時 | K6: 人時性 | P6: 人數 | Q6: 產能／時 | R6: 人時性 | S6: 排名 | U6: 人數 | V6: 產能／時 | W6: 人時性 | X6: 排名 | Z6: 人數 | AA6: 產能／時 | AB6: 人時性 | AC6: 排名 | AE6: 人數 | AF6: 產能／時 | AG6: 人時性 | AH6: 排名 | AJ6: 人數 | AK6: 產能／時 | AL6: 人時性 | AM6: 排名 | AO6: 人數 | AP6: 產能／時 | AQ6: 人時性 | AR6: 排名 | AT6: 人數 | AU6: 產能／時 | AV6: 人時性 | AW6: 排名
B7: 4℃-飯糰 | C7: 1 | D7: 鮭魚炙燒明太子烤飯糰 | E7: 4 | F7: 2000 | G7: 500 | H7: =AVERAGE(G7:G21) -> 283.64899 | I7: =AVERAGE(P7,U7,Z7,AE7,AJ7,AO7,AT7) -> 4.1428571 | J7: =AVERAGE(Q7,V7,AA7,AF7,AK7,AP7,AU7) -> 1862.1345 | K7: =AVERAGE(R7,W7,AB7,AG7,AL7,AQ7,AV7) -> 452.55742 | L7: =IFERROR(AVERAGE(K7:K21),"-") -> 249.26806 | M7: =RANK(K7, K$7:$K$21) -> 1 | P7: 5 | Q7: 1816.6667 | R7: 363.33333 | S7: =RANK(R7, R$7:R$21) -> 3 | T7: =AVERAGE(R7:R21) -> 233.52914 | U7: 4 | V7: 1842.3529 | W7: 460.58824 | X7: =RANK(W7, W$7:W$21) -> 1 | Y7: =AVERAGE(W7:W21) -> 252.08228 | Z7: 4 | AA7: 1817.6471 | AB7: 454.41176 | AC7: =RANK(AB7, AB$7:AB$21) -> 2 | AD7: =AVERAGE(AB7:AB21) -> 251.73073 | AE7: 4 | AF7: 1892 | AG7: 473 | AH7: =RANK(AG7, AG$7:AG$21) -> 1 | AI7: =AVERAGE(AG7:AG21) -> 251.37676 | AJ7: 4 | AK7: 1833.3333 | AL7: 458.33333 | AM7: =RANK(AL7, AL$7:AL$21) -> 1 | AN7: =AVERAGE(AL7:AL21) -> 250.08599 | AO7: 4 | AP7: 1948.2353 | AQ7: 487.05882 | AR7: =RANK(AQ7, AQ$7:AQ$21) -> 1 | AS7: =AVERAGE(AQ7:AQ21) -> 255.87062 | AT7: 4 | AU7: 1884.7059 | AV7: 471.17647 | AW7: =RANK(AV7, AV$7:AV$21) -> 1 | AX7: =AVERAGE(AV7:AV21) -> 250.20087
C8: 2 | D8: 淡麗清酒蒸蛤蜊烤飯糰 | E8: 4 | F8: 2000 | G8: 500 | I8: =AVERAGE(P8,U8,Z8,AE8,AJ8,AO8,AT8) -> 4.1428571 | J8: =AVERAGE(Q8,V8,AA8,AF8,AK8,AP8,AU8) -> 1852.8898 | K8: =AVERAGE(R8,W8,AB8,AG8,AL8,AQ8,AV8) -> 450.07065 | M8: =RANK(K8, K$7:$K$21) -> 2 | P8: 5 | Q8: 1841.25 | R8: 368.25 | S8: =RANK(R8, R$7:R$21) -> 2 | U8: 4 | V8: 1818.75 | W8: 454.6875 | X8: =RANK(W8, W$7:W$21) -> 3 | Z8: 4 | AA8: 1897.5 | AB8: 474.375 | AC8: =RANK(AB8, AB$7:AB$21) -> 1 | AE8: 4 | AF8: 1845 | AG8: 461.25 | AH8: =RANK(AG8, AG$7:AG$21) -> 2 | AJ8: 4 | AK8: 1818.75 | AL8: 454.6875 | AM8: =RANK(AL8, AL$7:AL$21) -> 2 | AO8: 4 | AP8: 1895.2941 | AQ8: 473.82353 | AR8: =RANK(AQ8, AQ$7:AQ$21) -> 2 | AT8: 4 | AU8: 1853.6842 | AV8: 463.42105 | AW8: =RANK(AV8, AV$7:AV$21) -> 2
C9: 3 | D9: 糖燻野郎起司炙燒牛烤飯糰 | E9: 4 | F9: 2000 | G9: 500 | I9: =AVERAGE(P9,U9,Z9,AE9,AJ9,AO9,AT9) -> 5 | J9: =AVERAGE(Q9,V9,AA9,AF9,AK9,AP9,AU9) -> 2210.7822 | K9: =AVERAGE(R9,W9,AB9,AG9,AL9,AQ9,AV9) -> 442.15645 | M9: =RANK(K9, K$7:$K$21) -> 3 | P9: 5 | Q9: 2198.4 | R9: 439.68 | S9: =RANK(R9, R$7:R$21) -> 1 | U9: 5 | V9: 2274.7826 | W9: 454.95652 | X9: =RANK(W9, W$7:W$21) -> 2 | Z9: 5 | AA9: 2178.2609 | AB9: 435.65217 | AC9: =RANK(AB9, AB$7:AB$21) -> 3 | AE9: 5 | AF9: 2195 | AG9: 439 | AH9: =RANK(AG9, AG$7:AG$21) -> 3 | AJ9: 5 | AK9: 2220 | AL9: 444 | AM9: =RANK(AL9, AL$7:AL$21) -> 3 | AO9: 5 | AP9: 2264.5161 | AQ9: 452.90323 | AR9: =RANK(AQ9, AQ$7:AQ$21) -> 3 | AT9: 5 | AU9: 2144.5161 | AV9: 428.90323 | AW9: =RANK(AV9, AV$7:AV$21) -> 3
C10: 4 | D10: 大口金黃薯牛堡飯糰 | E10: 12 | F10: 2250 | G10: 187.5 | I10: =AVERAGE(P10,U10,Z10,AE10,AJ10,AO10,AT10) -> 12 | J10: =AVERAGE(Q10,V10,AA10,AF10,AK10,AP10,AU10) -> 1965.968 | K10: =AVERAGE(R10,W10,AB10,AG10,AL10,AQ10,AV10) -> 163.83066 | M10: =RANK(K10, K$7:$K$21) -> 8 | P10: 12 | Q10: 2012.459 | R10: 167.70492 | S10: =RANK(R10, R$7:R$21) -> 7 | U10: 12 | V10: 1925.625 | W10: 160.46875 | X10: =RANK(W10, W$7:W$21) -> 8 | Z10: 12 | AA10: 2008.4746 | AB10: 167.37288 | AC10: =RANK(AB10, AB$7:AB$21) -> 7 | AE10: 12 | AF10: 1910.6897 | AG10: 159.22414 | AH10: =RANK(AG10, AG$7:AG$21) -> 8 | AJ10: 12 | AK10: 1975.9322 | AL10: 164.66102 | AM10: =RANK(AL10, AL$7:AL$21) -> 7 | AO10: 12 | AP10: 1999.1667 | AQ10: 166.59722 | AR10: =RANK(AQ10, AQ$7:AQ$21) -> 7 | AT10: 12 | AU10: 1929.4286 | AV10: 160.78571 | AW10: =RANK(AV10, AV$7:AV$21) -> 8
C11: 5 | D11: 大口日式塔塔醬蝦排飯糰 | E11: 12 | F11: 2250 | G11: 187.5 | I11: =AVERAGE(P11,U11,Z11,AE11,AJ11,AO11,AT11) -> 12 | J11: =AVERAGE(Q11,V11,AA11,AF11,AK11,AP11,AU11) -> 1970.3154 | K11: =AVERAGE(R11,W11,AB11,AG11,AL11,AQ11,AV11) -> 164.19295 | M11: =RANK(K11, K$7:$K$21) -> 7 | P11: 12 | Q11: 1952.069 | R11: 162.67241 | S11: =RANK(R11, R$7:R$21) -> 8 | U11: 12 | V11: 2003.6697 | W11: 166.97248 | X11: =RANK(W11, W$7:W$21) -> 7 | Z11: 12 | AA11: 1982.3529 | AB11: 165.19608 | AC11: =RANK(AB11, AB$7:AB$21) -> 8 | AE11: 12 | AF11: 2000.4545 | AG11: 166.70455 | AH11: =RANK(AG11, AG$7:AG$21) -> 7 | AJ11: 12 | AK11: 1971.5152 | AL11: 164.29293 | AM11: =RANK(AL11, AL$7:AL$21) -> 8 | AO11: 12 | AP11: 1943.9063 | AQ11: 161.99219 | AR11: =RANK(AQ11, AQ$7:AQ$21) -> 8 | AT11: 12 | AU11: 1938.24 | AV11: 161.52 | AW11: =RANK(AV11, AV$7:AV$21) -> 7
C12: 6 | D12: 大口歐風焙煎咖哩漢堡排飯糰 | E12: 11 | F12: 2250 | G12: 204.54545 | I12: =AVERAGE(P12,U12,Z12,AE12,AJ12,AO12,AT12) -> 11 | J12: =AVERAGE(Q12,V12,AA12,AF12,AK12,AP12,AU12) -> 1971.7672 | K12: =AVERAGE(R12,W12,AB12,AG12,AL12,AQ12,AV12) -> 179.25156 | M12: =RANK(K12, K$7:$K$21) -> 6 | P12: 11 | Q12: 2017.5 | R12: 183.40909 | S12: =RANK(R12, R$7:R$21) -> 6 | U12: 11 | V12: 2000.8163 | W12: 181.89239 | X12: =RANK(W12, W$7:W$21) -> 6 | Z12: 11 | AA12: 1948.4848 | AB12: 177.13499 | AC12: =RANK(AB12, AB$7:AB$21) -> 6 | AE12: 11 | AF12: 1973.6471 | AG12: 179.42246 | AH12: =RANK(AG12, AG$7:AG$21) -> 6 | AJ12: 11 | AK12: 1959.7826 | AL12: 178.16206 | AM12: =RANK(AL12, AL$7:AL$21) -> 6 | AO12: 11 | AP12: 1953.9344 | AQ12: 177.6304 | AR12: =RANK(AQ12, AQ$7:AQ$21) -> 6 | AT12: 11 | AU12: 1948.2051 | AV12: 177.10956 | AW12: =RANK(AV12, AV$7:AV$21) -> 6
