Workbook

Sheet 填寫舉例
A2: 7 | B2: 月別 | C2: 工廠名 | D2: ・・・・・・・・
A4: （１）收支狀況 | E4: ※單位：千元 | G4: （２）ＫＰＩ達成進度 | M4: （３）業績構成比 | S4: （４）訂單數量構成比
B5: 當月 | C5: 前月 | D5: 差異 | E5: 累計 | H5: KPI | I5: 當月 | J5: 前月 | K5: 累計 | L5: ※補充 | N5: 當月 | O5: 比例 | P5: 前月 | Q5: 差異 | T5: 當月 | U5: 比例 | V5: 前月 | W5: 差異
A6: 業績金額 | B6: 500000 | C6: 510000 | D6: =B6-C6 -> -10000 | E6: =B6+C6 -> 1010000 | G6: 人時生產性1 | H6: 110 | I6: 100 | J6: 90 | L6: 個／MH | M6: 飯糰 | N6: 150000 | O6: =IFERROR(N6/$B$6,"") -> 0.3 | P6: 0.4 | Q6: =IFERROR(O6-P6,"") -> -0.1 | S6: 飯糰 | T6: 35000 | U6: =IFERROR(T6/$B$7,"") -> 0.35 | V6: 0.3 | W6: =IFERROR(U6-V6,"") -> 0.05
A7: 訂單數量 | B7: 100000 | C7: 110000 | D7: =B7-C7 -> -10000 | E7: =B7+C7 -> 210000 | G7: 人時生產性2 | H7: 0.8 | I7: 0.85 | J7: 0.81 | K7: 0.84 | L7: 達成率 | M7: 大口飯糰 | N7: 100000 | O7: =IFERROR(N7/$B$6,"") -> 0.2 | P7: 0.15 | Q7: =IFERROR(O7-P7,"") -> 0.05 | S7: 大口飯糰 | T7: 30000 | U7: =IFERROR(T7/$B$7,"") -> 0.3 | V7: 0.15 | W7: =IFERROR(U7-V7,"") -> 0.15
A8: 材料費 | B8: 250000 | C8: 260000 | D8: =B8-C8 -> -10000 | E8: =B8+C8 -> 510000 | G8: 半成品報廢 | H8: 0.0025 | I8: 0.0024 | J8: 0.0023 | K8: 0.00235 | L8: 報廢率 | M8: 便當 | N8: 160000 | O8: =IFERROR(N8/$B$6,"") -> 0.32 | P8: 0.28 | Q8: =IFERROR(O8-P8,"") -> 0.04 | S8: 便當 | T8: 20000 | U8: =IFERROR(T8/$B$7,"") -> 0.2 | V8: 0.28 | W8: =IFERROR(U8-V8,"") -> -0.08
A9: 材料費率 | B9: =B8/B6 -> 0.5 | C9: =C8/C6 -> 0.50980392 | D9: =B9-C9 -> -0.0098039216 | E9: =(B9+C9)/2 -> 0.50490196 | G9: 半成品超用 | H9: 0.006 | I9: 0.009 | J9: 0.0095 | K9: 0.0092 | L9: 超用率 | M9: 調理麵 | N9: 90000 | O9: =IFERROR(N9/$B$6,"") -> 0.18 | P9: 0.17 | Q9: =IFERROR(O9-P9,"") -> 0.01 | S9: 調理麵 | T9: 15000 | U9: =IFERROR(T9/$B$7,"") -> 0.15 | V9: 0.27 | W9: =IFERROR(U9-V9,"") -> -0.12
A10: 勞務成本 | B10: 100000 | C10: 105000 | D10: =B10-C10 -> -5000 | E10: =B10+C10 -> 205000 | G10: 固定產線 | H10: 0.95 | I10: 0.9 | J10: 0.92 | K10: 0.91 | L10: 導入率 | M10: 調理麵包 | N10: - | O10: =IFERROR(N10/$B$6,"") | P10: -% | Q10: =IFERROR(O10-P10,"") | S10: 調理麵包 | T10: - | U10: =IFERROR(T10/$B$7,"") | V10: -% | W10: =IFERROR(U10-V10,"")
A11: 勞務費率 | B11: =B10/B6 -> 0.2 | C11: =C10/C6 -> 0.20588235 | D11: =B11-C11 -> -0.0058823529 | E11: =(B11+C11)/2 -> 0.20294118 | G11: 教育訓練 | H11: 0.8 | I11: 0.85 | J11: 1 | K11: 0.92 | L11: 實施率 | M11: 袋裝調理麵包 | N11: - | O11: =IFERROR(N11/$B$6,"") | P11: -% | Q11: =IFERROR(O11-P11,"") | S11: 袋裝調理麵包 | T11: - | U11: =IFERROR(T11/$B$7,"") | V11: -% | W11: =IFERROR(U11-V11,"")
M12: 義大利麵 | N12: - | O12: =IFERROR(N12/$B$6,"") | P12: -% | Q12: =IFERROR(O12-P12,"") | S12: 義大利麵 | T12: - | U12: =IFERROR(T12/$B$7,"") | V12: -% | W12: =IFERROR(U12-V12,"")
A13: （５）品群別人時生產性 | M13: 調理包 | N13: - | O13: =IFERROR(N13/$B$6,"") | P13: -% | Q13: =IFERROR(O13-P13,"") | S13: 調理包 | T13: - | U13: =IFERROR(T13/$B$7,"") | V13: -% | W13: =IFERROR(U13-V13,"")
B14: 當月 | C14: 前月 | D14: 差異 | E14: 累計 | H14: 當月 | I14: 前月 | J14: 差異 | K14: 累計 | O14: =SUM(O6:O13) -> 1 | P14: =SUM(P6:P13) -> 1 | U14: =SUM(U6:U13) -> 1 | V14: =SUM(V6:V13) -> 1
A15: 飯糰 | B15: 600 | C15: 660 | D15: =B15-C15 -> -60 | E15: =(B15+C15)/2 -> 630 | G15: 調理麵包 | J15: =H15-I15 -> 0 | M15: （７）原因別分析
A16: 大口飯糰 | B16: 800 | C16: 780 | D16: =B16-C16 -> 20 | E16: =(B16+C16)/2 -> 790 | G16: 袋裝調理麵包 | J16: =H16-I16 -> 0 | N16: 合計 | P16: 作業原因 | R16: 規格原因
A17: 便當 | B17: 130 | C17: 111 | D17: =B17-C17 -> 19 | E17: =(B17+C17)/2 -> 120.5 | G17: 義大利麵 | J17: =H17-I17 -> 0 | N17: 金額 | O17: 比例 | P17: 金額 | Q17: 比例 | R17: 金額 | S17: 比例
A18: 調理麵 | B18: 140 | C18: 165 | D18: =B18-C18 -> -25 | E18: =(B18+C18)/2 -> 152.5 | G18: 調理包 | J18: =H18-I18 -> 0 | M18: 半成品報廢 | N18: 1200 | O18: =N18/$B$6 -> 0.0024 | P18: 900 | Q18: =IFERROR(P18/$B$6,"") -> 0.0018 | R18: 300 | S18: =IFERROR(R18/$B$6,"") -> 0.0006
M19: 半成品超用 | N19: 4500 | O19: =N19/$B$6 -> 0.009 | P19: 3500 | Q19: =IFERROR(P19/$B$6,"") -> 0.007 | R19: 1000 | S19: =IFERROR(R19/$B$6,"") -> 0.002
A20: （６）人時生產性前幾名品項
B21: 排名 | C21: 商品名 | F21: 人數 | G21: 產能 | H21: 人時生產性 | I21: 前月比 | J21: 主要原因&對策 | M21: （８）報廢原因別前幾名品項
A22: 飯糰 | B22: 1 | C22: 手巻明太子 | F22: 3 | G22: 3000 | H22: 1000 | I22: 10 | J22: 減少暫時停止生產,人時UP | M22: 半成品報廢 | N22: 排名 | O22: 商品名 | R22: 半成品名 | U22: 單價 | V22: 報廢率 | W22: 數量 | X22: 金額 | Y22: 前月比 | Z22: 主要原因&對策
B23: 2 | M23: 作業原因 | N23: 1 | O23: 明太子海苔便當 | R23: 油炸白身魚 | U23: 10 | V23: 0.15 | W23: 10 | X23: =W23*U23 -> 100 | Y23: 80 | Z23: 油調過多報廢。變更條件。
B24: 3 | N24: 2 | X24: =W24*U24 -> 0
B25: 4 | N25: 3 | X25: =W25*U25 -> 0
B26: 5 | N26: 4 | X26: =W26*U26 -> 0
B27: ▼1 | C27: 手巻卵黄雞絞肉 | F27: 4 | G27: 2800 | H27: 700 | I27: 6/30新商品 | J27: 因組裝2食材,人員增加,產速減少 | N27: 5 | X27: =W27*U27 -> 0
B28: ▼2 | U28: 前幾名合計比例 | V28: =X28/N18 -> 0.083333333 | W28: 前幾名合計金額 | X28: =SUM(X23:X27) -> 100
B29: ▼3 | M29: 規格原因 | N29: 1 | O29: 海老炒飯 | R29: 川燙蝦子拌醬 | U29: 5.55 | V29: 0.21 | W29: 50 | X29: =W29*U29 -> 277.5 | Y29: 35 | Z29: 蝦子入數不足
B30: ▼4 | N30: 2 | X30: =W30*U30 -> 0
B31: ▼5 | N31: 3 | X31: =W31*U31 -> 0
N32: 4 | X32: =W32*U32 -> 0
B33: 排名 | C33: 商品名 | F33: 人數 | G33: 產能 | H33: 人時生產性 | I33: 前月比 | J33: 主要原因&對策 | N33: 5 | X33: =W33*U33 -> 0
A34: 大口飯糰 | B34: 1 | C34: 直巻明太子美奶茲 | F34: 3 | G34: 2500 | H34: 833.33 | I34: 20 | J34: 透由調整速度提升。 | U34: 前幾名合計比例 | V34: =X34/N18 -> 0.23125 | W34: 前幾名合計金額 | X34: =SUM(X29:X33) -> 277.5
B35: 2
B36: 3 | M36: 半成品超用 | N36: 排名 | O36: 商品名 | R36: 半成品名 | U36: 單價 | V36: 報廢率 | W36: 數量 | X36: 金額 | Y36: 前月比 | Z36: 主要原因&對策
B37: 4 | M37: 作業原因 | N37: 1 | O37: 特製醬汁炙燒牛五花便當 | R37: 牛五花醬汁 | U37: 25 | V37: 0.25 | W37: 10 | X37: =W37*U37 -> 250 | Y37: 150 | Z37: 難度有差異。調理指導。
B38: 5 | N38: 2 | X38: =W38*U38 -> 0
B39: ▼1 | C39: 大口飯糰燒肉美奶滋 | F39: 7 | G39: 2200 | H39: 314.29 | I39: -15 | J39: 因摺疊增員。實施教育訓練。 | N39: 3 | X39: =W39*U39 -> 0
B40: ▼2 | N40: 4 | X40: =W40*U40 -> 0
B41: ▼3 | N41: 5 | X41: =W41*U41 -> 0
B42: ▼4 | U42: 前幾名合計比例 | V42: =X42/N19 -> 0.055555556 | W42: 前幾名合計金額 | X42: =SUM(X37:X41) -> 250
B43: ▼5 | M43: 規格原因 | N43: 1 | O43: 特製醬汁炙燒牛五花便當 | R43: 牛五花燒成 | U43: 30 | V43: 0.1 | W43: 20 | X43: =W43*U43 -> 600 | Y43: 400 | Z43: 因原料變更。
N44: 2 | X44: =W44*U44 -> 0
B45: 排名 | C45: 商品名 | F45: 人數 | G45: 產能 | H45: 人時生產性 | I45: 前月比 | J45: 主要原因&對策 | N45: 3 | X45: =W45*U45 -> 0
A46: 便當 | B46: 1 | C46: 明太子海苔便當 | F46: 15 | G46: 1200 | H46: 80 | I46: 5 | J46: 指導鋪開炒柴魚片 | N46: 4 | X46: =W46*U46 -> 0
B47: 2 | N47: 5 | X47: =W47*U47 -> 0
B48: 3 | U48: 前幾名合計比例 | V48: =X48/N19 -> 0.13333333 | W48: 前幾名合計金額 | X48: =SUM(X43:X47) -> 600
B49: 4
B50: 5 | M50: （９）歩留
B51: ▼1 | C51: 特製醬汁炙燒牛五花便當 | F51: 18 | G51: 800 | H51: 44.44 | I51: -15 | J51: 肉狀態不良，已連動開發 | N51: No. | O51: 商品名 | R51: 半成品名 | U51: 單價 | V51: 規格 | W51: 實績 | X51: 差異 | Y51: 主要原因&對策
B52: ▼2 | M52: 作業原因 | N52: 1 | O52: 特製醬汁炙燒牛五花便當 | R52: 牛五花燒成 | U52: 30 | V52: 0.62 | W52: 0.58 | X52: =W52-V52 -> -0.04 | Y52: 燒成過多，調整調理條件。
B53: ▼3 | N53: 2 | X53: =W53-V53 -> 0
B54: ▼4 | M54: 規格原因 | N54: 1 | O54: 大口飯糰三種起司午餐肉 | R54: ３種起司燒成 | U54: 20 | V54: 0.9 | W54: 0.82 | X54: =W54-V54 -> -0.08 | Y54: 與燒成範本不同。
B55: ▼5 | N55: 2 | X55: =W55-V55 -> 0

Sheet 生產管理報表(月)
A1: 生產管理報表
A3: 月別 | B3: 10 | C3: 工廠 | D3: 晉欣廠
A4: （１）收支狀況 | E4: ※單位：千元 | G4: （２）ＫＰＩ達成進度
A5: 項目 | B5: 當月 | C5: 前月 | D5: 差異 | E5: 累計 | G5: 項目 | H5: KPI | I5: 當月 | J5: 前月 | K5: 累計 | L5: ※補充
A6: 業績金額 | B6: ='（１）收支狀況'!H10/1000 -> 141939.04 | C6: 224463.49 | D6: =B6-C6 -> -82524.45 | E6: =B6 -> 141939.04 | G6: 人時性(個/月均) | H6: 266 | I6: ='（２）ＫＰＩ達成進度'!H6 -> 0 | J6: 330.21458 | K6: =I6 -> 0 | L6: 個／MH
A7: 訂單數量 | B7: ='（１）收支狀況'!K10 -> 4205423 | C7: 6964636 | D7: =B7-C7 -> -2759213 | E7: =B7 -> 4205423 | G7: 人時達成率(%/月均) | H7: 0.8 | I7: ='（２）ＫＰＩ達成進度'!K6 -> 0 | J7: 0.90222562 | K7: =I7 -> 0 | L7: 達成率
A8: 材料費 | B8: ='（１）收支狀況'!N10/1000 -> 94063.857 | C8: 150244.29 | D8: =B8-C8 -> -56180.435 | E8: =B8 -> 94063.857 | G8: 半成品-報廢(%) | H8: 0.0025 | I8: ='（２）ＫＰＩ達成進度'!N6 -> 0 | J8: 0.0024646257 | K8: =I8 -> 0 | L8: 報廢率
A9: 材料費率 | B9: ='（１）收支狀況'!Q10 -> 0.66270604 | C9: 0.66934847 | D9: =B9-C9 -> -0.0066424327 | E9: =B9 -> 0.66270604 | G9: 半成品-超用(%) | H9: 0.0026 | I9: ='（２）ＫＰＩ達成進度'!Q6 -> 0 | J9: 0.0023405371 | K9: =I9 -> 0 | L9: 超用率
A10: 勞務成本 | B10: ='（１）收支狀況'!T10/1000 -> 15900.74 | C10: 32105.787 | D10: =B10-C10 -> -16205.047 | E10: =B10 -> 15900.74 | G10: 固定產線-導入率(%) | H10: 0.8 | I10: ='（２）ＫＰＩ達成進度'!T6 -> 0 | J10: 0.91666667 | K10: =I10 -> 0 | L10: 導入率
A11: 勞務費率 | B11: ='（１）收支狀況'!W10 -> 0.11202513 | C11: 0.14303345 | D11: =B11-C11 -> -0.031008315 | E11: =B11 -> 0.11202513 | G11: 教育訓練-實施率(%) | H11: 1 | I11: ='（２）ＫＰＩ達成進度'!W6 -> 0 | J11: 0.84941935 | K11: =I11 -> 0 | L11: 實施率
A13: （３）業績構成比 | G13: （４）訂單數量構成比
B14: 當月 | C14: 比例 | D14: 前月 | E14: 差異 | H14: 當月 | I14: 比例 | J14: 前月 | K14: 差異
A15: 18℃-飯A15:A23糰(061,063) | B15: ='（３）業績構成比'!M50/1000 -> 30762.097 | C15: =IFERROR(B15/$B$6,"") -> 0.21672753 | D15: 0.19061186 | E15: =IFERROR(C15-D15,"") -> 0.026115674 | G15: 18℃-飯A15:A23糰(061,063) | H15: ='（４）訂單數量構成比'!M50 -> 1693416 | I15: =IFERROR(H15/$B$7,"") -> 0.40267436 | J15: 0.33067557 | K15: =IFERROR(I15-J15,"") -> 0.071998783
A16: 18℃-壽司手卷(071,072,075,076) | B16: ='（３）業績構成比'!S50/1000 -> 2988.5558 | C16: =IFERROR(B16/$B$6,"") -> 0.021055207 | D16: 0.042789234 | E16: =IFERROR(C16-D16,"") -> -0.021734026 | G16: 18℃-壽司手卷(071,072,075,076) | H16: ='（４）訂單數量構成比'!S51 -> 108663 | I16: =IFERROR(H16/$B$7,"") -> 0.02583878 | J16: 0.061681041 | K16: =IFERROR(I16-J16,"") -> -0.035842261
A17: 4℃-飯糰(065) | B17: ='（３）業績構成比'!U50/1000 -> 21763.54 | C17: =IFERROR(B17/$B$6,"") -> 0.1533302 | D17: 0.086938303 | E17: =IFERROR(C17-D17,"") -> 0.066391892 | G17: 4℃-飯糰(065) | H17: ='（４）訂單數量構成比'!U50 -> 656719 | I17: =IFERROR(H17/$B$7,"") -> 0.15616003 | J17: 0.082530228 | K17: =IFERROR(I17-J17,"") -> 0.073629806
A18: 4℃-壽司手卷(077) | B18: ='（３）業績構成比'!W50/1000 -> 1392.3218 | C18: =IFERROR(B18/$B$6,"") -> 0.0098092941 | D18: 0.014659146 | E18: =IFERROR(C18-D18,"") -> -0.0048498519 | G18: 4℃-壽司手卷(077) | H18: ='（４）訂單數量構成比'!W50 -> 38407 | I18: =IFERROR(H18/$B$7,"") -> 0.0091327317 | J18: 0.016773741 | K18: =IFERROR(I18-J18,"") -> -0.0076410092
A19: 主食(091,092,093,094,095) | B19: ='（３）業績構成比'!AC50/1000 -> 36336.604 | C19: =IFERROR(B19/$B$6,"") -> 0.25600148 | D19: 0.24409178 | E19: =IFERROR(C19-D19,"") -> 0.011909705 | G19: 主食(091,092,093,094,095) | H19: ='（４）訂單數量構成比'!AC50 -> 972316 | I19: =IFERROR(H19/$B$7,"") -> 0.23120528 | J19: 0.1967306 | K19: =IFERROR(I19-J19,"") -> 0.034474682
A20: 便當(083) | B20: ='（３）業績構成比'!AE50/1000 -> 29516.542 | C20: =IFERROR(B20/$B$6,"") -> 0.20795225 | D20: 0.13979724 | E20: =IFERROR(C20-D20,"") -> 0.068155011 | G20: 便當(083) | H20: ='（４）訂單數量構成比'!AE50 -> 516380 | I20: =IFERROR(H20/$B$7,"") -> 0.12278907 | J20: 0.079797709 | K20: =IFERROR(I20-J20,"") -> 0.042991366
A21: 熱食義麵(122,123,124,126) | B21: ='（３）業績構成比'!AG50/1000 -> 21833.2 | C21: =IFERROR(B21/$B$6,"") -> 0.15382097 | D21: 0.13619627 | E21: =IFERROR(C21-D21,"") -> 0.017624701 | G21: 熱食義麵(122,123,124,126) | H21: ='（４）訂單數量構成比'!AG50 -> 443539 | I21: =IFERROR(H21/$B$7,"") -> 0.10546834 | J21: 0.090009011 | K21: =IFERROR(I21-J21,"") -> 0.015459333
A22: 季節調理麵(111,112) | B22: ='（３）業績構成比'!AI50/1000 -> 32273.064 | C22: =IFERROR(B22/$B$6,"") -> 0.22737271 | D22: 0.068175374 | E22: =IFERROR(C22-D22,"") -> 0.15919734 | G22: 季節調理麵(111,112) | H22: ='（４）訂單數量構成比'!AI50 -> 857175 | I22: =IFERROR(H22/$B$7,"") -> 0.20382611 | J22: 0.05972114 | K22: =IFERROR(I22-J22,"") -> 0.14410497
A23: 微波小吃(153,154,155) | B23: ='（３）業績構成比'!AK50/1000 -> 17558.118 | C23: =IFERROR(B23/$B$6,"") -> 0.12370183 | D23: 0.076740802 | E23: =IFERROR(C23-D23,"") -> 0.046961023 | G23: 微波小吃(153,154,155) | H23: ='（４）訂單數量構成比'!AK50 -> 598238 | I23: =IFERROR(H23/$B$7,"") -> 0.14225394 | J23: 0.082080959 | K23: =IFERROR(I23-J23,"") -> 0.060172983
C24: =SUM(C15:C23) -> 1.3697715 | D24: =SUM(D15:D23) -> 1 | I24: =SUM(I15:I23) -> 1.3993487 | J24: =SUM(J15:J23) -> 1
A26: （５）品群別人時生產性
A27: 品群 | B27: 當月 | C27: 前月 | D27: 差異 | E27: 累計 | M27: 8月 | N27: 9月 | O27: 10月 | P27: 11月 | Q27: 12月
A28: 18℃-飯A15:A23糰(061,063) | B28: ='（５-1）品群別人時生產性（18℃-飯糰）'!$C$1 -> 839.68042 | C28: 756.20247 | D28: =B28-C28 -> 83.477945 | E28: =R28 -> 778.60397 | M28: 717.52753 | N28: =B28 -> 839.68042 | R28: =AVERAGE(M28:Q28) -> 778.60397
A29: 18℃-壽司手卷(071,072,075,076) | B29: ='（５-2）品群別人時生產性（18-壽司手卷)'!$C$1 -> 145.48598 | C29: 198.82982 | D29: =B29-C29 -> -53.34384 | E29: =R29 -> 171.55935 | M29: 197.63272 | N29: =B29 -> 145.48598 | R29: =AVERAGE(M29:Q29) -> 171.55935
A30: 4℃-飯糰(065) | B30: ='（５-3）品群別人時生產性（4℃-飯糰)'!$C$1 -> 222.80935 | C30: 253.36933 | D30: =B30-C30 -> -30.559982 | E30: =R30 -> 231.63396 | M30: 240.45857 | N30: =B30 -> 222.80935 | R30: =AVERAGE(M30:Q30) -> 231.63396
A31: 4℃-壽司手卷(077) | B31: ='（５-4）品群別人時生產性（4℃-壽司手卷)'!$C$1 -> 115.68224 | C31: 112.99131 | D31: =B31-C31 -> 2.6909279 | E31: =R31 -> 111.27368 | M31: 106.86512 | N31: =B31 -> 115.68224 | R31: =AVERAGE(M31:Q31) -> 111.27368
A32: 主食(091,092,093,094,095) | B32: ='（５-5）品群別人時生產性(主食) '!$C$1 -> 89.013864 | C32: 85.495684 | D32: =B32-C32 -> 3.5181792 | E32: =R32 -> 89.162146 | M32: 89.310428 | N32: =B32 -> 89.013864 | R32: =AVERAGE(M32:Q32) -> 89.162146
A33: 便當(083) | B33: ='（５-6）品群別人時生產性(便當)'!$C$1 -> 71.849726 | C33: 66.943614 | D33: =B33-C33 -> 4.9061125 | E33: =R33 -> 68.761234 | M33: 65.672742 | N33: =B33 -> 71.849726 | R33: =AVERAGE(M33:Q33) -> 68.761234
A34: 熱食義麵(122,123,124,126) | B34: ='（５-7）品群別人時生產性(熱食義麵) '!$C$1 -> 84.276739 | C34: 80.555861 | D34: =B34-C34 -> 3.7208778 | E34: =R34 -> 79.877654 | M34: 75.478569 | N34: =B34 -> 84.276739 | R34: =AVERAGE(M34:Q34) -> 79.877654
A35: 季節調理麵(111,112) | B35: ='（５-8）品群別人時生產性(季節調理麵) '!$C$1 -> 128.82778 | C35: 121.13263 | D35: =B35-C35 -> 7.6951531 | E35: =R35 -> 121.66668 | M35: 114.50557 | N35: =B35 -> 128.82778 | R35: =AVERAGE(M35:Q35) -> 121.66668
A36: 微波小吃(153,154,155) | B36: ='（５-9）品群別人時生產性(微波小吃)'!$C$1 -> 147.50807 | C36: 115.36623 | D36: =B36-C36 -> 32.141842 | E36: =R36 -> 123.5782 | M36: 99.648342 | N36: =B36 -> 147.50807 | R36: =AVERAGE(M36:Q36) -> 123.5782

Sheet 生產管理報表(週) 
A1: 生產管理報表
A3: 月別 | B3: 6 | C3: 週別 | D3: W2 | E3: 工廠 | F3: 晉欣廠
A4: （１）收支狀況 | E4: ※單位：千元 | G4: （２）ＫＰＩ達成進度
A5: 項目 | B5: 當週 | C5: 前週 | D5: 差異 | E5: 累計 | G5: 項目 | H5: KPI | I5: 當週 | J5: 前週 | K5: 累計 | L5: ※補充
A6: 業績金額 | B6: ='（１）收支狀況'!G19/1000 -> 67337.724 | C6: 65024.924 | D6: =B6-C6 -> 2312.8 | E6: ='（１）收支狀況'!H10/1000 -> 141939.04 | G6: 人時性(個/月均) | H6: 366 | I6: ='（２）ＫＰＩ達成進度'!G19 -> 363.48965 | J6: 364.54238 | K6: ='（２）ＫＰＩ達成進度'!H10 -> 364.52604 | L6: 個／MH
A7: 訂單數量 | B7: ='（１）收支狀況'!J19 -> 1972746 | C7: 1939291 | D7: =B7-C7 -> 33455 | E7: ='（１）收支狀況'!K10 -> 4205423 | G7: 人時達成率(%/月均) | H7: 0.8 | I7: ='（２）ＫＰＩ達成進度'!J19 -> 0.99314112 | J7: 0.99601743 | K7: ='（２）ＫＰＩ達成進度'!K10 -> 0.49798639 | L7: 達成率
A8: 材料費 | B8: ='（１）收支狀況'!M19/1000 -> 44459.108 | C8: =43241268/1000 -> 43241.268 | D8: =B8-C8 -> 1217.84 | E8: ='（１）收支狀況'!N10/1000 -> 94063.857 | G8: 半成品-報廢(%) | H8: 0.0025 | I8: ='（２）ＫＰＩ達成進度'!M19 -> 0.0024261464 | J8: 0.0024182194 | K8: ='（２）ＫＰＩ達成進度'!N10 -> 0.0024212211 | L8: 報廢率
A9: 材料費率 | B9: ='（１）收支狀況'!P19 -> 0.66024073 | C9: 0.66499529 | D9: =B9-C9 -> -0.0047545578 | E9: ='（１）收支狀況'!Q10 -> 0.66270604 | G9: 半成品-超用(%) | H9: 0.0026 | I9: ='（２）ＫＰＩ達成進度'!P19 -> 0.0039141798 | J9: 0.0040596366 | K9: ='（２）ＫＰＩ達成進度'!Q10 -> 0.0039869992 | L9: 超用率
A10: 勞務成本 | B10: ='（１）收支狀況'!S19/1000 -> 7500.351 | C10: 7317.7016 | D10: =B10-C10 -> 182.64936 | E10: ='（１）收支狀況'!T10/1000 -> 15900.74 | G10: 固定產線-導入率(%) | H10: 0.8 | I10: 0.9119 | J10: 0.9112 | K10: 0.917 | L10: 導入率
A11: 勞務費率 | B11: ='（１）收支狀況'!V19 -> 0.11138409 | C11: 0.11253687 | D11: =B11-C11 -> -0.001152785 | E11: ='（１）收支狀況'!W10 -> 0.11202513 | G11: 教育訓練-實施率(%) | H11: 1 | I11: ='（２）ＫＰＩ達成進度'!V19 -> 0.42914286 | J11: 0.41571429 | K11: ='（２）ＫＰＩ達成進度'!W10 -> 0.42133333 | L11: 實施率
A13: （３）業績構成比 | G13: （４）訂單數量構成比
B14: 當週 | C14: 比例 | D14: 前週 | E14: 差異 | H14: 當週 | I14: 比例 | J14: 前週 | K14: 差異
A15: 18℃-飯糰(061,063) | B15: =SUM('（３）業績構成比'!I21:I48,'（３）業績構成比'!K21:K48)/1000 -> 10330.654 | C15: =IFERROR(B15/$B$6,"") -> 0.15341556 | D15: 0.16621154 | E15: =IFERROR(C15-D15,"") -> -0.012795983 | G15: 18℃-飯糰(061,063) | H15: =SUM(,'（４）訂單數量構成比'!I21:I48,'（４）訂單數量構成比'!K21:K48) -> 540219 | I15: =IFERROR(H15/$B$7,"") -> 0.27384113 | J15: 0.29034322 | K15: =IFERROR(I15-J15,"") -> -0.01650209
A16: 18℃-壽司手卷(071,072,075,076) | B16: =SUM('（３）業績構成比'!O21:O48,'（３）業績構成比'!Q21:Q48)/1000 -> 1053.3089 | C16: =IFERROR(B16/$B$6,"") -> 0.015642181 | D16: 0.016103389 | E16: =IFERROR(C16-D16,"") -> -0.00046120755 | G16: 18℃-壽司手卷(071,072,075,076) | H16: =SUM('（４）訂單數量構成比'!O21:O48,'（４）訂單數量構成比'!Q21:Q48) -> 36405 | I16: =IFERROR(H16/$B$7,"") -> 0.018453972 | J16: 0.018619691 | K16: =IFERROR(I16-J16,"") -> -0.00016571914
A17: 4℃-飯糰(065) | B17: =SUM('（３）業績構成比'!U21:U48)/1000 -> 8189.4134 | C17: =IFERROR(B17/$B$6,"") -> 0.12161702 | D17: 0.10291392 | E17: =IFERROR(C17-D17,"") -> 0.018703107 | G17: 4℃-飯糰(065) | H17: =SUM('（４）訂單數量構成比'!U21:U48) -> 249379 | I17: =IFERROR(H17/$B$7,"") -> 0.12641212 | J17: 0.10332075 | K17: =IFERROR(I17-J17,"") -> 0.023091368
A18: 4℃-壽司手卷(077) | B18: =SUM('（３）業績構成比'!W21:W48)/1000 -> 409.14086 | C18: =IFERROR(B18/$B$6,"") -> 0.0060759532 | D18: 0.006730736 | E18: =IFERROR(C18-D18,"") -> -0.00065478279 | G18: 4℃-壽司手卷(077) | H18: =SUM('（４）訂單數量構成比'!W21:W48) -> 11263 | I18: =IFERROR(H18/$B$7,"") -> 0.0057093006 | J18: 0.0062141267 | K18: =IFERROR(I18-J18,"") -> -0.00050482607
A19: 主食(091,092,093,094,095) | B19: =SUM('（３）業績構成比'!Y21:Y48,'（３）業績構成比'!AA21:AA48)/1000 -> 13489.058 | C19: =IFERROR(B19/$B$6,"") -> 0.20031948 | D19: 0.19090511 | E19: =IFERROR(C19-D19,"") -> 0.0094143746 | G19: 主食(091,092,093,094,095) | H19: =SUM('（４）訂單數量構成比'!Y21:Y48,'（４）訂單數量構成比'!AA21:AA48) -> 339001 | I19: =IFERROR(H19/$B$7,"") -> 0.17184219 | J19: 0.1620716 | K19: =IFERROR(I19-J19,"") -> 0.0097705911
A20: 便當(083) | B20: =SUM('（３）業績構成比'!AE21:AE48)/1000 -> 9666.6292 | C20: =IFERROR(B20/$B$6,"") -> 0.14355444 | D20: 0.15122734 | E20: =IFERROR(C20-D20,"") -> -0.0076728972 | G20: 便當(083) | H20: =SUM('（４）訂單數量構成比'!AE21:AE48) -> 167384 | I20: =IFERROR(H20/$B$7,"") -> 0.084848227 | J20: 0.089038726 | K20: =IFERROR(I20-J20,"") -> -0.0041904992
A21: 熱食義麵(122,123,124,126) | B21: =SUM('（３）業績構成比'!AG21:AG48)/1000 -> 7849.4712 | C21: =IFERROR(B21/$B$6,"") -> 0.1165687 | D21: 0.10052517 | E21: =IFERROR(C21-D21,"") -> 0.01604353 | G21: 熱食義麵(122,123,124,126) | H21: =SUM('（４）訂單數量構成比'!AG21:AG48) -> 159573 | I21: =IFERROR(H21/$B$7,"") -> 0.080888771 | J21: 0.068319814 | K21: =IFERROR(I21-J21,"") -> 0.012568957
A22: 季節調理麵(111,112) | B22: =SUM('（３）業績構成比'!AI21:AI48)/1000 -> 10375.067 | C22: =IFERROR(B22/$B$6,"") -> 0.15407511 | D22: 0.1681122 | E22: =IFERROR(C22-D22,"") -> -0.014037096 | G22: 季節調理麵(111,112) | H22: =SUM('（４）訂單數量構成比'!AI21:AI48) -> 266668 | I22: =IFERROR(H22/$B$7,"") -> 0.13517604 | J22: 0.15075561 | K22: =IFERROR(I22-J22,"") -> -0.015579567
A23: 微波小吃(153,154,155) | B23: =SUM('（３）業績構成比'!AK21:AK48)/1000 -> 5974.981 | C23: =IFERROR(B23/$B$6,"") -> 0.088731556 | D23: 0.0972706 | E23: =IFERROR(C23-D23,"") -> -0.0085390449 | G23: 微波小吃(153,154,155) | H23: =SUM('（４）訂單數量構成比'!AK21:AK48) -> 202854 | I23: =IFERROR(H23/$B$7,"") -> 0.10282824 | J23: 0.11131646 | K23: =IFERROR(I23-J23,"") -> -0.0084882149
C24: =SUM(C15:C23) -> 1 | D24: =SUM(D15:D23) -> 1 | I24: =SUM(I15:I23) -> 1 | J24: =SUM(J15:J23) -> 1
A26: （５）品群別人時生產性
A27: 品群 | B27: 當週 | C27: 前週 | D27: 差異 | E27: 累計
A28: 18℃-飯糰(061,063) | B28: ='（５-1）品群別人時生產性（18℃-飯糰）'!L77 -> 839.18138 | C28: 840.02598 | D28: =B28-C28 -> -0.84460154 | E28: ='（５-1）品群別人時生產性（18℃-飯糰）'!C1 -> 839.68042
A29: 18℃-壽司手卷(071,072,075,076) | B29: ='（５-2）品群別人時生產性（18-壽司手卷)'!L47 -> 137.8998 | C29: 147.47154 | D29: =B29-C29 -> -9.5717407 | E29: ='（５-2）品群別人時生產性（18-壽司手卷)'!C1 -> 145.48598
A30: 4℃-飯糰(065) | B30: ='（５-3）品群別人時生產性（4℃-飯糰)'!L47 -> 207.11565 | C30: 229.24447 | D30: =B30-C30 -> -22.128825 | E30: ='（５-3）品群別人時生產性（4℃-飯糰)'!C1 -> 222.80935
A31: 4℃-壽司手卷(077) | B31: ='（５-4）品群別人時生產性（4℃-壽司手卷)'!L47 -> 111.5543 | C31: 117.78208 | D31: =B31-C31 -> -6.2277795 | E31: ='（５-4）品群別人時生產性（4℃-壽司手卷)'!C1 -> 115.68224
A32: 主食(091,092,093,094,095) | B32: ='（５-5）品群別人時生產性(主食) '!L77 -> 88.755236 | C32: 89.042978 | D32: =B32-C32 -> -0.28774247 | E32: ='（５-5）品群別人時生產性(主食) '!C1 -> 89.013864
A33: 便當(083) | B33: ='（５-6）品群別人時生產性(便當)'!L47 -> 71.08539 | C33: 71.995438 | D33: =B33-C33 -> -0.91004779 | E33: ='（５-6）品群別人時生產性(便當)'!C1 -> 71.849726
A34: 熱食義麵(122,123,124,126) | B34: ='（５-7）品群別人時生產性(熱食義麵) '!L47 -> 83.032083 | C34: 84.277715 | D34: =B34-C34 -> -1.2456315 | E34: ='（５-7）品群別人時生產性(熱食義麵) '!C1 -> 84.276739
A35: 季節調理麵(111,112) | B35: ='（５-8）品群別人時生產性(季節調理麵) '!L47 -> 127.10791 | C35: 129.428 | D35: =B35-C35 -> -2.320091 | E35: ='（５-8）品群別人時生產性(季節調理麵) '!C1 -> 128.82778
A36: 微波小吃(153,154,155) | B36: ='（５-9）品群別人時生產性(微波小吃)'!L47 -> 150.29771 | C36: 148.81056 | D36: =B36-C36 -> 1.4871478 | E36: ='（５-9）品群別人時生產性(微波小吃)'!C1 -> 147.50807

Sheet （１）收支狀況
B2: （１）收支狀況
C3: 月份 | D3: 日期 | F3: 營業額(元) | I3: 訂單數量(個) | L3: 材料費(元) | O3: 材料費率（材料費／營業額） | R3: 勞務成本（全廠人事成本） | U3: 勞務費率（勞務成本／營業額）
F4: 日 | G4: 週累積 | H4: 月累積 | I4: 日 | J4: 週累積 | K4: 月累積 | L4: 日 | M4: 週累積 | N4: 月累積 | O4: 日 | P4: 週累積 | Q4: 月平均 | R4: 日 | S4: 週累積 | T4: 月累積 | U4: 日 | V4: 週累積 | W4: 月平均
D5: 46168 | E5: 二 | F5: 9911969 | I5: 293602 | L5: 6374930 | O5: =L5/F5 -> 0.64315476 | R5: 1112117.7 | U5: =R5/F5 -> 0.11219947
D6: =D5+1 -> 46169 | E6: 三 | F6: 9723654 | G6: =SUM(F5:F11) -> 65939025 | I6: 289569 | J6: =SUM(I5:I11) -> 1972816 | L6: 6417155 | M6: =SUM(L5:L11) -> 43902368 | O6: =L6/F6 -> 0.65995304 | P6: =M6/G6 -> 0.6658025 | R6: 1109096.6 | S6: =SUM(R5:R11) -> 7722861.6 | U6: =R6/F6 -> 0.11406171 | V6: =S6/G6 -> 0.11712126
D7: =D6+1 -> 46170 | E7: 四 | F7: 9072400 | I7: 272954 | L7: 6318977 | O7: =L7/F7 -> 0.69650556 | R7: 1092100 | U7: =R7/F7 -> 0.12037609
D8: =D7+1 -> 46171 | E8: 五 | F8: 8447568 | I8: 253473 | L8: 5651856 | O8: =L8/F8 -> 0.66905126 | R8: 1098880 | U8: =R8/F8 -> 0.13008241
D9: =D8+1 -> 46172 | E9: 六 | F9: 8820596 | I9: 262061 | L9: 6178518 | O9: =L9/F9 -> 0.70046491 | R9: 1087933.1 | U9: =R9/F9 -> 0.12334009
D10: =D9+1 -> 46173 | E10: 日 | F10: 10386449 | H10: =SUM(F11:F40) -> 141939037 | I10: 307771 | K10: =SUM(I11:I40) -> 4205423 | L10: 6597451 | N10: =SUM(L11:L40) -> 94063857 | O10: =L10/F10 -> 0.63519794 | Q10: =N10/H10 -> 0.66270604 | R10: 1140047.1 | T10: =SUM(R11:R40) -> 15900740 | U10: =R10/F10 -> 0.10976293 | W10: =T10/H10 -> 0.11202513
D11: =D10+1 -> 46174 | E11: 一 | F11: 9576389 | I11: 293386 | L11: 6363481 | O11: =L11/F11 -> 0.66449692 | R11: 1082687 | U11: =R11/F11 -> 0.11305796
D12: =D11+1 -> 46175 | E12: 二 | F12: 10050370 | G12: =SUM(F12:F18) -> 65024924 | I12: 300488 | J12: =SUM(I12:I18) -> 1939291 | L12: 6856363 | M12: =SUM(L12:L18) -> 43241268 | O12: =L12/F12 -> 0.68220006 | P12: =M12/G12 -> 0.66499529 | R12: 1044240.8 | S12: =SUM(R12:R18) -> 7317701.6 | U12: =R12/F12 -> 0.10390073 | V12: =S12/G12 -> 0.11253687
D13: =D12+1 -> 46176 | E13: 三 | F13: 9327317 | I13: 281796 | L13: 6164696 | O13: =L13/F13 -> 0.66092918 | R13: 1042886.6 | U13: =R13/F13 -> 0.11180993
D14: =D13+1 -> 46177 | E14: 四 | F14: 8845232 | I14: 268178 | L14: 6263259 | O14: =L14/F14 -> 0.70809437 | R14: 1038657.2 | U14: =R14/F14 -> 0.11742566
D15: =D14+1 -> 46178 | E15: 五 | F15: 7987767 | I15: 238249 | L15: 5445047 | O15: =L15/F15 -> 0.68167324 | R15: 1029297.8 | U15: =R15/F15 -> 0.12885927
D16: =D15+1 -> 46179 | E16: 六 | F16: 8617242 | I16: 254956 | L16: 5396723 | O16: =L16/F16 -> 0.62627033 | R16: 1010559 | U16: =R16/F16 -> 0.11727174
D17: =D16+1 -> 46180 | E17: 日 | F17: 10141059 | I17: 300446 | L17: 6588739 | O17: =L17/F17 -> 0.64970917 | R17: 1066733 | U17: =R17/F17 -> 0.10518951
D18: =D17+1 -> 46181 | E18: 一 | F18: 10055937 | I18: 295178 | L18: 6526441 | O18: =L18/F18 -> 0.64901371 | R18: 1085327.2 | U18: =R18/F18 -> 0.107929
D19: =D18+1 -> 46182 | E19: 二 | F19: 10760813 | G19: =SUM(F19:F25) -> 67337724 | I19: 310985 | J19: =SUM(I19:I25) -> 1972746 | L19: 6868993 | M19: =SUM(L19:L25) -> 44459108 | O19: =L19/F19 -> 0.63833402 | P19: =M19/G19 -> 0.66024073 | R19: 1093226.5 | S19: =SUM(R19:R25) -> 7500351 | U19: =R19/F19 -> 0.1015933 | V19: =S19/G19 -> 0.11138409
D20: =D19+1 -> 46183 | E20: 三 | F20: 10128071 | I20: 294581 | L20: 6710507 | O20: =L20/F20 -> 0.66256516 | R20: 1099151.4 | U20: =R20/F20 -> 0.10852524
D21: =D20+1 -> 46184 | E21: 四 | F21: 9476070 | I21: 277313 | L21: 6182007 | O21: =L21/F21 -> 0.65238089 | R21: 1066363.7 | U21: =R21/F21 -> 0.11253227
D22: =D21+1 -> 46185 | E22: 五 | F22: 8134246 | I22: 242704 | L22: 5946608 | O22: =L22/F22 -> 0.73105829 | R22: 1054301.7 | U22: =R22/F22 -> 0.12961271
D23: =D22+1 -> 46186 | E23: 六 | F23: 8644943 | I23: 255973 | L23: 5579659 | O23: =L23/F23 -> 0.64542461 | R23: 1039399.8 | U23: =R23/F23 -> 0.12023212
D24: =D23+1 -> 46187 | E24: 日 | F24: 10278251 | I24: 301170 | L24: 6634444 | O24: =L24/F24 -> 0.64548375 | R24: 1072512.6 | U24: =R24/F24 -> 0.10434777
D25: =D24+1 -> 46188 | E25: 一 | F25: 9915330 | I25: 290020 | L25: 6536890 | O25: =L25/F25 -> 0.65927105 | R25: 1075395.4 | U25: =R25/F25 -> 0.10845785
D26: =D25+1 -> 46189 | E26: 二 | G26: =SUM(F26:F32) -> 0 | J26: =SUM(I26:I32) -> 0 | M26: =SUM(L26:L32) -> 0 | O26: =L26/F26 -> #DIV/0! | P26: =M26/G26 -> #DIV/0! | S26: =SUM(R26:R32) -> 0 | U26: =R26/F26 -> #DIV/0! | V26: =S26/G26 -> #DIV/0!
D27: =D26+1 -> 46190 | E27: 三 | O27: =L27/F27 -> #DIV/0! | U27: =R27/F27 -> #DIV/0!
D28: =D27+1 -> 46191 | E28: 四 | O28: =L28/F28 -> #DIV/0! | U28: =R28/F28 -> #DIV/0!
D29: =D28+1 -> 46192 | E29: 五 | O29: =L29/F29 -> #DIV/0! | U29: =R29/F29 -> #DIV/0!
D30: =D29+1 -> 46193 | E30: 六 | O30: =L30/F30 -> #DIV/0! | U30: =R30/F30 -> #DIV/0!
D31: =D30+1 -> 46194 | E31: 日 | O31: =L31/F31 -> #DIV/0! | U31: =R31/F31 -> #DIV/0!
D32: =D31+1 -> 46195 | E32: 一 | O32: =L32/F32 -> #DIV/0! | U32: =R32/F32 -> #DIV/0!
D33: =D32+1 -> 46196 | E33: 二 | G33: =SUM(F33:F39) -> 0 | J33: =SUM(I33:I39) -> 0 | M33: =SUM(L33:L39) -> 0 | O33: =L33/F33 -> #DIV/0! | P33: =M33/G33 -> #DIV/0! | S33: =SUM(R33:R39) -> 0 | U33: =R33/F33 -> #DIV/0! | V33: =S33/G33 -> #DIV/0!
D34: =D33+1 -> 46197 | E34: 三 | O34: =L34/F34 -> #DIV/0! | U34: =R34/F34 -> #DIV/0!
D35: =D34+1 -> 46198 | E35: 四 | O35: =L35/F35 -> #DIV/0! | U35: =R35/F35 -> #DIV/0!
D36: =D35+1 -> 46199 | E36: 五 | O36: =L36/F36 -> #DIV/0! | U36: =R36/F36 -> #DIV/0!
D37: =D36+1 -> 46200 | E37: 六 | O37: =L37/F37 -> #DIV/0! | U37: =R37/F37 -> #DIV/0!
D38: =D37+1 -> 46201 | E38: 日 | O38: =L38/F38 -> #DIV/0! | U38: =R38/F38 -> #DIV/0!
D39: =D38+1 -> 46202 | E39: 一 | O39: =L39/F39 -> #DIV/0! | U39: =R39/F39 -> #DIV/0!
D40: =D39+1 -> 46203 | E40: 二 | O40: =L40/F40 -> #DIV/0! | U40: =R40/F40 -> #DIV/0!
D41: =D40+1 -> 46204 | E41: 三 | O41: =L41/F41 -> #DIV/0! | U41: =R41/F41 -> #DIV/0!
D42: =D41+1 -> 46205 | E42: 四 | O42: =L42/F42 -> #DIV/0! | U42: =R42/F42 -> #DIV/0!
D43: =D42+1 -> 46206 | E43: 五 | O43: =L43/F43 -> #DIV/0! | U43: =R43/F43 -> #DIV/0!
D44: =D43+1 -> 46207 | E44: 六 | O44: =L44/F44 -> #DIV/0! | U44: =R44/F44 -> #DIV/0!
D45: =D44+1 -> 46208 | E45: 日 | O45: =L45/F45 -> #DIV/0! | U45: =R45/F45 -> #DIV/0!
D46: =D45+1 -> 46209 | E46: 一 | O46: =L46/F46 -> #DIV/0! | U46: =R46/F46 -> #DIV/0!

Sheet （２）ＫＰＩ達成進度
B1: KPI | C1: 366
B2: （２）ＫＰＩ達成進度
C3: 月份 | D3: 日期 | F3: 人時生產性(個/人) | I3: 人時生產性達成率(%) | L3: 半成品報廢(%) | O3: 半成品超用(%) | R3: 固定產線-導入率(固定產線數/總產線數) | U3: 教育訓練-實施率(進度/計畫)
F4: 日 | G4: 週平均 | H4: 月平均 | I4: 日 | J4: 週平均 | K4: 月平均 | L4: 日 | M4: 週平均 | N4: 月平均 | O4: 日 | P4: 週平均 | Q4: 月平均 | R4: 日 | S4: 週平均 | T4: 月平均 | U4: 日 | V4: 週平均 | W4: 月平均
D5: 46168 | E5: 二 | F5: 365.46905 | I5: =F5/$C$1 -> 0.99854932 | L5: 0.0024291591 | O5: 0.0041233462 | R5: 0.917 | U5: 0.39
D6: =D5+1 -> 46169 | E6: 三 | F6: 366.33394 | G6: =AVERAGE(F5:F11) -> 367.41016 | I6: =F6/$C$1 -> 1.0009124 | J6: =AVERAGE(I5:I11) -> 1.0038529 | L6: 0.0024428817 | M6: =AVERAGE(L5:L11) -> 0.0024230796 | O6: 0.0042721649 | P6: =AVERAGE(O5:O11) -> 0.0042109245 | R6: 0.917 | S6: =AVERAGE(R5:R11) -> 0.917 | U6: 0.39 | V6: =AVERAGE(U5:U11) -> 0.39885714
D7: =D6+1 -> 46170 | E7: 四 | F7: 364.47071 | I7: =F7/$C$1 -> 0.99582162 | L7: 0.0024289743 | O7: 0.004299641 | R7: 0.917 | U7: 0.394
D8: =D7+1 -> 46171 | E8: 五 | F8: 368.63145 | I8: =F8/$C$1 -> 1.0071898 | L8: 0.0024027455 | O8: 0.0043797814 | R8: 0.917 | U8: 0.4
D9: =D8+1 -> 46172 | E9: 六 | F9: 368.64391 | I9: =F9/$C$1 -> 1.0072238 | L9: 0.0024216396 | O9: 0.0043383676 | R9: 0.917 | U9: 0.406
D10: =D9+1 -> 46173 | E10: 日 | F10: 366.65571 | H10: =AVERAGE(F11:F40) -> 364.52604 | I10: =F10/$C$1 -> 1.0017916 | K10: =AVERAGE(I11:I40) -> 0.49798639 | L10: 0.0024284001 | N10: =AVERAGE(L11:L40) -> 0.0024212211 | O10: 0.0040748978 | Q10: =AVERAGE(O11:O40) -> 0.0039869992 | R10: 0.917 | T10: =AVERAGE(R11:R40) -> 0.917 | U10: 0.406 | W10: =AVERAGE(U11:U40) -> 0.42133333
D11: =D10+1 -> 46174 | E11: 一 | F11: 371.66632 | I11: =F11/$C$1 -> 1.0154818 | L11: 0.0024077567 | O11: 0.0039882727 | R11: 0.917 | U11: 0.406
D12: =D11+1 -> 46175 | E12: 二 | F12: 370.67658 | G12: =AVERAGE(F12:F18) -> 364.54238 | I12: =F12/$C$1 -> 1.0127775 | J12: =AVERAGE(I12:I18) -> 0.99601743 | L12: 0.0024227496 | M12: =AVERAGE(L12:L18) -> 0.0024182194 | O12: 0.0040124284 | P12: =AVERAGE(O12:O18) -> 0.0040596366 | R12: 0.917 | S12: =AVERAGE(R12:R18) -> 0.917 | U12: 0.41 | V12: =AVERAGE(U12:U18) -> 0.41571429
D13: =D12+1 -> 46176 | E13: 三 | F13: 366.86756 | I13: =F13/$C$1 -> 1.0023704 | L13: 0.0024102441 | O13: 0.003959373 | R13: 0.917 | U13: 0.412
D14: =D13+1 -> 46177 | E14: 四 | F14: 359.41814 | I14: =F14/$C$1 -> 0.98201677 | L14: 0.0024276129 | O14: 0.0041764268 | R14: 0.917 | U14: 0.414
D15: =D14+1 -> 46178 | E15: 五 | F15: 369.02787 | I15: =F15/$C$1 -> 1.0082729 | L15: 0.0024222502 | O15: 0.0040923192 | R15: 0.917 | U15: 0.414
D16: =D15+1 -> 46179 | E16: 六 | F16: 363.33291 | I16: =F16/$C$1 -> 0.99271287 | L16: 0.0024053682 | O16: 0.0041366707 | R16: 0.917 | U16: 0.418
D17: =D16+1 -> 46180 | E17: 日 | F17: 365.40695 | I17: =F17/$C$1 -> 0.99837964 | L17: 0.0024270319 | O17: 0.0039796121 | R17: 0.917 | U17: 0.42
D18: =D17+1 -> 46181 | E18: 一 | F18: 357.06665 | I18: =F18/$C$1 -> 0.97559194 | L18: 0.0024122789 | O18: 0.0040606261 | R18: 0.917 | U18: 0.422
D19: =D18+1 -> 46182 | E19: 二 | F19: 361.77347 | G19: =AVERAGE(F19:F25) -> 363.48965 | I19: =F19/$C$1 -> 0.98845209 | J19: =AVERAGE(I19:I25) -> 0.99314112 | L19: 0.0024178961 | M19: =AVERAGE(L19:L25) -> 0.0024261464 | O19: 0.0038961241 | P19: =AVERAGE(O19:O25) -> 0.0039141798 | R19: 0.917 | S19: =AVERAGE(R19:R25) -> 0.917 | U19: 0.424 | V19: =AVERAGE(U19:U25) -> 0.42914286
D20: =D19+1 -> 46183 | E20: 三 | F20: 363.43751 | I20: =F20/$C$1 -> 0.99299865 | L20: 0.0024195332 | O20: 0.0039686323 | R20: 0.917 | U20: 0.426
D21: =D20+1 -> 46184 | E21: 四 | F21: 367.04822 | I21: =F21/$C$1 -> 1.002864 | L21: 0.0024165413 | O21: 0.0037696861 | R21: 0.917 | U21: 0.428
D22: =D21+1 -> 46185 | E22: 五 | F22: 367.0058 | I22: =F22/$C$1 -> 1.0027481 | L22: 0.0024410848 | O22: 0.0040311016 | R22: 0.917 | U22: 0.43
D23: =D22+1 -> 46186 | E23: 六 | F23: 370.92054 | I23: =F23/$C$1 -> 1.0134441 | L23: 0.0024391534 | O23: 0.0039348356 | R23: 0.917 | U23: 0.43
D24: =D23+1 -> 46187 | E24: 日 | F24: 357.56454 | I24: =F24/$C$1 -> 0.97695231 | L24: 0.0024313741 | O24: 0.0038621291 | R24: 0.917 | U24: 0.432
D25: =D24+1 -> 46188 | E25: 一 | F25: 356.67748 | I25: =F25/$C$1 -> 0.97452863 | L25: 0.0024174418 | O25: 0.0039367498 | R25: 0.917 | U25: 0.434
D26: =D25+1 -> 46189 | E26: 二 | G26: =AVERAGE(F26:F32) -> #DIV/0! | I26: =F26/$C$1 -> 0 | J26: =AVERAGE(I26:I32) -> 0 | M26: =AVERAGE(L26:L32) -> #DIV/0! | P26: =AVERAGE(O26:O32) -> #DIV/0! | S26: =AVERAGE(R26:R32) -> #DIV/0! | V26: =AVERAGE(U26:U32) -> #DIV/0!
D27: =D26+1 -> 46190 | E27: 三 | I27: =F27/$C$1 -> 0
D28: =D27+1 -> 46191 | E28: 四 | I28: =F28/$C$1 -> 0
D29: =D28+1 -> 46192 | E29: 五 | I29: =F29/$C$1 -> 0
D30: =D29+1 -> 46193 | E30: 六 | I30: =F30/$C$1 -> 0
D31: =D30+1 -> 46194 | E31: 日 | I31: =F31/$C$1 -> 0
D32: =D31+1 -> 46195 | E32: 一 | I32: =F32/$C$1 -> 0
D33: =D32+1 -> 46196 | E33: 二 | G33: =AVERAGE(F33:F39) -> #DIV/0! | I33: =F33/$C$1 -> 0 | J33: =AVERAGE(I33:I39) -> 0 | M33: =AVERAGE(L33:L39) -> #DIV/0! | P33: =AVERAGE(O33:O39) -> #DIV/0! | S33: =AVERAGE(R33:R39) -> #DIV/0! | V33: =AVERAGE(U33:U39) -> #DIV/0!
D34: =D33+1 -> 46197 | E34: 三 | I34: =F34/$C$1 -> 0
D35: =D34+1 -> 46198 | E35: 四 | I35: =F35/$C$1 -> 0
D36: =D35+1 -> 46199 | E36: 五 | I36: =F36/$C$1 -> 0
D37: =D36+1 -> 46200 | E37: 六 | I37: =F37/$C$1 -> 0
D38: =D37+1 -> 46201 | E38: 日 | I38: =F38/$C$1 -> 0
D39: =D38+1 -> 46202 | E39: 一 | I39: =F39/$C$1 -> 0
D40: =D39+1 -> 46203 | E40: 二 | I40: =F40/$C$1 -> 0
D41: =D40+1 -> 46204 | E41: 三 | I41: =F41/$C$1 -> 0
D42: =D41+1 -> 46205 | E42: 四 | I42: =F42/$C$1 -> 0
D43: =D42+1 -> 46206 | E43: 五 | I43: =F43/$C$1 -> 0
D44: =D43+1 -> 46207 | E44: 六 | I44: =F44/$C$1 -> 0
D45: =D44+1 -> 46208 | E45: 日 | I45: =F45/$C$1 -> 0
D46: =D45+1 -> 46209 | E46: 一 | I46: =F46/$C$1 -> 0

Sheet （３）業績構成比
B2: （3）業績構成比
C3: 月份 | D3: 日期 | F3: 營業額 | I3: 品類業績
I4: 18℃-飯糰 | O4: 18℃-壽司手卷 | U4: 4℃-飯糰 | W4: 4℃-壽司手卷 | Y4: 主食 | AE4: 便當 | AG4: 熱食義麵 | AI4: 季節調理麵 | AK4: 微波小吃
F5: 日 | G5: 週累積 | H5: 月累積 | I5: 一配 | K5: 二配 | M5: 合計 | O5: 一配 | Q5: 二配 | S5: 合計 | U5: 一配 | W5: 一配 | Y5: 一配 | AA5: 二配 | AC5: 合計 | AE5: 一配 | AG5: 一配 | AI5: 一配 | AK5: 一配
I6: 業績(元) | J6: 比例(%) | K6: 業績(元) | L6: 比例(%) | M6: 業績(元) | N6: 比例(%) | O6: 業績(元) | P6: 比例(%) | Q6: 業績(元) | R6: 比例(%) | S6: 業績(元) | T6: 比例(%) | U6: 業績(元) | V6: 比例(%) | W6: 業績(元) | X6: 比例(%) | Y6: 業績(元) | Z6: 比例(%) | AA6: 業績(元) | AB6: 比例(%) | AC6: 業績(元) | AD6: 比例(%) | AE6: 業績(元) | AF6: 比例(%) | AG6: 業績(元) | AH6: 比例(%) | AI6: 業績(元) | AJ6: 比例(%) | AK6: 業績(元) | AL6: 比例(%)
D7: 46168 | E7: 二 | F7: =SUM(M7,S7,U7,W7,AC7,AE7,AG7,AI7,AK7) -> 9911969 | I7: 871356.86 | J7: =I7/F7 -> 0.087909563 | K7: 893565.51 | L7: =K7/F7 -> 0.090150151 | M7: =SUM(I7+K7) -> 1764922.4 | N7: =M7/F7 -> 0.17805971 | O7: 155000.81 | P7: =O7/F7 -> 0.015637742 | R7: =Q7/$F7 -> 0 | S7: =SUM(O7+Q7) -> 155000.81 | T7: =S7/F7 -> 0.015637742 | U7: 1032613.9 | V7: =U7/F7 -> 0.10417848 | W7: 90946.693 | X7: =W7/F7 -> 0.0091754416 | Y7: 715867.99 | Z7: =Y7/F7 -> 0.072222581 | AA7: 1241839.1 | AB7: =AA7/$F7 -> 0.12528682 | AC7: =SUM(Y7+AA7) -> 1957707.1 | AD7: =AC7/F7 -> 0.1975094 | AE7: 1474753.3 | AF7: =AE7/F7 -> 0.1487851 | AG7: 1325583.4 | AH7: =AG7/F7 -> 0.13373563 | AI7: 1340614.2 | AJ7: =AI7/F7 -> 0.13525206 | AK7: 769827.26 | AL7: =AK7/F7 -> 0.077666432
D8: =D7+1 -> 46169 | E8: 三 | F8: =SUM(M8,S8,U8,W8,AC8,AE8,AG8,AI8,AK8) -> 9723654 | G8: =SUM(F7:F13) -> 65939025 | I8: 834226.4 | J8: =I8/F8 -> 0.085793509 | K8: 880855.44 | L8: =K8/F8 -> 0.090588933 | M8: =SUM(I8+K8) -> 1715081.8 | N8: =M8/F8 -> 0.17638244 | O8: 155740.6 | P8: =O8/F8 -> 0.016016675 | R8: =Q8/$F8 -> 0 | S8: =SUM(O8+Q8) -> 155740.6 | T8: =S8/F8 -> 0.016016675 | U8: 1021176.4 | V8: =U8/F8 -> 0.10501982 | W8: 91019.339 | X8: =W8/F8 -> 0.0093606106 | Y8: 712653.02 | Z8: =Y8/F8 -> 0.07329066 | AA8: 1161243.8 | AB8: =AA8/$F8 -> 0.11942463 | AC8: =SUM(Y8+AA8) -> 1873896.8 | AD8: =AC8/F8 -> 0.19271529 | AE8: 1479080.4 | AF8: =AE8/F8 -> 0.15211158 | AG8: 1013065.2 | AH8: =AG8/F8 -> 0.10418565 | AI8: 1617802.8 | AJ8: =AI8/F8 -> 0.16637807 | AK8: 756790.67 | AL8: =AK8/F8 -> 0.077829864
D9: =D8+1 -> 46170 | E9: 四 | F9: =SUM(M9,S9,U9,W9,AC9,AE9,AG9,AI9,AK9) -> 9072400 | I9: 796967.55 | J9: =I9/F9 -> 0.087845284 | K9: 802490.73 | L9: =K9/F9 -> 0.088454073 | M9: =SUM(I9+K9) -> 1599458.3 | N9: =M9/F9 -> 0.17629936 | O9: 156572.69 | P9: =O9/F9 -> 0.017258133 | R9: =Q9/$F9 -> 0 | S9: =SUM(O9+Q9) -> 156572.69 | T9: =S9/F9 -> 0.017258133 | U9: 919622.63 | V9: =U9/F9 -> 0.10136487 | W9: 80701.499 | X9: =W9/F9 -> 0.0088952757 | Y9: 684780.21 | Z9: =Y9/F9 -> 0.075479499 | AA9: 910019.21 | AB9: =AA9/$F9 -> 0.10030634 | AC9: =SUM(Y9+AA9) -> 1594799.4 | AD9: =AC9/F9 -> 0.17578584 | AE9: 1371164.7 | AF9: =AE9/F9 -> 0.15113583 | AG9: 953952.6 | AH9: =AG9/F9 -> 0.10514887 | AI9: 1655180.2 | AJ9: =AI9/F9 -> 0.18244127 | AK9: 740947.98 | AL9: =AK9/F9 -> 0.081670559
D10: =D9+1 -> 46171 | E10: 五 | F10: =SUM(M10,S10,U10,W10,AC10,AE10,AG10,AI10,AK10) -> 8447568 | I10: 717668.83 | J10: =I10/F10 -> 0.084955674 | K10: 754001.26 | L10: =K10/F10 -> 0.089256607 | M10: =SUM(I10+K10) -> 1471670.1 | N10: =M10/F10 -> 0.17421228 | O10: 131174.99 | P10: =O10/F10 -> 0.015528137 | R10: =Q10/$F10 -> 0 | S10: =SUM(O10+Q10) -> 131174.99 | T10: =S10/F10 -> 0.015528137 | U10: 827052.82 | V10: =U10/F10 -> 0.097904251 | W10: 57382.901 | X10: =W10/F10 -> 0.0067928309 | Y10: 602253.05 | Z10: =Y10/F10 -> 0.071293069 | AA10: 925631.31 | AB10: =AA10/$F10 -> 0.1095737 | AC10: =SUM(Y10+AA10) -> 1527884.4 | AD10: =AC10/F10 -> 0.18086677 | AE10: 1186754.4 | AF10: =AE10/F10 -> 0.14048475 | AG10: 870174.15 | AH10: =AG10/F10 -> 0.10300884 | AI10: 1740638.1 | AJ10: =AI10/F10 -> 0.20605198 | AK10: 634836.12 | AL10: =AK10/F10 -> 0.075150164
D11: =D10+1 -> 46172 | E11: 六 | F11: =SUM(M11,S11,U11,W11,AC11,AE11,AG11,AI11,AK11) -> 8820596 | I11: 648392.84 | J11: =I11/F11 -> 0.07350896 | K11: 833488.46 | L11: =K11/F11 -> 0.09449344 | M11: =SUM(I11+K11) -> 1481881.3 | N11: =M11/F11 -> 0.1680024 | O11: 131347.2 | P11: =O11/F11 -> 0.014890966 | R11: =Q11/$F11 -> 0 | S11: =SUM(O11+Q11) -> 131347.2 | T11: =S11/F11 -> 0.014890966 | U11: 890786.35 | V11: =U11/F11 -> 0.10098936 | W11: 66013.288 | X11: =W11/F11 -> 0.007483994 | Y11: 662404.95 | Z11: =Y11/F11 -> 0.075097527 | AA11: 1013745.6 | AB11: =AA11/$F11 -> 0.11492937 | AC11: =SUM(Y11+AA11) -> 1676150.5 | AD11: =AC11/F11 -> 0.1900269 | AE11: 1325867.2 | AF11: =AE11/F11 -> 0.15031492 | AG11: 1014306.6 | AH11: =AG11/F11 -> 0.11499297 | AI11: 1536567.2 | AJ11: =AI11/F11 -> 0.1742022 | AK11: 697676.39 | AL11: =AK11/F11 -> 0.079096287
D12: =D11+1 -> 46173 | E12: 日 | F12: =SUM(M12,S12,U12,W12,AC12,AE12,AG12,AI12,AK12) -> 10386449 | H12: =SUM(F13:F42) -> 141939037 | I12: 803405.44 | J12: =I12/F12 -> 0.077351311 | K12: 920092.35 | L12: =K12/F12 -> 0.088585844 | M12: =SUM(I12+K12) -> 1723497.8 | N12: =M12/F12 -> 0.16593715 | O12: 159681.46 | P12: =O12/F12 -> 0.015374019 | R12: =Q12/$F12 -> 0 | S12: =SUM(O12+Q12) -> 159681.46 | T12: =S12/F12 -> 0.015374019 | U12: 1123376.7 | V12: =U12/F12 -> 0.10815792 | W12: 78012.345 | X12: =W12/F12 -> 0.0075109737 | Y12: 760064.26 | Z12: =Y12/F12 -> 0.073178452 | AA12: 1143849.7 | AB12: =AA12/$F12 -> 0.11012904 | AC12: =SUM(Y12+AA12) -> 1903913.9 | AD12: =AC12/F12 -> 0.18330749 | AE12: 1637466.4 | AF12: =AE12/F12 -> 0.15765411 | AG12: 1228518.7 | AH12: =AG12/F12 -> 0.11828091 | AI12: 1703467.5 | AJ12: =AI12/F12 -> 0.16400865 | AK12: 828514.16 | AL12: =AK12/F12 -> 0.07976876
D13: =D12+1 -> 46174 | E13: 一 | F13: =SUM(M13,S13,U13,W13,AC13,AE13,AG13,AI13,AK13) -> 9576389 | I13: 758567.62 | J13: =I13/F13 -> 0.079212282 | K13: 873393.03 | L13: =K13/F13 -> 0.091202752 | M13: =SUM(I13+K13) -> 1631960.7 | N13: =M13/F13 -> 0.17041503 | O13: 153608.36 | P13: =O13/F13 -> 0.016040322 | R13: =Q13/$F13 -> 0 | S13: =SUM(O13+Q13) -> 153608.36 | T13: =S13/F13 -> 0.016040322 | U13: 1067528.5 | V13: =U13/F13 -> 0.11147505 | W13: 81439.235 | X13: =W13/F13 -> 0.0085041695 | Y13: 738854.28 | Z13: =Y13/F13 -> 0.077153745 | AA13: 1118456.8 | AB13: =AA13/$F13 -> 0.11679317 | AC13: =SUM(Y13+AA13) -> 1857311.1 | AD13: =AC13/F13 -> 0.19394691 | AE13: 1541280.3 | AF13: =AE13/F13 -> 0.16094587 | AG13: 1041486.2 | AH13: =AG13/F13 -> 0.10875563 | AI13: 1372243.6 | AJ13: =AI13/F13 -> 0.14329447 | AK13: 829531.06 | AL13: =AK13/F13 -> 0.086622531
D14: =D13+1 -> 46175 | E14: 二 | F14: =SUM(M14,S14,U14,W14,AC14,AE14,AG14,AI14,AK14) -> 10050370 | G14: =SUM(F14:F20) -> 65024924 | I14: 776227.97 | J14: =I14/F14 -> 0.077233771 | K14: 874306.95 | L14: =K14/F14 -> 0.086992513 | M14: =SUM(I14+K14) -> 1650534.9 | N14: =M14/F14 -> 0.16422628 | O14: 157334.02 | P14: =O14/F14 -> 0.01565455 | R14: =Q14/$F14 -> 0 | S14: =SUM(O14+Q14) -> 157334.02 | T14: =S14/F14 -> 0.01565455 | U14: 1066987.2 | V14: =U14/F14 -> 0.10616397 | W14: 70828.108 | X14: =W14/F14 -> 0.0070473134 | Y14: 745103.6 | Z14: =Y14/F14 -> 0.074136932 | AA14: 1115672.5 | AB14: =AA14/$F14 -> 0.1110081 | AC14: =SUM(Y14+AA14) -> 1860776.1 | AD14: =AC14/F14 -> 0.18514503 | AE14: 1522372 | AF14: =AE14/F14 -> 0.15147423 | AG14: 983263.57 | AH14: =AG14/F14 -> 0.097833569 | AI14: 1653856 | AJ14: =AI14/F14 -> 0.16455672 | AK14: 1084418.2 | AL14: =AK14/F14 -> 0.10789833
D15: =D14+1 -> 46176 | E15: 三 | F15: =SUM(M15,S15,U15,W15,AC15,AE15,AG15,AI15,AK15) -> 9327317 | I15: 768978.49 | J15: =I15/F15 -> 0.082443696 | K15: 854550.85 | L15: =K15/F15 -> 0.091618078 | M15: =SUM(I15+K15) -> 1623529.3 | N15: =M15/F15 -> 0.17406177 | O15: 157836.06 | P15: =O15/F15 -> 0.016921914 | R15: =Q15/$F15 -> 0 | S15: =SUM(O15+Q15) -> 157836.06 | T15: =S15/F15 -> 0.016921914 | U15: 963305.63 | V15: =U15/F15 -> 0.10327789 | W15: 66246.106 | X15: =W15/F15 -> 0.0071023753 | Y15: 684220.49 | Z15: =Y15/F15 -> 0.073356624 | AA15: 1013653.9 | AB15: =AA15/$F15 -> 0.10867582 | AC15: =SUM(Y15+AA15) -> 1697874.3 | AD15: =AC15/F15 -> 0.18203245 | AE15: 1400738 | AF15: =AE15/F15 -> 0.15017587 | AG15: 902576.83 | AH15: =AG15/F15 -> 0.096767037 | AI15: 1582861.6 | AJ15: =AI15/F15 -> 0.1697017 | AK15: 932349.12 | AL15: =AK15/F15 -> 0.099958983
D16: =D15+1 -> 46177 | E16: 四 | F16: =SUM(M16,S16,U16,W16,AC16,AE16,AG16,AI16,AK16) -> 8845232 | I16: 735925.14 | J16: =I16/F16 -> 0.083200208 | K16: 785898.54 | L16: =K16/F16 -> 0.088849963 | M16: =SUM(I16+K16) -> 1521823.7 | N16: =M16/F16 -> 0.17205017 | O16: 155084.37 | P16: =O16/F16 -> 0.017533104 | R16: =Q16/$F16 -> 0 | S16: =SUM(O16+Q16) -> 155084.37 | T16: =S16/F16 -> 0.017533104 | U16: 836907.06 | V16: =U16/F16 -> 0.094616744 | W16: 65483.383 | X16: =W16/F16 -> 0.0074032409 | Y16: 648023.46 | Z16: =Y16/F16 -> 0.073262461 | AA16: 845764.07 | AB16: =AA16/$F16 -> 0.095618077 | AC16: =SUM(Y16+AA16) -> 1493787.5 | AD16: =AC16/F16 -> 0.16888054 | AE16: 1297292 | AF16: =AE16/F16 -> 0.14666568 | AG16: 911147.41 | AH16: =AG16/F16 -> 0.10301001 | AI16: 1684698.7 | AJ16: =AI16/F16 -> 0.19046405 | AK16: 879007.88 | AL16: =AK16/F16 -> 0.099376464
D17: =D16+1 -> 46178 | E17: 五 | F17: =SUM(M17,S17,U17,W17,AC17,AE17,AG17,AI17,AK17) -> 7987767 | I17: 623153.88 | J17: =I17/F17 -> 0.078013527 | K17: 731322.57 | L17: =K17/F17 -> 0.09155532 | M17: =SUM(I17+K17) -> 1354476.4 | N17: =M17/F17 -> 0.16956885 | O17: 131304.09 | P17: =O17/F17 -> 0.016438147 | R17: =Q17/$F17 -> 0 | S17: =SUM(O17+Q17) -> 131304.09 | T17: =S17/F17 -> 0.016438147 | U17: 742630.2 | V17: =U17/F17 -> 0.092970939 | W17: 44629.247 | X17: =W17/F17 -> 0.0055871994 | Y17: 541834.81 | Z17: =Y17/F17 -> 0.067833077 | AA17: 938200.47 | AB17: =AA17/$F17 -> 0.11745466 | AC17: =SUM(Y17+AA17) -> 1480035.3 | AD17: =AC17/F17 -> 0.18528774 | AE17: 1075180.8 | AF17: =AE17/F17 -> 0.13460343 | AG17: 860019 | AH17: =AG17/F17 -> 0.10766701 | AI17: 1584901.5 | AJ17: =AI17/F17 -> 0.19841609 | AK17: 714590.43 | AL17: =AK17/F17 -> 0.0894606
D18: =D17+1 -> 46179 | E18: 六 | F18: =SUM(M18,S18,U18,W18,AC18,AE18,AG18,AI18,AK18) -> 8617242 | I18: 598521.23 | J18: =I18/F18 -> 0.06945624 | K18: 817046.42 | L18: =K18/F18 -> 0.094815304 | M18: =SUM(I18+K18) -> 1415567.6 | N18: =M18/F18 -> 0.16427154 | O18: 128955.43 | P18: =O18/F18 -> 0.014964815 | R18: =Q18/$F18 -> 0 | S18: =SUM(O18+Q18) -> 128955.43 | T18: =S18/F18 -> 0.014964815 | U18: 864995.16 | V18: =U18/F18 -> 0.10037958 | W18: 55585.292 | X18: =W18/F18 -> 0.0064504736 | Y18: 645360.4 | Z18: =Y18/F18 -> 0.074891757 | AA18: 1119176.9 | AB18: =AA18/$F18 -> 0.12987646 | AC18: =SUM(Y18+AA18) -> 1764537.3 | AD18: =AC18/F18 -> 0.20476822 | AE18: 1272716.7 | AF18: =AE18/F18 -> 0.1476942 | AG18: 838470.5 | AH18: =AG18/F18 -> 0.097301492 | AI18: 1474850.4 | AJ18: =AI18/F18 -> 0.17115109 | AK18: 801563.63 | AL18: =AK18/F18 -> 0.093018582
D19: =D18+1 -> 46180 | E19: 日 | F19: =SUM(M19,S19,U19,W19,AC19,AE19,AG19,AI19,AK19) -> 10141059 | I19: 742266.92 | J19: =I19/F19 -> 0.073194221 | K19: 889983.3 | L19: =K19/F19 -> 0.08776039 | M19: =SUM(I19+K19) -> 1632250.2 | N19: =M19/F19 -> 0.16095461 | O19: 159070.5 | P19: =O19/F19 -> 0.015685788 | R19: =Q19/$F19 -> 0 | S19: =SUM(O19+Q19) -> 159070.5 | T19: =S19/F19 -> 0.015685788 | U19: 1112996.8 | V19: =U19/F19 -> 0.10975154 | W19: 64975.337 | X19: =W19/F19 -> 0.006407155 | Y19: 764878.71 | Z19: =Y19/F19 -> 0.075423948 | AA19: 1179982.2 | AB19: =AA19/$F19 -> 0.1163569 | AC19: =SUM(Y19+AA19) -> 1944860.9 | AD19: =AC19/F19 -> 0.19178085 | AE19: 1631844.8 | AF19: =AE19/F19 -> 0.16091463 | AG19: 1028677.6 | AH19: =AG19/F19 -> 0.1014369 | AI19: 1578374.1 | AJ19: =AI19/F19 -> 0.15564195 | AK19: 988008.73 | AL19: =AK19/F19 -> 0.097426583
D20: =D19+1 -> 46181 | E20: 一 | F20: =SUM(M20,S20,U20,W20,AC20,AE20,AG20,AI20,AK20) -> 10055937 | I20: 728725.8 | J20: =I20/F20 -> 0.07246722 | K20: 880984.73 | L20: =K20/F20 -> 0.087608418 | M20: =SUM(I20+K20) -> 1609710.5 | N20: =M20/F20 -> 0.16007564 | O20: 157537.16 | P20: =O20/F20 -> 0.015666085 | R20: =Q20/$F20 -> 0 | S20: =SUM(O20+Q20) -> 157537.16 | T20: =S20/F20 -> 0.015666085 | U20: 1104147.5 | V20: =U20/F20 -> 0.10980056 | W20: 69918.126 | X20: =W20/F20 -> 0.00695292 | Y20: 793317.63 | Z20: =Y20/F20 -> 0.078890474 | AA20: 1378400.9 | AB20: =AA20/$F20 -> 0.13707335 | AC20: =SUM(Y20+AA20) -> 2171718.6 | AD20: =AC20/F20 -> 0.21596382 | AE20: 1633401.8 | AF20: =AE20/F20 -> 0.16243158 | AG20: 1012486.9 | AH20: =AG20/F20 -> 0.10068549 | AI20: 1371941 | AJ20: =AI20/F20 -> 0.13643094 | AK20: 925075.46 | AL20: =AK20/F20 -> 0.091992964
D21: =D20+1 -> 46182 | E21: 二 | F21: =SUM(M21,S21,U21,W21,AC21,AE21,AG21,AI21,AK21) -> 10760813 | G21: =SUM(F21:F27) -> 67337724 | I21: 731597.53 | J21: =I21/F21 -> 0.067987199 | K21: 873065.73 | L21: =K21/F21 -> 0.081133808 | M21: =SUM(I21+K21) -> 1604663.3 | N21: =M21/F21 -> 0.14912101 | O21: 162056.59 | P21: =O21/F21 -> 0.015059884 | R21: =Q21/$F21 -> 0 | S21: =SUM(O21+Q21) -> 162056.59 | T21: =S21/F21 -> 0.015059884 | U21: 1343373.4 | V21: =U21/F21 -> 0.1248394 | W21: 68083.912 | X21: =W21/F21 -> 0.006327023 | Y21: 792049.07 | Z21: =Y21/F21 -> 0.073604947 | AA21: 1389427.7 | AB21: =AA21/$F21 -> 0.12911921 | AC21: =SUM(Y21+AA21) -> 2181476.7 | AD21: =AC21/F21 -> 0.20272416 | AE21: 1507267.7 | AF21: =AE21/F21 -> 0.14007006 | AG21: 1371957.6 | AH21: =AG21/F21 -> 0.12749572 | AI21: 1604553.7 | AJ21: =AI21/F21 -> 0.14911082 | AK21: 917380.06 | AL21: =AK21/F21 -> 0.085251928
D22: =D21+1 -> 46183 | E22: 三 | F22: =SUM(M22,S22,U22,W22,AC22,AE22,AG22,AI22,AK22) -> 10128071 | I22: 721784.17 | J22: =I22/F22 -> 0.07126571 | K22: 865555.91 | L22: =K22/F22 -> 0.085461083 | M22: =SUM(I22+K22) -> 1587340.1 | N22: =M22/F22 -> 0.15672679 | O22: 159910.08 | P22: =O22/F22 -> 0.015788799 | R22: =Q22/$F22 -> 0 | S22: =SUM(O22+Q22) -> 159910.08 | T22: =S22/F22 -> 0.015788799 | U22: 1134784 | V22: =U22/F22 -> 0.11204345 | W22: 67387.273 | X22: =W22/F22 -> 0.0066535151 | Y22: 738847.64 | Z22: =Y22/F22 -> 0.07295048 | AA22: 1370461.3 | AB22: =AA22/$F22 -> 0.13531316 | AC22: =SUM(Y22+AA22) -> 2109308.9 | AD22: =AC22/F22 -> 0.20826364 | AE22: 1438696.7 | AF22: =AE22/F22 -> 0.14205042 | AG22: 1173531.1 | AH22: =AG22/F22 -> 0.11586916 | AI22: 1614063.2 | AJ22: =AI22/F22 -> 0.15936531 | AK22: 843049.65 | AL22: =AK22/F22 -> 0.083238916
D23: =D22+1 -> 46184 | E23: 四 | F23: =SUM(M23,S23,U23,W23,AC23,AE23,AG23,AI23,AK23) -> 9476070 | I23: 690623.3 | J23: =I23/F23 -> 0.072880773 | K23: 774563.22 | L23: =K23/F23 -> 0.081738866 | M23: =SUM(I23+K23) -> 1465186.5 | N23: =M23/F23 -> 0.15461964 | O23: 157961.93 | P23: =O23/F23 -> 0.016669562 | R23: =Q23/$F23 -> 0 | S23: =SUM(O23+Q23) -> 157961.93 | T23: =S23/F23 -> 0.016669562 | U23: 1108135.7 | V23: =U23/F23 -> 0.11694043 | W23: 63980.776 | X23: =W23/F23 -> 0.006751826 | Y23: 743743.29 | Z23: =Y23/F23 -> 0.078486471 | AA23: 1068438.3 | AB23: =AA23/$F23 -> 0.1127512 | AC23: =SUM(Y23+AA23) -> 1812181.6 | AD23: =AC23/F23 -> 0.19123767 | AE23: 1392928.8 | AF23: =AE23/F23 -> 0.14699435 | AG23: 1098717.3 | AH23: =AG23/F23 -> 0.11594651 | AI23: 1529675.9 | AJ23: =AI23/F23 -> 0.16142513 | AK23: 847301.64 | AL23: =AK23/F23 -> 0.089414877
D24: =D23+1 -> 46185 | E24: 五 | F24: =SUM(M24,S24,U24,W24,AC24,AE24,AG24,AI24,AK24) -> 8134246 | I24: 573992.55 | J24: =I24/F24 -> 0.070564936 | K24: 714240.01 | L24: =K24/F24 -> 0.087806541 | M24: =SUM(I24+K24) -> 1288232.6 | N24: =M24/F24 -> 0.15837148 | O24: 132727.03 | P24: =O24/F24 -> 0.016317066 | R24: =Q24/$F24 -> 0 | S24: =SUM(O24+Q24) -> 132727.03 | T24: =S24/F24 -> 0.016317066 | U24: 944461.44 | V24: =U24/F24 -> 0.11610928 | W24: 42606.531 | X24: =W24/F24 -> 0.0052379202 | Y24: 622126.8 | Z24: =Y24/F24 -> 0.076482417 | AA24: 1044519 | AB24: =AA24/$F24 -> 0.12841006 | AC24: =SUM(Y24+AA24) -> 1666645.8 | AD24: =AC24/F24 -> 0.20489248 | AE24: 1090541.4 | AF24: =AE24/F24 -> 0.13406792 | AG24: 838731.79 | AH24: =AG24/F24 -> 0.10311119 | AI24: 1382199.6 | AJ24: =AI24/F24 -> 0.16992351 | AK24: 748099.77 | AL24: =AK24/F24 -> 0.09196916
D25: =D24+1 -> 46186 | E25: 六 | F25: =SUM(M25,S25,U25,W25,AC25,AE25,AG25,AI25,AK25) -> 8644943 | I25: 545428 | J25: =I25/F25 -> 0.063092146 | K25: 780158.43 | L25: =K25/F25 -> 0.090244486 | M25: =SUM(I25+K25) -> 1325586.4 | N25: =M25/F25 -> 0.15333663 | O25: 126833.9 | P25: =O25/F25 -> 0.014671456 | R25: =Q25/$F25 -> 0 | S25: =SUM(O25+Q25) -> 126833.9 | T25: =S25/F25 -> 0.014671456 | U25: 1133479.2 | V25: =U25/F25 -> 0.13111471 | W25: 47866.833 | X25: =W25/F25 -> 0.005536975 | Y25: 685334.66 | Z25: =Y25/F25 -> 0.079275787 | AA25: 1073485.1 | AB25: =AA25/$F25 -> 0.12417492 | AC25: =SUM(Y25+AA25) -> 1758819.8 | AD25: =AC25/F25 -> 0.20345071 | AE25: 1203487.3 | AF25: =AE25/F25 -> 0.13921287 | AG25: 961887.66 | AH25: =AG25/F25 -> 0.11126593 | AI25: 1288693.2 | AJ25: =AI25/F25 -> 0.14906902 | AK25: 798288.65 | AL25: =AK25/F25 -> 0.09234169
D26: =D25+1 -> 46187 | E26: 日 | F26: =SUM(M26,S26,U26,W26,AC26,AE26,AG26,AI26,AK26) -> 10278251 | I26: 681825.49 | J26: =I26/F26 -> 0.066336723 | K26: 861821.96 | L26: =K26/F26 -> 0.083849087 | M26: =SUM(I26+K26) -> 1543647.4 | N26: =M26/F26 -> 0.15018581 | O26: 159603.96 | P26: =O26/F26 -> 0.015528319 | R26: =Q26/$F26 -> 0 | S26: =SUM(O26+Q26) -> 159603.96 | T26: =S26/F26 -> 0.015528319 | U26: 1315784.1 | V26: =U26/F26 -> 0.12801635 | W26: 54814.128 | X26: =W26/F26 -> 0.005333021 | Y26: 740901.05 | Z26: =Y26/F26 -> 0.072084351 | AA26: 1139778.8 | AB26: =AA26/$F26 -> 0.11089229 | AC26: =SUM(Y26+AA26) -> 1880679.8 | AD26: =AC26/F26 -> 0.18297664 | AE26: 1552956.9 | AF26: =AE26/F26 -> 0.15109155 | AG26: 1283550.4 | AH26: =AG26/F26 -> 0.12488024 | AI26: 1587096.8 | AJ26: =AI26/F26 -> 0.15441312 | AK26: 900117.36 | AL26: =AK26/F26 -> 0.087574955
D27: =D26+1 -> 46188 | E27: 一 | F27: =SUM(M27,S27,U27,W27,AC27,AE27,AG27,AI27,AK27) -> 9915330 | I27: 667985.81 | J27: =I27/F27 -> 0.067368994 | K27: 848012.36 | L27: =K27/F27 -> 0.085525379 | M27: =SUM(I27+K27) -> 1515998.2 | N27: =M27/F27 -> 0.15289437 | O27: 154215.39 | P27: =O27/F27 -> 0.015553228 | R27: =Q27/$F27 -> 0 | S27: =SUM(O27+Q27) -> 154215.39 | T27: =S27/F27 -> 0.015553228 | U27: 1209395.5 | V27: =U27/F27 -> 0.12197229 | W27: 64401.408 | X27: =W27/F27 -> 0.0064951351 | Y27: 733553.35 | Z27: =Y27/F27 -> 0.073981739 | AA27: 1346391.9 | AB27: =AA27/$F27 -> 0.13578891 | AC27: =SUM(Y27+AA27) -> 2079945.2 | AD27: =AC27/F27 -> 0.20977065 | AE27: 1480750.4 | AF27: =AE27/F27 -> 0.14933949 | AG27: 1121095.4 | AH27: =AG27/F27 -> 0.11306688 | AI27: 1368784.7 | AJ27: =AI27/F27 -> 0.13804731 | AK27: 920743.86 | AL27: =AK27/F27 -> 0.092860637
D28: =D27+1 -> 46189 | E28: 二 | F28: =SUM(M28,S28,U28,W28,AC28,AE28,AG28,AI28,AK28) -> 0 | G28: =SUM(F28:F34) -> 0 | J28: =I28/F28 -> #DIV/0! | L28: =K28/F28 -> #DIV/0! | M28: =SUM(I28+K28) -> 0 | N28: =M28/F28 -> #DIV/0! | P28: =O28/F28 -> #DIV/0! | R28: =Q28/$F28 -> #DIV/0! | S28: =SUM(O28+Q28) -> 0 | T28: =S28/F28 -> #DIV/0! | V28: =U28/F28 -> #DIV/0! | X28: =W28/F28 -> #DIV/0! | Z28: =Y28/F28 -> #DIV/0! | AB28: =AA28/$F28 -> #DIV/0! | AC28: =SUM(Y28+AA28) -> 0 | AD28: =AC28/F28 -> #DIV/0! | AF28: =AE28/F28 -> #DIV/0! | AH28: =AG28/F28 -> #DIV/0! | AJ28: =AI28/F28 -> #DIV/0! | AL28: =AK28/F28 -> #DIV/0!
D29: =D28+1 -> 46190 | E29: 三 | F29: =SUM(M29,S29,U29,W29,AC29,AE29,AG29,AI29,AK29) -> 0 | J29: =I29/F29 -> #DIV/0! | L29: =K29/F29 -> #DIV/0! | M29: =SUM(I29+K29) -> 0 | N29: =M29/F29 -> #DIV/0! | P29: =O29/F29 -> #DIV/0! | R29: =Q29/$F29 -> #DIV/0! | S29: =SUM(O29+Q29) -> 0 | T29: =S29/F29 -> #DIV/0! | V29: =U29/F29 -> #DIV/0! | X29: =W29/F29 -> #DIV/0! | Z29: =Y29/F29 -> #DIV/0! | AB29: =AA29/$F29 -> #DIV/0! | AC29: =SUM(Y29+AA29) -> 0 | AD29: =AC29/F29 -> #DIV/0! | AF29: =AE29/F29 -> #DIV/0! | AH29: =AG29/F29 -> #DIV/0! | AJ29: =AI29/F29 -> #DIV/0! | AL29: =AK29/F29 -> #DIV/0!
D30: =D29+1 -> 46191 | E30: 四 | F30: =SUM(M30,S30,U30,W30,AC30,AE30,AG30,AI30,AK30) -> 0 | J30: =I30/F30 -> #DIV/0! | L30: =K30/F30 -> #DIV/0! | M30: =SUM(I30+K30) -> 0 | N30: =M30/F30 -> #DIV/0! | P30: =O30/F30 -> #DIV/0! | R30: =Q30/$F30 -> #DIV/0! | S30: =SUM(O30+Q30) -> 0 | T30: =S30/F30 -> #DIV/0! | V30: =U30/F30 -> #DIV/0! | X30: =W30/F30 -> #DIV/0! | Z30: =Y30/F30 -> #DIV/0! | AB30: =AA30/$F30 -> #DIV/0! | AC30: =SUM(Y30+AA30) -> 0 | AD30: =AC30/F30 -> #DIV/0! | AF30: =AE30/F30 -> #DIV/0! | AH30: =AG30/F30 -> #DIV/0! | AJ30: =AI30/F30 -> #DIV/0! | AL30: =AK30/F30 -> #DIV/0!
D31: =D30+1 -> 46192 | E31: 五 | F31: =SUM(M31,S31,U31,W31,AC31,AE31,AG31,AI31,AK31) -> 0 | J31: =I31/F31 -> #DIV/0! | L31: =K31/F31 -> #DIV/0! | M31: =SUM(I31+K31) -> 0 | N31: =M31/F31 -> #DIV/0! | P31: =O31/F31 -> #DIV/0! | R31: =Q31/$F31 -> #DIV/0! | S31: =SUM(O31+Q31) -> 0 | T31: =S31/F31 -> #DIV/0! | V31: =U31/F31 -> #DIV/0! | X31: =W31/F31 -> #DIV/0! | Z31: =Y31/F31 -> #DIV/0! | AB31: =AA31/$F31 -> #DIV/0! | AC31: =SUM(Y31+AA31) -> 0 | AD31: =AC31/F31 -> #DIV/0! | AF31: =AE31/F31 -> #DIV/0! | AH31: =AG31/F31 -> #DIV/0! | AJ31: =AI31/F31 -> #DIV/0! | AL31: =AK31/F31 -> #DIV/0!
D32: =D31+1 -> 46193 | E32: 六 | F32: =SUM(M32,S32,U32,W32,AC32,AE32,AG32,AI32,AK32) -> 0 | J32: =I32/F32 -> #DIV/0! | L32: =K32/F32 -> #DIV/0! | M32: =SUM(I32+K32) -> 0 | N32: =M32/F32 -> #DIV/0! | P32: =O32/F32 -> #DIV/0! | R32: =Q32/$F32 -> #DIV/0! | S32: =SUM(O32+Q32) -> 0 | T32: =S32/F32 -> #DIV/0! | V32: =U32/F32 -> #DIV/0! | X32: =W32/F32 -> #DIV/0! | Z32: =Y32/F32 -> #DIV/0! | AB32: =AA32/$F32 -> #DIV/0! | AC32: =SUM(Y32+AA32) -> 0 | AD32: =AC32/F32 -> #DIV/0! | AF32: =AE32/F32 -> #DIV/0! | AH32: =AG32/F32 -> #DIV/0! | AJ32: =AI32/F32 -> #DIV/0! | AL32: =AK32/F32 -> #DIV/0!
D33: =D32+1 -> 46194 | E33: 日 | F33: =SUM(M33,S33,U33,W33,AC33,AE33,AG33,AI33,AK33) -> 0 | J33: =I33/F33 -> #DIV/0! | L33: =K33/F33 -> #DIV/0! | M33: =SUM(I33+K33) -> 0 | N33: =M33/F33 -> #DIV/0! | P33: =O33/F33 -> #DIV/0! | R33: =Q33/$F33 -> #DIV/0! | S33: =SUM(O33+Q33) -> 0 | T33: =S33/F33 -> #DIV/0! | V33: =U33/F33 -> #DIV/0! | X33: =W33/F33 -> #DIV/0! | Z33: =Y33/F33 -> #DIV/0! | AB33: =AA33/$F33 -> #DIV/0! | AC33: =SUM(Y33+AA33) -> 0 | AD33: =AC33/F33 -> #DIV/0! | AF33: =AE33/F33 -> #DIV/0! | AH33: =AG33/F33 -> #DIV/0! | AJ33: =AI33/F33 -> #DIV/0! | AL33: =AK33/F33 -> #DIV/0!
D34: =D33+1 -> 46195 | E34: 一 | F34: =SUM(M34,S34,U34,W34,AC34,AE34,AG34,AI34,AK34) -> 0 | J34: =I34/F34 -> #DIV/0! | L34: =K34/F34 -> #DIV/0! | M34: =SUM(I34+K34) -> 0 | N34: =M34/F34 -> #DIV/0! | P34: =O34/F34 -> #DIV/0! | R34: =Q34/$F34 -> #DIV/0! | S34: =SUM(O34+Q34) -> 0 | T34: =S34/F34 -> #DIV/0! | V34: =U34/F34 -> #DIV/0! | X34: =W34/F34 -> #DIV/0! | Z34: =Y34/F34 -> #DIV/0! | AB34: =AA34/$F34 -> #DIV/0! | AC34: =SUM(Y34+AA34) -> 0 | AD34: =AC34/F34 -> #DIV/0! | AF34: =AE34/F34 -> #DIV/0! | AH34: =AG34/F34 -> #DIV/0! | AJ34: =AI34/F34 -> #DIV/0! | AL34: =AK34/F34 -> #DIV/0!
D35: =D34+1 -> 46196 | E35: 二 | F35: =SUM(M35,S35,U35,W35,AC35,AE35,AG35,AI35,AK35) -> 0 | G35: =SUM(F35:F41) -> 0 | J35: =I35/F35 -> #DIV/0! | L35: =K35/F35 -> #DIV/0! | M35: =SUM(I35+K35) -> 0 | N35: =M35/F35 -> #DIV/0! | P35: =O35/F35 -> #DIV/0! | R35: =Q35/$F35 -> #DIV/0! | S35: =SUM(O35+Q35) -> 0 | T35: =S35/F35 -> #DIV/0! | V35: =U35/F35 -> #DIV/0! | X35: =W35/F35 -> #DIV/0! | Z35: =Y35/F35 -> #DIV/0! | AB35: =AA35/$F35 -> #DIV/0! | AC35: =SUM(Y35+AA35) -> 0 | AD35: =AC35/F35 -> #DIV/0! | AF35: =AE35/F35 -> #DIV/0! | AH35: =AG35/F35 -> #DIV/0! | AJ35: =AI35/F35 -> #DIV/0! | AL35: =AK35/F35 -> #DIV/0!
D36: =D35+1 -> 46197 | E36: 三 | F36: =SUM(M36,S36,U36,W36,AC36,AE36,AG36,AI36,AK36) -> 0 | J36: =I36/F36 -> #DIV/0! | L36: =K36/F36 -> #DIV/0! | M36: =SUM(I36+K36) -> 0 | N36: =M36/F36 -> #DIV/0! | P36: =O36/F36 -> #DIV/0! | R36: =Q36/$F36 -> #DIV/0! | S36: =SUM(O36+Q36) -> 0 | T36: =S36/F36 -> #DIV/0! | V36: =U36/F36 -> #DIV/0! | X36: =W36/F36 -> #DIV/0! | Z36: =Y36/F36 -> #DIV/0! | AB36: =AA36/$F36 -> #DIV/0! | AC36: =SUM(Y36+AA36) -> 0 | AD36: =AC36/F36 -> #DIV/0! | AF36: =AE36/F36 -> #DIV/0! | AH36: =AG36/F36 -> #DIV/0! | AJ36: =AI36/F36 -> #DIV/0! | AL36: =AK36/F36 -> #DIV/0!
D37: =D36+1 -> 46198 | E37: 四 | F37: =SUM(M37,S37,U37,W37,AC37,AE37,AG37,AI37,AK37) -> 0 | J37: =I37/F37 -> #DIV/0! | L37: =K37/F37 -> #DIV/0! | M37: =SUM(I37+K37) -> 0 | N37: =M37/F37 -> #DIV/0! | P37: =O37/F37 -> #DIV/0! | R37: =Q37/$F37 -> #DIV/0! | S37: =SUM(O37+Q37) -> 0 | T37: =S37/F37 -> #DIV/0! | V37: =U37/F37 -> #DIV/0! | X37: =W37/F37 -> #DIV/0! | Z37: =Y37/F37 -> #DIV/0! | AB37: =AA37/$F37 -> #DIV/0! | AC37: =SUM(Y37+AA37) -> 0 | AD37: =AC37/F37 -> #DIV/0! | AF37: =AE37/F37 -> #DIV/0! | AH37: =AG37/F37 -> #DIV/0! | AJ37: =AI37/F37 -> #DIV/0! | AL37: =AK37/F37 -> #DIV/0!
D38: =D37+1 -> 46199 | E38: 五 | F38: =SUM(M38,S38,U38,W38,AC38,AE38,AG38,AI38,AK38) -> 0 | J38: =I38/F38 -> #DIV/0! | L38: =K38/F38 -> #DIV/0! | M38: =SUM(I38+K38) -> 0 | N38: =M38/F38 -> #DIV/0! | P38: =O38/F38 -> #DIV/0! | R38: =Q38/$F38 -> #DIV/0! | S38: =SUM(O38+Q38) -> 0 | T38: =S38/F38 -> #DIV/0! | V38: =U38/F38 -> #DIV/0! | X38: =W38/F38 -> #DIV/0! | Z38: =Y38/F38 -> #DIV/0! | AB38: =AA38/$F38 -> #DIV/0! | AC38: =SUM(Y38+AA38) -> 0 | AD38: =AC38/F38 -> #DIV/0! | AF38: =AE38/F38 -> #DIV/0! | AH38: =AG38/F38 -> #DIV/0! | AJ38: =AI38/F38 -> #DIV/0! | AL38: =AK38/F38 -> #DIV/0!
D39: =D38+1 -> 46200 | E39: 六 | F39: =SUM(M39,S39,U39,W39,AC39,AE39,AG39,AI39,AK39) -> 0 | J39: =I39/F39 -> #DIV/0! | L39: =K39/F39 -> #DIV/0! | M39: =SUM(I39+K39) -> 0 | N39: =M39/F39 -> #DIV/0! | P39: =O39/F39 -> #DIV/0! | R39: =Q39/$F39 -> #DIV/0! | S39: =SUM(O39+Q39) -> 0 | T39: =S39/F39 -> #DIV/0! | V39: =U39/F39 -> #DIV/0! | X39: =W39/F39 -> #DIV/0! | Z39: =Y39/F39 -> #DIV/0! | AB39: =AA39/$F39 -> #DIV/0! | AC39: =SUM(Y39+AA39) -> 0 | AD39: =AC39/F39 -> #DIV/0! | AF39: =AE39/F39 -> #DIV/0! | AH39: =AG39/F39 -> #DIV/0! | AJ39: =AI39/F39 -> #DIV/0! | AL39: =AK39/F39 -> #DIV/0!
D40: =D39+1 -> 46201 | E40: 日 | F40: =SUM(M40,S40,U40,W40,AC40,AE40,AG40,AI40,AK40) -> 0 | J40: =I40/F40 -> #DIV/0! | L40: =K40/F40 -> #DIV/0! | M40: =SUM(I40+K40) -> 0 | N40: =M40/F40 -> #DIV/0! | P40: =O40/F40 -> #DIV/0! | R40: =Q40/$F40 -> #DIV/0! | S40: =SUM(O40+Q40) -> 0 | T40: =S40/F40 -> #DIV/0! | V40: =U40/F40 -> #DIV/0! | X40: =W40/F40 -> #DIV/0! | Z40: =Y40/F40 -> #DIV/0! | AB40: =AA40/$F40 -> #DIV/0! | AC40: =SUM(Y40+AA40) -> 0 | AD40: =AC40/F40 -> #DIV/0! | AF40: =AE40/F40 -> #DIV/0! | AH40: =AG40/F40 -> #DIV/0! | AJ40: =AI40/F40 -> #DIV/0! | AL40: =AK40/F40 -> #DIV/0!
D41: =D40+1 -> 46202 | E41: 一 | F41: =SUM(M41,S41,U41,W41,AC41,AE41,AG41,AI41,AK41) -> 0 | J41: =I41/F41 -> #DIV/0! | L41: =K41/F41 -> #DIV/0! | M41: =SUM(I41+K41) -> 0 | N41: =M41/F41 -> #DIV/0! | P41: =O41/F41 -> #DIV/0! | R41: =Q41/$F41 -> #DIV/0! | S41: =SUM(O41+Q41) -> 0 | T41: =S41/F41 -> #DIV/0! | V41: =U41/F41 -> #DIV/0! | X41: =W41/F41 -> #DIV/0! | Z41: =Y41/F41 -> #DIV/0! | AB41: =AA41/$F41 -> #DIV/0! | AC41: =SUM(Y41+AA41) -> 0 | AD41: =AC41/F41 -> #DIV/0! | AF41: =AE41/F41 -> #DIV/0! | AH41: =AG41/F41 -> #DIV/0! | AJ41: =AI41/F41 -> #DIV/0! | AL41: =AK41/F41 -> #DIV/0!
D42: =D41+1 -> 46203 | E42: 二 | F42: =SUM(M42,S42,U42,W42,AC42,AE42,AG42,AI42,AK42) -> 0 | J42: =I42/F42 -> #DIV/0! | L42: =K42/F42 -> #DIV/0! | M42: =SUM(I42+K42) -> 0 | N42: =M42/F42 -> #DIV/0! | P42: =O42/F42 -> #DIV/0! | R42: =Q42/$F42 -> #DIV/0! | S42: =SUM(O42+Q42) -> 0 | T42: =S42/F42 -> #DIV/0! | V42: =U42/F42 -> #DIV/0! | X42: =W42/F42 -> #DIV/0! | Z42: =Y42/F42 -> #DIV/0! | AB42: =AA42/$F42 -> #DIV/0! | AC42: =SUM(Y42+AA42) -> 0 | AD42: =AC42/F42 -> #DIV/0! | AF42: =AE42/F42 -> #DIV/0! | AH42: =AG42/F42 -> #DIV/0! | AJ42: =AI42/F42 -> #DIV/0! | AL42: =AK42/F42 -> #DIV/0!
D43: =D42+1 -> 46204 | E43: 三 | F43: =SUM(M43,S43,U43,W43,AC43,AE43,AG43,AI43,AK43) -> 0 | J43: =I43/F43 -> #DIV/0! | L43: =K43/F43 -> #DIV/0! | M43: =SUM(I43+K43) -> 0 | N43: =M43/F43 -> #DIV/0! | P43: =O43/F43 -> #DIV/0! | R43: =Q43/$F43 -> #DIV/0! | S43: =SUM(O43+Q43) -> 0 | T43: =S43/F43 -> #DIV/0! | V43: =U43/F43 -> #DIV/0! | X43: =W43/F43 -> #DIV/0! | Z43: =Y43/F43 -> #DIV/0! | AB43: =AA43/$F43 -> #DIV/0! | AC43: =SUM(Y43+AA43) -> 0 | AD43: =AC43/F43 -> #DIV/0! | AF43: =AE43/F43 -> #DIV/0! | AH43: =AG43/F43 -> #DIV/0! | AJ43: =AI43/F43 -> #DIV/0! | AL43: =AK43/F43 -> #DIV/0!
D44: =D43+1 -> 46205 | E44: 四 | F44: =SUM(M44,S44,U44,W44,AC44,AE44,AG44,AI44,AK44) -> 0 | J44: =I44/F44 -> #DIV/0! | L44: =K44/F44 -> #DIV/0! | M44: =SUM(I44+K44) -> 0 | N44: =M44/F44 -> #DIV/0! | P44: =O44/F44 -> #DIV/0! | R44: =Q44/$F44 -> #DIV/0! | S44: =SUM(O44+Q44) -> 0 | T44: =S44/F44 -> #DIV/0! | V44: =U44/F44 -> #DIV/0! | X44: =W44/F44 -> #DIV/0! | Z44: =Y44/F44 -> #DIV/0! | AB44: =AA44/$F44 -> #DIV/0! | AC44: =SUM(Y44+AA44) -> 0 | AD44: =AC44/F44 -> #DIV/0! | AF44: =AE44/F44 -> #DIV/0! | AH44: =AG44/F44 -> #DIV/0! | AJ44: =AI44/F44 -> #DIV/0! | AL44: =AK44/F44 -> #DIV/0!
D45: =D44+1 -> 46206 | E45: 五 | F45: =SUM(M45,S45,U45,W45,AC45,AE45,AG45,AI45,AK45) -> 0 | J45: =I45/F45 -> #DIV/0! | L45: =K45/F45 -> #DIV/0! | M45: =SUM(I45+K45) -> 0 | N45: =M45/F45 -> #DIV/0! | P45: =O45/F45 -> #DIV/0! | R45: =Q45/$F45 -> #DIV/0! | S45: =SUM(O45+Q45) -> 0 | T45: =S45/F45 -> #DIV/0! | V45: =U45/F45 -> #DIV/0! | X45: =W45/F45 -> #DIV/0! | Z45: =Y45/F45 -> #DIV/0! | AB45: =AA45/$F45 -> #DIV/0! | AC45: =SUM(Y45+AA45) -> 0 | AD45: =AC45/F45 -> #DIV/0! | AF45: =AE45/F45 -> #DIV/0! | AH45: =AG45/F45 -> #DIV/0! | AJ45: =AI45/F45 -> #DIV/0! | AL45: =AK45/F45 -> #DIV/0!
D46: =D45+1 -> 46207 | E46: 六 | F46: =SUM(M46,S46,U46,W46,AC46,AE46,AG46,AI46,AK46) -> 0 | J46: =I46/F46 -> #DIV/0! | L46: =K46/F46 -> #DIV/0! | M46: =SUM(I46+K46) -> 0 | N46: =M46/F46 -> #DIV/0! | P46: =O46/F46 -> #DIV/0! | R46: =Q46/$F46 -> #DIV/0! | S46: =SUM(O46+Q46) -> 0 | T46: =S46/F46 -> #DIV/0! | V46: =U46/F46 -> #DIV/0! | X46: =W46/F46 -> #DIV/0! | Z46: =Y46/F46 -> #DIV/0! | AB46: =AA46/$F46 -> #DIV/0! | AC46: =SUM(Y46+AA46) -> 0 | AD46: =AC46/F46 -> #DIV/0! | AF46: =AE46/F46 -> #DIV/0! | AH46: =AG46/F46 -> #DIV/0! | AJ46: =AI46/F46 -> #DIV/0! | AL46: =AK46/F46 -> #DIV/0!
D47: =D46+1 -> 46208 | E47: 日 | F47: =SUM(M47,S47,U47,W47,AC47,AE47,AG47,AI47,AK47) -> 0 | J47: =I47/F47 -> #DIV/0! | L47: =K47/F47 -> #DIV/0! | M47: =SUM(I47+K47) -> 0 | N47: =M47/F47 -> #DIV/0! | P47: =O47/F47 -> #DIV/0! | R47: =Q47/$F47 -> #DIV/0! | S47: =SUM(O47+Q47) -> 0 | T47: =S47/F47 -> #DIV/0! | V47: =U47/F47 -> #DIV/0! | X47: =W47/F47 -> #DIV/0! | Z47: =Y47/F47 -> #DIV/0! | AB47: =AA47/$F47 -> #DIV/0! | AC47: =SUM(Y47+AA47) -> 0 | AD47: =AC47/F47 -> #DIV/0! | AF47: =AE47/F47 -> #DIV/0! | AH47: =AG47/F47 -> #DIV/0! | AJ47: =AI47/F47 -> #DIV/0! | AL47: =AK47/F47 -> #DIV/0!
D48: =D47+1 -> 46209 | E48: 一 | F48: =SUM(M48,S48,U48,W48,AC48,AE48,AG48,AI48,AK48) -> 0 | J48: =I48/F48 -> #DIV/0! | L48: =K48/F48 -> #DIV/0! | M48: =SUM(I48+K48) -> 0 | N48: =M48/F48 -> #DIV/0! | P48: =O48/F48 -> #DIV/0! | R48: =Q48/$F48 -> #DIV/0! | S48: =SUM(O48+Q48) -> 0 | T48: =S48/F48 -> #DIV/0! | V48: =U48/F48 -> #DIV/0! | X48: =W48/F48 -> #DIV/0! | Z48: =Y48/F48 -> #DIV/0! | AB48: =AA48/$F48 -> #DIV/0! | AC48: =SUM(Y48+AA48) -> 0 | AD48: =AC48/F48 -> #DIV/0! | AF48: =AE48/F48 -> #DIV/0! | AH48: =AG48/F48 -> #DIV/0! | AJ48: =AI48/F48 -> #DIV/0! | AL48: =AK48/F48 -> #DIV/0!
F49: =SUM(M49,S49,U49,W49,AC49,AE49,AG49,AI49,AK49) -> 0 | J49: =I49/F49 -> #DIV/0! | L49: =K49/F49 -> #DIV/0! | M49: =SUM(I49+K49) -> 0 | N49: =M49/F49 -> #DIV/0! | P49: =O49/F49 -> #DIV/0! | R49: =Q49/$F49 -> #DIV/0! | S49: =SUM(O49+Q49) -> 0 | T49: =S49/F49 -> #DIV/0! | V49: =U49/F49 -> #DIV/0! | X49: =W49/F49 -> #DIV/0! | Z49: =Y49/F49 -> #DIV/0! | AB49: =AA49/$F49 -> #DIV/0! | AC49: =SUM(Y49+AA49) -> 0 | AD49: =AC49/F49 -> #DIV/0! | AF49: =AE49/F49 -> #DIV/0! | AH49: =AG49/F49 -> #DIV/0! | AJ49: =AI49/F49 -> #DIV/0! | AL49: =AK49/F49 -> #DIV/0!
I50: =SUM(I7:I49) -> 15017622 | J50: =I50/$H$12 -> 0.10580332 | K50: =SUM(K7:K49) -> 17509398 | L50: =K50/$H$12 -> 0.12335858 | M50: =SUM(M8:M49) -> 30762097 | N50: =M50/$H$8 -> #DIV/0! | O50: =SUM(O7:O49) -> 3143556.6 | P50: =O50/$H$12 -> 0.022147231 | Q50: =SUM(Q7:Q49) -> 0 | R50: =Q50/$H$12 -> 0 | S50: =SUM(S8:S49) -> 2988555.8 | T50: =S50/$H$8 -> #DIV/0! | U50: =SUM(U7:U49) -> 21763540 | V50: =U50/$H$12 -> 0.1533302 | W50: =SUM(W7:W49) -> 1392321.8 | X50: =W50/$H$12 -> 0.0098092941 | Y50: =SUM(Y7:Y49) -> 14756173 | Z50: =Y50/$H$12 -> 0.10396134 | AA50: =SUM(AA7:AA49) -> 23538138 | AB50: =AA50/$H$12 -> 0.16583273 | AC50: =SUM(AC8:AC49) -> 36336604 | AD50: =AC50/$H$8 -> #DIV/0! | AE50: =SUM(AE7:AE49) -> 29516542 | AF50: =AE50/$H$12 -> 0.20795225 | AG50: =SUM(AG7:AG49) -> 21833200 | AH50: =AG50/$H$12 -> 0.15382097 | AI50: =SUM(AI7:AI49) -> 32273064 | AJ50: =AI50/$H$12 -> 0.22737271 | AK50: =SUM(AK7:AK49) -> 17558118 | AL50: =AK50/$H$12 -> 0.12370183
M51: =M50 -> 30762097 | S51: =S50 -> 2988555.8 | U51: =U50 -> 21763540 | W51: =W50 -> 1392321.8 | AC51: =AC50 -> 36336604 | AE51: =AE50 -> 29516542 | AG51: =AG50 -> 21833200 | AI51: =AI50 -> 32273064 | AK51: =AK50 -> 17558118

Sheet （４）訂單數量構成比
B2: （4）訂單數量構成比
C3: 月份 | D3: 日期 | F3: 訂單量 | I3: 品類訂單量
I4: 18℃-飯糰 | O4: 18℃-壽司手卷 | U4: 4℃-飯糰 | W4: 4℃-壽司手卷 | Y4: 主食 | AE4: 便當 | AG4: 熱食義麵 | AI4: 季節調理麵 | AK4: 微波小吃
F5: 日 | G5: 週累積 | H5: 月累積 | I5: 一配 | K5: 二配 | M5: 合計 | O5: 一配 | Q5: 二配 | S5: 合計 | U5: 一配 | W5: 一配 | Y5: 一配 | AA5: 二配 | AC5: 合計 | AE5: 一配 | AG5: 一配 | AI5: 一配 | AK5: 一配
I6: 訂單數 | J6: 比例(%) | K6: 訂單數 | L6: 比例(%) | M6: 訂單數 | N6: 比例(%) | O6: 訂單數 | P6: 比例(%) | Q6: 訂單數 | R6: 比例(%) | S6: 訂單數 | T6: 比例(%) | U6: 訂單數 | V6: 比例(%) | W6: 訂單數 | X6: 比例(%) | Y6: 訂單數 | Z6: 比例(%) | AA6: 訂單數 | AB6: 比例(%) | AC6: 訂單數 | AD6: 比例(%) | AE6: 訂單數 | AF6: 比例(%) | AG6: 訂單數 | AH6: 比例(%) | AI6: 訂單數 | AJ6: 比例(%) | AK6: 訂單數 | AL6: 比例(%)
D7: 46168 | E7: 二 | F7: =SUM(M7,S7,U7,W7,AC7,AE7,AG7,AI7,AK7) -> 293602 | I7: 43490 | J7: =I7/F7 -> 0.14812569 | K7: 46868 | L7: =K7/F7 -> 0.15963107 | M7: =SUM(I7+K7) -> 90358 | N7: =M7/F7 -> 0.30775676 | O7: 5346 | P7: =O7/F7 -> 0.018208323 | R7: =Q7/F7 -> 0 | S7: =SUM(O7+Q7) -> 5346 | T7: =S7/F7 -> 0.018208323 | U7: 31003 | V7: =U7/F7 -> 0.10559533 | W7: 2504 | X7: =W7/F7 -> 0.0085285523 | Y7: 24706 | Z7: =Y7/F7 -> 0.084147928 | AA7: 23664 | AB7: =AA7/F7 -> 0.080598906 | AC7: =SUM(Y7+AA7) -> 48370 | AD7: =AC7/F7 -> 0.16474683 | AE7: 25848 | AF7: =AE7/F7 -> 0.088037547 | AG7: 27750 | AH7: =AG7/F7 -> 0.094515705 | AI7: 36353 | AJ7: =AI7/F7 -> 0.12381728 | AK7: 26070 | AL7: =AK7/F7 -> 0.088793673
D8: =D7+1 -> 46169 | E8: 三 | F8: =SUM(M8,S8,U8,W8,AC8,AE8,AG8,AI8,AK8) -> 289569 | G8: =SUM(F7:F13) -> 1972816 | I8: 42001 | J8: =I8/F8 -> 0.1450466 | K8: 46176 | L8: =K8/F8 -> 0.15946458 | M8: =SUM(I8+K8) -> 88177 | N8: =M8/F8 -> 0.30451119 | O8: 5367 | P8: =O8/F8 -> 0.018534443 | R8: =Q8/F8 -> 0 | S8: =SUM(O8+Q8) -> 5367 | T8: =S8/F8 -> 0.018534443 | U8: 30526 | V8: =U8/F8 -> 0.10541874 | W8: 2506 | X8: =W8/F8 -> 0.0086542413 | Y8: 25020 | Z8: =Y8/F8 -> 0.086404277 | AA8: 22141 | AB8: =AA8/F8 -> 0.076461914 | AC8: =SUM(Y8+AA8) -> 47161 | AD8: =AC8/F8 -> 0.16286619 | AE8: 25845 | AF8: =AE8/F8 -> 0.089253339 | AG8: 20373 | AH8: =AG8/F8 -> 0.070356288 | AI8: 43870 | AJ8: =AI8/F8 -> 0.15150102 | AK8: 25744 | AL8: =AK8/F8 -> 0.088904544
D9: =D8+1 -> 46170 | E9: 四 | F9: =SUM(M9,S9,U9,W9,AC9,AE9,AG9,AI9,AK9) -> 272954 | I9: 40103 | J9: =I9/F9 -> 0.14692219 | K9: 41987 | L9: =K9/F9 -> 0.15382445 | M9: =SUM(I9+K9) -> 82090 | N9: =M9/F9 -> 0.30074665 | O9: 5398 | P9: =O9/F9 -> 0.019776226 | R9: =Q9/F9 -> 0 | S9: =SUM(O9+Q9) -> 5398 | T9: =S9/F9 -> 0.019776226 | U9: 27560 | V9: =U9/F9 -> 0.10096939 | W9: 2222 | X9: =W9/F9 -> 0.0081405658 | Y9: 25312 | Z9: =Y9/F9 -> 0.092733574 | AA9: 17404 | AB9: =AA9/F9 -> 0.063761659 | AC9: =SUM(Y9+AA9) -> 42716 | AD9: =AC9/F9 -> 0.15649523 | AE9: 23903 | AF9: =AE9/F9 -> 0.087571532 | AG9: 19104 | AH9: =AG9/F9 -> 0.069989815 | AI9: 44782 | AJ9: =AI9/F9 -> 0.16406427 | AK9: 25179 | AL9: =AK9/F9 -> 0.092246313
D10: =D9+1 -> 46171 | E10: 五 | F10: =SUM(M10,S10,U10,W10,AC10,AE10,AG10,AI10,AK10) -> 253473 | I10: 35894 | J10: =I10/F10 -> 0.14160877 | K10: 39502 | L10: =K10/F10 -> 0.15584303 | M10: =SUM(I10+K10) -> 75396 | N10: =M10/F10 -> 0.2974518 | O10: 4525 | P10: =O10/F10 -> 0.017852 | R10: =Q10/F10 -> 0 | S10: =SUM(O10+Q10) -> 4525 | T10: =S10/F10 -> 0.017852 | U10: 24649 | V10: =U10/F10 -> 0.097245071 | W10: 1580 | X10: =W10/F10 -> 0.0062334055 | Y10: 22730 | Z10: =Y10/F10 -> 0.089674245 | AA10: 17753 | AB10: =AA10/F10 -> 0.070039018 | AC10: =SUM(Y10+AA10) -> 40483 | AD10: =AC10/F10 -> 0.15971326 | AE10: 20732 | AF10: =AE10/F10 -> 0.081791749 | AG10: 17422 | AH10: =AG10/F10 -> 0.068733159 | AI10: 47162 | AJ10: =AI10/F10 -> 0.18606321 | AK10: 21524 | AL10: =AK10/F10 -> 0.084916342
D11: =D10+1 -> 46172 | E11: 六 | F11: =SUM(M11,S11,U11,W11,AC11,AE11,AG11,AI11,AK11) -> 262061 | I11: 33193 | J11: =I11/F11 -> 0.12666135 | K11: 43858 | L11: =K11/F11 -> 0.16735798 | M11: =SUM(I11+K11) -> 77051 | N11: =M11/F11 -> 0.29401933 | O11: 4535 | P11: =O11/F11 -> 0.017305131 | R11: =Q11/F11 -> 0 | S11: =SUM(O11+Q11) -> 4535 | T11: =S11/F11 -> 0.017305131 | U11: 26605 | V11: =U11/F11 -> 0.10152216 | W11: 1818 | X11: =W11/F11 -> 0.0069373161 | Y11: 23645 | Z11: =Y11/F11 -> 0.090227085 | AA11: 19471 | AB11: =AA11/F11 -> 0.074299495 | AC11: =SUM(Y11+AA11) -> 43116 | AD11: =AC11/F11 -> 0.16452658 | AE11: 23221 | AF11: =AE11/F11 -> 0.088609141 | AG11: 20421 | AH11: =AG11/F11 -> 0.077924605 | AI11: 41617 | AJ11: =AI11/F11 -> 0.15880654 | AK11: 23677 | AL11: =AK11/F11 -> 0.090349194
D12: =D11+1 -> 46173 | E12: 日 | F12: =SUM(M12,S12,U12,W12,AC12,AE12,AG12,AI12,AK12) -> 307771 | H12: =SUM(F13:F42) -> 4205423 | I12: 41146 | J12: =I12/F12 -> 0.13369031 | K12: 48409 | L12: =K12/F12 -> 0.15728902 | M12: =SUM(I12+K12) -> 89555 | N12: =M12/F12 -> 0.29097933 | O12: 5511 | P12: =O12/F12 -> 0.01790617 | R12: =Q12/F12 -> 0 | S12: =SUM(O12+Q12) -> 5511 | T12: =S12/F12 -> 0.01790617 | U12: 33597 | V12: =U12/F12 -> 0.10916233 | W12: 2148 | X12: =W12/F12 -> 0.0069792151 | Y12: 27102 | Z12: =Y12/F12 -> 0.088058979 | AA12: 21922 | AB12: =AA12/F12 -> 0.071228283 | AC12: =SUM(Y12+AA12) -> 49024 | AD12: =AC12/F12 -> 0.15928726 | AE12: 28798 | AF12: =AE12/F12 -> 0.09356957 | AG12: 24889 | AH12: =AG12/F12 -> 0.080868568 | AI12: 46034 | AJ12: =AI12/F12 -> 0.14957225 | AK12: 28215 | AL12: =AK12/F12 -> 0.091675304
D13: =D12+1 -> 46174 | E13: 一 | F13: =SUM(M13,S13,U13,W13,AC13,AE13,AG13,AI13,AK13) -> 293386 | I13: 40188 | J13: =I13/F13 -> 0.13697995 | K13: 47322 | L13: =K13/F13 -> 0.16129604 | M13: =SUM(I13+K13) -> 87510 | N13: =M13/F13 -> 0.29827599 | O13: 5467 | P13: =O13/F13 -> 0.018634154 | R13: =Q13/F13 -> 0 | S13: =SUM(O13+Q13) -> 5467 | T13: =S13/F13 -> 0.018634154 | U13: 33031 | V13: =U13/F13 -> 0.11258547 | W13: 2315 | X13: =W13/F13 -> 0.0078906287 | Y13: 26027 | Z13: =Y13/F13 -> 0.088712481 | AA13: 22114 | AB13: =AA13/F13 -> 0.075375103 | AC13: =SUM(Y13+AA13) -> 48141 | AD13: =AC13/F13 -> 0.16408758 | AE13: 27977 | AF13: =AE13/F13 -> 0.095359015 | AG13: 21515 | AH13: =AG13/F13 -> 0.073333424 | AI13: 38330 | AJ13: =AI13/F13 -> 0.130647 | AK13: 29100 | AL13: =AK13/F13 -> 0.099186737
D14: =D13+1 -> 46175 | E14: 二 | F14: =SUM(M14,S14,U14,W14,AC14,AE14,AG14,AI14,AK14) -> 300488 | G14: =SUM(F14:F20) -> 1939291 | I14: 39840 | J14: =I14/F14 -> 0.13258433 | K14: 45903 | L14: =K14/F14 -> 0.15276151 | M14: =SUM(I14+K14) -> 85743 | N14: =M14/F14 -> 0.28534584 | O14: 5427 | P14: =O14/F14 -> 0.018060621 | R14: =Q14/F14 -> 0 | S14: =SUM(O14+Q14) -> 5427 | T14: =S14/F14 -> 0.018060621 | U14: 31949 | V14: =U14/F14 -> 0.10632371 | W14: 1950 | X14: =W14/F14 -> 0.0064894438 | Y14: 26311 | Z14: =Y14/F14 -> 0.087560901 | AA14: 21338 | AB14: =AA14/F14 -> 0.071011155 | AC14: =SUM(Y14+AA14) -> 47649 | AD14: =AC14/F14 -> 0.15857206 | AE14: 26755 | AF14: =AE14/F14 -> 0.089038497 | AG14: 19667 | AH14: =AG14/F14 -> 0.065450201 | AI14: 44098 | AJ14: =AI14/F14 -> 0.14675461 | AK14: 37250 | AL14: =AK14/F14 -> 0.12396502
D15: =D14+1 -> 46176 | E15: 三 | F15: =SUM(M15,S15,U15,W15,AC15,AE15,AG15,AI15,AK15) -> 281796 | I15: 39500 | J15: =I15/F15 -> 0.14017232 | K15: 44865 | L15: =K15/F15 -> 0.15921092 | M15: =SUM(I15+K15) -> 84365 | N15: =M15/F15 -> 0.29938324 | O15: 5440 | P15: =O15/F15 -> 0.019304745 | R15: =Q15/F15 -> 0 | S15: =SUM(O15+Q15) -> 5440 | T15: =S15/F15 -> 0.019304745 | U15: 28808 | V15: =U15/F15 -> 0.10222998 | W15: 1824 | X15: =W15/F15 -> 0.0064727675 | Y15: 25264 | Z15: =Y15/F15 -> 0.089653508 | AA15: 19373 | AB15: =AA15/F15 -> 0.068748314 | AC15: =SUM(Y15+AA15) -> 44637 | AD15: =AC15/F15 -> 0.15840182 | AE15: 24580 | AF15: =AE15/F15 -> 0.08722622 | AG15: 18078 | AH15: =AG15/F15 -> 0.064152791 | AI15: 42163 | AJ15: =AI15/F15 -> 0.14962242 | AK15: 31901 | AL15: =AK15/F15 -> 0.11320601
D16: =D15+1 -> 46177 | E16: 四 | F16: =SUM(M16,S16,U16,W16,AC16,AE16,AG16,AI16,AK16) -> 268178 | I16: 37791 | J16: =I16/F16 -> 0.1409176 | K16: 41408 | L16: =K16/F16 -> 0.15440491 | M16: =SUM(I16+K16) -> 79199 | N16: =M16/F16 -> 0.29532251 | O16: 5345 | P16: =O16/F16 -> 0.019930792 | R16: =Q16/F16 -> 0 | S16: =SUM(O16+Q16) -> 5345 | T16: =S16/F16 -> 0.019930792 | U16: 25178 | V16: =U16/F16 -> 0.093885404 | W16: 1803 | X16: =W16/F16 -> 0.0067231466 | Y16: 24378 | Z16: =Y16/F16 -> 0.090902311 | AA16: 16164 | AB16: =AA16/F16 -> 0.060273401 | AC16: =SUM(Y16+AA16) -> 40542 | AD16: =AC16/F16 -> 0.15117571 | AE16: 22731 | AF16: =AE16/F16 -> 0.084760868 | AG16: 18327 | AH16: =AG16/F16 -> 0.068338939 | AI16: 44975 | AJ16: =AI16/F16 -> 0.16770578 | AK16: 30078 | AL16: =AK16/F16 -> 0.11215685
D17: =D16+1 -> 46178 | E17: 五 | F17: =SUM(M17,S17,U17,W17,AC17,AE17,AG17,AI17,AK17) -> 238249 | I17: 31989 | J17: =I17/F17 -> 0.13426709 | K17: 38486 | L17: =K17/F17 -> 0.16153688 | M17: =SUM(I17+K17) -> 70475 | N17: =M17/F17 -> 0.29580397 | O17: 4531 | P17: =O17/F17 -> 0.019017918 | R17: =Q17/F17 -> 0 | S17: =SUM(O17+Q17) -> 4531 | T17: =S17/F17 -> 0.019017918 | U17: 22217 | V17: =U17/F17 -> 0.093251178 | W17: 1229 | X17: =W17/F17 -> 0.0051584687 | Y17: 18805 | Z17: =Y17/F17 -> 0.078930027 | AA17: 17954 | AB17: =AA17/F17 -> 0.075358134 | AC17: =SUM(Y17+AA17) -> 36759 | AD17: =AC17/F17 -> 0.15428816 | AE17: 18780 | AF17: =AE17/F17 -> 0.078825095 | AG17: 17456 | AH17: =AG17/F17 -> 0.073267884 | AI17: 42380 | AJ17: =AI17/F17 -> 0.17788112 | AK17: 24422 | AL17: =AK17/F17 -> 0.1025062
D18: =D17+1 -> 46179 | E18: 六 | F18: =SUM(M18,S18,U18,W18,AC18,AE18,AG18,AI18,AK18) -> 254956 | I18: 30868 | J18: =I18/F18 -> 0.12107187 | K18: 43131 | L18: =K18/F18 -> 0.16917037 | M18: =SUM(I18+K18) -> 73999 | N18: =M18/F18 -> 0.29024224 | O18: 4450 | P18: =O18/F18 -> 0.017453992 | R18: =Q18/F18 -> 0 | S18: =SUM(O18+Q18) -> 4450 | T18: =S18/F18 -> 0.017453992 | U18: 25856 | V18: =U18/F18 -> 0.10141358 | W18: 1531 | X18: =W18/F18 -> 0.0060049577 | Y18: 21452 | Z18: =Y18/F18 -> 0.084140008 | AA18: 21446 | AB18: =AA18/F18 -> 0.084116475 | AC18: =SUM(Y18+AA18) -> 42898 | AD18: =AC18/F18 -> 0.16825648 | AE18: 22306 | AF18: =AE18/F18 -> 0.087489606 | AG18: 17225 | AH18: =AG18/F18 -> 0.067560677 | AI18: 39545 | AJ18: =AI18/F18 -> 0.15510519 | AK18: 27146 | AL18: =AK18/F18 -> 0.10647327
D19: =D18+1 -> 46180 | E19: 日 | F19: =SUM(M19,S19,U19,W19,AC19,AE19,AG19,AI19,AK19) -> 300446 | I19: 38322 | J19: =I19/F19 -> 0.12755038 | K19: 46870 | L19: =K19/F19 -> 0.15600141 | M19: =SUM(I19+K19) -> 85192 | N19: =M19/F19 -> 0.28355179 | O19: 5485 | P19: =O19/F19 -> 0.018256192 | R19: =Q19/F19 -> 0 | S19: =SUM(O19+Q19) -> 5485 | T19: =S19/F19 -> 0.018256192 | U19: 33316 | V19: =U19/F19 -> 0.11088848 | W19: 1789 | X19: =W19/F19 -> 0.005954481 | Y19: 26306 | Z19: =Y19/F19 -> 0.087556499 | AA19: 22582 | AB19: =AA19/F19 -> 0.075161593 | AC19: =SUM(Y19+AA19) -> 48888 | AD19: =AC19/F19 -> 0.16271809 | AE19: 28787 | AF19: =AE19/F19 -> 0.095814223 | AG19: 21042 | AH19: =AG19/F19 -> 0.07003588 | AI19: 42310 | AJ19: =AI19/F19 -> 0.14082398 | AK19: 33637 | AL19: =AK19/F19 -> 0.11195689
D20: =D19+1 -> 46181 | E20: 一 | F20: =SUM(M20,S20,U20,W20,AC20,AE20,AG20,AI20,AK20) -> 295178 | I20: 37675 | J20: =I20/F20 -> 0.12763485 | K20: 46412 | L20: =K20/F20 -> 0.15723394 | M20: =SUM(I20+K20) -> 84087 | N20: =M20/F20 -> 0.28486879 | O20: 5431 | P20: =O20/F20 -> 0.018399068 | R20: =Q20/F20 -> 0 | S20: =SUM(O20+Q20) -> 5431 | T20: =S20/F20 -> 0.018399068 | U20: 33045 | V20: =U20/F20 -> 0.1119494 | W20: 1925 | X20: =W20/F20 -> 0.0065214887 | Y20: 26675 | Z20: =Y20/F20 -> 0.090369201 | AA20: 26256 | AB20: =AA20/F20 -> 0.088949718 | AC20: =SUM(Y20+AA20) -> 52931 | AD20: =AC20/F20 -> 0.17931892 | AE20: 28733 | AF20: =AE20/F20 -> 0.097341265 | AG20: 20697 | AH20: =AG20/F20 -> 0.070117014 | AI20: 36888 | AJ20: =AI20/F20 -> 0.12496866 | AK20: 31441 | AL20: =AK20/F20 -> 0.10651539
D21: =D20+1 -> 46182 | E21: 二 | F21: =SUM(M21,S21,U21,W21,AC21,AE21,AG21,AI21,AK21) -> 310985 | G21: =SUM(F21:F27) -> 1972746 | I21: 37754 | J21: =I21/F21 -> 0.12140135 | K21: 45885 | L21: =K21/F21 -> 0.14754731 | M21: =SUM(I21+K21) -> 83639 | N21: =M21/F21 -> 0.26894866 | O21: 5600 | P21: =O21/F21 -> 0.018007299 | R21: =Q21/F21 -> 0 | S21: =SUM(O21+Q21) -> 5600 | T21: =S21/F21 -> 0.018007299 | U21: 41197 | V21: =U21/F21 -> 0.13247263 | W21: 1874 | X21: =W21/F21 -> 0.0060260141 | Y21: 27090 | Z21: =Y21/F21 -> 0.087110311 | AA21: 26484 | AB21: =AA21/F21 -> 0.085161664 | AC21: =SUM(Y21+AA21) -> 53574 | AD21: =AC21/F21 -> 0.17227197 | AE21: 26093 | AF21: =AE21/F21 -> 0.083904368 | AG21: 27829 | AH21: =AG21/F21 -> 0.089486631 | AI21: 40097 | AJ21: =AI21/F21 -> 0.12893548 | AK21: 31082 | AL21: =AK21/F21 -> 0.099946943
D22: =D21+1 -> 46183 | E22: 三 | F22: =SUM(M22,S22,U22,W22,AC22,AE22,AG22,AI22,AK22) -> 294581 | I22: 37242 | J22: =I22/F22 -> 0.12642363 | K22: 45517 | L22: =K22/F22 -> 0.15451438 | M22: =SUM(I22+K22) -> 82759 | N22: =M22/F22 -> 0.28093801 | O22: 5524 | P22: =O22/F22 -> 0.018752058 | R22: =Q22/F22 -> 0 | S22: =SUM(O22+Q22) -> 5524 | T22: =S22/F22 -> 0.018752058 | U22: 34505 | V22: =U22/F22 -> 0.11713247 | W22: 1855 | X22: =W22/F22 -> 0.0062970796 | Y22: 25468 | Z22: =Y22/F22 -> 0.086454999 | AA22: 26103 | AB22: =AA22/F22 -> 0.088610603 | AC22: =SUM(Y22+AA22) -> 51571 | AD22: =AC22/F22 -> 0.1750656 | AE22: 24848 | AF22: =AE22/F22 -> 0.084350315 | AG22: 23867 | AH22: =AG22/F22 -> 0.081020161 | AI22: 40995 | AJ22: =AI22/F22 -> 0.13916376 | AK22: 28657 | AL22: =AK22/F22 -> 0.097280544
D23: =D22+1 -> 46184 | E23: 四 | F23: =SUM(M23,S23,U23,W23,AC23,AE23,AG23,AI23,AK23) -> 277313 | I23: 35700 | J23: =I23/F23 -> 0.1287354 | K23: 40764 | L23: =K23/F23 -> 0.14699635 | M23: =SUM(I23+K23) -> 76464 | N23: =M23/F23 -> 0.27573175 | O23: 5458 | P23: =O23/F23 -> 0.019681731 | R23: =Q23/F23 -> 0 | S23: =SUM(O23+Q23) -> 5458 | T23: =S23/F23 -> 0.019681731 | U23: 33733 | V23: =U23/F23 -> 0.12164233 | W23: 1761 | X23: =W23/F23 -> 0.0063502252 | Y23: 25401 | Z23: =Y23/F23 -> 0.09159686 | AA23: 20335 | AB23: =AA23/F23 -> 0.073328694 | AC23: =SUM(Y23+AA23) -> 45736 | AD23: =AC23/F23 -> 0.16492555 | AE23: 24048 | AF23: =AE23/F23 -> 0.086717896 | AG23: 22326 | AH23: =AG23/F23 -> 0.080508306 | AI23: 38989 | AJ23: =AI23/F23 -> 0.14059564 | AK23: 28798 | AL23: =AK23/F23 -> 0.10384656
D24: =D23+1 -> 46185 | E24: 五 | F24: =SUM(M24,S24,U24,W24,AC24,AE24,AG24,AI24,AK24) -> 242704 | I24: 29733 | J24: =I24/F24 -> 0.12250725 | K24: 37654 | L24: =K24/F24 -> 0.15514371 | M24: =SUM(I24+K24) -> 67387 | N24: =M24/F24 -> 0.27765097 | O24: 4587 | P24: =O24/F24 -> 0.018899565 | R24: =Q24/F24 -> 0 | S24: =SUM(O24+Q24) -> 4587 | T24: =S24/F24 -> 0.018899565 | U24: 28775 | V24: =U24/F24 -> 0.11856006 | W24: 1173 | X24: =W24/F24 -> 0.0048330477 | Y24: 23571 | Z24: =Y24/F24 -> 0.0971183 | AA24: 19901 | AB24: =AA24/F24 -> 0.081997 | AC24: =SUM(Y24+AA24) -> 43472 | AD24: =AC24/F24 -> 0.1791153 | AE24: 18876 | AF24: =AE24/F24 -> 0.077773749 | AG24: 17079 | AH24: =AG24/F24 -> 0.070369668 | AI24: 35897 | AJ24: =AI24/F24 -> 0.14790444 | AK24: 25458 | AL24: =AK24/F24 -> 0.1048932
D25: =D24+1 -> 46186 | E25: 六 | F25: =SUM(M25,S25,U25,W25,AC25,AE25,AG25,AI25,AK25) -> 255973 | I25: 28397 | J25: =I25/F25 -> 0.11093748 | K25: 41142 | L25: =K25/F25 -> 0.16072789 | M25: =SUM(I25+K25) -> 69539 | N25: =M25/F25 -> 0.27166537 | O25: 4386 | P25: =O25/F25 -> 0.01713462 | R25: =Q25/F25 -> 0 | S25: =SUM(O25+Q25) -> 4386 | T25: =S25/F25 -> 0.01713462 | U25: 34589 | V25: =U25/F25 -> 0.13512753 | W25: 1318 | X25: =W25/F25 -> 0.0051489806 | Y25: 24297 | Z25: =Y25/F25 -> 0.094920167 | AA25: 20546 | AB25: =AA25/F25 -> 0.080266278 | AC25: =SUM(Y25+AA25) -> 44843 | AD25: =AC25/F25 -> 0.17518645 | AE25: 20916 | AF25: =AE25/F25 -> 0.081711743 | AG25: 19598 | AH25: =AG25/F25 -> 0.076562762 | AI25: 33737 | AJ25: =AI25/F25 -> 0.13179906 | AK25: 27047 | AL25: =AK25/F25 -> 0.10566349
D26: =D25+1 -> 46187 | E26: 日 | F26: =SUM(M26,S26,U26,W26,AC26,AE26,AG26,AI26,AK26) -> 301170 | I26: 35441 | J26: =I26/F26 -> 0.11767772 | K26: 45457 | L26: =K26/F26 -> 0.15093469 | M26: =SUM(I26+K26) -> 80898 | N26: =M26/F26 -> 0.26861241 | O26: 5523 | P26: =O26/F26 -> 0.01833848 | R26: =Q26/F26 -> 0 | S26: =SUM(O26+Q26) -> 5523 | T26: =S26/F26 -> 0.01833848 | U26: 40062 | V26: =U26/F26 -> 0.13302122 | W26: 1509 | X26: =W26/F26 -> 0.0050104592 | Y26: 26657 | Z26: =Y26/F26 -> 0.088511472 | AA26: 21803 | AB26: =AA26/F26 -> 0.072394329 | AC26: =SUM(Y26+AA26) -> 48460 | AD26: =AC26/F26 -> 0.1609058 | AE26: 26921 | AF26: =AE26/F26 -> 0.089388053 | AG26: 26072 | AH26: =AG26/F26 -> 0.086569047 | AI26: 41109 | AJ26: =AI26/F26 -> 0.13649766 | AK26: 30616 | AL26: =AK26/F26 -> 0.10165687
D27: =D26+1 -> 46188 | E27: 一 | F27: =SUM(M27,S27,U27,W27,AC27,AE27,AG27,AI27,AK27) -> 290020 | I27: 34821 | J27: =I27/F27 -> 0.12006413 | K27: 44712 | L27: =K27/F27 -> 0.15416868 | M27: =SUM(I27+K27) -> 79533 | N27: =M27/F27 -> 0.27423281 | O27: 5327 | P27: =O27/F27 -> 0.018367699 | R27: =Q27/F27 -> 0 | S27: =SUM(O27+Q27) -> 5327 | T27: =S27/F27 -> 0.018367699 | U27: 36518 | V27: =U27/F27 -> 0.12591545 | W27: 1773 | X27: =W27/F27 -> 0.0061133715 | Y27: 25578 | Z27: =Y27/F27 -> 0.088193918 | AA27: 25767 | AB27: =AA27/F27 -> 0.088845597 | AC27: =SUM(Y27+AA27) -> 51345 | AD27: =AC27/F27 -> 0.17703951 | AE27: 25682 | AF27: =AE27/F27 -> 0.088552514 | AG27: 22802 | AH27: =AG27/F27 -> 0.078622164 | AI27: 35844 | AJ27: =AI27/F27 -> 0.12359148 | AK27: 31196 | AL27: =AK27/F27 -> 0.107565
D28: =D27+1 -> 46189 | E28: 二 | F28: =SUM(M28,S28,U28,W28,AC28,AE28,AG28,AI28,AK28) -> 0 | G28: =SUM(F28:F34) -> 0 | J28: =I28/F28 -> #DIV/0! | L28: =K28/F28 -> #DIV/0! | M28: =SUM(I28+K28) -> 0 | N28: =M28/F28 -> #DIV/0! | P28: =O28/F28 -> #DIV/0! | R28: =Q28/F28 -> #DIV/0! | S28: =SUM(O28+Q28) -> 0 | T28: =S28/F28 -> #DIV/0! | V28: =U28/F28 -> #DIV/0! | X28: =W28/F28 -> #DIV/0! | Z28: =Y28/F28 -> #DIV/0! | AB28: =AA28/F28 -> #DIV/0! | AC28: =SUM(Y28+AA28) -> 0 | AD28: =AC28/F28 -> #DIV/0! | AF28: =AE28/F28 -> #DIV/0! | AH28: =AG28/F28 -> #DIV/0! | AJ28: =AI28/F28 -> #DIV/0! | AL28: =AK28/F28 -> #DIV/0!
D29: =D28+1 -> 46190 | E29: 三 | F29: =SUM(M29,S29,U29,W29,AC29,AE29,AG29,AI29,AK29) -> 0 | J29: =I29/F29 -> #DIV/0! | L29: =K29/F29 -> #DIV/0! | M29: =SUM(I29+K29) -> 0 | N29: =M29/F29 -> #DIV/0! | P29: =O29/F29 -> #DIV/0! | R29: =Q29/F29 -> #DIV/0! | S29: =SUM(O29+Q29) -> 0 | T29: =S29/F29 -> #DIV/0! | V29: =U29/F29 -> #DIV/0! | X29: =W29/F29 -> #DIV/0! | Z29: =Y29/F29 -> #DIV/0! | AB29: =AA29/F29 -> #DIV/0! | AC29: =SUM(Y29+AA29) -> 0 | AD29: =AC29/F29 -> #DIV/0! | AF29: =AE29/F29 -> #DIV/0! | AH29: =AG29/F29 -> #DIV/0! | AJ29: =AI29/F29 -> #DIV/0! | AL29: =AK29/F29 -> #DIV/0!
D30: =D29+1 -> 46191 | E30: 四 | F30: =SUM(M30,S30,U30,W30,AC30,AE30,AG30,AI30,AK30) -> 0 | J30: =I30/F30 -> #DIV/0! | L30: =K30/F30 -> #DIV/0! | M30: =SUM(I30+K30) -> 0 | N30: =M30/F30 -> #DIV/0! | P30: =O30/F30 -> #DIV/0! | R30: =Q30/F30 -> #DIV/0! | S30: =SUM(O30+Q30) -> 0 | T30: =S30/F30 -> #DIV/0! | V30: =U30/F30 -> #DIV/0! | X30: =W30/F30 -> #DIV/0! | Z30: =Y30/F30 -> #DIV/0! | AB30: =AA30/F30 -> #DIV/0! | AC30: =SUM(Y30+AA30) -> 0 | AD30: =AC30/F30 -> #DIV/0! | AF30: =AE30/F30 -> #DIV/0! | AH30: =AG30/F30 -> #DIV/0! | AJ30: =AI30/F30 -> #DIV/0! | AL30: =AK30/F30 -> #DIV/0!
D31: =D30+1 -> 46192 | E31: 五 | F31: =SUM(M31,S31,U31,W31,AC31,AE31,AG31,AI31,AK31) -> 0 | J31: =I31/F31 -> #DIV/0! | L31: =K31/F31 -> #DIV/0! | M31: =SUM(I31+K31) -> 0 | N31: =M31/F31 -> #DIV/0! | P31: =O31/F31 -> #DIV/0! | R31: =Q31/F31 -> #DIV/0! | S31: =SUM(O31+Q31) -> 0 | T31: =S31/F31 -> #DIV/0! | V31: =U31/F31 -> #DIV/0! | X31: =W31/F31 -> #DIV/0! | Z31: =Y31/F31 -> #DIV/0! | AB31: =AA31/F31 -> #DIV/0! | AC31: =SUM(Y31+AA31) -> 0 | AD31: =AC31/F31 -> #DIV/0! | AF31: =AE31/F31 -> #DIV/0! | AH31: =AG31/F31 -> #DIV/0! | AJ31: =AI31/F31 -> #DIV/0! | AL31: =AK31/F31 -> #DIV/0!
D32: =D31+1 -> 46193 | E32: 六 | F32: =SUM(M32,S32,U32,W32,AC32,AE32,AG32,AI32,AK32) -> 0 | J32: =I32/F32 -> #DIV/0! | L32: =K32/F32 -> #DIV/0! | M32: =SUM(I32+K32) -> 0 | N32: =M32/F32 -> #DIV/0! | P32: =O32/F32 -> #DIV/0! | R32: =Q32/F32 -> #DIV/0! | S32: =SUM(O32+Q32) -> 0 | T32: =S32/F32 -> #DIV/0! | V32: =U32/F32 -> #DIV/0! | X32: =W32/F32 -> #DIV/0! | Z32: =Y32/F32 -> #DIV/0! | AB32: =AA32/F32 -> #DIV/0! | AC32: =SUM(Y32+AA32) -> 0 | AD32: =AC32/F32 -> #DIV/0! | AF32: =AE32/F32 -> #DIV/0! | AH32: =AG32/F32 -> #DIV/0! | AJ32: =AI32/F32 -> #DIV/0! | AL32: =AK32/F32 -> #DIV/0!
D33: =D32+1 -> 46194 | E33: 日 | F33: =SUM(M33,S33,U33,W33,AC33,AE33,AG33,AI33,AK33) -> 0 | J33: =I33/F33 -> #DIV/0! | L33: =K33/F33 -> #DIV/0! | M33: =SUM(I33+K33) -> 0 | N33: =M33/F33 -> #DIV/0! | P33: =O33/F33 -> #DIV/0! | R33: =Q33/F33 -> #DIV/0! | S33: =SUM(O33+Q33) -> 0 | T33: =S33/F33 -> #DIV/0! | V33: =U33/F33 -> #DIV/0! | X33: =W33/F33 -> #DIV/0! | Z33: =Y33/F33 -> #DIV/0! | AB33: =AA33/F33 -> #DIV/0! | AC33: =SUM(Y33+AA33) -> 0 | AD33: =AC33/F33 -> #DIV/0! | AF33: =AE33/F33 -> #DIV/0! | AH33: =AG33/F33 -> #DIV/0! | AJ33: =AI33/F33 -> #DIV/0! | AL33: =AK33/F33 -> #DIV/0!
D34: =D33+1 -> 46195 | E34: 一 | F34: =SUM(M34,S34,U34,W34,AC34,AE34,AG34,AI34,AK34) -> 0 | J34: =I34/F34 -> #DIV/0! | L34: =K34/F34 -> #DIV/0! | M34: =SUM(I34+K34) -> 0 | N34: =M34/F34 -> #DIV/0! | P34: =O34/F34 -> #DIV/0! | R34: =Q34/F34 -> #DIV/0! | S34: =SUM(O34+Q34) -> 0 | T34: =S34/F34 -> #DIV/0! | V34: =U34/F34 -> #DIV/0! | X34: =W34/F34 -> #DIV/0! | Z34: =Y34/F34 -> #DIV/0! | AB34: =AA34/F34 -> #DIV/0! | AC34: =SUM(Y34+AA34) -> 0 | AD34: =AC34/F34 -> #DIV/0! | AF34: =AE34/F34 -> #DIV/0! | AH34: =AG34/F34 -> #DIV/0! | AJ34: =AI34/F34 -> #DIV/0! | AL34: =AK34/F34 -> #DIV/0!
D35: =D34+1 -> 46196 | E35: 二 | F35: =SUM(M35,S35,U35,W35,AC35,AE35,AG35,AI35,AK35) -> 0 | G35: =SUM(F35:F41) -> 0 | J35: =I35/F35 -> #DIV/0! | L35: =K35/F35 -> #DIV/0! | M35: =SUM(I35+K35) -> 0 | N35: =M35/F35 -> #DIV/0! | P35: =O35/F35 -> #DIV/0! | R35: =Q35/F35 -> #DIV/0! | S35: =SUM(O35+Q35) -> 0 | T35: =S35/F35 -> #DIV/0! | V35: =U35/F35 -> #DIV/0! | X35: =W35/F35 -> #DIV/0! | Z35: =Y35/F35 -> #DIV/0! | AB35: =AA35/F35 -> #DIV/0! | AC35: =SUM(Y35+AA35) -> 0 | AD35: =AC35/F35 -> #DIV/0! | AF35: =AE35/F35 -> #DIV/0! | AH35: =AG35/F35 -> #DIV/0! | AJ35: =AI35/F35 -> #DIV/0! | AL35: =AK35/F35 -> #DIV/0!
D36: =D35+1 -> 46197 | E36: 三 | F36: =SUM(M36,S36,U36,W36,AC36,AE36,AG36,AI36,AK36) -> 0 | J36: =I36/F36 -> #DIV/0! | L36: =K36/F36 -> #DIV/0! | M36: =SUM(I36+K36) -> 0 | N36: =M36/F36 -> #DIV/0! | P36: =O36/F36 -> #DIV/0! | R36: =Q36/F36 -> #DIV/0! | S36: =SUM(O36+Q36) -> 0 | T36: =S36/F36 -> #DIV/0! | V36: =U36/F36 -> #DIV/0! | X36: =W36/F36 -> #DIV/0! | Z36: =Y36/F36 -> #DIV/0! | AB36: =AA36/F36 -> #DIV/0! | AC36: =SUM(Y36+AA36) -> 0 | AD36: =AC36/F36 -> #DIV/0! | AF36: =AE36/F36 -> #DIV/0! | AH36: =AG36/F36 -> #DIV/0! | AJ36: =AI36/F36 -> #DIV/0! | AL36: =AK36/F36 -> #DIV/0!
D37: =D36+1 -> 46198 | E37: 四 | F37: =SUM(M37,S37,U37,W37,AC37,AE37,AG37,AI37,AK37) -> 0 | J37: =I37/F37 -> #DIV/0! | L37: =K37/F37 -> #DIV/0! | M37: =SUM(I37+K37) -> 0 | N37: =M37/F37 -> #DIV/0! | P37: =O37/F37 -> #DIV/0! | R37: =Q37/F37 -> #DIV/0! | S37: =SUM(O37+Q37) -> 0 | T37: =S37/F37 -> #DIV/0! | V37: =U37/F37 -> #DIV/0! | X37: =W37/F37 -> #DIV/0! | Z37: =Y37/F37 -> #DIV/0! | AB37: =AA37/F37 -> #DIV/0! | AC37: =SUM(Y37+AA37) -> 0 | AD37: =AC37/F37 -> #DIV/0! | AF37: =AE37/F37 -> #DIV/0! | AH37: =AG37/F37 -> #DIV/0! | AJ37: =AI37/F37 -> #DIV/0! | AL37: =AK37/F37 -> #DIV/0!
D38: =D37+1 -> 46199 | E38: 五 | F38: =SUM(M38,S38,U38,W38,AC38,AE38,AG38,AI38,AK38) -> 0 | J38: =I38/F38 -> #DIV/0! | L38: =K38/F38 -> #DIV/0! | M38: =SUM(I38+K38) -> 0 | N38: =M38/F38 -> #DIV/0! | P38: =O38/F38 -> #DIV/0! | R38: =Q38/F38 -> #DIV/0! | S38: =SUM(O38+Q38) -> 0 | T38: =S38/F38 -> #DIV/0! | V38: =U38/F38 -> #DIV/0! | X38: =W38/F38 -> #DIV/0! | Z38: =Y38/F38 -> #DIV/0! | AB38: =AA38/F38 -> #DIV/0! | AC38: =SUM(Y38+AA38) -> 0 | AD38: =AC38/F38 -> #DIV/0! | AF38: =AE38/F38 -> #DIV/0! | AH38: =AG38/F38 -> #DIV/0! | AJ38: =AI38/F38 -> #DIV/0! | AL38: =AK38/F38 -> #DIV/0!
D39: =D38+1 -> 46200 | E39: 六 | F39: =SUM(M39,S39,U39,W39,AC39,AE39,AG39,AI39,AK39) -> 0 | J39: =I39/F39 -> #DIV/0! | L39: =K39/F39 -> #DIV/0! | M39: =SUM(I39+K39) -> 0 | N39: =M39/F39 -> #DIV/0! | P39: =O39/F39 -> #DIV/0! | R39: =Q39/F39 -> #DIV/0! | S39: =SUM(O39+Q39) -> 0 | T39: =S39/F39 -> #DIV/0! | V39: =U39/F39 -> #DIV/0! | X39: =W39/F39 -> #DIV/0! | Z39: =Y39/F39 -> #DIV/0! | AB39: =AA39/F39 -> #DIV/0! | AC39: =SUM(Y39+AA39) -> 0 | AD39: =AC39/F39 -> #DIV/0! | AF39: =AE39/F39 -> #DIV/0! | AH39: =AG39/F39 -> #DIV/0! | AJ39: =AI39/F39 -> #DIV/0! | AL39: =AK39/F39 -> #DIV/0!
D40: =D39+1 -> 46201 | E40: 日 | F40: =SUM(M40,S40,U40,W40,AC40,AE40,AG40,AI40,AK40) -> 0 | J40: =I40/F40 -> #DIV/0! | L40: =K40/F40 -> #DIV/0! | M40: =SUM(I40+K40) -> 0 | N40: =M40/F40 -> #DIV/0! | P40: =O40/F40 -> #DIV/0! | R40: =Q40/F40 -> #DIV/0! | S40: =SUM(O40+Q40) -> 0 | T40: =S40/F40 -> #DIV/0! | V40: =U40/F40 -> #DIV/0! | X40: =W40/F40 -> #DIV/0! | Z40: =Y40/F40 -> #DIV/0! | AB40: =AA40/F40 -> #DIV/0! | AC40: =SUM(Y40+AA40) -> 0 | AD40: =AC40/F40 -> #DIV/0! | AF40: =AE40/F40 -> #DIV/0! | AH40: =AG40/F40 -> #DIV/0! | AJ40: =AI40/F40 -> #DIV/0! | AL40: =AK40/F40 -> #DIV/0!
D41: =D40+1 -> 46202 | E41: 一 | F41: =SUM(M41,S41,U41,W41,AC41,AE41,AG41,AI41,AK41) -> 0 | J41: =I41/F41 -> #DIV/0! | L41: =K41/F41 -> #DIV/0! | M41: =SUM(I41+K41) -> 0 | N41: =M41/F41 -> #DIV/0! | P41: =O41/F41 -> #DIV/0! | R41: =Q41/F41 -> #DIV/0! | S41: =SUM(O41+Q41) -> 0 | T41: =S41/F41 -> #DIV/0! | V41: =U41/F41 -> #DIV/0! | X41: =W41/F41 -> #DIV/0! | Z41: =Y41/F41 -> #DIV/0! | AB41: =AA41/F41 -> #DIV/0! | AC41: =SUM(Y41+AA41) -> 0 | AD41: =AC41/F41 -> #DIV/0! | AF41: =AE41/F41 -> #DIV/0! | AH41: =AG41/F41 -> #DIV/0! | AJ41: =AI41/F41 -> #DIV/0! | AL41: =AK41/F41 -> #DIV/0!
D42: =D41+1 -> 46203 | E42: 二 | F42: =SUM(M42,S42,U42,W42,AC42,AE42,AG42,AI42,AK42) -> 0 | J42: =I42/F42 -> #DIV/0! | L42: =K42/F42 -> #DIV/0! | M42: =SUM(I42+K42) -> 0 | N42: =M42/F42 -> #DIV/0! | P42: =O42/F42 -> #DIV/0! | R42: =Q42/F42 -> #DIV/0! | S42: =SUM(O42+Q42) -> 0 | T42: =S42/F42 -> #DIV/0! | V42: =U42/F42 -> #DIV/0! | X42: =W42/F42 -> #DIV/0! | Z42: =Y42/F42 -> #DIV/0! | AB42: =AA42/F42 -> #DIV/0! | AC42: =SUM(Y42+AA42) -> 0 | AD42: =AC42/F42 -> #DIV/0! | AF42: =AE42/F42 -> #DIV/0! | AH42: =AG42/F42 -> #DIV/0! | AJ42: =AI42/F42 -> #DIV/0! | AL42: =AK42/F42 -> #DIV/0!
D43: =D42+1 -> 46204 | E43: 三 | F43: =SUM(M43,S43,U43,W43,AC43,AE43,AG43,AI43,AK43) -> 0 | J43: =I43/F43 -> #DIV/0! | L43: =K43/F43 -> #DIV/0! | M43: =SUM(I43+K43) -> 0 | N43: =M43/F43 -> #DIV/0! | P43: =O43/F43 -> #DIV/0! | R43: =Q43/F43 -> #DIV/0! | S43: =SUM(O43+Q43) -> 0 | T43: =S43/F43 -> #DIV/0! | V43: =U43/F43 -> #DIV/0! | X43: =W43/F43 -> #DIV/0! | Z43: =Y43/F43 -> #DIV/0! | AB43: =AA43/F43 -> #DIV/0! | AC43: =SUM(Y43+AA43) -> 0 | AD43: =AC43/F43 -> #DIV/0! | AF43: =AE43/F43 -> #DIV/0! | AH43: =AG43/F43 -> #DIV/0! | AJ43: =AI43/F43 -> #DIV/0! | AL43: =AK43/F43 -> #DIV/0!
D44: =D43+1 -> 46205 | E44: 四 | F44: =SUM(M44,S44,U44,W44,AC44,AE44,AG44,AI44,AK44) -> 0 | J44: =I44/F44 -> #DIV/0! | L44: =K44/F44 -> #DIV/0! | M44: =SUM(I44+K44) -> 0 | N44: =M44/F44 -> #DIV/0! | P44: =O44/F44 -> #DIV/0! | R44: =Q44/F44 -> #DIV/0! | S44: =SUM(O44+Q44) -> 0 | T44: =S44/F44 -> #DIV/0! | V44: =U44/F44 -> #DIV/0! | X44: =W44/F44 -> #DIV/0! | Z44: =Y44/F44 -> #DIV/0! | AB44: =AA44/F44 -> #DIV/0! | AC44: =SUM(Y44+AA44) -> 0 | AD44: =AC44/F44 -> #DIV/0! | AF44: =AE44/F44 -> #DIV/0! | AH44: =AG44/F44 -> #DIV/0! | AJ44: =AI44/F44 -> #DIV/0! | AL44: =AK44/F44 -> #DIV/0!
D45: =D44+1 -> 46206 | E45: 五 | F45: =SUM(M45,S45,U45,W45,AC45,AE45,AG45,AI45,AK45) -> 0 | J45: =I45/F45 -> #DIV/0! | L45: =K45/F45 -> #DIV/0! | M45: =SUM(I45+K45) -> 0 | N45: =M45/F45 -> #DIV/0! | P45: =O45/F45 -> #DIV/0! | R45: =Q45/F45 -> #DIV/0! | S45: =SUM(O45+Q45) -> 0 | T45: =S45/F45 -> #DIV/0! | V45: =U45/F45 -> #DIV/0! | X45: =W45/F45 -> #DIV/0! | Z45: =Y45/F45 -> #DIV/0! | AB45: =AA45/F45 -> #DIV/0! | AC45: =SUM(Y45+AA45) -> 0 | AD45: =AC45/F45 -> #DIV/0! | AF45: =AE45/F45 -> #DIV/0! | AH45: =AG45/F45 -> #DIV/0! | AJ45: =AI45/F45 -> #DIV/0! | AL45: =AK45/F45 -> #DIV/0!
D46: =D45+1 -> 46207 | E46: 六 | F46: =SUM(M46,S46,U46,W46,AC46,AE46,AG46,AI46,AK46) -> 0 | J46: =I46/F46 -> #DIV/0! | L46: =K46/F46 -> #DIV/0! | M46: =SUM(I46+K46) -> 0 | N46: =M46/F46 -> #DIV/0! | P46: =O46/F46 -> #DIV/0! | R46: =Q46/F46 -> #DIV/0! | S46: =SUM(O46+Q46) -> 0 | T46: =S46/F46 -> #DIV/0! | V46: =U46/F46 -> #DIV/0! | X46: =W46/F46 -> #DIV/0! | Z46: =Y46/F46 -> #DIV/0! | AB46: =AA46/F46 -> #DIV/0! | AC46: =SUM(Y46+AA46) -> 0 | AD46: =AC46/F46 -> #DIV/0! | AF46: =AE46/F46 -> #DIV/0! | AH46: =AG46/F46 -> #DIV/0! | AJ46: =AI46/F46 -> #DIV/0! | AL46: =AK46/F46 -> #DIV/0!
D47: =D46+1 -> 46208 | E47: 日 | F47: =SUM(M47,S47,U47,W47,AC47,AE47,AG47,AI47,AK47) -> 0 | J47: =I47/F47 -> #DIV/0! | L47: =K47/F47 -> #DIV/0! | M47: =SUM(I47+K47) -> 0 | N47: =M47/F47 -> #DIV/0! | P47: =O47/F47 -> #DIV/0! | R47: =Q47/F47 -> #DIV/0! | S47: =SUM(O47+Q47) -> 0 | T47: =S47/F47 -> #DIV/0! | V47: =U47/F47 -> #DIV/0! | X47: =W47/F47 -> #DIV/0! | Z47: =Y47/F47 -> #DIV/0! | AB47: =AA47/F47 -> #DIV/0! | AC47: =SUM(Y47+AA47) -> 0 | AD47: =AC47/F47 -> #DIV/0! | AF47: =AE47/F47 -> #DIV/0! | AH47: =AG47/F47 -> #DIV/0! | AJ47: =AI47/F47 -> #DIV/0! | AL47: =AK47/F47 -> #DIV/0!
D48: =D47+1 -> 46209 | E48: 一 | F48: =SUM(M48,S48,U48,W48,AC48,AE48,AG48,AI48,AK48) -> 0 | J48: =I48/F48 -> #DIV/0! | L48: =K48/F48 -> #DIV/0! | M48: =SUM(I48+K48) -> 0 | N48: =M48/F48 -> #DIV/0! | P48: =O48/F48 -> #DIV/0! | R48: =Q48/F48 -> #DIV/0! | S48: =SUM(O48+Q48) -> 0 | T48: =S48/F48 -> #DIV/0! | V48: =U48/F48 -> #DIV/0! | X48: =W48/F48 -> #DIV/0! | Z48: =Y48/F48 -> #DIV/0! | AB48: =AA48/F48 -> #DIV/0! | AC48: =SUM(Y48+AA48) -> 0 | AD48: =AC48/F48 -> #DIV/0! | AF48: =AE48/F48 -> #DIV/0! | AH48: =AG48/F48 -> #DIV/0! | AJ48: =AI48/F48 -> #DIV/0! | AL48: =AK48/F48 -> #DIV/0!
J49: =I49/F49 -> #DIV/0! | L49: =K49/F49 -> #DIV/0! | M49: =SUM(I49+K49) -> 0 | N49: =M49/F49 -> #DIV/0! | P49: =O49/F49 -> #DIV/0! | R49: =Q49/F49 -> #DIV/0! | S49: =SUM(O49+Q49) -> 0 | T49: =S49/F49 -> #DIV/0! | V49: =U49/F49 -> #DIV/0! | X49: =W49/F49 -> #DIV/0! | Z49: =Y49/F49 -> #DIV/0! | AB49: =AA49/F49 -> #DIV/0! | AC49: =SUM(Y49+AA49) -> 0 | AD49: =AC49/F49 -> #DIV/0! | AF49: =AE49/F49 -> #DIV/0! | AH49: =AG49/F49 -> #DIV/0! | AJ49: =AI49/F49 -> #DIV/0! | AL49: =AK49/F49 -> #DIV/0!
I50: =SUM(I7:I44) -> 771088 | J50: =I50/$H$12 -> 0.18335563 | K50: =SUM(K7:K44) -> 922328 | L50: =K50/$H$12 -> 0.21931872 | M50: =SUM(M7:M44) -> 1693416 | N50: =M50/$H$12 -> 0.40267436 | O50: =SUM(O7:O44) -> 108663 | P50: =O50/$H$12 -> 0.02583878 | Q50: =SUM(Q7:Q44) -> 0 | R50: =Q50/$H$12 -> 0 | S50: =SUM(S7:S44) -> 108663 | T50: =S50/$H$12 -> 0.02583878 | U50: =SUM(U7:U44) -> 656719 | V50: =U50/$H$12 -> 0.15616003 | W50: =SUM(W7:W44) -> 38407 | X50: =W50/$H$12 -> 0.0091327317 | Y50: =SUM(Y7:Y44) -> 521795 | Z50: =Y50/$H$12 -> 0.1240767 | AA50: =SUM(AA7:AA44) -> 450521 | AB50: =AA50/$H$12 -> 0.10712858 | AC50: =SUM(AC7:AC44) -> 972316 | AD50: =AC50/$H$12 -> 0.23120528 | AE50: =SUM(AE7:AE44) -> 516380 | AF50: =AE50/$H$12 -> 0.12278907 | AG50: =SUM(AG7:AG44) -> 443539 | AH50: =AG50/$H$12 -> 0.10546834 | AI50: =SUM(AI7:AI44) -> 857175 | AJ50: =AI50/$H$12 -> 0.20382611 | AK50: =SUM(AK7:AK44) -> 598238 | AL50: =AK50/$H$12 -> 0.14225394
M51: =M50 -> 1693416 | S51: =S50 -> 108663 | U51: =U50 -> 656719 | W51: =W50 -> 38407 | AC51: =AC50 -> 972316 | AE51: =AE50 -> 516380 | AG51: =AG50 -> 443539 | AI51: =AI50 -> 857175 | AK51: =AK50 -> 598238

Sheet （５-1）品群別人時生產性（18℃-飯糰）
B1: 月平均人時性 | C1: =AVERAGE(L7,L42,L77,L112,L147,L182) -> 839.68042
B2: 產線配置圖－每週更新 | N2: 資料繳交 | O2: 日期 | P2: 46168 | U2: =P2+1 -> 46169 | Z2: =U2+1 -> 46170 | AE2: =Z2+1 -> 46171 | AJ2: =AE2+1 -> 46172 | AO2: =AJ2+1 -> 46173 | AT2: =AO2+1 -> 46174
P3: 二 | U3: 三 | Z3: 四 | AE3: 五 | AJ3: 六 | AO3: 日 | AT3: 一
B4: 品群 | C4: 商品名稱 | E4: 計畫 | H4: 平均人時性 | I4: 實績 | L4: 平均人時性 | M4: 排名 | O4: 日報 | P4: 實際 | T4: 平均人時性 | U4: 實際 | Y4: 平均人時性 | Z4: 實際 | AD4: 平均人時性 | AE4: 實際 | AI4: 平均人時性 | AJ4: 實際 | AN4: 平均人時性 | AO4: 實際 | AS4: 平均人時性 | AT4: 實際 | AX4: 平均人時性 | BA4: 平均人時性
E5: 產線配置圖 | I5: 產線配置圖 | P5: 生產實績 | U5: 生產實績 | Z5: 生產實績 | AE5: 生產實績 | AJ5: 生產實績 | AO5: 生產實績 | AT5: 生產實績
E6: 人數 | F6: 產能／時 | G6: 人時性 | I6: 人數 | J6: 產能／時 | K6: 人時性 | P6: 人數 | Q6: 產能／時 | R6: 人時性 | S6: 排名 | U6: 人數 | V6: 產能／時 | W6: 人時性 | X6: 排名 | Z6: 人數 | AA6: 產能／時 | AB6: 人時性 | AC6: 排名 | AE6: 人數 | AF6: 產能／時 | AG6: 人時性 | AH6: 排名 | AJ6: 人數 | AK6: 產能／時 | AL6: 人時性 | AM6: 排名 | AO6: 人數 | AP6: 產能／時 | AQ6: 人時性 | AR6: 排名 | AT6: 人數 | AU6: 產能／時 | AV6: 人時性 | AW6: 排名 | AZ6: 排名
B7: 18℃-飯糰 | C7: 1 | D7: 經典肉鬆飯糰 | E7: 3 | F7: 3200 | G7: 1066.6667 | H7: =AVERAGE(G7:G36) -> 825.16667 | I7: =IFERROR(AVERAGE(P7,U7,Z7,AE7,AJ7,AO7,AT7),"-") -> 3 | J7: =IFERROR(AVERAGE(Q7,V7,AA7,AF7,AK7,AP7,AU7),"-") -> 3215.5941 | K7: =IFERROR(AVERAGE(R7,W7,AB7,AG7,AL7,AQ7,AV7),"-") -> 1071.8647 | L7: =IFERROR(AVERAGE(K7:K36),"-") -> 839.83389 | M7: =RANK(K7, K$7:$K$36) -> 1 | P7: 3 | Q7: 3302.1818 | R7: 1100.7273 | S7: =RANK(R7, R$7:R$36) -> 1 | T7: =AVERAGE(R7:R36) -> 838.00415 | U7: 3 | V7: 3192.6316 | W7: 1064.2105 | X7: =RANK(W7, W$7:W$36) -> 4 | Y7: =AVERAGE(W7:W36) -> 834.66346 | Z7: 3 | AA7: 3162.2222 | AB7: 1054.0741 | AC7: =RANK(AB7, AB$7:AB$36) -> 4 | AD7: =AVERAGE(AB7:AB36) -> 835.67014 | AE7: 3 | AF7: 3237.5 | AG7: 1079.1667 | AH7: =RANK(AG7, AG$7:AG$36) -> 3 | AI7: =AVERAGE(AG7:AG36) -> 844.71752 | AJ7: 3 | AK7: 3240 | AL7: 1080 | AM7: =RANK(AL7, AL$7:AL$36) -> 6 | AN7: =AVERAGE(AL7:AL36) -> 863.23509 | AO7: 3 | AP7: 3171.8644 | AQ7: 1057.2881 | AR7: =RANK(AQ7, AQ$7:AQ$36) -> 5 | AS7: =AVERAGE(AQ7:AQ36) -> 835.94203 | AT7: 3 | AU7: 3202.7586 | AV7: 1067.5862 | AW7: =RANK(AV7, AV$7:AV$36) -> 2 | AX7: =AVERAGE(AV7:AV36) -> 838.76463 | AZ7: =RANK(AY7, AY$7:AY$36) -> #N/A | BA7: =AVERAGE(AY7:AY36) -> #DIV/0!
C8: 2 | D8: 蔬食鮪魚飯糰 | E8: 3 | F8: 3200 | G8: 1066.6667 | I8: =IFERROR(AVERAGE(P8,U8,Z8,AE8,AJ8,AO8,AT8),"-") -> 3 | J8: =IFERROR(AVERAGE(Q8,V8,AA8,AF8,AK8,AP8,AU8),"-") -> 3170.7449 | K8: =IFERROR(AVERAGE(R8,W8,AB8,AG8,AL8,AQ8,AV8),"-") -> 1056.915 | M8: =RANK(K8, K$7:$K$36) -> 6 | P8: 3 | Q8: 3129 | R8: 1043 | S8: =RANK(R8, R$7:R$36) -> 7 | U8: 3 | V8: 3195 | W8: 1065 | X8: =RANK(W8, W$7:W$36) -> 3 | Z8: 3 | AA8: 3084 | AB8: 1028 | AC8: =RANK(AB8, AB$7:AB$36) -> 9 | AE8: 3 | AF8: 3180 | AG8: 1060 | AH8: =RANK(AG8, AG$7:AG$36) -> 8 | AJ8: 3 | AK8: 3292.5 | AL8: 1097.5 | AM8: =RANK(AL8, AL$7:AL$36) -> 2 | AO8: 3 | AP8: 3125.7143 | AQ8: 1041.9048 | AR8: =RANK(AQ8, AQ$7:AQ$36) -> 8 | AT8: 3 | AU8: 3189 | AV8: 1063 | AW8: =RANK(AV8, AV$7:AV$36) -> 3 | AZ8: =RANK(AY8, AY$7:AY$36) -> #N/A
C9: 3 | D9: 北海道秋鮭親子飯糰 | E9: 4 | F9: 3200 | G9: 800 | I9: =IFERROR(AVERAGE(P9,U9,Z9,AE9,AJ9,AO9,AT9),"-") -> 4 | J9: =IFERROR(AVERAGE(Q9,V9,AA9,AF9,AK9,AP9,AU9),"-") -> 3130.407 | K9: =IFERROR(AVERAGE(R9,W9,AB9,AG9,AL9,AQ9,AV9),"-") -> 782.60174 | M9: =RANK(K9, K$7:$K$36) -> 17 | P9: 4 | Q9: 3105.7143 | R9: 776.42857 | S9: =RANK(R9, R$7:R$36) -> 16 | U9: 4 | V9: 3051.4286 | W9: 762.85714 | X9: =RANK(W9, W$7:W$36) -> 17 | Z9: 4 | AA9: 3105 | AB9: 776.25 | AC9: =RANK(AB9, AB$7:AB$36) -> 16 | AE9: 4 | AF9: 3144.7059 | AG9: 786.17647 | AH9: =RANK(AG9, AG$7:AG$36) -> 16 | AJ9: 4 | AK9: 3356 | AL9: 839 | AM9: =RANK(AL9, AL$7:AL$36) -> 15 | AO9: 4 | AP9: 3081 | AQ9: 770.25 | AR9: =RANK(AQ9, AQ$7:AQ$36) -> 16 | AT9: 4 | AU9: 3069 | AV9: 767.25 | AW9: =RANK(AV9, AV$7:AV$36) -> 17 | AZ9: =RANK(AY9, AY$7:AY$36) -> #N/A
C10: 4 | D10: 鮪魚飯糰 | E10: 3 | F10: 3200 | G10: 1066.6667 | I10: =IFERROR(AVERAGE(P10,U10,Z10,AE10,AJ10,AO10,AT10),"-") -> 3 | J10: =IFERROR(AVERAGE(Q10,V10,AA10,AF10,AK10,AP10,AU10),"-") -> 3196.7816 | K10: =IFERROR(AVERAGE(R10,W10,AB10,AG10,AL10,AQ10,AV10),"-") -> 1065.5939 | M10: =RANK(K10, K$7:$K$36) -> 2 | P10: 3 | Q10: 3197.5281 | R10: 1065.8427 | S10: =RANK(R10, R$7:R$36) -> 3 | U10: 3 | V10: 3188.764 | W10: 1062.9213 | X10: =RANK(W10, W$7:W$36) -> 5 | Z10: 3 | AA10: 3177.2414 | AB10: 1059.0805 | AC10: =RANK(AB10, AB$7:AB$36) -> 1 | AE10: 3 | AF10: 3223.5616 | AG10: 1074.5205 | AH10: =RANK(AG10, AG$7:AG$36) -> 4 | AJ10: 3 | AK10: 3211.6667 | AL10: 1070.5556 | AM10: =RANK(AL10, AL$7:AL$36) -> 8 | AO10: 3 | AP10: 3194.8387 | AQ10: 1064.9462 | AR10: =RANK(AQ10, AQ$7:AQ$36) -> 2 | AT10: 3 | AU10: 3183.871 | AV10: 1061.2903 | AW10: =RANK(AV10, AV$7:AV$36) -> 5 | AZ10: =RANK(AY10, AY$7:AY$36) -> #N/A
C11: 5 | D11: 贅沢鮭魚肚飯糰 | E11: 4 | F11: 3200 | G11: 800 | I11: =IFERROR(AVERAGE(P11,U11,Z11,AE11,AJ11,AO11,AT11),"-") -> 4 | J11: =IFERROR(AVERAGE(Q11,V11,AA11,AF11,AK11,AP11,AU11),"-") -> 3210.3508 | K11: =IFERROR(AVERAGE(R11,W11,AB11,AG11,AL11,AQ11,AV11),"-") -> 802.58769 | M11: =RANK(K11, K$7:$K$36) -> 13 | P11: 4 | Q11: 3175.8621 | R11: 793.96552 | S11: =RANK(R11, R$7:R$36) -> 15 | U11: 4 | V11: 3199.2857 | W11: 799.82143 | X11: =RANK(W11, W$7:W$36) -> 13 | Z11: 4 | AA11: 3195.5556 | AB11: 798.88889 | AC11: =RANK(AB11, AB$7:AB$36) -> 13 | AE11: 4 | AF11: 3326.087 | AG11: 831.52174 | AH11: =RANK(AG11, AG$7:AG$36) -> 13 | AJ11: 4 | AK11: 3354.2857 | AL11: 838.57143 | AM11: =RANK(AL11, AL$7:AL$36) -> 16 | AO11: 4 | AP11: 3120 | AQ11: 780 | AR11: =RANK(AQ11, AQ$7:AQ$36) -> 15 | AT11: 4 | AU11: 3101.3793 | AV11: 775.34483 | AW11: =RANK(AV11, AV$7:AV$36) -> 16 | AZ11: =RANK(AY11, AY$7:AY$36) -> #N/A
C12: 6 | D12: 熟成紅鮭飯糰 | E12: 4 | F12: 3200 | G12: 800 | I12: =IFERROR(AVERAGE(P12,U12,Z12,AE12,AJ12,AO12,AT12),"-") -> 4 | J12: =IFERROR(AVERAGE(Q12,V12,AA12,AF12,AK12,AP12,AU12),"-") -> 3150.3132 | K12: =IFERROR(AVERAGE(R12,W12,AB12,AG12,AL12,AQ12,AV12),"-") -> 787.5783 | M12: =RANK(K12, K$7:$K$36) -> 15 | P12: 4 | Q12: 3187.5 | R12: 796.875 | S12: =RANK(R12, R$7:R$36) -> 14 | U12: 4 | V12: 3105 | W12: 776.25 | X12: =RANK(W12, W$7:W$36) -> 15 | Z12: 4 | AA12: 3064 | AB12: 766 | AC12: =RANK(AB12, AB$7:AB$36) -> 17 | AE12: 4 | AF12: 3027.6923 | AG12: 756.92308 | AH12: =RANK(AG12, AG$7:AG$36) -> 19 | AJ12: 4 | AK12: 3360 | AL12: 840 | AM12: =RANK(AL12, AL$7:AL$36) -> 14 | AO12: 4 | AP12: 3156 | AQ12: 789 | AR12: =RANK(AQ12, AQ$7:AQ$36) -> 14 | AT12: 4 | AU12: 3152 | AV12: 788 | AW12: =RANK(AV12, AV$7:AV$36) -> 14 | AZ12: =RANK(AY12, AY$7:AY$36) -> #N/A
C13: 7 | D13: 壹號醬炙烤牛飯糰 | E13: 4 | F13: 2800 | G13: 700 | I13: =IFERROR(AVERAGE(P13,U13,Z13,AE13,AJ13,AO13,AT13),"-") -> 4 | J13: =IFERROR(AVERAGE(Q13,V13,AA13,AF13,AK13,AP13,AU13),"-") -> 3145.6327 | K13: =IFERROR(AVERAGE(R13,W13,AB13,AG13,AL13,AQ13,AV13),"-") -> 786.40816 | M13: =RANK(K13, K$7:$K$36) -> 16 | P13: 4 | Q13: 3092 | R13: 773 | S13: =RANK(R13, R$7:R$36) -> 17 | U13: 4 | V13: 3068 | W13: 767 | X13: =RANK(W13, W$7:W$36) -> 16 | Z13: 4 | AA13: 2992 | AB13: 748 | AC13: =RANK(AB13, AB$7:AB$36) -> 19 | AE13: 4 | AF13: 3160 | AG13: 790 | AH13: =RANK(AG13, AG$7:AG$36) -> 15 | AJ13: 4 | AK13: 3486 | AL13: 871.5 | AM13: =RANK(AL13, AL$7:AL$36) -> 13 | AO13: 4 | AP13: 3080 | AQ13: 770 | AR13: =RANK(AQ13, AQ$7:AQ$36) -> 17 | AT13: 4 | AU13: 3141.4286 | AV13: 785.35714 | AW13: =RANK(AV13, AV$7:AV$36) -> 15 | AZ13: =RANK(AY13, AY$7:AY$36) -> #N/A
C14: 8 | D14: 明太子龍蝦風味沙拉飯糰 | E14: 3 | F14: 3200 | G14: 1066.6667 | I14: =IFERROR(AVERAGE(P14,U14,Z14,AE14,AJ14,AO14,AT14),"-") -> 3 | J14: =IFERROR(AVERAGE(Q14,V14,AA14,AF14,AK14,AP14,AU14),"-") -> 3158.0229 | K14: =IFERROR(AVERAGE(R14,W14,AB14,AG14,AL14,AQ14,AV14),"-") -> 1052.6743 | M14: =RANK(K14, K$7:$K$36) -> 9 | P14: 3 | Q14: 3106.4516 | R14: 1035.4839 | S14: =RANK(R14, R$7:R$36) -> 9 | U14: 3 | V14: 3108.75 | W14: 1036.25 | X14: =RANK(W14, W$7:W$36) -> 10 | Z14: 3 | AA14: 3160 | AB14: 1053.3333 | AC14: =RANK(AB14, AB$7:AB$36) -> 5 | AE14: 3 | AF14: 3095.5556 | AG14: 1031.8519 | AH14: =RANK(AG14, AG$7:AG$36) -> 9 | AJ14: 3 | AK14: 3302.5 | AL14: 1100.8333 | AM14: =RANK(AL14, AL$7:AL$36) -> 1 | AO14: 3 | AP14: 3178.0645 | AQ14: 1059.3548 | AR14: =RANK(AQ14, AQ$7:AQ$36) -> 3 | AT14: 3 | AU14: 3154.8387 | AV14: 1051.6129 | AW14: =RANK(AV14, AV$7:AV$36) -> 7 | AZ14: =RANK(AY14, AY$7:AY$36) -> #N/A
C15: 9 | D15: 鹽蔥燒肉飯糰 | E15: 3 | F15: 2800 | G15: 933.33333 | I15: =IFERROR(AVERAGE(P15,U15,Z15,AE15,AJ15,AO15,AT15),"-") -> 3 | J15: =IFERROR(AVERAGE(Q15,V15,AA15,AF15,AK15,AP15,AU15),"-") -> 3170.4499 | K15: =IFERROR(AVERAGE(R15,W15,AB15,AG15,AL15,AQ15,AV15),"-") -> 1056.8166 | M15: =RANK(K15, K$7:$K$36) -> 7 | P15: 3 | Q15: 3155.2941 | R15: 1051.7647 | S15: =RANK(R15, R$7:R$36) -> 6 | U15: 3 | V15: 3161.8182 | W15: 1053.9394 | X15: =RANK(W15, W$7:W$36) -> 7 | Z15: 3 | AA15: 3155.625 | AB15: 1051.875 | AC15: =RANK(AB15, AB$7:AB$36) -> 6 | AE15: 3 | AF15: 3182.069 | AG15: 1060.6897 | AH15: =RANK(AG15, AG$7:AG$36) -> 7 | AJ15: 3 | AK15: 3248.2759 | AL15: 1082.7586 | AM15: =RANK(AL15, AL$7:AL$36) -> 5 | AO15: 3 | AP15: 3157.7143 | AQ15: 1052.5714 | AR15: =RANK(AQ15, AQ$7:AQ$36) -> 7 | AT15: 3 | AU15: 3132.3529 | AV15: 1044.1176 | AW15: =RANK(AV15, AV$7:AV$36) -> 9 | AZ15: =RANK(AY15, AY$7:AY$36) -> #N/A
C16: 10 | D16: 雞肉飯飯糰 | E16: 4 | F16: 2800 | G16: 700 | I16: =IFERROR(AVERAGE(P16,U16,Z16,AE16,AJ16,AO16,AT16),"-") -> 4 | J16: =IFERROR(AVERAGE(Q16,V16,AA16,AF16,AK16,AP16,AU16),"-") -> 3186.6554 | K16: =IFERROR(AVERAGE(R16,W16,AB16,AG16,AL16,AQ16,AV16),"-") -> 796.66385 | M16: =RANK(K16, K$7:$K$36) -> 14 | P16: 4 | Q16: 3202.7586 | R16: 800.68966 | S16: =RANK(R16, R$7:R$36) -> 13 | U16: 4 | V16: 3177 | W16: 794.25 | X16: =RANK(W16, W$7:W$36) -> 14 | Z16: 4 | AA16: 3161.7857 | AB16: 790.44643 | AC16: =RANK(AB16, AB$7:AB$36) -> 14 | AE16: 4 | AF16: 3235 | AG16: 808.75 | AH16: =RANK(AG16, AG$7:AG$36) -> 14 | AJ16: 4 | AK16: 3209.3878 | AL16: 802.34694 | AM16: =RANK(AL16, AL$7:AL$36) -> 17 | AO16: 4 | AP16: 3165.2459 | AQ16: 791.31148 | AR16: =RANK(AQ16, AQ$7:AQ$36) -> 13 | AT16: 4 | AU16: 3155.4098 | AV16: 788.85246 | AW16: =RANK(AV16, AV$7:AV$36) -> 13 | AZ16: =RANK(AY16, AY$7:AY$36) -> #N/A
C17: 11 | D17: 碳烤燒肉飯飯糰(區) | E17: 4 | F17: 2800 | G17: 700 | I17: =IFERROR(AVERAGE(P17,U17,Z17,AE17,AJ17,AO17,AT17),"-") -> 4 | J17: =IFERROR(AVERAGE(Q17,V17,AA17,AF17,AK17,AP17,AU17),"-") -> 2792.0611 | K17: =IFERROR(AVERAGE(R17,W17,AB17,AG17,AL17,AQ17,AV17),"-") -> 698.01526 | M17: =RANK(K17, K$7:$K$36) -> 22 | P17: 4 | Q17: 2820 | R17: 705 | S17: =RANK(R17, R$7:R$36) -> 22 | U17: 4 | V17: 2773.2353 | W17: 693.30882 | X17: =RANK(W17, W$7:W$36) -> 21 | Z17: 4 | AA17: 2793.6364 | AB17: 698.40909 | AC17: =RANK(AB17, AB$7:AB$36) -> 22 | AE17: 4 | AF17: 2762.069 | AG17: 690.51724 | AH17: =RANK(AG17, AG$7:AG$36) -> 22 | AJ17: 4 | AK17: 2828.4211 | AL17: 707.10526 | AM17: =RANK(AL17, AL$7:AL$36) -> 22 | AO17: 4 | AP17: 2788.7324 | AQ17: 697.1831 | AR17: =RANK(AQ17, AQ$7:AQ$36) -> 20 | AT17: 4 | AU17: 2778.3333 | AV17: 694.58333 | AW17: =RANK(AV17, AV$7:AV$36) -> 20 | AZ17: =RANK(AY17, AY$7:AY$36) -> #N/A
C18: 12 | D18: 二配芝麻香鬆飯糰 | E18: 4 | F18: 2800 | G18: 700 | I18: =IFERROR(AVERAGE(P18,U18,Z18,AE18,AJ18,AO18,AT18),"-") -> 4 | J18: =IFERROR(AVERAGE(Q18,V18,AA18,AF18,AK18,AP18,AU18),"-") -> 2823.5143 | K18: =IFERROR(AVERAGE(R18,W18,AB18,AG18,AL18,AQ18,AV18),"-") -> 705.87857 | M18: =RANK(K18, K$7:$K$36) -> 21 | P18: 4 | Q18: 2738.4 | R18: 684.6 | S18: =RANK(R18, R$7:R$36) -> 23 | U18: 4 | V18: 2594.4 | W18: 648.6 | X18: =RANK(W18, W$7:W$36) -> 23 | Z18: 4 | AA18: 3159 | AB18: 789.75 | AC18: =RANK(AB18, AB$7:AB$36) -> 15 | AE18: 4 | AF18: 2847 | AG18: 711.75 | AH18: =RANK(AG18, AG$7:AG$36) -> 21 | AJ18: 4 | AK18: 3165 | AL18: 791.25 | AM18: =RANK(AL18, AL$7:AL$36) -> 18 | AO18: 4 | AP18: 2630.4 | AQ18: 657.6 | AR18: =RANK(AQ18, AQ$7:AQ$36) -> 22 | AT18: 4 | AU18: 2630.4 | AV18: 657.6 | AW18: =RANK(AV18, AV$7:AV$36) -> 22 | AZ18: =RANK(AY18, AY$7:AY$36) -> #N/A
C19: 13 | D19: 二配三杯醬爆菇菇飯糰 | E19: 3 | F19: 2800 | G19: 933.33333 | I19: =IFERROR(AVERAGE(P19,U19,Z19,AE19,AJ19,AO19,AT19),"-") -> 3 | J19: =IFERROR(AVERAGE(Q19,V19,AA19,AF19,AK19,AP19,AU19),"-") -> 3009.8694 | K19: =IFERROR(AVERAGE(R19,W19,AB19,AG19,AL19,AQ19,AV19),"-") -> 1003.2898 | M19: =RANK(K19, K$7:$K$36) -> 10 | P19: 3 | Q19: 2834.4 | R19: 944.8 | S19: =RANK(R19, R$7:R$36) -> 12 | U19: 3 | V19: 3144 | W19: 1048 | X19: =RANK(W19, W$7:W$36) -> 8 | Z19: 3 | AA19: 3129.6 | AB19: 1043.2 | AC19: =RANK(AB19, AB$7:AB$36) -> 8 | AE19: 3 | AF19: 3285.6 | AG19: 1095.2 | AH19: =RANK(AG19, AG$7:AG$36) -> 2 | AJ19: 3 | AK19: 2866.2857 | AL19: 955.42857 | AM19: =RANK(AL19, AL$7:AL$36) -> 11 | AO19: 3 | AP19: 2953.2 | AQ19: 984.4 | AR19: =RANK(AQ19, AQ$7:AQ$36) -> 11 | AT19: 3 | AU19: 2856 | AV19: 952 | AW19: =RANK(AV19, AV$7:AV$36) -> 11 | AZ19: =RANK(AY19, AY$7:AY$36) -> #N/A
... C26: 20 | D26: 柚檸海灣貝飯糰 | E26: 4 | F26: 3200 | G26: 800 | I26: =IFERROR(AVERAGE(P26,U26,Z26,AE26,AJ26,AO26,AT26),"-") -> 4 | J26: =IFERROR(AVERAGE(Q26,V26,AA26,AF26,AK26,AP26,AU26),"-") -> 2971.0769 | K26: =IFERROR(AVERAGE(R26,W26,AB26,AG26,AL26,AQ26,AV26),"-") -> 742.76923 | M26: =RANK(K26, K$7:$K$36) -> 20 | P26: 4 | Q26: 2975.1724 | R26: 743.7931 | S26: =RANK(R26, R$7:R$36) -> 18 | U26: 4 | V26: 2904.8276 | W26: 726.2069 | X26: =RANK(W26, W$7:W$36) -> 20 | Z26: 4 | AA26: 2920 | AB26: 730 | AC26: =RANK(AB26, AB$7:AB$36) -> 21 | AE26: 4 | AF26: 3054 | AG26: 763.5 | AH26: =RANK(AG26, AG$7:AG$36) -> 18 | AJ26: 4 | AK26: 3072 | AL26: 768 | AM26: =RANK(AL26, AL$7:AL$36) -> 19 | AO26: 4 | AP26: 2920 | AQ26: 730 | AR26: =RANK(AQ26, AQ$7:AQ$36) -> 19 | AT26: 4 | AU26: 2951.5385 | AV26: 737.88462 | AW26: =RANK(AV26, AV$7:AV$36) -> 19 | AZ26: =RANK(AY26, AY$7:AY$36) -> #N/A
C27: 21 | D27: 鹽蔥生鮭飯糰 | E27: 4 | F27: 3200 | G27: 800 | I27: =IFERROR(AVERAGE(P27,U27,Z27,AE27,AJ27,AO27,AT27),"-") -> 4 | J27: =IFERROR(AVERAGE(Q27,V27,AA27,AF27,AK27,AP27,AU27),"-") -> 2978.5965 | K27: =IFERROR(AVERAGE(R27,W27,AB27,AG27,AL27,AQ27,AV27),"-") -> 744.64913 | M27: =RANK(K27, K$7:$K$36) -> 19 | P27: 4 | Q27: 2970.6667 | R27: 742.66667 | S27: =RANK(R27, R$7:R$36) -> 19 | U27: 4 | V27: 2968.6364 | W27: 742.15909 | X27: =RANK(W27, W$7:W$36) -> 18 | Z27: 4 | AA27: 2966.5116 | AB27: 741.62791 | AC27: =RANK(AB27, AB$7:AB$36) -> 20 | AE27: 4 | AF27: 3008.5714 | AG27: 752.14286 | AH27: =RANK(AG27, AG$7:AG$36) -> 20 | AM27: =RANK(AL27, AL$7:AL$36) -> #VALUE! | AR27: =RANK(AQ27, AQ$7:AQ$36) -> #VALUE! | AW27: =RANK(AV27, AV$7:AV$36) -> #VALUE! | AZ27: =RANK(AY27, AY$7:AY$36) -> #N/A
C28: 22 | D28: 山葵章魚飯糰 | E28: 3 | F28: 3200 | G28: 1066.6667 | I28: =IFERROR(AVERAGE(P28,U28,Z28,AE28,AJ28,AO28,AT28),"-") -> 3 | J28: =IFERROR(AVERAGE(Q28,V28,AA28,AF28,AK28,AP28,AU28),"-") -> 3179.6977 | K28: =IFERROR(AVERAGE(R28,W28,AB28,AG28,AL28,AQ28,AV28),"-") -> 1059.8992 | M28: =RANK(K28, K$7:$K$36) -> 5 | P28: 3 | Q28: 3128.5714 | R28: 1042.8571 | S28: =RANK(R28, R$7:R$36) -> 8 | U28: 3 | V28: 3186.6667 | W28: 1062.2222 | X28: =RANK(W28, W$7:W$36) -> 6 | Z28: 3 | AA28: 3136.1538 | AB28: 1045.3846 | AC28: =RANK(AB28, AB$7:AB$36) -> 7 | AE28: 3 | AF28: 3321 | AG28: 1107 | AH28: =RANK(AG28, AG$7:AG$36) -> 1 | AJ28: 3 | AK28: 3219 | AL28: 1073 | AM28: =RANK(AL28, AL$7:AL$36) -> 7 | AO28: 3 | AP28: 3117.6923 | AQ28: 1039.2308 | AR28: =RANK(AQ28, AQ$7:AQ$36) -> 9 | AT28: 3 | AU28: 3148.8 | AV28: 1049.6 | AW28: =RANK(AV28, AV$7:AV$36) -> 8 | AZ28: =RANK(AY28, AY$7:AY$36) -> #N/A
C29: 23 | D29: 黑胡椒洋蔥豬飯糰 | E29: 3 | F29: 3200 | G29: 1066.6667 | I29: =IFERROR(AVERAGE(P29,U29,Z29,AE29,AJ29,AO29,AT29),"-") -> 3 | J29: =IFERROR(AVERAGE(Q29,V29,AA29,AF29,AK29,AP29,AU29),"-") -> 3196.3525 | K29: =IFERROR(AVERAGE(R29,W29,AB29,AG29,AL29,AQ29,AV29),"-") -> 1065.4508 | M29: =RANK(K29, K$7:$K$36) -> 3 | P29: 3 | Q29: 3170.3226 | R29: 1056.7742 | S29: =RANK(R29, R$7:R$36) -> 4 | U29: 3 | V29: 3199.322 | W29: 1066.4407 | X29: =RANK(W29, W$7:W$36) -> 2 | Z29: 3 | AA29: 3172.3636 | AB29: 1057.4545 | AC29: =RANK(AB29, AB$7:AB$36) -> 2 | AE29: 3 | AF29: 3210.6667 | AG29: 1070.2222 | AH29: =RANK(AG29, AG$7:AG$36) -> 6 | AJ29: 3 | AK29: 3274.8837 | AL29: 1091.6279 | AM29: =RANK(AL29, AL$7:AL$36) -> 3 | AO29: 3 | AP29: 3166.9091 | AQ29: 1055.6364 | AR29: =RANK(AQ29, AQ$7:AQ$36) -> 6 | AT29: 3 | AU29: 3180 | AV29: 1060 | AW29: =RANK(AV29, AV$7:AV$36) -> 6 | AZ29: =RANK(AY29, AY$7:AY$36) -> #N/A
C30: 24 | D30: 椒鹽檸檬鯖魚飯糰 | E30: 3 | F30: 3200 | G30: 1066.6667 | I30: =IFERROR(AVERAGE(P30,U30,Z30,AE30,AJ30,AO30,AT30),"-") -> 3 | J30: =IFERROR(AVERAGE(Q30,V30,AA30,AF30,AK30,AP30,AU30),"-") -> 3183.4605 | K30: =IFERROR(AVERAGE(R30,W30,AB30,AG30,AL30,AQ30,AV30),"-") -> 1061.1535 | M30: =RANK(K30, K$7:$K$36) -> 4 | P30: 3 | Q30: 3158.5075 | R30: 1052.8358 | S30: =RANK(R30, R$7:R$36) -> 5 | U30: 3 | V30: 3116.4179 | W30: 1038.806 | X30: =RANK(W30, W$7:W$36) -> 9 | Z30: 3 | AA30: 3169.5238 | AB30: 1056.5079 | AC30: =RANK(AB30, AB$7:AB$36) -> 3 | AE30: 3 | AF30: 3218.2759 | AG30: 1072.7586 | AH30: =RANK(AG30, AG$7:AG$36) -> 5 | AJ30: 3 | AK30: 3263.0769 | AL30: 1087.6923 | AM30: =RANK(AL30, AL$7:AL$36) -> 4 | AO30: 3 | AP30: 3172.6154 | AQ30: 1057.5385 | AR30: =RANK(AQ30, AQ$7:AQ$36) -> 4 | AT30: 3 | AU30: 3185.8065 | AV30: 1061.9355 | AW30: =RANK(AV30, AV$7:AV$36) -> 4 | AZ30: =RANK(AY30, AY$7:AY$36) -> #N/A
C31: 25 | D31: 明太子生鮭飯糰(區) | E31: 3 | F31: 3200 | G31: 1066.6667 | I31: =IFERROR(AVERAGE(P31,U31,Z31,AE31,AJ31,AO31,AT31),"-") -> 3 | J31: =IFERROR(AVERAGE(Q31,V31,AA31,AF31,AK31,AP31,AU31),"-") -> 3002.8582 | K31: =IFERROR(AVERAGE(R31,W31,AB31,AG31,AL31,AQ31,AV31),"-") -> 1000.9527 | M31: =RANK(K31, K$7:$K$36) -> 11 | P31: 3 | Q31: 3040.5 | R31: 1013.5 | S31: =RANK(R31, R$7:R$36) -> 10 | U31: 3 | V31: 2984.4828 | W31: 994.82759 | X31: =RANK(W31, W$7:W$36) -> 11 | Z31: 3 | AA31: 2972.2222 | AB31: 990.74074 | AC31: =RANK(AB31, AB$7:AB$36) -> 11 | AE31: 3 | AF31: 3022.0588 | AG31: 1007.3529 | AH31: =RANK(AG31, AG$7:AG$36) -> 10 | AJ31: 3 | AK31: 3035.0769 | AL31: 1011.6923 | AM31: =RANK(AL31, AL$7:AL$36) -> 9 | AO31: 3 | AP31: 2997.7215 | AQ31: 999.24051 | AR31: =RANK(AQ31, AQ$7:AQ$36) -> 10 | AT31: 3 | AU31: 2967.9452 | AV31: 989.31507 | AW31: =RANK(AV31, AV$7:AV$36) -> 10 | AZ31: =RANK(AY31, AY$7:AY$36) -> #N/A
C32: 26 | I32: =IFERROR(AVERAGE(P32,U32,Z32,AE32,AJ32,AO32,AT32),"-") -> - | J32: =IFERROR(AVERAGE(Q32,V32,AA32,AF32,AK32,AP32,AU32),"-") -> - | K32: =IFERROR(AVERAGE(R32,W32,AB32,AG32,AL32,AQ32,AV32),"-") -> - | M32: =RANK(K32, K$7:$K$36) -> #VALUE! | S32: =RANK(R32, R$7:R$36) -> #N/A | X32: =RANK(W32, W$7:W$36) -> #N/A | AC32: =RANK(AB32, AB$7:AB$36) -> #N/A | AH32: =RANK(AG32, AG$7:AG$36) -> #N/A | AM32: =RANK(AL32, AL$7:AL$36) -> #N/A | AR32: =RANK(AQ32, AQ$7:AQ$36) -> #N/A | AW32: =RANK(AV32, AV$7:AV$36) -> #N/A | AZ32: =RANK(AY32, AY$7:AY$36) -> #N/A
C33: 27 | I33: =IFERROR(AVERAGE(P33,U33,Z33,AE33,AJ33,AO33,AT33),"-") -> - | J33: =IFERROR(AVERAGE(Q33,V33,AA33,AF33,AK33,AP33,AU33),"-") -> - | K33: =IFERROR(AVERAGE(R33,W33,AB33,AG33,AL33,AQ33,AV33),"-") -> - | M33: =RANK(K33, K$7:$K$36) -> #VALUE! | S33: =RANK(R33, R$7:R$36) -> #N/A | X33: =RANK(W33, W$7:W$36) -> #N/A | AC33: =RANK(AB33, AB$7:AB$36) -> #N/A | AH33: =RANK(AG33, AG$7:AG$36) -> #N/A | AM33: =RANK(AL33, AL$7:AL$36) -> #N/A | AR33: =RANK(AQ33, AQ$7:AQ$36) -> #N/A | AW33: =RANK(AV33, AV$7:AV$36) -> #N/A | AZ33: =RANK(AY33, AY$7:AY$36) -> #N/A
C34: 28 | I34: =IFERROR(AVERAGE(P34,U34,Z34,AE34,AJ34,AO34,AT34),"-") -> - | J34: =IFERROR(AVERAGE(Q34,V34,AA34,AF34,AK34,AP34,AU34),"-") -> - | K34: =IFERROR(AVERAGE(R34,W34,AB34,AG34,AL34,AQ34,AV34),"-") -> - | M34: =RANK(K34, K$7:$K$36) -> #VALUE! | S34: =RANK(R34, R$7:R$36) -> #N/A | X34: =RANK(W34, W$7:W$36) -> #N/A | AC34: =RANK(AB34, AB$7:AB$36) -> #N/A | AH34: =RANK(AG34, AG$7:AG$36) -> #N/A | AM34: =RANK(AL34, AL$7:AL$36) -> #N/A | AR34: =RANK(AQ34, AQ$7:AQ$36) -> #N/A | AW34: =RANK(AV34, AV$7:AV$36) -> #N/A | AZ34: =RANK(AY34, AY$7:AY$36) -> #N/A
C35: 29 | I35: =IFERROR(AVERAGE(P35,U35,Z35,AE35,AJ35,AO35,AT35),"-") -> - | J35: =IFERROR(AVERAGE(Q35,V35,AA35,AF35,AK35,AP35,AU35),"-") -> - | K35: =IFERROR(AVERAGE(R35,W35,AB35,AG35,AL35,AQ35,AV35),"-") -> - | M35: =RANK(K35, K$7:$K$36) -> #VALUE! | S35: =RANK(R35, R$7:R$36) -> #N/A | X35: =RANK(W35, W$7:W$36) -> #N/A | AC35: =RANK(AB35, AB$7:AB$36) -> #N/A | AH35: =RANK(AG35, AG$7:AG$36) -> #N/A | AM35: =RANK(AL35, AL$7:AL$36) -> #N/A | AR35: =RANK(AQ35, AQ$7:AQ$36) -> #N/A | AW35: =RANK(AV35, AV$7:AV$36) -> #N/A | AZ35: =RANK(AY35, AY$7:AY$36) -> #N/A
C36: 30 | I36: =IFERROR(AVERAGE(P36,U36,Z36,AE36,AJ36,AO36,AT36),"-") -> - | J36: =IFERROR(AVERAGE(Q36,V36,AA36,AF36,AK36,AP36,AU36),"-") -> - | K36: =IFERROR(AVERAGE(R36,W36,AB36,AG36,AL36,AQ36,AV36),"-") -> - | M36: =RANK(K36, K$7:$K$36) -> #VALUE! | S36: =RANK(R36, R$7:R$36) -> #N/A | X36: =RANK(W36, W$7:W$36) -> #N/A | AC36: =RANK(AB36, AB$7:AB$36) -> #N/A | AH36: =RANK(AG36, AG$7:AG$36) -> #N/A | AM36: =RANK(AL36, AL$7:AL$36) -> #N/A | AR36: =RANK(AQ36, AQ$7:AQ$36) -> #N/A | AW36: =RANK(AV36, AV$7:AV$36) -> #N/A | AZ36: =RANK(AY36, AY$7:AY$36) -> #N/A
B37: 產線配置圖－每週更新 | N37: 資料繳交 | O37: 日期 | P37: =P2+7 -> 46175 | U37: =P37+1 -> 46176 | Z37: =U37+1 -> 46177 | AE37: =Z37+1 -> 46178 | AJ37: =AE37+1 -> 46179 | AO37: =AJ37+1 -> 46180 | AT37: =AO37+1 -> 46181
P38: 二 | U38: 三 | Z38: 四 | AE38: 五 | AJ38: 六 | AO38: 日 | AT38: 一
B39: 品群 | C39: 商品名稱 | E39: 計畫 | H39: 平均人時性 | I39: 實績 | L39: 平均人時性 | M39: 排名 | O39: 日報 | P39: 實際 | T39: 平均人時性 | U39: 實際 | Y39: 平均人時性 | Z39: 實際 | AD39: 平均人時性 | AE39: 實際 | AI39: 平均人時性 | AJ39: 實際 | AN39: 平均人時性 | AO39: 實際 | AS39: 平均人時性 | AT39: 實際 | AX39: 平均人時性 | BA39: 平均人時性
E40: 產線配置圖 | I40: 產線配置圖 | P40: 生產實績 | U40: 生產實績 | Z40: 生產實績 | AE40: 生產實績 | AJ40: 生產實績 | AO40: 生產實績 | AT40: 生產實績
E41: 人數 | F41: 產能／時 | G41: 人時性 | I41: 人數 | J41: 產能／時 | K41: 人時性 | P41: 人數 | Q41: 產能／時 | R41: 人時性 | S41: 排名 | U41: 人數 | V41: 產能／時 | W41: 人時性 | X41: 排名 | Z41: 人數 | AA41: 產能／時 | AB41: 人時性 | AC41: 排名 | AE41: 人數 | AF41: 產能／時 | AG41: 人時性 | AH41: 排名 | AJ41: 人數 | AK41: 產能／時 | AL41: 人時性 | AM41: 排名 | AO41: 人數 | AP41: 產能／時 | AQ41: 人時性 | AR41: 排名 | AT41: 人數 | AU41: 產能／時 | AV41: 人時性 | AW41: 排名 | AZ41: 排名
B42: 18℃-飯糰 | C42: 1 | D42: 經典肉鬆飯糰 | E42: 3 | F42: 3200 | G42: 1066.6667 | H42: =AVERAGE(G42:G71) -> 826.21528 | I42: =IFERROR(AVERAGE(P42,U42,Z42,AE42,AJ42,AO42,AT42),"-") -> 3 | J42: =IFERROR(AVERAGE(Q42,V42,AA42,AF42,AK42,AP42,AU42),"-") -> 3176.4206 | K42: =IFERROR(AVERAGE(R42,W42,AB42,AG42,AL42,AQ42,AV42),"-") -> 1058.8069 | L42: =IFERROR(AVERAGE(K42:K71),"-") -> 840.02598 | M42: =RANK(K42, K$42:$K$71) -> 4 | P42: 3 | Q42: 3185.0847 | R42: 1061.6949 | S42: =RANK(R42, R$42:R$71) -> 3 | T42: =AVERAGE(R42:R71) -> 839.66583 | U42: 3 | V42: 3188.2759 | W42: 1062.7586 | X42: =RANK(W42, W$42:W$71) -> 4 | Y42: =AVERAGE(W42:W71) -> 835.81127 | Z42: 3 | AA42: 3159.2727 | AB42: 1053.0909 | AC42: =RANK(AB42, AB$42:AB$71) -> 5 | AD42: =AVERAGE(AB42:AB71) -> 821.6094 | AE42: 3 | AF42: 3151.8367 | AG42: 1050.6122 | AH42: =RANK(AG42, AG$42:AG$71) -> 3 | AI42: =AVERAGE(AG42:AG71) -> 836.55183 | AJ42: 3 | AK42: 3228.75 | AL42: 1076.25 | AM42: =RANK(AL42, AL$42:AL$71) -> 4 | AN42: =AVERAGE(AL42:AL71) -> 858.6651 | AO42: 3 | AP42: 3153.1034 | AQ42: 1051.0345 | AR42: =RANK(AQ42, AQ$42:AQ$71) -> 5 | AS42: =AVERAGE(AQ42:AQ71) -> 844.80304 | AT42: 3 | AU42: 3168.6207 | AV42: 1056.2069 | AW42: =RANK(AV42, AV$42:AV$71) -> 7 | AX42: =AVERAGE(AV42:AV71) -> 843.07536 | AZ42: =RANK(AY42, AY$42:AY$71) -> #N/A | BA42: =AVERAGE(AY42:AY71) -> #DIV/0!
C43: 2 | D43: 蔬食鮪魚飯糰 | E43: 3 | F43: 3200 | G43: 1066.6667 | I43: =IFERROR(AVERAGE(P43,U43,Z43,AE43,AJ43,AO43,AT43),"-") -> 3 | J43: =IFERROR(AVERAGE(Q43,V43,AA43,AF43,AK43,AP43,AU43),"-") -> 3136.3695 | K43: =IFERROR(AVERAGE(R43,W43,AB43,AG43,AL43,AQ43,AV43),"-") -> 1045.4565 | M43: =RANK(K43, K$42:$K$71) -> 8 | P43: 3 | Q43: 3051.4286 | R43: 1017.1429 | S43: =RANK(R43, R$42:R$71) -> 10 | U43: 3 | V43: 3084 | W43: 1028 | X43: =RANK(W43, W$42:W$71) -> 10 | Z43: 3 | AA43: 3097.8947 | AB43: 1032.6316 | AC43: =RANK(AB43, AB$42:AB$71) -> 7 | AE43: 3 | AF43: 3060 | AG43: 1020 | AH43: =RANK(AG43, AG$42:AG$71) -> 9 | AJ43: 3 | AK43: 3396 | AL43: 1132 | AM43: =RANK(AL43, AL$42:AL$71) -> 1 | AO43: 3 | AP43: 3154.7368 | AQ43: 1051.5789 | AR43: =RANK(AQ43, AQ$42:AQ$71) -> 4 | AT43: 3 | AU43: 3110.5263 | AV43: 1036.8421 | AW43: =RANK(AV43, AV$42:AV$71) -> 10 | AZ43: =RANK(AY43, AY$42:AY$71) -> #N/A
C44: 3 | D44: 北海道秋鮭親子飯糰 | E44: 4 | F44: 3200 | G44: 800 | I44: =IFERROR(AVERAGE(P44,U44,Z44,AE44,AJ44,AO44,AT44),"-") -> 4 | J44: =IFERROR(AVERAGE(Q44,V44,AA44,AF44,AK44,AP44,AU44),"-") -> 3057.6702 | K44: =IFERROR(AVERAGE(R44,W44,AB44,AG44,AL44,AQ44,AV44),"-") -> 764.41756 | M44: =RANK(K44, K$42:$K$71) -> 17 | P44: 4 | Q44: 3170.5263 | R44: 792.63158 | S44: =RANK(R44, R$42:R$71) -> 16 | U44: 4 | V44: 3057 | W44: 764.25 | X44: =RANK(W44, W$42:W$71) -> 17 | Z44: 4 | AA44: 3072.6316 | AB44: 768.15789 | AC44: =RANK(AB44, AB$42:AB$71) -> 16 | AE44: 4 | AF44: 3090 | AG44: 772.5 | AH44: =RANK(AG44, AG$42:AG$71) -> 16 | AJ44: 4 | AK44: 3351.4286 | AL44: 837.85714 | AM44: =RANK(AL44, AL$42:AL$71) -> 14 | AO44: 4 | AP44: 3145.2632 | AQ44: 786.31579 | AR44: =RANK(AQ44, AQ$42:AQ$71) -> 17 | AT44: 4 | AU44: 2516.8421 | AV44: 629.21053 | AW44: =RANK(AV44, AV$42:AV$71) -> 21 | AZ44: =RANK(AY44, AY$42:AY$71) -> #N/A
C45: 4 | D45: 鮪魚飯糰 | E45: 3 | F45: 3200 | G45: 1066.6667 | I45: =IFERROR(AVERAGE(P45,U45,Z45,AE45,AJ45,AO45,AT45),"-") -> 3 | J45: =IFERROR(AVERAGE(Q45,V45,AA45,AF45,AK45,AP45,AU45),"-") -> 3195.2426 | K45: =IFERROR(AVERAGE(R45,W45,AB45,AG45,AL45,AQ45,AV45),"-") -> 1065.0809 | M45: =RANK(K45, K$42:$K$71) -> 1 | P45: 3 | Q45: 3172.1739 | R45: 1057.3913 | S45: =RANK(R45, R$42:R$71) -> 5 | U45: 3 | V45: 3191.7391 | W45: 1063.913 | X45: =RANK(W45, W$42:W$71) -> 3 | Z45: 3 | AA45: 3196.8539 | AB45: 1065.618 | AC45: =RANK(AB45, AB$42:AB$71) -> 1 | AE45: 3 | AF45: 3200.2703 | AG45: 1066.7568 | AH45: =RANK(AG45, AG$42:AG$71) -> 2 | AJ45: 3 | AK45: 3225.6338 | AL45: 1075.2113 | AM45: =RANK(AL45, AL$42:AL$71) -> 5 | AO45: 3 | AP45: 3178.7368 | AQ45: 1059.5789 | AR45: =RANK(AQ45, AQ$42:AQ$71) -> 3 | AT45: 3 | AU45: 3201.2903 | AV45: 1067.0968 | AW45: =RANK(AV45, AV$42:AV$71) -> 4 | AZ45: =RANK(AY45, AY$42:AY$71) -> #N/A
C46: 5 | D46: 贅沢鮭魚肚飯糰 | E46: 4 | F46: 3200 | G46: 800 | I46: =IFERROR(AVERAGE(P46,U46,Z46,AE46,AJ46,AO46,AT46),"-") -> 4 | J46: =IFERROR(AVERAGE(Q46,V46,AA46,AF46,AK46,AP46,AU46),"-") -> 3441.9254 | K46: =IFERROR(AVERAGE(R46,W46,AB46,AG46,AL46,AQ46,AV46),"-") -> 860.48135 | M46: =RANK(K46, K$42:$K$71) -> 13 | P46: 4 | Q46: 3196.5517 | R46: 799.13793 | S46: =RANK(R46, R$42:R$71) -> 14 | U46: 4 | V46: 3146.8966 | W46: 786.72414 | X46: =RANK(W46, W$42:W$71) -> 14 | Z46: 4 | AA46: 3105 | AB46: 776.25 | AC46: =RANK(AB46, AB$42:AB$71) -> 15 | AE46: 4 | AF46: 3107.5 | AG46: 776.875 | AH46: =RANK(AG46, AG$42:AG$71) -> 15 | AJ46: 4 | AK46: 3354 | AL46: 838.5 | AM46: =RANK(AL46, AL$42:AL$71) -> 13 | AO46: 4 | AP46: 3200 | AQ46: 800 | AR46: =RANK(AQ46, AQ$42:AQ$71) -> 13 | AT46: 4 | AU46: 4983.5294 | AV46: 1245.8824 | AW46: =RANK(AV46, AV$42:AV$71) -> 1 | AZ46: =RANK(AY46, AY$42:AY$71) -> #N/A
C47: 6 | D47: 熟成紅鮭飯糰 | E47: 4 | F47: 3200 | G47: 800 | I47: =IFERROR(AVERAGE(P47,U47,Z47,AE47,AJ47,AO47,AT47),"-") -> 4 | J47: =IFERROR(AVERAGE(Q47,V47,AA47,AF47,AK47,AP47,AU47),"-") -> 3109.8776 | K47: =IFERROR(AVERAGE(R47,W47,AB47,AG47,AL47,AQ47,AV47),"-") -> 777.46939 | M47: =RANK(K47, K$42:$K$71) -> 16 | P47: 4 | Q47: 3040 | R47: 760 | S47: =RANK(R47, R$42:R$71) -> 18 | U47: 4 | V47: 3036 | W47: 759 | X47: =RANK(W47, W$42:W$71) -> 18 | Z47: 4 | AA47: 3060 | AB47: 765 | AC47: =RANK(AB47, AB$42:AB$71) -> 17 | AE47: 4 | AF47: 3010 | AG47: 752.5 | AH47: =RANK(AG47, AG$42:AG$71) -> 18 | AJ47: 4 | AK47: 3306 | AL47: 826.5 | AM47: =RANK(AL47, AL$42:AL$71) -> 16 | AO47: 4 | AP47: 3180 | AQ47: 795 | AR47: =RANK(AQ47, AQ$42:AQ$71) -> 15 | AT47: 4 | AU47: 3137.1429 | AV47: 784.28571 | AW47: =RANK(AV47, AV$42:AV$71) -> 15 | AZ47: =RANK(AY47, AY$42:AY$71) -> #N/A
C48: 7 | D48: 壹號醬炙烤牛飯糰 | E48: 4 | F48: 2800 | G48: 700 | I48: =IFERROR(AVERAGE(P48,U48,Z48,AE48,AJ48,AO48,AT48),"-") -> 4 | J48: =IFERROR(AVERAGE(Q48,V48,AA48,AF48,AK48,AP48,AU48),"-") -> 3118.8012 | K48: =IFERROR(AVERAGE(R48,W48,AB48,AG48,AL48,AQ48,AV48),"-") -> 779.7003 | M48: =RANK(K48, K$42:$K$71) -> 15 | P48: 4 | Q48: 3081.4286 | R48: 770.35714 | S48: =RANK(R48, R$42:R$71) -> 17 | U48: 4 | V48: 3060 | W48: 765 | X48: =RANK(W48, W$42:W$71) -> 16 | Z48: 4 | AA48: 3106.1538 | AB48: 776.53846 | AC48: =RANK(AB48, AB$42:AB$71) -> 14 | AE48: 4 | AF48: 3125.4545 | AG48: 781.36364 | AH48: =RANK(AG48, AG$42:AG$71) -> 14 | AJ48: 4 | AK48: 3330 | AL48: 832.5 | AM48: =RANK(AL48, AL$42:AL$71) -> 15 | AO48: 4 | AP48: 3145.7143 | AQ48: 786.42857 | AR48: =RANK(AQ48, AQ$42:AQ$71) -> 16 | AT48: 4 | AU48: 2982.8571 | AV48: 745.71429 | AW48: =RANK(AV48, AV$42:AV$71) -> 17 | AZ48: =RANK(AY48, AY$42:AY$71) -> #N/A
C49: 8 | D49: 明太子龍蝦風味沙拉飯糰 | E49: 3 | F49: 3200 | G49: 1066.6667 | I49: =IFERROR(AVERAGE(P49,U49,Z49,AE49,AJ49,AO49,AT49),"-") -> 3 | J49: =IFERROR(AVERAGE(Q49,V49,AA49,AF49,AK49,AP49,AU49),"-") -> 3151.7233 | K49: =IFERROR(AVERAGE(R49,W49,AB49,AG49,AL49,AQ49,AV49),"-") -> 1050.5744 | M49: =RANK(K49, K$42:$K$71) -> 6 | P49: 3 | Q49: 3141.2903 | R49: 1047.0968 | S49: =RANK(R49, R$42:R$71) -> 8 | U49: 3 | V49: 3106.4516 | W49: 1035.4839 | X49: =RANK(W49, W$42:W$71) -> 8 | Z49: 3 | AA49: 3180 | AB49: 1060 | AC49: =RANK(AB49, AB$42:AB$71) -> 4 | AE49: 3 | AF49: 3117.6923 | AG49: 1039.2308 | AH49: =RANK(AG49, AG$42:AG$71) -> 7 | AJ49: 3 | AK49: 3212.5 | AL49: 1070.8333 | AM49: =RANK(AL49, AL$42:AL$71) -> 8 | AO49: 3 | AP49: 3116.129 | AQ49: 1038.7097 | AR49: =RANK(AQ49, AQ$42:AQ$71) -> 8 | AT49: 3 | AU49: 3188 | AV49: 1062.6667 | AW49: =RANK(AV49, AV$42:AV$71) -> 6 | AZ49: =RANK(AY49, AY$42:AY$71) -> #N/A
C50: 9 | D50: 鹽蔥燒肉飯糰 | E50: 3 | F50: 2800 | G50: 933.33333 | I50: =IFERROR(AVERAGE(P50,U50,Z50,AE50,AJ50,AO50,AT50),"-") -> 3 | J50: =IFERROR(AVERAGE(Q50,V50,AA50,AF50,AK50,AP50,AU50),"-") -> 3160.0483 | K50: =IFERROR(AVERAGE(R50,W50,AB50,AG50,AL50,AQ50,AV50),"-") -> 1053.3494 | M50: =RANK(K50, K$42:$K$71) -> 5 | P50: 3 | Q50: 3123.3333 | R50: 1041.1111 | S50: =RANK(R50, R$42:R$71) -> 9 | U50: 3 | V50: 3186.6667 | W50: 1062.2222 | X50: =RANK(W50, W$42:W$71) -> 5 | Z50: 3 | AA50: 3150.9091 | AB50: 1050.303 | AC50: =RANK(AB50, AB$42:AB$71) -> 6 | AE50: 3 | AF50: 3099.3103 | AG50: 1033.1034 | AH50: =RANK(AG50, AG$42:AG$71) -> 8 | AJ50: 3 | AK50: 3248.8889 | AL50: 1082.963 | AM50: =RANK(AL50, AL$42:AL$71) -> 3 | AO50: 3 | AP50: 3109.4118 | AQ50: 1036.4706 | AR50: =RANK(AQ50, AQ$42:AQ$71) -> 9 | AT50: 3 | AU50: 3201.8182 | AV50: 1067.2727 | AW50: =RANK(AV50, AV$42:AV$71) -> 3 | AZ50: =RANK(AY50, AY$42:AY$71) -> #N/A
C51: 10 | D51: 雞肉飯飯糰 | E51: 4 | F51: 2800 | G51: 700 | I51: =IFERROR(AVERAGE(P51,U51,Z51,AE51,AJ51,AO51,AT51),"-") -> 4 | J51: =IFERROR(AVERAGE(Q51,V51,AA51,AF51,AK51,AP51,AU51),"-") -> 3185.0686 | K51: =IFERROR(AVERAGE(R51,W51,AB51,AG51,AL51,AQ51,AV51),"-") -> 796.26716 | M51: =RANK(K51, K$42:$K$71) -> 14 | P51: 4 | Q51: 3191 | R51: 797.75 | S51: =RANK(R51, R$42:R$71) -> 15 | U51: 4 | V51: 3170.1639 | W51: 792.54098 | X51: =RANK(W51, W$42:W$71) -> 13 | Z51: 4 | AA51: 3176.8966 | AB51: 794.22414 | AC51: =RANK(AB51, AB$42:AB$71) -> 13 | AE51: 4 | AF51: 3161.6327 | AG51: 790.40816 | AH51: =RANK(AG51, AG$42:AG$71) -> 13 | AJ51: 4 | AK51: 3229.7872 | AL51: 807.44681 | AM51: =RANK(AL51, AL$42:AL$71) -> 17 | AO51: 4 | AP51: 3196 | AQ51: 799 | AR51: =RANK(AQ51, AQ$42:AQ$71) -> 14 | AT51: 4 | AU51: 3170 | AV51: 792.5 | AW51: =RANK(AV51, AV$42:AV$71) -> 14 | AZ51: =RANK(AY51, AY$42:AY$71) -> #N/A
C52: 11 | D52: 碳烤燒肉飯飯糰(區) | E52: 4 | F52: 2800 | G52: 700 | I52: =IFERROR(AVERAGE(P52,U52,Z52,AE52,AJ52,AO52,AT52),"-") -> 4 | J52: =IFERROR(AVERAGE(Q52,V52,AA52,AF52,AK52,AP52,AU52),"-") -> 2564.15 | K52: =IFERROR(AVERAGE(R52,W52,AB52,AG52,AL52,AQ52,AV52),"-") -> 641.03749 | M52: =RANK(K52, K$42:$K$71) -> 22 | P52: 4 | Q52: 2782.2857 | R52: 695.57143 | S52: =RANK(R52, R$42:R$71) -> 20 | U52: 4 | V52: 2762.5714 | W52: 690.64286 | X52: =RANK(W52, W$42:W$71) -> 20 | Z52: 4 | AA52: 2151.9101 | AB52: 537.97753 | AC52: =RANK(AB52, AB$42:AB$71) -> 22 | AE52: 4 | AF52: 2781.7241 | AG52: 695.43103 | AH52: =RANK(AG52, AG$42:AG$71) -> 20 | AJ52: 4 | AK52: 2844.6429 | AL52: 711.16071 | AM52: =RANK(AL52, AL$42:AL$71) -> 22 | AO52: 4 | AP52: 2782.8169 | AQ52: 695.70423 | AR52: =RANK(AQ52, AQ$42:AQ$71) -> 21 | AT52: 4 | AU52: 1843.0986 | AV52: 460.77465 | AW52: =RANK(AV52, AV$42:AV$71) -> 22 | AZ52: =RANK(AY52, AY$42:AY$71) -> #N/A
C53: 12 | D53: 二配芝麻香鬆飯糰 | E53: 4 | F53: 2800 | G53: 700 | I53: =IFERROR(AVERAGE(P53,U53,Z53,AE53,AJ53,AO53,AT53),"-") -> 4 | J53: =IFERROR(AVERAGE(Q53,V53,AA53,AF53,AK53,AP53,AU53),"-") -> 2819.8286 | K53: =IFERROR(AVERAGE(R53,W53,AB53,AG53,AL53,AQ53,AV53),"-") -> 704.95714 | M53: =RANK(K53, K$42:$K$71) -> 20 | P53: 4 | Q53: 2548.8 | R53: 637.2 | S53: =RANK(R53, R$42:R$71) -> 22 | U53: 4 | V53: 2488.8 | W53: 622.2 | X53: =RANK(W53, W$42:W$71) -> 22 | Z53: 4 | AA53: 2913 | AB53: 728.25 | AC53: =RANK(AB53, AB$42:AB$71) -> 18 | AE53: 4 | AF53: 2775 | AG53: 693.75 | AH53: =RANK(AG53, AG$42:AG$71) -> 21 | AJ53: 4 | AK53: 3006 | AL53: 751.5 | AM53: =RANK(AL53, AL$42:AL$71) -> 19 | AO53: 4 | AP53: 3144 | AQ53: 786 | AR53: =RANK(AQ53, AQ$42:AQ$71) -> 18 | AT53: 4 | AU53: 2863.2 | AV53: 715.8 | AW53: =RANK(AV53, AV$42:AV$71) -> 19 | AZ53: =RANK(AY53, AY$42:AY$71) -> #N/A
C54: 13 | D54: 二配三杯醬爆菇菇飯糰 | E54: 3 | F54: 2800 | G54: 933.33333 | I54: =IFERROR(AVERAGE(P54,U54,Z54,AE54,AJ54,AO54,AT54),"-") -> 3 | J54: =IFERROR(AVERAGE(Q54,V54,AA54,AF54,AK54,AP54,AU54),"-") -> 3110.5306 | K54: =IFERROR(AVERAGE(R54,W54,AB54,AG54,AL54,AQ54,AV54),"-") -> 1036.8435 | M54: =RANK(K54, K$42:$K$71) -> 9 | P54: 3 | Q54: 3216 | R54: 1072 | S54: =RANK(R54, R$42:R$71) -> 2 | U54: 3 | V54: 3256 | W54: 1085.3333 | X54: =RANK(W54, W$42:W$71) -> 1 | Z54: 3 | AA54: 2821.7143 | AB54: 940.57143 | AC54: =RANK(AB54, AB$42:AB$71) -> 11 | AE54: 3 | AF54: 2842 | AG54: 947.33333 | AH54: =RANK(AG54, AG$42:AG$71) -> 11 | AJ54: 3 | AK54: 3092 | AL54: 1030.6667 | AM54: =RANK(AL54, AL$42:AL$71) -> 9 | AO54: 3 | AP54: 3308 | AQ54: 1102.6667 | AR54: =RANK(AQ54, AQ$42:AQ$71) -> 1 | AT54: 3 | AU54: 3238 | AV54: 1079.3333 | AW54: =RANK(AV54, AV$42:AV$71) -> 2 | AZ54: =RANK(AY54, AY$42:AY$71) -> #N/A
... C65: 24 | D65: 明太子生鮭飯糰(區) | E65: 3 | F65: 3200 | G65: 1066.6667 | I65: =IFERROR(AVERAGE(P65,U65,Z65,AE65,AJ65,AO65,AT65),"-") -> 3 | J65: =IFERROR(AVERAGE(Q65,V65,AA65,AF65,AK65,AP65,AU65),"-") -> 2990.5161 | K65: =IFERROR(AVERAGE(R65,W65,AB65,AG65,AL65,AQ65,AV65),"-") -> 996.83871 | M65: =RANK(K65, K$42:$K$71) -> 11 | P65: 3 | Q65: 2967.5676 | R65: 989.18919 | S65: =RANK(R65, R$42:R$71) -> 11 | U65: 3 | V65: 2965 | W65: 988.33333 | X65: =RANK(W65, W$42:W$71) -> 11 | Z65: 3 | AA65: 2981.7391 | AB65: 993.91304 | AC65: =RANK(AB65, AB$42:AB$71) -> 9 | AE65: 3 | AF65: 3000.9836 | AG65: 1000.3279 | AH65: =RANK(AG65, AG$42:AG$71) -> 10 | AJ65: 3 | AK65: 3044.4828 | AL65: 1014.8276 | AM65: =RANK(AL65, AL$42:AL$71) -> 10 | AO65: 3 | AP65: 2986.5672 | AQ65: 995.52239 | AR65: =RANK(AQ65, AQ$42:AQ$71) -> 11 | AT65: 3 | AU65: 2987.2727 | AV65: 995.75758 | AW65: =RANK(AV65, AV$42:AV$71) -> 11 | AZ65: =RANK(AY65, AY$42:AY$71) -> #N/A
C66: 25 | I66: =IFERROR(AVERAGE(P66,U66,Z66,AE66,AJ66,AO66,AT66),"-") -> - | J66: =IFERROR(AVERAGE(Q66,V66,AA66,AF66,AK66,AP66,AU66),"-") -> - | K66: =IFERROR(AVERAGE(R66,W66,AB66,AG66,AL66,AQ66,AV66),"-") -> - | M66: =RANK(K66, K$42:$K$71) -> #VALUE! | S66: =RANK(R66, R$42:R$71) -> #VALUE! | X66: =RANK(W66, W$42:W$71) -> #VALUE! | AC66: =RANK(AB66, AB$42:AB$71) -> #VALUE! | AH66: =RANK(AG66, AG$42:AG$71) -> #VALUE! | AM66: =RANK(AL66, AL$42:AL$71) -> #VALUE! | AR66: =RANK(AQ66, AQ$42:AQ$71) -> #VALUE! | AW66: =RANK(AV66, AV$42:AV$71) -> #VALUE! | AZ66: =RANK(AY66, AY$42:AY$71) -> #N/A
C67: 26 | I67: =IFERROR(AVERAGE(P67,U67,Z67,AE67,AJ67,AO67,AT67),"-") -> - | J67: =IFERROR(AVERAGE(Q67,V67,AA67,AF67,AK67,AP67,AU67),"-") -> - | K67: =IFERROR(AVERAGE(R67,W67,AB67,AG67,AL67,AQ67,AV67),"-") -> - | M67: =RANK(K67, K$42:$K$71) -> #VALUE! | S67: =RANK(R67, R$42:R$71) -> #VALUE! | X67: =RANK(W67, W$42:W$71) -> #VALUE! | AC67: =RANK(AB67, AB$42:AB$71) -> #VALUE! | AH67: =RANK(AG67, AG$42:AG$71) -> #VALUE! | AM67: =RANK(AL67, AL$42:AL$71) -> #VALUE! | AR67: =RANK(AQ67, AQ$42:AQ$71) -> #VALUE! | AW67: =RANK(AV67, AV$42:AV$71) -> #VALUE! | AZ67: =RANK(AY67, AY$42:AY$71) -> #N/A
C68: 27 | I68: =IFERROR(AVERAGE(P68,U68,Z68,AE68,AJ68,AO68,AT68),"-") -> - | J68: =IFERROR(AVERAGE(Q68,V68,AA68,AF68,AK68,AP68,AU68),"-") -> - | K68: =IFERROR(AVERAGE(R68,W68,AB68,AG68,AL68,AQ68,AV68),"-") -> - | M68: =RANK(K68, K$42:$K$71) -> #VALUE! | S68: =RANK(R68, R$42:R$71) -> #VALUE! | X68: =RANK(W68, W$42:W$71) -> #VALUE! | AC68: =RANK(AB68, AB$42:AB$71) -> #VALUE! | AH68: =RANK(AG68, AG$42:AG$71) -> #VALUE! | AM68: =RANK(AL68, AL$42:AL$71) -> #VALUE! | AR68: =RANK(AQ68, AQ$42:AQ$71) -> #VALUE! | AW68: =RANK(AV68, AV$42:AV$71) -> #VALUE! | AZ68: =RANK(AY68, AY$42:AY$71) -> #N/A
C69: 28 | I69: =IFERROR(AVERAGE(P69,U69,Z69,AE69,AJ69,AO69,AT69),"-") -> - | J69: =IFERROR(AVERAGE(Q69,V69,AA69,AF69,AK69,AP69,AU69),"-") -> - | K69: =IFERROR(AVERAGE(R69,W69,AB69,AG69,AL69,AQ69,AV69),"-") -> - | M69: =RANK(K69, K$42:$K$71) -> #VALUE! | S69: =RANK(R69, R$42:R$71) -> #VALUE! | X69: =RANK(W69, W$42:W$71) -> #VALUE! | AC69: =RANK(AB69, AB$42:AB$71) -> #VALUE! | AH69: =RANK(AG69, AG$42:AG$71) -> #VALUE! | AM69: =RANK(AL69, AL$42:AL$71) -> #VALUE! | AR69: =RANK(AQ69, AQ$42:AQ$71) -> #VALUE! | AW69: =RANK(AV69, AV$42:AV$71) -> #VALUE! | AZ69: =RANK(AY69, AY$42:AY$71) -> #N/A
C70: 29 | I70: =IFERROR(AVERAGE(P70,U70,Z70,AE70,AJ70,AO70,AT70),"-") -> - | J70: =IFERROR(AVERAGE(Q70,V70,AA70,AF70,AK70,AP70,AU70),"-") -> - | K70: =IFERROR(AVERAGE(R70,W70,AB70,AG70,AL70,AQ70,AV70),"-") -> - | M70: =RANK(K70, K$42:$K$71) -> #VALUE! | S70: =RANK(R70, R$42:R$71) -> #VALUE! | X70: =RANK(W70, W$42:W$71) -> #VALUE! | AC70: =RANK(AB70, AB$42:AB$71) -> #VALUE! | AH70: =RANK(AG70, AG$42:AG$71) -> #VALUE! | AM70: =RANK(AL70, AL$42:AL$71) -> #VALUE! | AR70: =RANK(AQ70, AQ$42:AQ$71) -> #VALUE! | AW70: =RANK(AV70, AV$42:AV$71) -> #VALUE! | AZ70: =RANK(AY70, AY$42:AY$71) -> #N/A
C71: 30 | I71: =IFERROR(AVERAGE(P71,U71,Z71,AE71,AJ71,AO71,AT71),"-") -> - | J71: =IFERROR(AVERAGE(Q71,V71,AA71,AF71,AK71,AP71,AU71),"-") -> - | K71: =IFERROR(AVERAGE(R71,W71,AB71,AG71,AL71,AQ71,AV71),"-") -> - | M71: =RANK(K71, K$42:$K$71) -> #VALUE! | S71: =RANK(R71, R$42:R$71) -> #VALUE! | X71: =RANK(W71, W$42:W$71) -> #VALUE! | AC71: =RANK(AB71, AB$42:AB$71) -> #VALUE! | AH71: =RANK(AG71, AG$42:AG$71) -> #VALUE! | AM71: =RANK(AL71, AL$42:AL$71) -> #VALUE! | AR71: =RANK(AQ71, AQ$42:AQ$71) -> #VALUE! | AW71: =RANK(AV71, AV$42:AV$71) -> #VALUE! | AZ71: =RANK(AY71, AY$42:AY$71) -> #N/A
B72: 產線配置圖－每週更新 | N72: 資料繳交 | O72: 日期 | P72: =P37+7 -> 46182 | U72: =P72+1 -> 46183 | Z72: =U72+1 -> 46184 | AE72: =Z72+1 -> 46185 | AJ72: =AE72+1 -> 46186 | AO72: =AJ72+1 -> 46187 | AT72: =AO72+1 -> 46188
P73: 二 | U73: 三 | Z73: 四 | AE73: 五 | AJ73: 六 | AO73: 日 | AT73: 一
B74: 品群 | C74: 商品名稱 | E74: 計畫 | H74: 平均人時性 | I74: 實績 | L74: 平均人時性 | M74: 排名 | O74: 日報 | P74: 實際 | T74: 平均人時性 | U74: 實際 | Y74: 平均人時性 | Z74: 實際 | AD74: 平均人時性 | AE74: 實際 | AI74: 平均人時性 | AJ74: 實際 | AN74: 平均人時性 | AO74: 實際 | AS74: 平均人時性 | AT74: 實際 | AX74: 平均人時性 | BA74: 平均人時性
E75: 產線配置圖 | I75: 產線配置圖 | P75: 生產實績 | U75: 生產實績 | Z75: 生產實績 | AE75: 生產實績 | AJ75: 生產實績 | AO75: 生產實績 | AT75: 生產實績
E76: 人數 | F76: 產能／時 | G76: 人時性 | I76: 人數 | J76: 產能／時 | K76: 人時性 | P76: 人數 | Q76: 產能／時 | R76: 人時性 | S76: 排名 | U76: 人數 | V76: 產能／時 | W76: 人時性 | X76: 排名 | Z76: 人數 | AA76: 產能／時 | AB76: 人時性 | AC76: 排名 | AE76: 人數 | AF76: 產能／時 | AG76: 人時性 | AH76: 排名 | AJ76: 人數 | AK76: 產能／時 | AL76: 人時性 | AM76: 排名 | AO76: 人數 | AP76: 產能／時 | AQ76: 人時性 | AR76: 排名 | AT76: 人數 | AU76: 產能／時 | AV76: 人時性 | AW76: 排名 | AZ76: 排名
B77: 18℃-飯糰 | C77: 1 | D77: 經典肉鬆飯糰 | E77: 3 | F77: 3200 | G77: 1066.6667 | H77: =AVERAGE(G77:G106) -> 826.21528 | I77: =IFERROR(AVERAGE(P77,U77,Z77,AE77,AJ77,AO77,AT77),"-") -> 3 | J77: =IFERROR(AVERAGE(Q77,V77,AA77,AF77,AK77,AP77,AU77),"-") -> 3293.3 | K77: =IFERROR(AVERAGE(R77,W77,AB77,AG77,AL77,AQ77,AV77),"-") -> 1097.7667 | L77: =IFERROR(AVERAGE(K77:K106),"-") -> 839.18138 | M77: =RANK(K77, K$77:$K$106) -> 1 | P77: 3 | Q77: 3178.9655 | R77: 1059.6552 | S77: =RANK(R77, R$77:R$106) -> 5 | T77: =AVERAGE(R77:R106) -> 839.90679 | U77: 3 | V77: 3195.7895 | W77: 1065.2632 | X77: =RANK(W77, W$77:W$106) -> 4 | Y77: =AVERAGE(W77:W106) -> 831.55473 | Z77: 3 | AA77: 3851.7391 | AB77: 1283.913 | AC77: =RANK(AB77, AB$77:AB$106) -> 1 | AD77: =AVERAGE(AB77:AB106) -> 844.01822 | AE77: 3 | AF77: 3200.4255 | AG77: 1066.8085 | AH77: =RANK(AG77, AG$77:AG$106) -> 1 | AI77: =AVERAGE(AG77:AG106) -> 834.18534 | AJ77: 3 | AK77: 3242.6087 | AL77: 1080.8696 | AM77: =RANK(AL77, AL$77:AL$106) -> 8 | AN77: =AVERAGE(AL77:AL106) -> 871.25726 | AO77: 3 | AP77: 3182.1429 | AQ77: 1060.7143 | AR77: =RANK(AQ77, AQ$77:AQ$106) -> 2 | AS77: =AVERAGE(AQ77:AQ106) -> 828.39746 | AT77: 3 | AU77: 3201.4286 | AV77: 1067.1429 | AW77: =RANK(AV77, AV$77:AV$106) -> 1 | AX77: =AVERAGE(AV77:AV106) -> 824.94981 | AZ77: =RANK(AY77, AY$77:AY$106) -> #N/A | BA77: =AVERAGE(AY77:AY106) -> #DIV/0!
C78: 2 | D78: 蔬食鮪魚飯糰 | E78: 3 | F78: 3200 | G78: 1066.6667 | I78: =IFERROR(AVERAGE(P78,U78,Z78,AE78,AJ78,AO78,AT78),"-") -> 3 | J78: =IFERROR(AVERAGE(Q78,V78,AA78,AF78,AK78,AP78,AU78),"-") -> 3164.9116 | K78: =IFERROR(AVERAGE(R78,W78,AB78,AG78,AL78,AQ78,AV78),"-") -> 1054.9705 | M78: =RANK(K78, K$77:$K$106) -> 6 | P78: 3 | Q78: 3134.2857 | R78: 1044.7619 | S78: =RANK(R78, R$77:R$106) -> 9 | U78: 3 | V78: 3198 | W78: 1066 | X78: =RANK(W78, W$77:W$106) -> 3 | Z78: 3 | AA78: 3162 | AB78: 1054 | AC78: =RANK(AB78, AB$77:AB$106) -> 7 | AE78: 3 | AF78: 3056.6667 | AG78: 1018.8889 | AH78: =RANK(AG78, AG$77:AG$106) -> 10 | AJ78: 3 | AK78: 3412 | AL78: 1137.3333 | AM78: =RANK(AL78, AL$77:AL$106) -> 1 | AO78: 3 | AP78: 3122.8571 | AQ78: 1040.9524 | AR78: =RANK(AQ78, AQ$77:AQ$106) -> 7 | AT78: 3 | AU78: 3068.5714 | AV78: 1022.8571 | AW78: =RANK(AV78, AV$77:AV$106) -> 8 | AZ78: =RANK(AY78, AY$77:AY$106) -> #N/A
C79: 3 | D79: 北海道秋鮭親子飯糰 | E79: 4 | F79: 3200 | G79: 800 | I79: =IFERROR(AVERAGE(P79,U79,Z79,AE79,AJ79,AO79,AT79),"-") -> 4 | J79: =IFERROR(AVERAGE(Q79,V79,AA79,AF79,AK79,AP79,AU79),"-") -> 2973.9808 | K79: =IFERROR(AVERAGE(R79,W79,AB79,AG79,AL79,AQ79,AV79),"-") -> 743.4952 | M79: =RANK(K79, K$77:$K$106) -> 19 | P79: 4 | Q79: 3144 | R79: 786 | S79: =RANK(R79, R$77:R$106) -> 16 | U79: 4 | V79: 3117 | W79: 779.25 | X79: =RANK(W79, W$77:W$106) -> 16 | Z79: 4 | AA79: 3126.3158 | AB79: 781.57895 | AC79: =RANK(AB79, AB$77:AB$106) -> 15 | AE79: 4 | AF79: 2001.1765 | AG79: 500.29412 | AH79: =RANK(AG79, AG$77:AG$106) -> 22 | AJ79: 4 | AK79: 3244.2857 | AL79: 811.07143 | AM79: =RANK(AL79, AL$77:AL$106) -> 16 | AO79: 4 | AP79: 3088.4211 | AQ79: 772.10526 | AR79: =RANK(AQ79, AQ$77:AQ$106) -> 17 | AT79: 4 | AU79: 3096.6667 | AV79: 774.16667 | AW79: =RANK(AV79, AV$77:AV$106) -> 16 | AZ79: =RANK(AY79, AY$77:AY$106) -> #N/A
C80: 4 | D80: 鮪魚飯糰 | E80: 3 | F80: 3200 | G80: 1066.6667 | I80: =IFERROR(AVERAGE(P80,U80,Z80,AE80,AJ80,AO80,AT80),"-") -> 3 | J80: =IFERROR(AVERAGE(Q80,V80,AA80,AF80,AK80,AP80,AU80),"-") -> 3194.2656 | K80: =IFERROR(AVERAGE(R80,W80,AB80,AG80,AL80,AQ80,AV80),"-") -> 1064.7552 | M80: =RANK(K80, K$77:$K$106) -> 4 | P80: 3 | Q80: 3183.913 | R80: 1061.3043 | S80: =RANK(R80, R$77:R$106) -> 4 | U80: 3 | V80: 3190.7865 | W80: 1063.5955 | X80: =RANK(W80, W$77:W$106) -> 5 | Z80: 3 | AA80: 3183.4483 | AB80: 1061.1494 | AC80: =RANK(AB80, AB$77:AB$106) -> 4 | AE80: 3 | AF80: 3190 | AG80: 1063.3333 | AH80: =RANK(AG80, AG$77:AG$106) -> 3 | AJ80: 3 | AK80: 3234.8571 | AL80: 1078.2857 | AM80: =RANK(AL80, AL$77:AL$106) -> 9 | AO80: 3 | AP80: 3196.1798 | AQ80: 1065.3933 | AR80: =RANK(AQ80, AQ$77:AQ$106) -> 1 | AT80: 3 | AU80: 3180.6742 | AV80: 1060.2247 | AW80: =RANK(AV80, AV$77:AV$106) -> 3 | AZ80: =RANK(AY80, AY$77:AY$106) -> #N/A
C81: 5 | D81: 贅沢鮭魚肚飯糰 | E81: 4 | F81: 3200 | G81: 800 | I81: =IFERROR(AVERAGE(P81,U81,Z81,AE81,AJ81,AO81,AT81),"-") -> 4 | J81: =IFERROR(AVERAGE(Q81,V81,AA81,AF81,AK81,AP81,AU81),"-") -> 3194.9798 | K81: =IFERROR(AVERAGE(R81,W81,AB81,AG81,AL81,AQ81,AV81),"-") -> 798.74494 | M81: =RANK(K81, K$77:$K$106) -> 13 | P81: 4 | Q81: 3160.7143 | R81: 790.17857 | S81: =RANK(R81, R$77:R$106) -> 15 | U81: 4 | V81: 3203.5714 | W81: 800.89286 | X81: =RANK(W81, W$77:W$106) -> 13 | Z81: 4 | AA81: 3144.4444 | AB81: 786.11111 | AC81: =RANK(AB81, AB$77:AB$106) -> 14 | AE81: 4 | AF81: 3155.4545 | AG81: 788.86364 | AH81: =RANK(AG81, AG$77:AG$106) -> 15 | AJ81: 4 | AK81: 3369.4737 | AL81: 842.36842 | AM81: =RANK(AL81, AL$77:AL$106) -> 13 | AO81: 4 | AP81: 3175.2 | AQ81: 793.8 | AR81: =RANK(AQ81, AQ$77:AQ$106) -> 13 | AT81: 4 | AU81: 3156 | AV81: 789 | AW81: =RANK(AV81, AV$77:AV$106) -> 14 | AZ81: =RANK(AY81, AY$77:AY$106) -> #N/A
C82: 6 | D82: 熟成紅鮭飯糰 | E82: 4 | F82: 3200 | G82: 800 | I82: =IFERROR(AVERAGE(P82,U82,Z82,AE82,AJ82,AO82,AT82),"-") -> 4 | J82: =IFERROR(AVERAGE(Q82,V82,AA82,AF82,AK82,AP82,AU82),"-") -> 3118.9388 | K82: =IFERROR(AVERAGE(R82,W82,AB82,AG82,AL82,AQ82,AV82),"-") -> 779.73469 | M82: =RANK(K82, K$77:$K$106) -> 15 | P82: 4 | Q82: 3112 | R82: 778 | S82: =RANK(R82, R$77:R$106) -> 17 | U82: 4 | V82: 3180 | W82: 795 | X82: =RANK(W82, W$77:W$106) -> 14 | Z82: 4 | AA82: 3024 | AB82: 756 | AC82: =RANK(AB82, AB$77:AB$106) -> 16 | AE82: 4 | AF82: 3070 | AG82: 767.5 | AH82: =RANK(AG82, AG$77:AG$106) -> 16 | AJ82: 4 | AK82: 3288 | AL82: 822 | AM82: =RANK(AL82, AL$77:AL$106) -> 15 | AO82: 4 | AP82: 3111.4286 | AQ82: 777.85714 | AR82: =RANK(AQ82, AQ$77:AQ$106) -> 16 | AT82: 4 | AU82: 3047.1429 | AV82: 761.78571 | AW82: =RANK(AV82, AV$77:AV$106) -> 17 | AZ82: =RANK(AY82, AY$77:AY$106) -> #N/A
C83: 7 | D83: 壹號醬炙烤牛飯糰 | E83: 4 | F83: 2800 | G83: 700 | I83: =IFERROR(AVERAGE(P83,U83,Z83,AE83,AJ83,AO83,AT83),"-") -> 4 | J83: =IFERROR(AVERAGE(Q83,V83,AA83,AF83,AK83,AP83,AU83),"-") -> 3115.181 | K83: =IFERROR(AVERAGE(R83,W83,AB83,AG83,AL83,AQ83,AV83),"-") -> 778.79524 | M83: =RANK(K83, K$77:$K$106) -> 16 | P83: 4 | Q83: 3176.25 | R83: 794.0625 | S83: =RANK(R83, R$77:R$106) -> 14 | U83: 4 | V83: 3030 | W83: 757.5 | X83: =RANK(W83, W$77:W$106) -> 17 | Z83: 4 | AA83: 3018.75 | AB83: 754.6875 | AC83: =RANK(AB83, AB$77:AB$106) -> 17 | AE83: 4 | AF83: 3018.4615 | AG83: 754.61538 | AH83: =RANK(AG83, AG$77:AG$106) -> 17 | AJ83: 4 | AK83: 3289.0909 | AL83: 822.27273 | AM83: =RANK(AL83, AL$77:AL$106) -> 14 | AO83: 4 | AP83: 3128 | AQ83: 782 | AR83: =RANK(AQ83, AQ$77:AQ$106) -> 15 | AT83: 4 | AU83: 3145.7143 | AV83: 786.42857 | AW83: =RANK(AV83, AV$77:AV$106) -> 15 | AZ83: =RANK(AY83, AY$77:AY$106) -> #N/A
C84: 8 | D84: 明太子龍蝦風味沙拉飯糰 | E84: 3 | F84: 3200 | G84: 1066.6667 | I84: =IFERROR(AVERAGE(P84,U84,Z84,AE84,AJ84,AO84,AT84),"-") -> 3 | J84: =IFERROR(AVERAGE(Q84,V84,AA84,AF84,AK84,AP84,AU84),"-") -> 3198.4728 | K84: =IFERROR(AVERAGE(R84,W84,AB84,AG84,AL84,AQ84,AV84),"-") -> 1066.1576 | M84: =RANK(K84, K$77:$K$106) -> 2 | P84: 3 | Q84: 3153.75 | R84: 1051.25 | S84: =RANK(R84, R$77:R$106) -> 6 | U84: 3 | V84: 3201.2903 | W84: 1067.0968 | X84: =RANK(W84, W$77:W$106) -> 1 | Z84: 3 | AA84: 3190 | AB84: 1063.3333 | AC84: =RANK(AB84, AB$77:AB$106) -> 3 | AE84: 3 | AF84: 3170.7692 | AG84: 1056.9231 | AH84: =RANK(AG84, AG$77:AG$106) -> 4 | AJ84: 3 | AK84: 3317.5 | AL84: 1105.8333 | AM84: =RANK(AL84, AL$77:AL$106) -> 2 | AO84: 3 | AP84: 3168 | AQ84: 1056 | AR84: =RANK(AQ84, AQ$77:AQ$106) -> 3 | AT84: 3 | AU84: 3188 | AV84: 1062.6667 | AW84: =RANK(AV84, AV$77:AV$106) -> 2 | AZ84: =RANK(AY84, AY$77:AY$106) -> #N/A
C85: 9 | D85: 鹽蔥燒肉飯糰 | E85: 3 | F85: 2800 | G85: 933.33333 | I85: =IFERROR(AVERAGE(P85,U85,Z85,AE85,AJ85,AO85,AT85),"-") -> 3 | J85: =IFERROR(AVERAGE(Q85,V85,AA85,AF85,AK85,AP85,AU85),"-") -> 3180.1872 | K85: =IFERROR(AVERAGE(R85,W85,AB85,AG85,AL85,AQ85,AV85),"-") -> 1060.0624 | M85: =RANK(K85, K$77:$K$106) -> 5 | P85: 3 | Q85: 3152.5714 | R85: 1050.8571 | S85: =RANK(R85, R$77:R$106) -> 8 | U85: 3 | V85: 3114.7059 | W85: 1038.2353 | X85: =RANK(W85, W$77:W$106) -> 8 | Z85: 3 | AA85: 3176.25 | AB85: 1058.75 | AC85: =RANK(AB85, AB$77:AB$106) -> 5 | AE85: 3 | AF85: 3193.3333 | AG85: 1064.4444 | AH85: =RANK(AG85, AG$77:AG$106) -> 2 | AJ85: 3 | AK85: 3283.2 | AL85: 1094.4 | AM85: =RANK(AL85, AL$77:AL$106) -> 4 | AO85: 3 | AP85: 3165 | AQ85: 1055 | AR85: =RANK(AQ85, AQ$77:AQ$106) -> 4 | AT85: 3 | AU85: 3176.25 | AV85: 1058.75 | AW85: =RANK(AV85, AV$77:AV$106) -> 4 | AZ85: =RANK(AY85, AY$77:AY$106) -> #N/A
C86: 10 | D86: 雞肉飯飯糰 | E86: 4 | F86: 2800 | G86: 700 | I86: =IFERROR(AVERAGE(P86,U86,Z86,AE86,AJ86,AO86,AT86),"-") -> 4 | J86: =IFERROR(AVERAGE(Q86,V86,AA86,AF86,AK86,AP86,AU86),"-") -> 3174.5465 | K86: =IFERROR(AVERAGE(R86,W86,AB86,AG86,AL86,AQ86,AV86),"-") -> 793.63663 | M86: =RANK(K86, K$77:$K$106) -> 14 | P86: 4 | Q86: 3195.2542 | R86: 798.81356 | S86: =RANK(R86, R$77:R$106) -> 13 | U86: 4 | V86: 3148.4746 | W86: 787.11864 | X86: =RANK(W86, W$77:W$106) -> 15 | Z86: 4 | AA86: 3168.4211 | AB86: 792.10526 | AC86: =RANK(AB86, AB$77:AB$106) -> 13 | AE86: 4 | AF86: 3171.25 | AG86: 792.8125 | AH86: =RANK(AG86, AG$77:AG$106) -> 14 | AJ86: 4 | AK86: 3207.3913 | AL86: 801.84783 | AM86: =RANK(AL86, AL$77:AL$106) -> 18 | AO86: 4 | AP86: 3162.4138 | AQ86: 790.60345 | AR86: =RANK(AQ86, AQ$77:AQ$106) -> 14 | AT86: 4 | AU86: 3168.6207 | AV86: 792.15517 | AW86: =RANK(AV86, AV$77:AV$106) -> 13 | AZ86: =RANK(AY86, AY$77:AY$106) -> #N/A
C87: 11 | D87: 碳烤燒肉飯飯糰(區) | E87: 4 | F87: 2800 | G87: 700 | I87: =IFERROR(AVERAGE(P87,U87,Z87,AE87,AJ87,AO87,AT87),"-") -> 4 | J87: =IFERROR(AVERAGE(Q87,V87,AA87,AF87,AK87,AP87,AU87),"-") -> 2794.0551 | K87: =IFERROR(AVERAGE(R87,W87,AB87,AG87,AL87,AQ87,AV87),"-") -> 698.51377 | M87: =RANK(K87, K$77:$K$106) -> 20 | P87: 4 | Q87: 2778.8571 | R87: 694.71429 | S87: =RANK(R87, R$77:R$106) -> 21 | U87: 4 | V87: 2786.9565 | W87: 696.73913 | X87: =RANK(W87, W$77:W$106) -> 20 | Z87: 4 | AA87: 2795.4545 | AB87: 698.86364 | AC87: =RANK(AB87, AB$77:AB$106) -> 20 | AE87: 4 | AF87: 2758.9474 | AG87: 689.73684 | AH87: =RANK(AG87, AG$77:AG$106) -> 20 | AJ87: 4 | AK87: 2841.1111 | AL87: 710.27778 | AM87: =RANK(AL87, AL$77:AL$106) -> 22 | AO87: 4 | AP87: 2800 | AQ87: 700 | AR87: =RANK(AQ87, AQ$77:AQ$106) -> 20 | AT87: 4 | AU87: 2797.0588 | AV87: 699.26471 | AW87: =RANK(AV87, AV$77:AV$106) -> 19 | AZ87: =RANK(AY87, AY$77:AY$106) -> #N/A
C88: 12 | D88: 二配芝麻香鬆飯糰 | E88: 4 | F88: 2800 | G88: 700 | I88: =IFERROR(AVERAGE(P88,U88,Z88,AE88,AJ88,AO88,AT88),"-") -> 4 | J88: =IFERROR(AVERAGE(Q88,V88,AA88,AF88,AK88,AP88,AU88),"-") -> 2793.3429 | K88: =IFERROR(AVERAGE(R88,W88,AB88,AG88,AL88,AQ88,AV88),"-") -> 698.33571 | M88: =RANK(K88, K$77:$K$106) -> 21 | P88: 4 | Q88: 2810.4 | R88: 702.6 | S88: =RANK(R88, R$77:R$106) -> 20 | U88: 4 | V88: 2695.2 | W88: 673.8 | X88: =RANK(W88, W$77:W$106) -> 22 | Z88: 4 | AA88: 2649.6 | AB88: 662.4 | AC88: =RANK(AB88, AB$77:AB$106) -> 22 | AE88: 4 | AF88: 2874 | AG88: 718.5 | AH88: =RANK(AG88, AG$77:AG$106) -> 19 | AJ88: 4 | AK88: 3045 | AL88: 761.25 | AM88: =RANK(AL88, AL$77:AL$106) -> 19 | AO88: 4 | AP88: 2690.4 | AQ88: 672.6 | AR88: =RANK(AQ88, AQ$77:AQ$106) -> 22 | AT88: 4 | AU88: 2788.8 | AV88: 697.2 | AW88: =RANK(AV88, AV$77:AV$106) -> 20 | AZ88: =RANK(AY88, AY$77:AY$106) -> #N/A
C89: 13 | D89: 二配三杯醬爆菇菇飯糰 | E89: 3 | F89: 2800 | G89: 933.33333 | I89: =IFERROR(AVERAGE(P89,U89,Z89,AE89,AJ89,AO89,AT89),"-") -> 3 | J89: =IFERROR(AVERAGE(Q89,V89,AA89,AF89,AK89,AP89,AU89),"-") -> 3037.0857 | K89: =IFERROR(AVERAGE(R89,W89,AB89,AG89,AL89,AQ89,AV89),"-") -> 1012.3619 | M89: =RANK(K89, K$77:$K$106) -> 9 | P89: 3 | Q89: 3240 | R89: 1080 | S89: =RANK(R89, R$77:R$106) -> 2 | U89: 3 | V89: 2826 | W89: 942 | X89: =RANK(W89, W$77:W$106) -> 11 | Z89: 3 | AA89: 2838 | AB89: 946 | AC89: =RANK(AB89, AB$77:AB$106) -> 11 | AE89: 3 | AF89: 3132 | AG89: 1044 | AH89: =RANK(AG89, AG$77:AG$106) -> 7 | AJ89: 3 | AK89: 3249.6 | AL89: 1083.2 | AM89: =RANK(AL89, AL$77:AL$106) -> 7 | AO89: 3 | AP89: 3010 | AQ89: 1003.3333 | AR89: =RANK(AQ89, AQ$77:AQ$106) -> 9 | AT89: 3 | AU89: 2964 | AV89: 988 | AW89: =RANK(AV89, AV$77:AV$106) -> 10 | AZ89: =RANK(AY89, AY$77:AY$106) -> #N/A
... C100: 24 | D100: 明太子生鮭飯糰(區) | E100: 3 | F100: 3200 | G100: 1066.6667 | I100: =IFERROR(AVERAGE(P100,U100,Z100,AE100,AJ100,AO100,AT100),"-") -> 3 | J100: =IFERROR(AVERAGE(Q100,V100,AA100,AF100,AK100,AP100,AU100),"-") -> 2981.2742 | K100: =IFERROR(AVERAGE(R100,W100,AB100,AG100,AL100,AQ100,AV100),"-") -> 993.75808 | M100: =RANK(K100, K$77:$K$106) -> 11 | P100: 3 | Q100: 2970.4615 | R100: 990.15385 | S100: =RANK(R100, R$77:R$106) -> 10 | U100: 3 | V100: 2959.3548 | W100: 986.45161 | X100: =RANK(W100, W$77:W$106) -> 10 | Z100: 3 | AA100: 2994.6429 | AB100: 998.21429 | AC100: =RANK(AB100, AB$77:AB$106) -> 10 | AE100: 3 | AF100: 2943.8298 | AG100: 981.2766 | AH100: =RANK(AG100, AG$77:AG$106) -> 11 | AJ100: 3 | AK100: 3042.8571 | AL100: 1014.2857 | AM100: =RANK(AL100, AL$77:AL$106) -> 11 | AO100: 3 | AP100: 2963.7736 | AQ100: 987.92453 | AR100: =RANK(AQ100, AQ$77:AQ$106) -> 10 | AT100: 3 | AU100: 2994 | AV100: 998 | AW100: =RANK(AV100, AV$77:AV$106) -> 9 | AZ100: =RANK(AY100, AY$77:AY$106) -> #N/A
C101: 25 | I101: =IFERROR(AVERAGE(P101,U101,Z101,AE101,AJ101,AO101,AT101),"-") -> - | J101: =IFERROR(AVERAGE(Q101,V101,AA101,AF101,AK101,AP101,AU101),"-") -> - | K101: =IFERROR(AVERAGE(R101,W101,AB101,AG101,AL101,AQ101,AV101),"-") -> - | M101: =RANK(K101, K$77:$K$106) -> #VALUE! | S101: =RANK(R101, R$77:R$106) -> #N/A | X101: =RANK(W101, W$77:W$106) -> #N/A | AC101: =RANK(AB101, AB$77:AB$106) -> #N/A | AH101: =RANK(AG101, AG$77:AG$106) -> #N/A | AM101: =RANK(AL101, AL$77:AL$106) -> #N/A | AR101: =RANK(AQ101, AQ$77:AQ$106) -> #N/A | AW101: =RANK(AV101, AV$77:AV$106) -> #N/A | AZ101: =RANK(AY101, AY$77:AY$106) -> #N/A
C102: 26 | I102: =IFERROR(AVERAGE(P102,U102,Z102,AE102,AJ102,AO102,AT102),"-") -> - | J102: =IFERROR(AVERAGE(Q102,V102,AA102,AF102,AK102,AP102,AU102),"-") -> - | K102: =IFERROR(AVERAGE(R102,W102,AB102,AG102,AL102,AQ102,AV102),"-") -> - | M102: =RANK(K102, K$77:$K$106) -> #VALUE! | S102: =RANK(R102, R$77:R$106) -> #N/A | X102: =RANK(W102, W$77:W$106) -> #N/A | AC102: =RANK(AB102, AB$77:AB$106) -> #N/A | AH102: =RANK(AG102, AG$77:AG$106) -> #N/A | AM102: =RANK(AL102, AL$77:AL$106) -> #N/A | AR102: =RANK(AQ102, AQ$77:AQ$106) -> #N/A | AW102: =RANK(AV102, AV$77:AV$106) -> #N/A | AZ102: =RANK(AY102, AY$77:AY$106) -> #N/A
C103: 27 | I103: =IFERROR(AVERAGE(P103,U103,Z103,AE103,AJ103,AO103,AT103),"-") -> - | J103: =IFERROR(AVERAGE(Q103,V103,AA103,AF103,AK103,AP103,AU103),"-") -> - | K103: =IFERROR(AVERAGE(R103,W103,AB103,AG103,AL103,AQ103,AV103),"-") -> - | M103: =RANK(K103, K$77:$K$106) -> #VALUE! | S103: =RANK(R103, R$77:R$106) -> #N/A | X103: =RANK(W103, W$77:W$106) -> #N/A | AC103: =RANK(AB103, AB$77:AB$106) -> #N/A | AH103: =RANK(AG103, AG$77:AG$106) -> #N/A | AM103: =RANK(AL103, AL$77:AL$106) -> #N/A | AR103: =RANK(AQ103, AQ$77:AQ$106) -> #N/A | AW103: =RANK(AV103, AV$77:AV$106) -> #N/A | AZ103: =RANK(AY103, AY$77:AY$106) -> #N/A
C104: 28 | I104: =IFERROR(AVERAGE(P104,U104,Z104,AE104,AJ104,AO104,AT104),"-") -> - | J104: =IFERROR(AVERAGE(Q104,V104,AA104,AF104,AK104,AP104,AU104),"-") -> - | K104: =IFERROR(AVERAGE(R104,W104,AB104,AG104,AL104,AQ104,AV104),"-") -> - | M104: =RANK(K104, K$77:$K$106) -> #VALUE! | S104: =RANK(R104, R$77:R$106) -> #N/A | X104: =RANK(W104, W$77:W$106) -> #N/A | AC104: =RANK(AB104, AB$77:AB$106) -> #N/A | AH104: =RANK(AG104, AG$77:AG$106) -> #N/A | AM104: =RANK(AL104, AL$77:AL$106) -> #N/A | AR104: =RANK(AQ104, AQ$77:AQ$106) -> #N/A | AW104: =RANK(AV104, AV$77:AV$106) -> #N/A | AZ104: =RANK(AY104, AY$77:AY$106) -> #N/A
C105: 29 | I105: =IFERROR(AVERAGE(P105,U105,Z105,AE105,AJ105,AO105,AT105),"-") -> - | J105: =IFERROR(AVERAGE(Q105,V105,AA105,AF105,AK105,AP105,AU105),"-") -> - | K105: =IFERROR(AVERAGE(R105,W105,AB105,AG105,AL105,AQ105,AV105),"-") -> - | M105: =RANK(K105, K$77:$K$106) -> #VALUE! | S105: =RANK(R105, R$77:R$106) -> #N/A | X105: =RANK(W105, W$77:W$106) -> #N/A | AC105: =RANK(AB105, AB$77:AB$106) -> #N/A | AH105: =RANK(AG105, AG$77:AG$106) -> #N/A | AM105: =RANK(AL105, AL$77:AL$106) -> #N/A | AR105: =RANK(AQ105, AQ$77:AQ$106) -> #N/A | AW105: =RANK(AV105, AV$77:AV$106) -> #N/A | AZ105: =RANK(AY105, AY$77:AY$106) -> #N/A
C106: 30 | I106: =IFERROR(AVERAGE(P106,U106,Z106,AE106,AJ106,AO106,AT106),"-") -> - | J106: =IFERROR(AVERAGE(Q106,V106,AA106,AF106,AK106,AP106,AU106),"-") -> - | K106: =IFERROR(AVERAGE(R106,W106,AB106,AG106,AL106,AQ106,AV106),"-") -> - | M106: =RANK(K106, K$77:$K$106) -> #VALUE! | S106: =RANK(R106, R$77:R$106) -> #N/A | X106: =RANK(W106, W$77:W$106) -> #N/A | AC106: =RANK(AB106, AB$77:AB$106) -> #N/A | AH106: =RANK(AG106, AG$77:AG$106) -> #N/A | AM106: =RANK(AL106, AL$77:AL$106) -> #N/A | AR106: =RANK(AQ106, AQ$77:AQ$106) -> #N/A | AW106: =RANK(AV106, AV$77:AV$106) -> #N/A | AZ106: =RANK(AY106, AY$77:AY$106) -> #N/A
B107: 產線配置圖－每週更新 | N107: 資料繳交 | O107: 日期 | P107: =P72+7 -> 46189 | U107: =P107+1 -> 46190 | Z107: =U107+1 -> 46191 | AE107: =Z107+1 -> 46192 | AJ107: =AE107+1 -> 46193 | AO107: =AJ107+1 -> 46194 | AT107: =AO107+1 -> 46195
P108: 二 | U108: 三 | Z108: 四 | AE108: 五 | AJ108: 六 | AO108: 日 | AT108: 一
B109: 品群 | C109: 商品名稱 | E109: 計畫 | H109: 平均人時性 | I109: 實績 | L109: 平均人時性 | M109: 排名 | O109: 日報 | P109: 實際 | T109: 平均人時性 | U109: 實際 | Y109: 平均人時性 | Z109: 實際 | AD109: 平均人時性 | AE109: 實際 | AI109: 平均人時性 | AJ109: 實際 | AN109: 平均人時性 | AO109: 實際 | AS109: 平均人時性 | AT109: 實際 | AX109: 平均人時性 | BA109: 平均人時性
E110: 產線配置圖 | I110: 產線配置圖 | P110: 生產實績 | U110: 生產實績 | Z110: 生產實績 | AE110: 生產實績 | AJ110: 生產實績 | AO110: 生產實績 | AT110: 生產實績
E111: 人數 | F111: 產能／時 | G111: 人時性 | I111: 人數 | J111: 產能／時 | K111: 人時性 | P111: 人數 | Q111: 產能／時 | R111: 人時性 | S111: 排名 | U111: 人數 | V111: 產能／時 | W111: 人時性 | X111: 排名 | Z111: 人數 | AA111: 產能／時 | AB111: 人時性 | AC111: 排名 | AE111: 人數 | AF111: 產能／時 | AG111: 人時性 | AH111: 排名 | AJ111: 人數 | AK111: 產能／時 | AL111: 人時性 | AM111: 排名 | AO111: 人數 | AP111: 產能／時 | AQ111: 人時性 | AR111: 排名 | AT111: 人數 | AU111: 產能／時 | AV111: 人時性 | AW111: 排名 | AZ111: 排名
B112: 18℃-飯糰 | C112: 1 | H112: =AVERAGE(G112:G141) -> #DIV/0! | I112: =IFERROR(AVERAGE(P112,U112,Z112,AE112,AJ112,AO112,AT112),"-") -> - | J112: =IFERROR(AVERAGE(Q112,V112,AA112,AF112,AK112,AP112,AU112),"-") -> - | K112: =IFERROR(AVERAGE(R112,W112,AB112,AG112,AL112,AQ112,AV112),"-") -> - | L112: =IFERROR(AVERAGE(K112:K141),"-") -> - | M112: =RANK(K112, K$112:$K$141) -> #VALUE! | AZ112: =RANK(AY112, AY$112:AY$141) -> #N/A | BA112: =AVERAGE(AY112:AY141) -> #DIV/0!
C113: 2 | I113: =IFERROR(AVERAGE(P113,U113,Z113,AE113,AJ113,AO113,AT113),"-") -> - | J113: =IFERROR(AVERAGE(Q113,V113,AA113,AF113,AK113,AP113,AU113),"-") -> - | K113: =IFERROR(AVERAGE(R113,W113,AB113,AG113,AL113,AQ113,AV113),"-") -> - | M113: =RANK(K113, K$112:$K$141) -> #VALUE! | AZ113: =RANK(AY113, AY$112:AY$141) -> #N/A
C114: 3 | I114: =IFERROR(AVERAGE(P114,U114,Z114,AE114,AJ114,AO114,AT114),"-") -> - | J114: =IFERROR(AVERAGE(Q114,V114,AA114,AF114,AK114,AP114,AU114),"-") -> - | K114: =IFERROR(AVERAGE(R114,W114,AB114,AG114,AL114,AQ114,AV114),"-") -> - | M114: =RANK(K114, K$112:$K$141) -> #VALUE! | AZ114: =RANK(AY114, AY$112:AY$141) -> #N/A
C115: 4 | I115: =IFERROR(AVERAGE(P115,U115,Z115,AE115,AJ115,AO115,AT115),"-") -> - | J115: =IFERROR(AVERAGE(Q115,V115,AA115,AF115,AK115,AP115,AU115),"-") -> - | K115: =IFERROR(AVERAGE(R115,W115,AB115,AG115,AL115,AQ115,AV115),"-") -> - | M115: =RANK(K115, K$112:$K$141) -> #VALUE! | AZ115: =RANK(AY115, AY$112:AY$141) -> #N/A
C116: 5 | I116: =IFERROR(AVERAGE(P116,U116,Z116,AE116,AJ116,AO116,AT116),"-") -> - | J116: =IFERROR(AVERAGE(Q116,V116,AA116,AF116,AK116,AP116,AU116),"-") -> - | K116: =IFERROR(AVERAGE(R116,W116,AB116,AG116,AL116,AQ116,AV116),"-") -> - | M116: =RANK(K116, K$112:$K$141) -> #VALUE! | AZ116: =RANK(AY116, AY$112:AY$141) -> #N/A
C117: 6 | I117: =IFERROR(AVERAGE(P117,U117,Z117,AE117,AJ117,AO117,AT117),"-") -> - | J117: =IFERROR(AVERAGE(Q117,V117,AA117,AF117,AK117,AP117,AU117),"-") -> - | K117: =IFERROR(AVERAGE(R117,W117,AB117,AG117,AL117,AQ117,AV117),"-") -> - | M117: =RANK(K117, K$112:$K$141) -> #VALUE! | AZ117: =RANK(AY117, AY$112:AY$141) -> #N/A
C118: 7 | I118: =IFERROR(AVERAGE(P118,U118,Z118,AE118,AJ118,AO118,AT118),"-") -> - | J118: =IFERROR(AVERAGE(Q118,V118,AA118,AF118,AK118,AP118,AU118),"-") -> - | K118: =IFERROR(AVERAGE(R118,W118,AB118,AG118,AL118,AQ118,AV118),"-") -> - | M118: =RANK(K118, K$112:$K$141) -> #VALUE! | AZ118: =RANK(AY118, AY$112:AY$141) -> #N/A
C119: 8 | I119: =IFERROR(AVERAGE(P119,U119,Z119,AE119,AJ119,AO119,AT119),"-") -> - | J119: =IFERROR(AVERAGE(Q119,V119,AA119,AF119,AK119,AP119,AU119),"-") -> - | K119: =IFERROR(AVERAGE(R119,W119,AB119,AG119,AL119,AQ119,AV119),"-") -> - | M119: =RANK(K119, K$112:$K$141) -> #VALUE! | AZ119: =RANK(AY119, AY$112:AY$141) -> #N/A
C120: 9 | I120: =IFERROR(AVERAGE(P120,U120,Z120,AE120,AJ120,AO120,AT120),"-") -> - | J120: =IFERROR(AVERAGE(Q120,V120,AA120,AF120,AK120,AP120,AU120),"-") -> - | K120: =IFERROR(AVERAGE(R120,W120,AB120,AG120,AL120,AQ120,AV120),"-") -> - | M120: =RANK(K120, K$112:$K$141) -> #VALUE! | AZ120: =RANK(AY120, AY$112:AY$141) -> #N/A
C121: 10 | I121: =IFERROR(AVERAGE(P121,U121,Z121,AE121,AJ121,AO121,AT121),"-") -> - | J121: =IFERROR(AVERAGE(Q121,V121,AA121,AF121,AK121,AP121,AU121),"-") -> - | K121: =IFERROR(AVERAGE(R121,W121,AB121,AG121,AL121,AQ121,AV121),"-") -> - | M121: =RANK(K121, K$112:$K$141) -> #VALUE! | AZ121: =RANK(AY121, AY$112:AY$141) -> #N/A
C122: 11 | I122: =IFERROR(AVERAGE(P122,U122,Z122,AE122,AJ122,AO122,AT122),"-") -> - | J122: =IFERROR(AVERAGE(Q122,V122,AA122,AF122,AK122,AP122,AU122),"-") -> - | K122: =IFERROR(AVERAGE(R122,W122,AB122,AG122,AL122,AQ122,AV122),"-") -> - | M122: =RANK(K122, K$112:$K$141) -> #VALUE! | AZ122: =RANK(AY122, AY$112:AY$141) -> #N/A
C123: 12 | I123: =IFERROR(AVERAGE(P123,U123,Z123,AE123,AJ123,AO123,AT123),"-") -> - | J123: =IFERROR(AVERAGE(Q123,V123,AA123,AF123,AK123,AP123,AU123),"-") -> - | K123: =IFERROR(AVERAGE(R123,W123,AB123,AG123,AL123,AQ123,AV123),"-") -> - | M123: =RANK(K123, K$112:$K$141) -> #VALUE! | AZ123: =RANK(AY123, AY$112:AY$141) -> #N/A
C124: 13 | I124: =IFERROR(AVERAGE(P124,U124,Z124,AE124,AJ124,AO124,AT124),"-") -> - | J124: =IFERROR(AVERAGE(Q124,V124,AA124,AF124,AK124,AP124,AU124),"-") -> - | K124: =IFERROR(AVERAGE(R124,W124,AB124,AG124,AL124,AQ124,AV124),"-") -> - | M124: =RANK(K124, K$112:$K$141) -> #VALUE! | AZ124: =RANK(AY124, AY$112:AY$141) -> #N/A
... C141: 30 | I141: =IFERROR(AVERAGE(P141,U141,Z141,AE141,AJ141,AO141,AT141),"-") -> - | J141: =IFERROR(AVERAGE(Q141,V141,AA141,AF141,AK141,AP141,AU141),"-") -> - | K141: =IFERROR(AVERAGE(R141,W141,AB141,AG141,AL141,AQ141,AV141),"-") -> - | M141: =RANK(K141, K$112:$K$141) -> #VALUE! | AZ141: =RANK(AY141, AY$112:AY$141) -> #N/A
B142: 產線配置圖－每週更新 | N142: 資料繳交 | O142: 日期 | P142: =P107+7 -> 46196 | U142: =P142+1 -> 46197 | Z142: =U142+1 -> 46198 | AE142: =Z142+1 -> 46199 | AJ142: =AE142+1 -> 46200 | AO142: =AJ142+1 -> 46201 | AT142: =AO142+1 -> 46202
...

Sheet （５-2）品群別人時生產性（18-壽司手卷)
B1: 月平均人時性 | C1: =AVERAGE(L7,L27,L47,L87,L87,L107) -> 145.48598
B2: 產線配置圖－每週更新 | N2: 資料繳交 | O2: 日期 | P2: 46168 | U2: 46168 | Z2: =U2+1 -> 46169 | AE2: =Z2+1 -> 46170 | AJ2: =AE2+1 -> 46171 | AO2: =AJ2+1 -> 46172 | AT2: =AO2+1 -> 46173
P3: 二 | U3: 三 | Z3: 四 | AE3: 五 | AJ3: 六 | AO3: 日 | AT3: 一
B4: 品群 | C4: 商品名稱 | E4: 計畫 | H4: 平均人時性 | I4: 實績 | L4: 平均人時性 | M4: 排名 | O4: 日報 | P4: 實際 | T4: 平均人時性 | U4: 實際 | Y4: 平均人時性 | Z4: 實際 | AD4: 平均人時性 | AE4: 實際 | AI4: 平均人時性 | AJ4: 實際 | AN4: 平均人時性 | AO4: 實際 | AS4: 平均人時性 | AT4: 實際 | AX4: 平均人時性 | BA4: 平均人時性
E5: 產線配置圖 | I5: 產線配置圖 | P5: 生產實績 | U5: 生產實績 | Z5: 生產實績 | AE5: 生產實績 | AJ5: 生產實績 | AO5: 生產實績 | AT5: 生產實績
E6: 人數 | F6: 產能／時 | G6: 人時性 | I6: 人數 | J6: 產能／時 | K6: 人時性 | P6: 人數 | Q6: 產能／時 | R6: 人時性 | S6: 排名 | U6: 人數 | V6: 產能／時 | W6: 人時性 | X6: 排名 | Z6: 人數 | AA6: 產能／時 | AB6: 人時性 | AC6: 排名 | AE6: 人數 | AF6: 產能／時 | AG6: 人時性 | AH6: 排名 | AJ6: 人數 | AK6: 產能／時 | AL6: 人時性 | AM6: 排名 | AO6: 人數 | AP6: 產能／時 | AQ6: 人時性 | AR6: 排名 | AT6: 人數 | AU6: 產能／時 | AV6: 人時性 | AW6: 排名 | AZ6: 排名
B7: 18℃-壽司手卷 | C7: 1 | D7: 長野稻荷壽司 | E7: 10 | F7: 1500 | G7: 150 | H7: =AVERAGE(G7:G21) -> 130 | I7: =IFERROR(AVERAGE(P7,U7,Z7,AE7,AJ7,AO7,AT7),"-") -> 10 | J7: =IFERROR(AVERAGE(Q7,V7,AA7,AF7,AK7,AP7,AU7),"-") -> 1517.8449 | K7: =IFERROR(AVERAGE(R7,W7,AB7,AG7,AL7,AQ7,AV7),"-") -> 151.78449 | L7: =IFERROR(AVERAGE(K7:K21),"-") -> 151.0866 | M7: =RANK(K7, K$7:$K$21) -> 1 | P7: 10 | Q7: 1578 | R7: 157.8 | S7: =RANK(R7, R$7:R$21) -> 1 | T7: =AVERAGE(R7:R21) -> 154.24881 | U7: 10 | V7: 1516 | W7: 151.6 | X7: =RANK(W7, W$7:W$21) -> 2 | Y7: =AVERAGE(W7:W21) -> 153.22381 | Z7: 10 | AA7: 1548 | AB7: 154.8 | AC7: =RANK(AB7, AB$7:AB$21) -> 1 | AD7: =AVERAGE(AB7:AB21) -> 143.45641 | AE7: 10 | AF7: 1603.2 | AG7: 160.32 | AH7: =RANK(AG7, AG$7:AG$21) -> 1 | AI7: =AVERAGE(AG7:AG21) -> 156.48915 | AJ7: 10 | AK7: 1386 | AL7: 138.6 | AM7: =RANK(AL7, AL$7:AL$21) -> 3 | AN7: =AVERAGE(AL7:AL21) -> 148.82393 | AO7: 10 | AP7: 1429.7143 | AQ7: 142.97143 | AR7: =RANK(AQ7, AQ$7:AQ$21) -> 3 | AS7: =AVERAGE(AQ7:AQ21) -> 148.34742 | AT7: 10 | AU7: 1564 | AV7: 156.4 | AW7: =RANK(AV7, AV$7:AV$21) -> 1 | AX7: =AVERAGE(AV7:AV21) -> 153.01667 | AZ7: =RANK(AY7, AY$7:AY$21) -> #N/A | BA7: =AVERAGE(AY7:AY21) -> #DIV/0!
C8: 2 | D8: 鮭鮪海饌雙手卷 | E8: 15 | F8: 1800 | G8: 120 | I8: =IFERROR(AVERAGE(P8,U8,Z8,AE8,AJ8,AO8,AT8),"-") -> 12.142857 | J8: =IFERROR(AVERAGE(Q8,V8,AA8,AF8,AK8,AP8,AU8),"-") -> 1822.8544 | K8: =IFERROR(AVERAGE(R8,W8,AB8,AG8,AL8,AQ8,AV8),"-") -> 150.26717 | M8: =RANK(K8, K$7:$K$21) -> 3 | P8: 12 | Q8: 1786.5 | R8: 148.875 | S8: =RANK(R8, R$7:R$21) -> 3 | U8: 12 | V8: 1818 | W8: 151.5 | X8: =RANK(W8, W$7:W$21) -> 3 | Z8: 13 | AA8: 1788 | AB8: 137.53846 | AC8: =RANK(AB8, AB$7:AB$21) -> 3 | AE8: 12 | AF8: 1850.7692 | AG8: 154.23077 | AH8: =RANK(AG8, AG$7:AG$21) -> 3 | AJ8: 12 | AK8: 1854.4615 | AL8: 154.53846 | AM8: =RANK(AL8, AL$7:AL$21) -> 1 | AO8: 12 | AP8: 1835.25 | AQ8: 152.9375 | AR8: =RANK(AQ8, AQ$7:AQ$21) -> 1 | AT8: 12 | AU8: 1827 | AV8: 152.25 | AW8: =RANK(AV8, AV$7:AV$21) -> 2 | AZ8: =RANK(AY8, AY$7:AY$21) -> #N/A
C9: 3 | D9: 經典人氣雙手卷 | E9: 15 | F9: 1800 | G9: 120 | I9: =IFERROR(AVERAGE(P9,U9,Z9,AE9,AJ9,AO9,AT9),"-") -> 12.142857 | J9: =IFERROR(AVERAGE(Q9,V9,AA9,AF9,AK9,AP9,AU9),"-") -> 1834.2163 | K9: =IFERROR(AVERAGE(R9,W9,AB9,AG9,AL9,AQ9,AV9),"-") -> 151.20814 | M9: =RANK(K9, K$7:$K$21) -> 2 | P9: 12 | Q9: 1872.8571 | R9: 156.07143 | S9: =RANK(R9, R$7:R$21) -> 2 | U9: 12 | V9: 1878.8571 | W9: 156.57143 | X9: =RANK(W9, W$7:W$21) -> 1 | Z9: 13 | AA9: 1794.4 | AB9: 138.03077 | AC9: =RANK(AB9, AB$7:AB$21) -> 2 | AE9: 12 | AF9: 1859 | AG9: 154.91667 | AH9: =RANK(AG9, AG$7:AG$21) -> 2 | AJ9: 12 | AK9: 1840 | AL9: 153.33333 | AM9: =RANK(AL9, AL$7:AL$21) -> 2 | AO9: 12 | AP9: 1789.6 | AQ9: 149.13333 | AR9: =RANK(AQ9, AQ$7:AQ$21) -> 2 | AT9: 12 | AU9: 1804.8 | AV9: 150.4 | AW9: =RANK(AV9, AV$7:AV$21) -> 3 | AZ9: =RANK(AY9, AY$7:AY$21) -> #N/A
C10: 4 | I10: =IFERROR(AVERAGE(P10,U10,Z10,AE10,AJ10,AO10,AT10),"-") -> - | J10: =IFERROR(AVERAGE(Q10,V10,AA10,AF10,AK10,AP10,AU10),"-") -> - | K10: =IFERROR(AVERAGE(R10,W10,AB10,AG10,AL10,AQ10,AV10),"-") -> - | M10: =RANK(K10, K$7:$K$21) -> #VALUE! | S10: =RANK(R10, R$7:R$21) -> #N/A | X10: =RANK(W10, W$7:W$21) -> #N/A | AC10: =RANK(AB10, AB$7:AB$21) -> #N/A | AH10: =RANK(AG10, AG$7:AG$21) -> #N/A | AM10: =RANK(AL10, AL$7:AL$21) -> #N/A | AR10: =RANK(AQ10, AQ$7:AQ$21) -> #N/A | AW10: =RANK(AV10, AV$7:AV$21) -> #N/A | AZ10: =RANK(AY10, AY$7:AY$21) -> #N/A
C11: 5 | I11: =IFERROR(AVERAGE(P11,U11,Z11,AE11,AJ11,AO11,AT11),"-") -> - | J11: =IFERROR(AVERAGE(Q11,V11,AA11,AF11,AK11,AP11,AU11),"-") -> - | K11: =IFERROR(AVERAGE(R11,W11,AB11,AG11,AL11,AQ11,AV11),"-") -> - | M11: =RANK(K11, K$7:$K$21) -> #VALUE! | S11: =RANK(R11, R$7:R$21) -> #N/A | X11: =RANK(W11, W$7:W$21) -> #N/A | AC11: =RANK(AB11, AB$7:AB$21) -> #N/A | AH11: =RANK(AG11, AG$7:AG$21) -> #N/A | AM11: =RANK(AL11, AL$7:AL$21) -> #N/A | AR11: =RANK(AQ11, AQ$7:AQ$21) -> #N/A | AW11: =RANK(AV11, AV$7:AV$21) -> #N/A | AZ11: =RANK(AY11, AY$7:AY$21) -> #N/A
C12: 6 | I12: =IFERROR(AVERAGE(P12,U12,Z12,AE12,AJ12,AO12,AT12),"-") -> - | J12: =IFERROR(AVERAGE(Q12,V12,AA12,AF12,AK12,AP12,AU12),"-") -> - | K12: =IFERROR(AVERAGE(R12,W12,AB12,AG12,AL12,AQ12,AV12),"-") -> - | M12: =RANK(K12, K$7:$K$21) -> #VALUE! | S12: =RANK(R12, R$7:R$21) -> #N/A | X12: =RANK(W12, W$7:W$21) -> #N/A | AC12: =RANK(AB12, AB$7:AB$21) -> #N/A | AH12: =RANK(AG12, AG$7:AG$21) -> #N/A | AM12: =RANK(AL12, AL$7:AL$21) -> #N/A | AR12: =RANK(AQ12, AQ$7:AQ$21) -> #N/A | AW12: =RANK(AV12, AV$7:AV$21) -> #N/A | AZ12: =RANK(AY12, AY$7:AY$21) -> #N/A
C13: 7 | I13: =IFERROR(AVERAGE(P13,U13,Z13,AE13,AJ13,AO13,AT13),"-") -> - | J13: =IFERROR(AVERAGE(Q13,V13,AA13,AF13,AK13,AP13,AU13),"-") -> - | K13: =IFERROR(AVERAGE(R13,W13,AB13,AG13,AL13,AQ13,AV13),"-") -> - | M13: =RANK(K13, K$7:$K$21) -> #VALUE! | S13: =RANK(R13, R$7:R$21) -> #N/A | X13: =RANK(W13, W$7:W$21) -> #N/A | AC13: =RANK(AB13, AB$7:AB$21) -> #N/A | AH13: =RANK(AG13, AG$7:AG$21) -> #N/A | AM13: =RANK(AL13, AL$7:AL$21) -> #N/A | AR13: =RANK(AQ13, AQ$7:AQ$21) -> #N/A | AW13: =RANK(AV13, AV$7:AV$21) -> #N/A | AZ13: =RANK(AY13, AY$7:AY$21) -> #N/A
C14: 8 | I14: =IFERROR(AVERAGE(P14,U14,Z14,AE14,AJ14,AO14,AT14),"-") -> - | J14: =IFERROR(AVERAGE(Q14,V14,AA14,AF14,AK14,AP14,AU14),"-") -> - | K14: =IFERROR(AVERAGE(R14,W14,AB14,AG14,AL14,AQ14,AV14),"-") -> - | M14: =RANK(K14, K$7:$K$21) -> #VALUE! | S14: =RANK(R14, R$7:R$21) -> #N/A | X14: =RANK(W14, W$7:W$21) -> #N/A | AC14: =RANK(AB14, AB$7:AB$21) -> #N/A | AH14: =RANK(AG14, AG$7:AG$21) -> #N/A | AM14: =RANK(AL14, AL$7:AL$21) -> #N/A | AR14: =RANK(AQ14, AQ$7:AQ$21) -> #N/A | AW14: =RANK(AV14, AV$7:AV$21) -> #N/A | AZ14: =RANK(AY14, AY$7:AY$21) -> #N/A
C15: 9 | I15: =IFERROR(AVERAGE(P15,U15,Z15,AE15,AJ15,AO15,AT15),"-") -> - | J15: =IFERROR(AVERAGE(Q15,V15,AA15,AF15,AK15,AP15,AU15),"-") -> - | K15: =IFERROR(AVERAGE(R15,W15,AB15,AG15,AL15,AQ15,AV15),"-") -> - | M15: =RANK(K15, K$7:$K$21) -> #VALUE! | S15: =RANK(R15, R$7:R$21) -> #N/A | X15: =RANK(W15, W$7:W$21) -> #N/A | AC15: =RANK(AB15, AB$7:AB$21) -> #N/A | AH15: =RANK(AG15, AG$7:AG$21) -> #N/A | AM15: =RANK(AL15, AL$7:AL$21) -> #N/A | AR15: =RANK(AQ15, AQ$7:AQ$21) -> #N/A | AW15: =RANK(AV15, AV$7:AV$21) -> #N/A | AZ15: =RANK(AY15, AY$7:AY$21) -> #N/A
C16: 10 | I16: =IFERROR(AVERAGE(P16,U16,Z16,AE16,AJ16,AO16,AT16),"-") -> - | J16: =IFERROR(AVERAGE(Q16,V16,AA16,AF16,AK16,AP16,AU16),"-") -> - | K16: =IFERROR(AVERAGE(R16,W16,AB16,AG16,AL16,AQ16,AV16),"-") -> - | M16: =RANK(K16, K$7:$K$21) -> #VALUE! | S16: =RANK(R16, R$7:R$21) -> #N/A | X16: =RANK(W16, W$7:W$21) -> #N/A | AC16: =RANK(AB16, AB$7:AB$21) -> #N/A | AH16: =RANK(AG16, AG$7:AG$21) -> #N/A | AM16: =RANK(AL16, AL$7:AL$21) -> #N/A | AR16: =RANK(AQ16, AQ$7:AQ$21) -> #N/A | AW16: =RANK(AV16, AV$7:AV$21) -> #N/A | AZ16: =RANK(AY16, AY$7:AY$21) -> #N/A
C17: 11 | I17: =IFERROR(AVERAGE(P17,U17,Z17,AE17,AJ17,AO17,AT17),"-") -> - | J17: =IFERROR(AVERAGE(Q17,V17,AA17,AF17,AK17,AP17,AU17),"-") -> - | K17: =IFERROR(AVERAGE(R17,W17,AB17,AG17,AL17,AQ17,AV17),"-") -> - | M17: =RANK(K17, K$7:$K$21) -> #VALUE! | S17: =RANK(R17, R$7:R$21) -> #N/A | X17: =RANK(W17, W$7:W$21) -> #N/A | AC17: =RANK(AB17, AB$7:AB$21) -> #N/A | AH17: =RANK(AG17, AG$7:AG$21) -> #N/A | AM17: =RANK(AL17, AL$7:AL$21) -> #N/A | AR17: =RANK(AQ17, AQ$7:AQ$21) -> #N/A | AW17: =RANK(AV17, AV$7:AV$21) -> #N/A | AZ17: =RANK(AY17, AY$7:AY$21) -> #N/A
C18: 12 | I18: =IFERROR(AVERAGE(P18,U18,Z18,AE18,AJ18,AO18,AT18),"-") -> - | J18: =IFERROR(AVERAGE(Q18,V18,AA18,AF18,AK18,AP18,AU18),"-") -> - | K18: =IFERROR(AVERAGE(R18,W18,AB18,AG18,AL18,AQ18,AV18),"-") -> - | M18: =RANK(K18, K$7:$K$21) -> #VALUE! | S18: =RANK(R18, R$7:R$21) -> #N/A | X18: =RANK(W18, W$7:W$21) -> #N/A | AC18: =RANK(AB18, AB$7:AB$21) -> #N/A | AH18: =RANK(AG18, AG$7:AG$21) -> #N/A | AM18: =RANK(AL18, AL$7:AL$21) -> #N/A | AR18: =RANK(AQ18, AQ$7:AQ$21) -> #N/A | AW18: =RANK(AV18, AV$7:AV$21) -> #N/A | AZ18: =RANK(AY18, AY$7:AY$21) -> #N/A
C19: 13 | I19: =IFERROR(AVERAGE(P19,U19,Z19,AE19,AJ19,AO19,AT19),"-") -> - | J19: =IFERROR(AVERAGE(Q19,V19,AA19,AF19,AK19,AP19,AU19),"-") -> - | K19: =IFERROR(AVERAGE(R19,W19,AB19,AG19,AL19,AQ19,AV19),"-") -> - | M19: =RANK(K19, K$7:$K$21) -> #VALUE! | S19: =RANK(R19, R$7:R$21) -> #N/A | X19: =RANK(W19, W$7:W$21) -> #N/A | AC19: =RANK(AB19, AB$7:AB$21) -> #N/A | AH19: =RANK(AG19, AG$7:AG$21) -> #N/A | AM19: =RANK(AL19, AL$7:AL$21) -> #N/A | AR19: =RANK(AQ19, AQ$7:AQ$21) -> #N/A | AW19: =RANK(AV19, AV$7:AV$21) -> #N/A | AZ19: =RANK(AY19, AY$7:AY$21) -> #N/A
C20: 14 | I20: =IFERROR(AVERAGE(P20,U20,Z20,AE20,AJ20,AO20,AT20),"-") -> - | J20: =IFERROR(AVERAGE(Q20,V20,AA20,AF20,AK20,AP20,AU20),"-") -> - | K20: =IFERROR(AVERAGE(R20,W20,AB20,AG20,AL20,AQ20,AV20),"-") -> - | M20: =RANK(K20, K$7:$K$21) -> #VALUE! | S20: =RANK(R20, R$7:R$21) -> #N/A | X20: =RANK(W20, W$7:W$21) -> #N/A | AC20: =RANK(AB20, AB$7:AB$21) -> #N/A | AH20: =RANK(AG20, AG$7:AG$21) -> #N/A | AM20: =RANK(AL20, AL$7:AL$21) -> #N/A | AR20: =RANK(AQ20, AQ$7:AQ$21) -> #N/A | AW20: =RANK(AV20, AV$7:AV$21) -> #N/A | AZ20: =RANK(AY20, AY$7:AY$21) -> #N/A
C21: 15 | I21: =IFERROR(AVERAGE(P21,U21,Z21,AE21,AJ21,AO21,AT21),"-") -> - | J21: =IFERROR(AVERAGE(Q21,V21,AA21,AF21,AK21,AP21,AU21),"-") -> - | K21: =IFERROR(AVERAGE(R21,W21,AB21,AG21,AL21,AQ21,AV21),"-") -> - | M21: =RANK(K21, K$7:$K$21) -> #VALUE! | S21: =RANK(R21, R$7:R$21) -> #N/A | X21: =RANK(W21, W$7:W$21) -> #N/A | AC21: =RANK(AB21, AB$7:AB$21) -> #N/A | AH21: =RANK(AG21, AG$7:AG$21) -> #N/A | AM21: =RANK(AL21, AL$7:AL$21) -> #N/A | AR21: =RANK(AQ21, AQ$7:AQ$21) -> #N/A | AW21: =RANK(AV21, AV$7:AV$21) -> #N/A | AZ21: =RANK(AY21, AY$7:AY$21) -> #N/A
B22: 產線配置圖－每週更新 | N22: 資料繳交 | O22: 日期 | P22: =P2+7 -> 46175 | U22: =P22+1 -> 46176 | Z22: =U22+1 -> 46177 | AE22: =Z22+1 -> 46178 | AJ22: =AE22+1 -> 46179 | AO22: =AJ22+1 -> 46180 | AT22: =AO22+1 -> 46181
P23: 二 | U23: 三 | Z23: 四 | AE23: 五 | AJ23: 六 | AO23: 日 | AT23: 一
B24: 品群 | C24: 商品名稱 | E24: 計畫 | H24: 平均人時性 | I24: 實績 | L24: 平均人時性 | M24: 排名 | O24: 日報 | P24: 實際 | T24: 平均人時性 | U24: 實際 | Y24: 平均人時性 | Z24: 實際 | AD24: 平均人時性 | AE24: 實際 | AI24: 平均人時性 | AJ24: 實際 | AN24: 平均人時性 | AO24: 實際 | AS24: 平均人時性 | AT24: 實際 | AX24: 平均人時性 | BA24: 平均人時性
E25: 產線配置圖 | I25: 產線配置圖 | P25: 生產實績 | U25: 生產實績 | Z25: 生產實績 | AE25: 生產實績 | AJ25: 生產實績 | AO25: 生產實績 | AT25: 生產實績
E26: 人數 | F26: 產能／時 | G26: 人時性 | I26: 人數 | J26: 產能／時 | K26: 人時性 | P26: 人數 | Q26: 產能／時 | R26: 人時性 | S26: 排名 | U26: 人數 | V26: 產能／時 | W26: 人時性 | X26: 排名 | Z26: 人數 | AA26: 產能／時 | AB26: 人時性 | AC26: 排名 | AE26: 人數 | AF26: 產能／時 | AG26: 人時性 | AH26: 排名 | AJ26: 人數 | AK26: 產能／時 | AL26: 人時性 | AM26: 排名 | AO26: 人數 | AP26: 產能／時 | AQ26: 人時性 | AR26: 排名 | AT26: 人數 | AU26: 產能／時 | AV26: 人時性 | AW26: 排名 | AZ26: 排名
B27: 18℃-壽司手卷 | C27: 1 | D27: 長野稻荷壽司 | E27: 10 | F27: 1500 | G27: 150 | H27: =AVERAGE(G27:G41) -> 130 | I27: =IFERROR(AVERAGE(P27,U27,Z27,AE27,AJ27,AO27,AT27),"-") -> 10 | J27: =IFERROR(AVERAGE(Q27,V27,AA27,AF27,AK27,AP27,AU27),"-") -> 1602.8571 | K27: =IFERROR(AVERAGE(R27,W27,AB27,AG27,AL27,AQ27,AV27),"-") -> 160.28571 | L27: =IFERROR(AVERAGE(K27:K41),"-") -> 147.47154 | M27: =RANK(K27, K$27:$K$41) -> 1 | P27: 10 | Q27: 1600 | R27: 160 | S27: =RANK(R27, R$27:R$41) -> 1 | T27: =AVERAGE(R27:R41) -> 153.07361 | U27: 10 | V27: 1534 | W27: 153.4 | X27: =RANK(W27, W$27:W$41) -> 1 | Y27: =AVERAGE(W27:W41) -> 137.42976 | Z27: 10 | AA27: 1508 | AB27: 150.8 | AC27: =RANK(AB27, AB$27:AB$41) -> 1 | AD27: =AVERAGE(AB27:AB41) -> 134.95476 | AE27: 10 | AF27: 1508 | AG27: 150.8 | AH27: =RANK(AG27, AG$27:AG$41) -> 1 | AI27: =AVERAGE(AG27:AG41) -> 135.2337 | AJ27: 10 | AK27: 1920 | AL27: 192 | AM27: =RANK(AL27, AL$27:AL$41) -> 1 | AN27: =AVERAGE(AL27:AL41) -> 165.47009 | AO27: 10 | AP27: 1590 | AQ27: 159 | AR27: =RANK(AQ27, AQ$27:AQ$41) -> 1 | AS27: =AVERAGE(AQ27:AQ41) -> 153.98056 | AT27: 10 | AU27: 1560 | AV27: 156 | AW27: =RANK(AV27, AV$27:AV$41) -> 1 | AX27: =AVERAGE(AV27:AV41) -> 152.15833 | AY27: =AVERAGE(AW27:AW41) -> #VALUE! | AZ27: =RANK(AY27, AY$27:AY$41) -> #VALUE! | BA27: =AVERAGE(AY27:AY41) -> #VALUE!
C28: 2 | D28: 鮭鮪海饌雙手卷 | E28: 15 | F28: 1800 | G28: 120 | I28: =IFERROR(AVERAGE(P28,U28,Z28,AE28,AJ28,AO28,AT28),"-") -> 12.857143 | J28: =IFERROR(AVERAGE(Q28,V28,AA28,AF28,AK28,AP28,AU28),"-") -> 1799.4396 | K28: =IFERROR(AVERAGE(R28,W28,AB28,AG28,AL28,AQ28,AV28),"-") -> 140.8072 | M28: =RANK(K28, K$27:$K$41) -> 3 | P28: 12 | Q28: 1784.25 | R28: 148.6875 | S28: =RANK(R28, R$27:R$41) -> 3 | U28: 14 | V28: 1793.25 | W28: 128.08929 | X28: =RANK(W28, W$27:W$41) -> 3 | Z28: 14 | AA28: 1774.5 | AB28: 126.75 | AC28: =RANK(AB28, AB$27:AB$41) -> 3 | AE28: 14 | AF28: 1810.1538 | AG28: 129.2967 | AH28: =RANK(AG28, AG$27:AG$41) -> 2 | AJ28: 12 | AK28: 1788.9231 | AL28: 149.07692 | AM28: =RANK(AL28, AL$27:AL$41) -> 3 | AO28: 12 | AP28: 1834.5 | AQ28: 152.875 | AR28: =RANK(AQ28, AQ$27:AQ$41) -> 2 | AT28: 12 | AU28: 1810.5 | AV28: 150.875 | AW28: =RANK(AV28, AV$27:AV$41) -> 2 | AZ28: =RANK(AY28, AY$27:AY$41) -> #VALUE!
C29: 3 | D29: 經典人氣雙手卷 | E29: 15 | F29: 1800 | G29: 120 | I29: =IFERROR(AVERAGE(P29,U29,Z29,AE29,AJ29,AO29,AT29),"-") -> 12.857143 | J29: =IFERROR(AVERAGE(Q29,V29,AA29,AF29,AK29,AP29,AU29),"-") -> 1805.4945 | K29: =IFERROR(AVERAGE(R29,W29,AB29,AG29,AL29,AQ29,AV29),"-") -> 141.32172 | M29: =RANK(K29, K$27:$K$41) -> 2 | P29: 12 | Q29: 1806.4 | R29: 150.53333 | S29: =RANK(R29, R$27:R$41) -> 2 | U29: 14 | V29: 1831.2 | W29: 130.8 | X29: =RANK(W29, W$27:W$41) -> 2 | Z29: 14 | AA29: 1782.4 | AB29: 127.31429 | AC29: =RANK(AB29, AB$27:AB$41) -> 2 | AE29: 14 | AF29: 1758.4615 | AG29: 125.6044 | AH29: =RANK(AG29, AG$27:AG$41) -> 3 | AJ29: 12 | AK29: 1864 | AL29: 155.33333 | AM29: =RANK(AL29, AL$27:AL$41) -> 2 | AO29: 12 | AP29: 1800.8 | AQ29: 150.06667 | AR29: =RANK(AQ29, AQ$27:AQ$41) -> 3 | AT29: 12 | AU29: 1795.2 | AV29: 149.6 | AW29: =RANK(AV29, AV$27:AV$41) -> 3 | AZ29: =RANK(AY29, AY$27:AY$41) -> #VALUE!
C30: 4 | I30: =IFERROR(AVERAGE(P30,U30,Z30,AE30,AJ30,AO30,AT30),"-") -> - | J30: =IFERROR(AVERAGE(Q30,V30,AA30,AF30,AK30,AP30,AU30),"-") -> - | K30: =IFERROR(AVERAGE(R30,W30,AB30,AG30,AL30,AQ30,AV30),"-") -> - | M30: =RANK(K30, K$27:$K$41) -> #VALUE! | S30: =RANK(R30, R$27:R$41) -> #VALUE! | X30: =RANK(W30, W$27:W$41) -> #VALUE! | AC30: =RANK(AB30, AB$27:AB$41) -> #VALUE! | AH30: =RANK(AG30, AG$27:AG$41) -> #VALUE! | AM30: =RANK(AL30, AL$27:AL$41) -> #VALUE! | AR30: =RANK(AQ30, AQ$27:AQ$41) -> #VALUE! | AW30: =RANK(AV30, AV$27:AV$41) -> #VALUE! | AZ30: =RANK(AY30, AY$27:AY$41) -> #VALUE!
C31: 5 | I31: =IFERROR(AVERAGE(P31,U31,Z31,AE31,AJ31,AO31,AT31),"-") -> - | J31: =IFERROR(AVERAGE(Q31,V31,AA31,AF31,AK31,AP31,AU31),"-") -> - | K31: =IFERROR(AVERAGE(R31,W31,AB31,AG31,AL31,AQ31,AV31),"-") -> - | M31: =RANK(K31, K$27:$K$41) -> #VALUE! | S31: =RANK(R31, R$27:R$41) -> #VALUE! | X31: =RANK(W31, W$27:W$41) -> #VALUE! | AC31: =RANK(AB31, AB$27:AB$41) -> #VALUE! | AH31: =RANK(AG31, AG$27:AG$41) -> #VALUE! | AM31: =RANK(AL31, AL$27:AL$41) -> #VALUE! | AR31: =RANK(AQ31, AQ$27:AQ$41) -> #VALUE! | AW31: =RANK(AV31, AV$27:AV$41) -> #VALUE! | AZ31: =RANK(AY31, AY$27:AY$41) -> #VALUE!
C32: 6 | I32: =IFERROR(AVERAGE(P32,U32,Z32,AE32,AJ32,AO32,AT32),"-") -> - | J32: =IFERROR(AVERAGE(Q32,V32,AA32,AF32,AK32,AP32,AU32),"-") -> - | K32: =IFERROR(AVERAGE(R32,W32,AB32,AG32,AL32,AQ32,AV32),"-") -> - | M32: =RANK(K32, K$27:$K$41) -> #VALUE! | S32: =RANK(R32, R$27:R$41) -> #VALUE! | X32: =RANK(W32, W$27:W$41) -> #VALUE! | AC32: =RANK(AB32, AB$27:AB$41) -> #VALUE! | AH32: =RANK(AG32, AG$27:AG$41) -> #VALUE! | AM32: =RANK(AL32, AL$27:AL$41) -> #VALUE! | AR32: =RANK(AQ32, AQ$27:AQ$41) -> #VALUE! | AW32: =RANK(AV32, AV$27:AV$41) -> #VALUE! | AZ32: =RANK(AY32, AY$27:AY$41) -> #VALUE!
C33: 7 | I33: =IFERROR(AVERAGE(P33,U33,Z33,AE33,AJ33,AO33,AT33),"-") -> - | J33: =IFERROR(AVERAGE(Q33,V33,AA33,AF33,AK33,AP33,AU33),"-") -> - | K33: =IFERROR(AVERAGE(R33,W33,AB33,AG33,AL33,AQ33,AV33),"-") -> - | M33: =RANK(K33, K$27:$K$41) -> #VALUE! | S33: =RANK(R33, R$27:R$41) -> #VALUE! | X33: =RANK(W33, W$27:W$41) -> #VALUE! | AC33: =RANK(AB33, AB$27:AB$41) -> #VALUE! | AH33: =RANK(AG33, AG$27:AG$41) -> #VALUE! | AM33: =RANK(AL33, AL$27:AL$41) -> #VALUE! | AR33: =RANK(AQ33, AQ$27:AQ$41) -> #VALUE! | AW33: =RANK(AV33, AV$27:AV$41) -> #VALUE! | AZ33: =RANK(AY33, AY$27:AY$41) -> #VALUE!
C34: 8 | I34: =IFERROR(AVERAGE(P34,U34,Z34,AE34,AJ34,AO34,AT34),"-") -> - | J34: =IFERROR(AVERAGE(Q34,V34,AA34,AF34,AK34,AP34,AU34),"-") -> - | K34: =IFERROR(AVERAGE(R34,W34,AB34,AG34,AL34,AQ34,AV34),"-") -> - | M34: =RANK(K34, K$27:$K$41) -> #VALUE! | S34: =RANK(R34, R$27:R$41) -> #VALUE! | X34: =RANK(W34, W$27:W$41) -> #VALUE! | AC34: =RANK(AB34, AB$27:AB$41) -> #VALUE! | AH34: =RANK(AG34, AG$27:AG$41) -> #VALUE! | AM34: =RANK(AL34, AL$27:AL$41) -> #VALUE! | AR34: =RANK(AQ34, AQ$27:AQ$41) -> #VALUE! | AW34: =RANK(AV34, AV$27:AV$41) -> #VALUE! | AZ34: =RANK(AY34, AY$27:AY$41) -> #VALUE!
C35: 9 | I35: =IFERROR(AVERAGE(P35,U35,Z35,AE35,AJ35,AO35,AT35),"-") -> - | J35: =IFERROR(AVERAGE(Q35,V35,AA35,AF35,AK35,AP35,AU35),"-") -> - | K35: =IFERROR(AVERAGE(R35,W35,AB35,AG35,AL35,AQ35,AV35),"-") -> - | M35: =RANK(K35, K$27:$K$41) -> #VALUE! | S35: =RANK(R35, R$27:R$41) -> #VALUE! | X35: =RANK(W35, W$27:W$41) -> #VALUE! | AC35: =RANK(AB35, AB$27:AB$41) -> #VALUE! | AH35: =RANK(AG35, AG$27:AG$41) -> #VALUE! | AM35: =RANK(AL35, AL$27:AL$41) -> #VALUE! | AR35: =RANK(AQ35, AQ$27:AQ$41) -> #VALUE! | AW35: =RANK(AV35, AV$27:AV$41) -> #VALUE! | AZ35: =RANK(AY35, AY$27:AY$41) -> #VALUE!
C36: 10 | I36: =IFERROR(AVERAGE(P36,U36,Z36,AE36,AJ36,AO36,AT36),"-") -> - | J36: =IFERROR(AVERAGE(Q36,V36,AA36,AF36,AK36,AP36,AU36),"-") -> - | K36: =IFERROR(AVERAGE(R36,W36,AB36,AG36,AL36,AQ36,AV36),"-") -> - | M36: =RANK(K36, K$27:$K$41) -> #VALUE! | S36: =RANK(R36, R$27:R$41) -> #VALUE! | X36: =RANK(W36, W$27:W$41) -> #VALUE! | AC36: =RANK(AB36, AB$27:AB$41) -> #VALUE! | AH36: =RANK(AG36, AG$27:AG$41) -> #VALUE! | AM36: =RANK(AL36, AL$27:AL$41) -> #VALUE! | AR36: =RANK(AQ36, AQ$27:AQ$41) -> #VALUE! | AW36: =RANK(AV36, AV$27:AV$41) -> #VALUE! | AZ36: =RANK(AY36, AY$27:AY$41) -> #VALUE!
C37: 11 | I37: =IFERROR(AVERAGE(P37,U37,Z37,AE37,AJ37,AO37,AT37),"-") -> - | J37: =IFERROR(AVERAGE(Q37,V37,AA37,AF37,AK37,AP37,AU37),"-") -> - | K37: =IFERROR(AVERAGE(R37,W37,AB37,AG37,AL37,AQ37,AV37),"-") -> - | M37: =RANK(K37, K$27:$K$41) -> #VALUE! | S37: =RANK(R37, R$27:R$41) -> #VALUE! | X37: =RANK(W37, W$27:W$41) -> #VALUE! | AC37: =RANK(AB37, AB$27:AB$41) -> #VALUE! | AH37: =RANK(AG37, AG$27:AG$41) -> #VALUE! | AM37: =RANK(AL37, AL$27:AL$41) -> #VALUE! | AR37: =RANK(AQ37, AQ$27:AQ$41) -> #VALUE! | AW37: =RANK(AV37, AV$27:AV$41) -> #VALUE! | AZ37: =RANK(AY37, AY$27:AY$41) -> #VALUE!
C38: 12 | I38: =IFERROR(AVERAGE(P38,U38,Z38,AE38,AJ38,AO38,AT38),"-") -> - | J38: =IFERROR(AVERAGE(Q38,V38,AA38,AF38,AK38,AP38,AU38),"-") -> - | K38: =IFERROR(AVERAGE(R38,W38,AB38,AG38,AL38,AQ38,AV38),"-") -> - | M38: =RANK(K38, K$27:$K$41) -> #VALUE! | S38: =RANK(R38, R$27:R$41) -> #VALUE! | X38: =RANK(W38, W$27:W$41) -> #VALUE! | AC38: =RANK(AB38, AB$27:AB$41) -> #VALUE! | AH38: =RANK(AG38, AG$27:AG$41) -> #VALUE! | AM38: =RANK(AL38, AL$27:AL$41) -> #VALUE! | AR38: =RANK(AQ38, AQ$27:AQ$41) -> #VALUE! | AW38: =RANK(AV38, AV$27:AV$41) -> #VALUE! | AZ38: =RANK(AY38, AY$27:AY$41) -> #VALUE!
C39: 13 | I39: =IFERROR(AVERAGE(P39,U39,Z39,AE39,AJ39,AO39,AT39),"-") -> - | J39: =IFERROR(AVERAGE(Q39,V39,AA39,AF39,AK39,AP39,AU39),"-") -> - | K39: =IFERROR(AVERAGE(R39,W39,AB39,AG39,AL39,AQ39,AV39),"-") -> - | M39: =RANK(K39, K$27:$K$41) -> #VALUE! | S39: =RANK(R39, R$27:R$41) -> #VALUE! | X39: =RANK(W39, W$27:W$41) -> #VALUE! | AC39: =RANK(AB39, AB$27:AB$41) -> #VALUE! | AH39: =RANK(AG39, AG$27:AG$41) -> #VALUE! | AM39: =RANK(AL39, AL$27:AL$41) -> #VALUE! | AR39: =RANK(AQ39, AQ$27:AQ$41) -> #VALUE! | AW39: =RANK(AV39, AV$27:AV$41) -> #VALUE! | AZ39: =RANK(AY39, AY$27:AY$41) -> #VALUE!
C40: 14 | I40: =IFERROR(AVERAGE(P40,U40,Z40,AE40,AJ40,AO40,AT40),"-") -> - | J40: =IFERROR(AVERAGE(Q40,V40,AA40,AF40,AK40,AP40,AU40),"-") -> - | K40: =IFERROR(AVERAGE(R40,W40,AB40,AG40,AL40,AQ40,AV40),"-") -> - | M40: =RANK(K40, K$27:$K$41) -> #VALUE! | S40: =RANK(R40, R$27:R$41) -> #VALUE! | X40: =RANK(W40, W$27:W$41) -> #VALUE! | AC40: =RANK(AB40, AB$27:AB$41) -> #VALUE! | AH40: =RANK(AG40, AG$27:AG$41) -> #VALUE! | AM40: =RANK(AL40, AL$27:AL$41) -> #VALUE! | AR40: =RANK(AQ40, AQ$27:AQ$41) -> #VALUE! | AW40: =RANK(AV40, AV$27:AV$41) -> #VALUE! | AZ40: =RANK(AY40, AY$27:AY$41) -> #VALUE!
C41: 15 | I41: =IFERROR(AVERAGE(P41,U41,Z41,AE41,AJ41,AO41,AT41),"-") -> - | J41: =IFERROR(AVERAGE(Q41,V41,AA41,AF41,AK41,AP41,AU41),"-") -> - | K41: =IFERROR(AVERAGE(R41,W41,AB41,AG41,AL41,AQ41,AV41),"-") -> - | M41: =RANK(K41, K$27:$K$41) -> #VALUE! | S41: =RANK(R41, R$27:R$41) -> #VALUE! | X41: =RANK(W41, W$27:W$41) -> #VALUE! | AC41: =RANK(AB41, AB$27:AB$41) -> #VALUE! | AH41: =RANK(AG41, AG$27:AG$41) -> #VALUE! | AM41: =RANK(AL41, AL$27:AL$41) -> #VALUE! | AR41: =RANK(AQ41, AQ$27:AQ$41) -> #VALUE! | AW41: =RANK(AV41, AV$27:AV$41) -> #VALUE! | AZ41: =RANK(AY41, AY$27:AY$41) -> #VALUE!
B42: 產線配置圖－每週更新 | N42: 資料繳交 | O42: 日期 | P42: =P22+7 -> 46182 | U42: =P42+1 -> 46183 | Z42: =U42+1 -> 46184 | AE42: =Z42+1 -> 46185 | AJ42: =AE42+1 -> 46186 | AO42: =AJ42+1 -> 46187 | AT42: =AO42+1 -> 46188
P43: 二 | U43: 三 | Z43: 四 | AE43: 五 | AJ43: 六 | AO43: 日 | AT43: 一
B44: 品群 | C44: 商品名稱 | E44: 計畫 | H44: 平均人時性 | I44: 實績 | L44: 平均人時性 | M44: 排名 | O44: 日報 | P44: 實際 | T44: 平均人時性 | U44: 實際 | Y44: 平均人時性 | Z44: 實際 | AD44: 平均人時性 | AE44: 實際 | AI44: 平均人時性 | AJ44: 實際 | AN44: 平均人時性 | AO44: 實際 | AS44: 平均人時性 | AT44: 實際 | AX44: 平均人時性 | BA44: 平均人時性
E45: 產線配置圖 | I45: 產線配置圖 | P45: 生產實績 | U45: 生產實績 | Z45: 生產實績 | AE45: 生產實績 | AJ45: 生產實績 | AO45: 生產實績 | AT45: 生產實績
E46: 人數 | F46: 產能／時 | G46: 人時性 | I46: 人數 | J46: 產能／時 | K46: 人時性 | P46: 人數 | Q46: 產能／時 | R46: 人時性 | S46: 排名 | U46: 人數 | V46: 產能／時 | W46: 人時性 | X46: 排名 | Z46: 人數 | AA46: 產能／時 | AB46: 人時性 | AC46: 排名 | AE46: 人數 | AF46: 產能／時 | AG46: 人時性 | AH46: 排名 | AJ46: 人數 | AK46: 產能／時 | AL46: 人時性 | AM46: 排名 | AO46: 人數 | AP46: 產能／時 | AQ46: 人時性 | AR46: 排名 | AT46: 人數 | AU46: 產能／時 | AV46: 人時性 | AW46: 排名 | AZ46: 排名
B47: 18℃-壽司手卷 | C47: 1 | D47: 長野稻荷壽司 | E47: 10 | F47: 1500 | G47: 150 | H47: =AVERAGE(G47:G61) -> 130 | I47: =IFERROR(AVERAGE(P47,U47,Z47,AE47,AJ47,AO47,AT47),"-") -> 10 | J47: =IFERROR(AVERAGE(Q47,V47,AA47,AF47,AK47,AP47,AU47),"-") -> 1425.558 | K47: =IFERROR(AVERAGE(R47,W47,AB47,AG47,AL47,AQ47,AV47),"-") -> 142.5558 | L47: =IFERROR(AVERAGE(K47:K61),"-") -> 137.8998 | M47: =RANK(K47, K$47:$K$61) -> 1 | P47: 10 | Q47: 1435.2632 | R47: 143.52632 | S47: =RANK(R47, R$47:R$61) -> 1 | T47: =AVERAGE(R47:R61) -> 126.18789 | U47: 10 | V47: 1465 | W47: 146.5 | X47: =RANK(W47, W$47:W$61) -> 1 | Y47: =AVERAGE(W47:W61) -> 125.40331 | Z47: 10 | AA47: 1510.2857 | AB47: 151.02857 | AC47: =RANK(AB47, AB$47:AB$61) -> 1 | AD47: =AVERAGE(AB47:AB61) -> 148.88313 | AE47: 10 | AF47: 1265.1429 | AG47: 126.51429 | AH47: =RANK(AG47, AG$47:AG$61) -> 2 | AI47: =AVERAGE(AG47:AG61) -> 125.14782 | AJ47: 10 | AK47: 1444 | AL47: 144.4 | AM47: =RANK(AL47, AL$47:AL$61) -> 1 | AN47: =AVERAGE(AL47:AL61) -> 143.72186 | AO47: 10 | AP47: 1417.5 | AQ47: 141.75 | AR47: =RANK(AQ47, AQ$47:AQ$61) -> 3 | AS47: =AVERAGE(AQ47:AQ61) -> 144.57684 | AT47: 10 | AU47: 1441.7143 | AV47: 144.17143 | AW47: =RANK(AV47, AV$47:AV$61) -> 3 | AX47: =AVERAGE(AV47:AV61) -> 151.37778 | AZ47: =RANK(AY47, AY$47:AY$61) -> #N/A | BA47: =AVERAGE(AY47:AY61) -> #DIV/0!
C48: 2 | D48: 鮭鮪海饌雙手卷 | E48: 15 | F48: 1800 | G48: 120 | I48: =IFERROR(AVERAGE(P48,U48,Z48,AE48,AJ48,AO48,AT48),"-") -> 12.857143 | J48: =IFERROR(AVERAGE(Q48,V48,AA48,AF48,AK48,AP48,AU48),"-") -> 1722.4028 | K48: =IFERROR(AVERAGE(R48,W48,AB48,AG48,AL48,AQ48,AV48),"-") -> 135.20308 | M48: =RANK(K48, K$47:$K$61) -> 3 | P48: 15 | Q48: 1770.3704 | R48: 118.02469 | S48: =RANK(R48, R$47:R$61) -> 2 | U48: 15 | V48: 1728.4337 | W48: 115.22892 | X48: =RANK(W48, W$47:W$61) -> 2 | Z48: 12 | AA48: 1748.25 | AB48: 145.6875 | AC48: =RANK(AB48, AB$47:AB$61) -> 3 | AE48: 12 | AF48: 1464.75 | AG48: 122.0625 | AH48: =RANK(AG48, AG$47:AG$61) -> 3 | AJ48: 12 | AK48: 1732.6154 | AL48: 144.38462 | AM48: =RANK(AL48, AL$47:AL$61) -> 2 | AO48: 12 | AP48: 1770 | AQ48: 147.5 | AR48: =RANK(AQ48, AQ$47:AQ$61) -> 1 | AT48: 12 | AU48: 1842.4 | AV48: 153.53333 | AW48: =RANK(AV48, AV$47:AV$61) -> 2 | AZ48: =RANK(AY48, AY$47:AY$61) -> #N/A
C49: 3 | D49: 經典人氣雙手卷 | E49: 15 | F49: 1800 | G49: 120 | I49: =IFERROR(AVERAGE(P49,U49,Z49,AE49,AJ49,AO49,AT49),"-") -> 12.857143 | J49: =IFERROR(AVERAGE(Q49,V49,AA49,AF49,AK49,AP49,AU49),"-") -> 1730.4979 | K49: =IFERROR(AVERAGE(R49,W49,AB49,AG49,AL49,AQ49,AV49),"-") -> 135.94053 | M49: =RANK(K49, K$47:$K$61) -> 2 | P49: 15 | Q49: 1755.1899 | R49: 117.01266 | S49: =RANK(R49, R$47:R$61) -> 3 | U49: 15 | V49: 1717.2152 | W49: 114.48101 | X49: =RANK(W49, W$47:W$61) -> 3 | Z49: 12 | AA49: 1799.2 | AB49: 149.93333 | AC49: =RANK(AB49, AB$47:AB$61) -> 2 | AE49: 12 | AF49: 1522.4 | AG49: 126.86667 | AH49: =RANK(AG49, AG$47:AG$61) -> 1 | AJ49: 12 | AK49: 1708.5714 | AL49: 142.38095 | AM49: =RANK(AL49, AL$47:AL$61) -> 3 | AO49: 12 | AP49: 1733.7662 | AQ49: 144.48052 | AR49: =RANK(AQ49, AQ$47:AQ$61) -> 2 | AT49: 12 | AU49: 1877.1429 | AV49: 156.42857 | AW49: =RANK(AV49, AV$47:AV$61) -> 1 | AZ49: =RANK(AY49, AY$47:AY$61) -> #N/A
C50: 4 | I50: =IFERROR(AVERAGE(P50,U50,Z50,AE50,AJ50,AO50,AT50),"-") -> - | J50: =IFERROR(AVERAGE(Q50,V50,AA50,AF50,AK50,AP50,AU50),"-") -> - | K50: =IFERROR(AVERAGE(R50,W50,AB50,AG50,AL50,AQ50,AV50),"-") -> - | M50: =RANK(K50, K$47:$K$61) -> #VALUE! | S50: =RANK(R50, R$47:R$61) -> #VALUE! | X50: =RANK(W50, W$47:W$61) -> #VALUE! | AC50: =RANK(AB50, AB$47:AB$61) -> #VALUE! | AH50: =RANK(AG50, AG$47:AG$61) -> #VALUE! | AM50: =RANK(AL50, AL$47:AL$61) -> #VALUE! | AR50: =RANK(AQ50, AQ$47:AQ$61) -> #VALUE! | AW50: =RANK(AV50, AV$47:AV$61) -> #VALUE! | AZ50: =RANK(AY50, AY$47:AY$61) -> #N/A
C51: 5 | I51: =IFERROR(AVERAGE(P51,U51,Z51,AE51,AJ51,AO51,AT51),"-") -> - | J51: =IFERROR(AVERAGE(Q51,V51,AA51,AF51,AK51,AP51,AU51),"-") -> - | K51: =IFERROR(AVERAGE(R51,W51,AB51,AG51,AL51,AQ51,AV51),"-") -> - | M51: =RANK(K51, K$47:$K$61) -> #VALUE! | S51: =RANK(R51, R$47:R$61) -> #VALUE! | X51: =RANK(W51, W$47:W$61) -> #VALUE! | AC51: =RANK(AB51, AB$47:AB$61) -> #VALUE! | AH51: =RANK(AG51, AG$47:AG$61) -> #VALUE! | AM51: =RANK(AL51, AL$47:AL$61) -> #VALUE! | AR51: =RANK(AQ51, AQ$47:AQ$61) -> #VALUE! | AW51: =RANK(AV51, AV$47:AV$61) -> #VALUE! | AZ51: =RANK(AY51, AY$47:AY$61) -> #N/A
C52: 6 | I52: =IFERROR(AVERAGE(P52,U52,Z52,AE52,AJ52,AO52,AT52),"-") -> - | J52: =IFERROR(AVERAGE(Q52,V52,AA52,AF52,AK52,AP52,AU52),"-") -> - | K52: =IFERROR(AVERAGE(R52,W52,AB52,AG52,AL52,AQ52,AV52),"-") -> - | M52: =RANK(K52, K$47:$K$61) -> #VALUE! | S52: =RANK(R52, R$47:R$61) -> #VALUE! | X52: =RANK(W52, W$47:W$61) -> #VALUE! | AC52: =RANK(AB52, AB$47:AB$61) -> #VALUE! | AH52: =RANK(AG52, AG$47:AG$61) -> #VALUE! | AM52: =RANK(AL52, AL$47:AL$61) -> #VALUE! | AR52: =RANK(AQ52, AQ$47:AQ$61) -> #VALUE! | AW52: =RANK(AV52, AV$47:AV$61) -> #VALUE! | AZ52: =RANK(AY52, AY$47:AY$61) -> #N/A
C53: 7 | I53: =IFERROR(AVERAGE(P53,U53,Z53,AE53,AJ53,AO53,AT53),"-") -> - | J53: =IFERROR(AVERAGE(Q53,V53,AA53,AF53,AK53,AP53,AU53),"-") -> - | K53: =IFERROR(AVERAGE(R53,W53,AB53,AG53,AL53,AQ53,AV53),"-") -> - | M53: =RANK(K53, K$47:$K$61) -> #VALUE! | S53: =RANK(R53, R$47:R$61) -> #VALUE! | X53: =RANK(W53, W$47:W$61) -> #VALUE! | AC53: =RANK(AB53, AB$47:AB$61) -> #VALUE! | AH53: =RANK(AG53, AG$47:AG$61) -> #VALUE! | AM53: =RANK(AL53, AL$47:AL$61) -> #VALUE! | AR53: =RANK(AQ53, AQ$47:AQ$61) -> #VALUE! | AW53: =RANK(AV53, AV$47:AV$61) -> #VALUE! | AZ53: =RANK(AY53, AY$47:AY$61) -> #N/A
C54: 8 | I54: =IFERROR(AVERAGE(P54,U54,Z54,AE54,AJ54,AO54,AT54),"-") -> - | J54: =IFERROR(AVERAGE(Q54,V54,AA54,AF54,AK54,AP54,AU54),"-") -> - | K54: =IFERROR(AVERAGE(R54,W54,AB54,AG54,AL54,AQ54,AV54),"-") -> - | M54: =RANK(K54, K$47:$K$61) -> #VALUE!
C55: 9 | I55: =IFERROR(AVERAGE(P55,U55,Z55,AE55,AJ55,AO55,AT55),"-") -> - | J55: =IFERROR(AVERAGE(Q55,V55,AA55,AF55,AK55,AP55,AU55),"-") -> - | K55: =IFERROR(AVERAGE(R55,W55,AB55,AG55,AL55,AQ55,AV55),"-") -> - | M55: =RANK(K55, K$47:$K$61) -> #VALUE!
C56: 10 | I56: =IFERROR(AVERAGE(P56,U56,Z56,AE56,AJ56,AO56,AT56),"-") -> - | J56: =IFERROR(AVERAGE(Q56,V56,AA56,AF56,AK56,AP56,AU56),"-") -> - | K56: =IFERROR(AVERAGE(R56,W56,AB56,AG56,AL56,AQ56,AV56),"-") -> - | M56: =RANK(K56, K$47:$K$61) -> #VALUE!
C57: 11 | I57: =IFERROR(AVERAGE(P57,U57,Z57,AE57,AJ57,AO57,AT57),"-") -> - | J57: =IFERROR(AVERAGE(Q57,V57,AA57,AF57,AK57,AP57,AU57),"-") -> - | K57: =IFERROR(AVERAGE(R57,W57,AB57,AG57,AL57,AQ57,AV57),"-") -> - | M57: =RANK(K57, K$47:$K$61) -> #VALUE!
C58: 12 | I58: =IFERROR(AVERAGE(P58,U58,Z58,AE58,AJ58,AO58,AT58),"-") -> - | J58: =IFERROR(AVERAGE(Q58,V58,AA58,AF58,AK58,AP58,AU58),"-") -> - | K58: =IFERROR(AVERAGE(R58,W58,AB58,AG58,AL58,AQ58,AV58),"-") -> - | M58: =RANK(K58, K$47:$K$61) -> #VALUE!
C59: 13 | I59: =IFERROR(AVERAGE(P59,U59,Z59,AE59,AJ59,AO59,AT59),"-") -> - | J59: =IFERROR(AVERAGE(Q59,V59,AA59,AF59,AK59,AP59,AU59),"-") -> - | K59: =IFERROR(AVERAGE(R59,W59,AB59,AG59,AL59,AQ59,AV59),"-") -> - | M59: =RANK(K59, K$47:$K$61) -> #VALUE!
C60: 14 | I60: =IFERROR(AVERAGE(P60,U60,Z60,AE60,AJ60,AO60,AT60),"-") -> - | J60: =IFERROR(AVERAGE(Q60,V60,AA60,AF60,AK60,AP60,AU60),"-") -> - | K60: =IFERROR(AVERAGE(R60,W60,AB60,AG60,AL60,AQ60,AV60),"-") -> - | M60: =RANK(K60, K$47:$K$61) -> #VALUE!
C61: 15 | I61: =IFERROR(AVERAGE(P61,U61,Z61,AE61,AJ61,AO61,AT61),"-") -> - | J61: =IFERROR(AVERAGE(Q61,V61,AA61,AF61,AK61,AP61,AU61),"-") -> - | K61: =IFERROR(AVERAGE(R61,W61,AB61,AG61,AL61,AQ61,AV61),"-") -> - | M61: =RANK(K61, K$47:$K$61) -> #VALUE!
B62: 產線配置圖－每週更新 | N62: 資料繳交 | O62: 日期 | P62: =P42+7 -> 46189 | U62: =P62+1 -> 46190 | Z62: =U62+1 -> 46191 | AE62: =Z62+1 -> 46192 | AJ62: =AE62+1 -> 46193 | AO62: =AJ62+1 -> 46194 | AT62: =AO62+1 -> 46195
P63: 二 | U63: 三 | Z63: 四 | AE63: 五 | AJ63: 六 | AO63: 日 | AT63: 一
B64: 品群 | C64: 商品名稱 | E64: 計畫 | H64: 平均人時性 | I64: 實績 | L64: 平均人時性 | M64: 排名 | O64: 日報 | P64: 實際 | T64: 平均人時性 | U64: 實際 | Y64: 平均人時性 | Z64: 實際 | AD64: 平均人時性 | AE64: 實際 | AI64: 平均人時性 | AJ64: 實際 | AN64: 平均人時性 | AO64: 實際 | AS64: 平均人時性 | AT64: 實際 | AX64: 平均人時性 | BA64: 平均人時性
E65: 產線配置圖 | I65: 產線配置圖 | P65: 生產實績 | U65: 生產實績 | Z65: 生產實績 | AE65: 生產實績 | AJ65: 生產實績 | AO65: 生產實績 | AT65: 生產實績
E66: 人數 | F66: 產能／時 | G66: 人時性 | I66: 人數 | J66: 產能／時 | K66: 人時性 | P66: 人數 | Q66: 產能／時 | R66: 人時性 | S66: 排名 | U66: 人數 | V66: 產能／時 | W66: 人時性 | X66: 排名 | Z66: 人數 | AA66: 產能／時 | AB66: 人時性 | AC66: 排名 | AE66: 人數 | AF66: 產能／時 | AG66: 人時性 | AH66: 排名 | AJ66: 人數 | AK66: 產能／時 | AL66: 人時性 | AM66: 排名 | AO66: 人數 | AP66: 產能／時 | AQ66: 人時性 | AR66: 排名 | AT66: 人數 | AU66: 產能／時 | AV66: 人時性 | AW66: 排名 | AZ66: 排名
B67: 18℃-壽司手卷 | C67: 1 | H67: =AVERAGE(G67:G81) -> #DIV/0! | I67: =IFERROR(AVERAGE(P67,U67,Z67,AE67,AJ67,AO67,AT67),"-") -> - | J67: =IFERROR(AVERAGE(Q67,V67,AA67,AF67,AK67,AP67,AU67),"-") -> - | K67: =IFERROR(AVERAGE(R67,W67,AB67,AG67,AL67,AQ67,AV67),"-") -> - | L67: =IFERROR(AVERAGE(K67:K81),"-") -> - | M67: =RANK(K67, K$67:$K$81) -> #VALUE! | AZ67: =RANK(AY67, AY$67:AY$81) -> #N/A | BA67: =AVERAGE(AY67:AY81) -> #DIV/0!
C68: 2 | I68: =IFERROR(AVERAGE(P68,U68,Z68,AE68,AJ68,AO68,AT68),"-") -> - | J68: =IFERROR(AVERAGE(Q68,V68,AA68,AF68,AK68,AP68,AU68),"-") -> - | K68: =IFERROR(AVERAGE(R68,W68,AB68,AG68,AL68,AQ68,AV68),"-") -> - | M68: =RANK(K68, K$67:$K$81) -> #VALUE! | AZ68: =RANK(AY68, AY$67:AY$81) -> #N/A
C69: 3 | I69: =IFERROR(AVERAGE(P69,U69,Z69,AE69,AJ69,AO69,AT69),"-") -> - | J69: =IFERROR(AVERAGE(Q69,V69,AA69,AF69,AK69,AP69,AU69),"-") -> - | K69: =IFERROR(AVERAGE(R69,W69,AB69,AG69,AL69,AQ69,AV69),"-") -> - | M69: =RANK(K69, K$67:$K$81) -> #VALUE! | AZ69: =RANK(AY69, AY$67:AY$81) -> #N/A
C70: 4 | I70: =IFERROR(AVERAGE(P70,U70,Z70,AE70,AJ70,AO70,AT70),"-") -> - | J70: =IFERROR(AVERAGE(Q70,V70,AA70,AF70,AK70,AP70,AU70),"-") -> - | K70: =IFERROR(AVERAGE(R70,W70,AB70,AG70,AL70,AQ70,AV70),"-") -> - | M70: =RANK(K70, K$67:$K$81) -> #VALUE! | AZ70: =RANK(AY70, AY$67:AY$81) -> #N/A
C71: 5 | I71: =IFERROR(AVERAGE(P71,U71,Z71,AE71,AJ71,AO71,AT71),"-") -> - | J71: =IFERROR(AVERAGE(Q71,V71,AA71,AF71,AK71,AP71,AU71),"-") -> - | K71: =IFERROR(AVERAGE(R71,W71,AB71,AG71,AL71,AQ71,AV71),"-") -> - | M71: =RANK(K71, K$67:$K$81) -> #VALUE! | AZ71: =RANK(AY71, AY$67:AY$81) -> #N/A
C72: 6 | I72: =IFERROR(AVERAGE(P72,U72,Z72,AE72,AJ72,AO72,AT72),"-") -> - | J72: =IFERROR(AVERAGE(Q72,V72,AA72,AF72,AK72,AP72,AU72),"-") -> - | K72: =IFERROR(AVERAGE(R72,W72,AB72,AG72,AL72,AQ72,AV72),"-") -> - | M72: =RANK(K72, K$67:$K$81) -> #VALUE! | AZ72: =RANK(AY72, AY$67:AY$81) -> #N/A
C73: 7 | I73: =IFERROR(AVERAGE(P73,U73,Z73,AE73,AJ73,AO73,AT73),"-") -> - | J73: =IFERROR(AVERAGE(Q73,V73,AA73,AF73,AK73,AP73,AU73),"-") -> - | K73: =IFERROR(AVERAGE(R73,W73,AB73,AG73,AL73,AQ73,AV73),"-") -> - | M73: =RANK(K73, K$67:$K$81) -> #VALUE! | AZ73: =RANK(AY73, AY$67:AY$81) -> #N/A
C74: 8 | I74: =IFERROR(AVERAGE(P74,U74,Z74,AE74,AJ74,AO74,AT74),"-") -> - | J74: =IFERROR(AVERAGE(Q74,V74,AA74,AF74,AK74,AP74,AU74),"-") -> - | K74: =IFERROR(AVERAGE(R74,W74,AB74,AG74,AL74,AQ74,AV74),"-") -> - | M74: =RANK(K74, K$67:$K$81) -> #VALUE! | AZ74: =RANK(AY74, AY$67:AY$81) -> #N/A
C75: 9 | I75: =IFERROR(AVERAGE(P75,U75,Z75,AE75,AJ75,AO75,AT75),"-") -> - | J75: =IFERROR(AVERAGE(Q75,V75,AA75,AF75,AK75,AP75,AU75),"-") -> - | K75: =IFERROR(AVERAGE(R75,W75,AB75,AG75,AL75,AQ75,AV75),"-") -> - | M75: =RANK(K75, K$67:$K$81) -> #VALUE! | AZ75: =RANK(AY75, AY$67:AY$81) -> #N/A
C76: 10 | I76: =IFERROR(AVERAGE(P76,U76,Z76,AE76,AJ76,AO76,AT76),"-") -> - | J76: =IFERROR(AVERAGE(Q76,V76,AA76,AF76,AK76,AP76,AU76),"-") -> - | K76: =IFERROR(AVERAGE(R76,W76,AB76,AG76,AL76,AQ76,AV76),"-") -> - | M76: =RANK(K76, K$67:$K$81) -> #VALUE! | AZ76: =RANK(AY76, AY$67:AY$81) -> #N/A
C77: 11 | I77: =IFERROR(AVERAGE(P77,U77,Z77,AE77,AJ77,AO77,AT77),"-") -> - | J77: =IFERROR(AVERAGE(Q77,V77,AA77,AF77,AK77,AP77,AU77),"-") -> - | K77: =IFERROR(AVERAGE(R77,W77,AB77,AG77,AL77,AQ77,AV77),"-") -> - | M77: =RANK(K77, K$67:$K$81) -> #VALUE! | AZ77: =RANK(AY77, AY$67:AY$81) -> #N/A
C78: 12 | I78: =IFERROR(AVERAGE(P78,U78,Z78,AE78,AJ78,AO78,AT78),"-") -> - | J78: =IFERROR(AVERAGE(Q78,V78,AA78,AF78,AK78,AP78,AU78),"-") -> - | K78: =IFERROR(AVERAGE(R78,W78,AB78,AG78,AL78,AQ78,AV78),"-") -> - | M78: =RANK(K78, K$67:$K$81) -> #VALUE! | AZ78: =RANK(AY78, AY$67:AY$81) -> #N/A
C79: 13 | I79: =IFERROR(AVERAGE(P79,U79,Z79,AE79,AJ79,AO79,AT79),"-") -> - | J79: =IFERROR(AVERAGE(Q79,V79,AA79,AF79,AK79,AP79,AU79),"-") -> - | K79: =IFERROR(AVERAGE(R79,W79,AB79,AG79,AL79,AQ79,AV79),"-") -> - | M79: =RANK(K79, K$67:$K$81) -> #VALUE! | AZ79: =RANK(AY79, AY$67:AY$81) -> #N/A
... C81: 15 | I81: =IFERROR(AVERAGE(P81,U81,Z81,AE81,AJ81,AO81,AT81),"-") -> - | J81: =IFERROR(AVERAGE(Q81,V81,AA81,AF81,AK81,AP81,AU81),"-") -> - | K81: =IFERROR(AVERAGE(R81,W81,AB81,AG81,AL81,AQ81,AV81),"-") -> - | M81: =RANK(K81, K$67:$K$81) -> #VALUE! | AZ81: =RANK(AY81, AY$67:AY$81) -> #N/A
B82: 產線配置圖－每週更新 | N82: 資料繳交 | O82: 日期 | P82: =P62+7 -> 46196 | U82: =P82+1 -> 46197 | Z82: =U82+1 -> 46198 | AE82: =Z82+1 -> 46199 | AJ82: =AE82+1 -> 46200 | AO82: =AJ82+1 -> 46201 | AT82: =AO82+1 -> 46202
P83: 二 | U83: 三 | Z83: 四 | AE83: 五 | AJ83: 六 | AO83: 日 | AT83: 一
B84: 品群 | C84: 商品名稱 | E84: 計畫 | H84: 平均人時性 | I84: 實績 | L84: 平均人時性 | M84: 排名 | O84: 日報 | P84: 實際 | T84: 平均人時性 | U84: 實際 | Y84: 平均人時性 | Z84: 實際 | AD84: 平均人時性 | AE84: 實際 | AI84: 平均人時性 | AJ84: 實際 | AN84: 平均人時性 | AO84: 實際 | AS84: 平均人時性 | AT84: 實際 | AX84: 平均人時性 | BA84: 平均人時性
E85: 產線配置圖 | I85: 產線配置圖 | P85: 生產實績 | U85: 生產實績 | Z85: 生產實績 | AE85: 生產實績 | AJ85: 生產實績 | AO85: 生產實績 | AT85: 生產實績
E86: 人數 | F86: 產能／時 | G86: 人時性 | I86: 人數 | J86: 產能／時 | K86: 人時性 | P86: 人數 | Q86: 產能／時 | R86: 人時性 | S86: 排名 | U86: 人數 | V86: 產能／時 | W86: 人時性 | X86: 排名 | Z86: 人數 | AA86: 產能／時 | AB86: 人時性 | AC86: 排名 | AE86: 人數 | AF86: 產能／時 | AG86: 人時性 | AH86: 排名 | AJ86: 人數 | AK86: 產能／時 | AL86: 人時性 | AM86: 排名 | AO86: 人數 | AP86: 產能／時 | AQ86: 人時性 | AR86: 排名 | AT86: 人數 | AU86: 產能／時 | AV86: 人時性 | AW86: 排名 | AZ86: 排名
B87: 18℃-壽司手卷 | C87: 1 | H87: =AVERAGE(G87:G101) -> #DIV/0! | I87: =IFERROR(AVERAGE(P87,U87,Z87,AE87,AJ87,AO87,AT87),"-") -> - | J87: =IFERROR(AVERAGE(Q87,V87,AA87,AF87,AK87,AP87,AU87),"-") -> - | K87: =IFERROR(AVERAGE(R87,W87,AB87,AG87,AL87,AQ87,AV87),"-") -> - | L87: =IFERROR(AVERAGE(K87:K101),"-") -> - | M87: =RANK(K87, K$107:$K$121) -> #VALUE! | S87: =RANK(R87, R$87:R$101) -> #N/A | T87: =AVERAGE(R87:R101) -> #DIV/0! | AZ87: =RANK(AY87, AY$87:AY$101) -> #N/A | BA87: =AVERAGE(AY87:AY101) -> #DIV/0!
C88: 2 | I88: =IFERROR(AVERAGE(P88,U88,Z88,AE88,AJ88,AO88,AT88),"-") -> - | J88: =IFERROR(AVERAGE(Q88,V88,AA88,AF88,AK88,AP88,AU88),"-") -> - | K88: =IFERROR(AVERAGE(R88,W88,AB88,AG88,AL88,AQ88,AV88),"-") -> - | M88: =RANK(K88, K$107:$K$121) -> #VALUE! | S88: =RANK(R88, R$87:R$101) -> #N/A | AZ88: =RANK(AY88, AY$87:AY$101) -> #N/A
C89: 3 | I89: =IFERROR(AVERAGE(P89,U89,Z89,AE89,AJ89,AO89,AT89),"-") -> - | J89: =IFERROR(AVERAGE(Q89,V89,AA89,AF89,AK89,AP89,AU89),"-") -> - | K89: =IFERROR(AVERAGE(R89,W89,AB89,AG89,AL89,AQ89,AV89),"-") -> - | M89: =RANK(K89, K$107:$K$121) -> #VALUE! | S89: =RANK(R89, R$87:R$101) -> #N/A | AZ89: =RANK(AY89, AY$87:AY$101) -> #N/A
C90: 4 | I90: =IFERROR(AVERAGE(P90,U90,Z90,AE90,AJ90,AO90,AT90),"-") -> - | J90: =IFERROR(AVERAGE(Q90,V90,AA90,AF90,AK90,AP90,AU90),"-") -> - | K90: =IFERROR(AVERAGE(R90,W90,AB90,AG90,AL90,AQ90,AV90),"-") -> - | M90: =RANK(K90, K$107:$K$121) -> #VALUE! | S90: =RANK(R90, R$87:R$101) -> #N/A | AZ90: =RANK(AY90, AY$87:AY$101) -> #N/A
C91: 5 | I91: =IFERROR(AVERAGE(P91,U91,Z91,AE91,AJ91,AO91,AT91),"-") -> - | J91: =IFERROR(AVERAGE(Q91,V91,AA91,AF91,AK91,AP91,AU91),"-") -> - | K91: =IFERROR(AVERAGE(R91,W91,AB91,AG91,AL91,AQ91,AV91),"-") -> - | M91: =RANK(K91, K$107:$K$121) -> #VALUE! | S91: =RANK(R91, R$87:R$101) -> #N/A | AZ91: =RANK(AY91, AY$87:AY$101) -> #N/A
C92: 6 | I92: =IFERROR(AVERAGE(P92,U92,Z92,AE92,AJ92,AO92,AT92),"-") -> - | J92: =IFERROR(AVERAGE(Q92,V92,AA92,AF92,AK92,AP92,AU92),"-") -> - | K92: =IFERROR(AVERAGE(R92,W92,AB92,AG92,AL92,AQ92,AV92),"-") -> - | M92: =RANK(K92, K$107:$K$121) -> #VALUE! | S92: =RANK(R92, R$87:R$101) -> #N/A | AZ92: =RANK(AY92, AY$87:AY$101) -> #N/A
C93: 7 | I93: =IFERROR(AVERAGE(P93,U93,Z93,AE93,AJ93,AO93,AT93),"-") -> - | J93: =IFERROR(AVERAGE(Q93,V93,AA93,AF93,AK93,AP93,AU93),"-") -> - | K93: =IFERROR(AVERAGE(R93,W93,AB93,AG93,AL93,AQ93,AV93),"-") -> - | M93: =RANK(K93, K$107:$K$121) -> #VALUE! | S93: =RANK(R93, R$87:R$101) -> #N/A | AZ93: =RANK(AY93, AY$87:AY$101) -> #N/A
C94: 8 | I94: =IFERROR(AVERAGE(P94,U94,Z94,AE94,AJ94,AO94,AT94),"-") -> - | J94: =IFERROR(AVERAGE(Q94,V94,AA94,AF94,AK94,AP94,AU94),"-") -> - | K94: =IFERROR(AVERAGE(R94,W94,AB94,AG94,AL94,AQ94,AV94),"-") -> - | M94: =RANK(K94, K$107:$K$121) -> #VALUE! | S94: =RANK(R94, R$87:R$101) -> #N/A | AZ94: =RANK(AY94, AY$87:AY$101) -> #N/A
C95: 9 | I95: =IFERROR(AVERAGE(P95,U95,Z95,AE95,AJ95,AO95,AT95),"-") -> - | J95: =IFERROR(AVERAGE(Q95,V95,AA95,AF95,AK95,AP95,AU95),"-") -> - | K95: =IFERROR(AVERAGE(R95,W95,AB95,AG95,AL95,AQ95,AV95),"-") -> - | M95: =RANK(K95, K$107:$K$121) -> #VALUE! | S95: =RANK(R95, R$87:R$101) -> #N/A | AZ95: =RANK(AY95, AY$87:AY$101) -> #N/A
C96: 10 | I96: =IFERROR(AVERAGE(P96,U96,Z96,AE96,AJ96,AO96,AT96),"-") -> - | J96: =IFERROR(AVERAGE(Q96,V96,AA96,AF96,AK96,AP96,AU96),"-") -> - | K96: =IFERROR(AVERAGE(R96,W96,AB96,AG96,AL96,AQ96,AV96),"-") -> - | M96: =RANK(K96, K$107:$K$121) -> #VALUE! | S96: =RANK(R96, R$87:R$101) -> #N/A | AZ96: =RANK(AY96, AY$87:AY$101) -> #N/A
C97: 11 | I97: =IFERROR(AVERAGE(P97,U97,Z97,AE97,AJ97,AO97,AT97),"-") -> - | J97: =IFERROR(AVERAGE(Q97,V97,AA97,AF97,AK97,AP97,AU97),"-") -> - | K97: =IFERROR(AVERAGE(R97,W97,AB97,AG97,AL97,AQ97,AV97),"-") -> - | M97: =RANK(K97, K$107:$K$121) -> #VALUE! | S97: =RANK(R97, R$87:R$101) -> #N/A | AZ97: =RANK(AY97, AY$87:AY$101) -> #N/A
