Workbook

Sheet 填寫舉例
A2: 7 | B2: 月別 | C2: 工廠名 | D2: ・・・・・・・・
A4: （１）收支狀況 | E4: ※單位：千元 | G4: （２）ＫＰＩ達成進度 | M4: （３）業績構成比 | S4: （４）訂單數量構成比
B5: 當月 | C5: 前月 | D5: 差異 | E5: 累計 | H5: KPI | I5: 當月 | J5: 前月 | K5: 累計 | L5: ※補充 | N5: 當月 | O5: 比例 | P5: 前月 | Q5: 差異 | T5: 當月 | U5: 比例 | V5: 前月 | W5: 差異
A6: 業績金額 | B6: 500000 | C6: 510000 | D6: =B6-C6 -> -10000 | E6: =B6+C6 -> 1010000 | G6: 人時生產性1 | H6: 110 | I6: 100 | J6: 90 | L6: 個／MH | M6: 飯糰 | N6: 150000 | O6: =IFERROR(N6/$B$6,"") -> 0.3 | P6: 0.4 | Q6: =IFERROR(O6-P6,"") -> -0.1 | S6: 飯糰 | T6: 35000 | U6: =IFERROR(T6/$B$7,"") -> 0.35 | V6: 0.3 | W6: =IFERROR(U6-V6,"") -> 0.05
A7: 訂單數量 | B7: 100000 | C7: 110000 | D7: =B7-C7 -> -10000 | E7: =B7+C7 -> 210000 | G7: 人時生產性2 | H7: 0.8 | I7: 0.85 | J7: 0.81 | K7: 0.84 | L7: 達成率 | M7: 大口飯糰 | N7: 100000 | O7: =IFERROR(N7/$B$6,"") -> 0.2 | P7: 0.15 | Q7: =IFERROR(O7-P7,"") -> 0.05 | S7: 大口飯糰 | T7: 30000 | U7: =IFERROR(T7/$B$7,"") -> 0.3 | V7: 0.15 | W7: =IFERROR(U7-V7,"") -> 0.15
A8: 材料費 | B8: 250000 | C8: 260000 | D8: =B8-C8 -> -10000 | E8: =B8+C8 -> 510000 | G8: 半成品報廢 | H8: 0.0025 | I8: 0.0024 | J8: 0.0023 | K8: 0.00235 | L8: 報廢率 | M8: 便當 | N8: 160000 | O8: =IFERROR(N8/$B$6,"") -> 0.32 | P8: 0.28 | Q8: =IFERROR(O8-P8,"") -> 0.04 | S8: 便當 | T8: 20000 | U8: =IFERROR(T8/$B$7,"") -> 0.2 | V8: 0.28 | W8: =IFERROR(U8-V8,"") -> -0.08
A9: 材料費率 | B9: =B8/B6 -> 0.5 | C9: =C8/C6 -> 0.50980392 | D9: =B9-C9 -> -0.0098039216 | E9: =(B9+C9)/2 -> 0.50490196 | G9: 半成品超用 | H9: 0.006 | I9: 0.009 | J9: 0.0095 | K9: 0.0092 | L9: 超用率 | M9: 調理麵 | N9: 90000 | O9: =IFERROR(N9/$B$6,"") -> 0.18 | P9: 0.17 | Q9: =IFERROR(O9-P9,"") -> 0.01 | S9: 調理麵 | T9: 15000 | U9: =IFERROR(T9/$B$7,"") -> 0.15 | V9: 0.27 | W9: =IFERROR(U9-V9,"") -> -0.12
A10: 勞務成本 | B10: 100000 | C10: 105000 | D10: =B10-C10 -> -5000 | E10: =B10+C10 -> 205000 | G10: 固定產線 | H10: 0.95 | I10: 0.9 | J10: 0.92 | K10: 0.91 | L10: 導入率 | M10: 調理麵包 | N10: - | O10: =IFERROR(N10/$B$6,"") | P10: -% | Q10: =IFERROR(O10-P10,"") | S10: 調理麵包 | T10: - | U10: =IFERROR(T10/$B$7,"") | V10: -% | W10: =IFERROR(U10-V10,"")
A11: 勞務費率 | B11: =B10/B6 -> 0.2 | C11: =C10/C6 -> 0.20588235 | D11: =B11-C11 -> -0.0058823529 | E11: =(B11+C11)/2 -> 0.20294118 | G11: 教育訓練 | H11: 0.8 | I11: 0.85 | J11: 1 | K11: 0.92 | L11: 實施率 | M11: 袋裝調理麵包 | N11: - | O11: =IFERROR(N11/$B$6,"") | P11: -% | Q11: =IFERROR(O11-P11,"") | S11: 袋裝調理麵包 | T11: - | U11: =IFERROR(T11/$B$7,"") | V11: -% | W11: =IFERROR(U11-V11,"")
M12: 義大利麵 | N12: - | O12: =IFERROR(N12/$B$6,"") | P12: -% | Q12: =IFERROR(O12-P12,"") | S12: 義大利麵 | T12: - | U12: =IFERROR(T12/$B$7,"") | V12: -% | W12: =IFERROR(U12-V12,"")
A13: （５）品群別人時生產性 | M13: 調理包 | N13: - | O13: =IFERROR(N13/$B$6,"") | P13: -% | Q13: =IFERROR(O13-P13,"") | S13: 調理包 | T13: - | U13: =IFERROR(T13/$B$7,"") | V13: -% | W13: =IFERROR(U13-V13,"")
B14: 當月 | C14: 前月 | D14: 差異 | E14: 累計 | H14: 當月 | I14: 前月 | J14: 差異 | K14: 累計 | O14: =SUM(O6:O13) -> 1 | P14: =SUM(P6:P13) -> 1 | U14: =SUM(U6:U13) -> 1 | V14: =SUM(V6:V13) -> 1
A15: 飯糰 | B15: 600 | C15: 660 | D15: =B15-C15 -> -60 | E15: =(B15+C15)/2 -> 630 | G15: 調理麵包 | J15: =H15-I15 -> 0 | M15: （７）原因別分析
A16: 大口飯糰 | B16: 800 | C16: 780 | D16: =B16-C16 -> 20 | E16: =(B16+C16)/2 -> 790 | G16: 袋裝調理麵包 | J16: =H16-I16 -> 0 | N16: 合計 | P16: 作業原因 | R16: 規格原因
A17: 便當 | B17: 130 | C17: 111 | D17: =B17-C17 -> 19 | E17: =(B17+C17)/2 -> 120.5 | G17: 義大利麵 | J17: =H17-I17 -> 0 | N17: 金額 | O17: 比例 | P17: 金額 | Q17: 比例 | R17: 金額 | S17: 比例
A18: 調理麵 | B18: 140 | C18: 165 | D18: =B18-C18 -> -25 | E18: =(B18+C18)/2 -> 152.5 | G18: 調理包 | J18: =H18-I18 -> 0 | M18: 半成品報廢 | N18: 1200 | O18: =N18/$B$6 -> 0.0024 | P18: 900 | Q18: =IFERROR(P18/$B$6,"") -> 0.0018 | R18: 300 | S18: =IFERROR(R18/$B$6,"") -> 0.0006
M19: 半成品超用 | N19: 4500 | O19: =N19/$B$6 -> 0.009 | P19: 3500 | Q19: =IFERROR(P19/$B$6,"") -> 0.007 | R19: 1000 | S19: =IFERROR(R19/$B$6,"") -> 0.002
A20: （６）人時生產性前幾名品項
B21: 排名 | C21: 商品名 | F21: 人數 | G21: 產能 | H21: 人時生產性 | I21: 前月比 | J21: 主要原因&對策 | M21: （８）報廢原因別前幾名品項
A22: 飯糰 | B22: 1 | C22: 手巻明太子 | F22: 3 | G22: 3000 | H22: 1000 | I22: 10 | J22: 減少暫時停止生產,人時UP | M22: 半成品報廢 | N22: 排名 | O22: 商品名 | R22: 半成品名 | U22: 單價 | V22: 報廢率 | W22: 數量 | X22: 金額 | Y22: 前月比 | Z22: 主要原因&對策
B23: 2 | M23: 作業原因 | N23: 1 | O23: 明太子海苔便當 | R23: 油炸白身魚 | U23: 10 | V23: 0.15 | W23: 10 | X23: =W23*U23 -> 100 | Y23: 80 | Z23: 油調過多報廢。變更條件。
B24: 3 | N24: 2 | X24: =W24*U24 -> 0
B25: 4 | N25: 3 | X25: =W25*U25 -> 0
B26: 5 | N26: 4 | X26: =W26*U26 -> 0
B27: ▼1 | C27: 手巻卵黄雞絞肉 | F27: 4 | G27: 2800 | H27: 700 | I27: 6/30新商品 | J27: 因組裝2食材,人員增加,產速減少 | N27: 5 | X27: =W27*U27 -> 0
B28: ▼2 | U28: 前幾名合計比例 | V28: =X28/N18 -> 0.083333333 | W28: 前幾名合計金額 | X28: =SUM(X23:X27) -> 100
B29: ▼3 | M29: 規格原因 | N29: 1 | O29: 海老炒飯 | R29: 川燙蝦子拌醬 | U29: 5.55 | V29: 0.21 | W29: 50 | X29: =W29*U29 -> 277.5 | Y29: 35 | Z29: 蝦子入數不足
B30: ▼4 | N30: 2 | X30: =W30*U30 -> 0
B31: ▼5 | N31: 3 | X31: =W31*U31 -> 0
N32: 4 | X32: =W32*U32 -> 0
B33: 排名 | C33: 商品名 | F33: 人數 | G33: 產能 | H33: 人時生產性 | I33: 前月比 | J33: 主要原因&對策 | N33: 5 | X33: =W33*U33 -> 0
A34: 大口飯糰 | B34: 1 | C34: 直巻明太子美奶茲 | F34: 3 | G34: 2500 | H34: 833.33 | I34: 20 | J34: 透由調整速度提升。 | U34: 前幾名合計比例 | V34: =X34/N18 -> 0.23125 | W34: 前幾名合計金額 | X34: =SUM(X29:X33) -> 277.5
B35: 2
B36: 3 | M36: 半成品超用 | N36: 排名 | O36: 商品名 | R36: 半成品名 | U36: 單價 | V36: 報廢率 | W36: 數量 | X36: 金額 | Y36: 前月比 | Z36: 主要原因&對策
B37: 4 | M37: 作業原因 | N37: 1 | O37: 特製醬汁炙燒牛五花便當 | R37: 牛五花醬汁 | U37: 25 | V37: 0.25 | W37: 10 | X37: =W37*U37 -> 250 | Y37: 150 | Z37: 難度有差異。調理指導。
B38: 5 | N38: 2 | X38: =W38*U38 -> 0
B39: ▼1 | C39: 大口飯糰燒肉美奶滋 | F39: 7 | G39: 2200 | H39: 314.29 | I39: -15 | J39: 因摺疊增員。實施教育訓練。 | N39: 3 | X39: =W39*U39 -> 0
B40: ▼2 | N40: 4 | X40: =W40*U40 -> 0
B41: ▼3 | N41: 5 | X41: =W41*U41 -> 0
B42: ▼4 | U42: 前幾名合計比例 | V42: =X42/N19 -> 0.055555556 | W42: 前幾名合計金額 | X42: =SUM(X37:X41) -> 250
B43: ▼5 | M43: 規格原因 | N43: 1 | O43: 特製醬汁炙燒牛五花便當 | R43: 牛五花燒成 | U43: 30 | V43: 0.1 | W43: 20 | X43: =W43*U43 -> 600 | Y43: 400 | Z43: 因原料變更。
N44: 2 | X44: =W44*U44 -> 0
B45: 排名 | C45: 商品名 | F45: 人數 | G45: 產能 | H45: 人時生產性 | I45: 前月比 | J45: 主要原因&對策 | N45: 3 | X45: =W45*U45 -> 0
A46: 便當 | B46: 1 | C46: 明太子海苔便當 | F46: 15 | G46: 1200 | H46: 80 | I46: 5 | J46: 指導鋪開炒柴魚片 | N46: 4 | X46: =W46*U46 -> 0
B47: 2 | N47: 5 | X47: =W47*U47 -> 0
B48: 3 | U48: 前幾名合計比例 | V48: =X48/N19 -> 0.13333333 | W48: 前幾名合計金額 | X48: =SUM(X43:X47) -> 600
B49: 4
B50: 5 | M50: （９）歩留
B51: ▼1 | C51: 特製醬汁炙燒牛五花便當 | F51: 18 | G51: 800 | H51: 44.44 | I51: -15 | J51: 肉狀態不良，已連動開發 | N51: No. | O51: 商品名 | R51: 半成品名 | U51: 單價 | V51: 規格 | W51: 實績 | X51: 差異 | Y51: 主要原因&對策
B52: ▼2 | M52: 作業原因 | N52: 1 | O52: 特製醬汁炙燒牛五花便當 | R52: 牛五花燒成 | U52: 30 | V52: 0.62 | W52: 0.58 | X52: =W52-V52 -> -0.04 | Y52: 燒成過多，調整調理條件。
B53: ▼3 | N53: 2 | X53: =W53-V53 -> 0
B54: ▼4 | M54: 規格原因 | N54: 1 | O54: 大口飯糰三種起司午餐肉 | R54: ３種起司燒成 | U54: 20 | V54: 0.9 | W54: 0.82 | X54: =W54-V54 -> -0.08 | Y54: 與燒成範本不同。
B55: ▼5 | N55: 2 | X55: =W55-V55 -> 0

Sheet 生產管理報表(月)
A1: 生產管理報表
A3: 月別 | B3: 10 | C3: 工廠 | D3: 晉欣廠
A4: （１）收支狀況 | E4: ※單位：千元 | G4: （２）ＫＰＩ達成進度
A5: 項目 | B5: 當月 | C5: 前月 | D5: 差異 | E5: 累計 | G5: 項目 | H5: KPI | I5: 當月 | J5: 前月 | K5: 累計 | L5: ※補充
A6: 業績金額 | B6: ='（１）收支狀況'!H10/1000 -> 102477.25 | C6: 224463.49 | D6: =B6-C6 -> -121986.24 | E6: =B6 -> 102477.25 | G6: 人時性(個/月均) | H6: 266 | I6: ='（２）ＫＰＩ達成進度'!H6 -> 0 | J6: 330.21458 | K6: =I6 -> 0 | L6: 個／MH
A7: 訂單數量 | B7: ='（１）收支狀況'!K10 -> 3104723 | C7: 6964636 | D7: =B7-C7 -> -3859913 | E7: =B7 -> 3104723 | G7: 人時達成率(%/月均) | H7: 0.8 | I7: ='（２）ＫＰＩ達成進度'!K6 -> 0 | J7: 0.90222562 | K7: =I7 -> 0 | L7: 達成率
A8: 材料費 | B8: ='（１）收支狀況'!N10/1000 -> 68368.101 | C8: 150244.29 | D8: =B8-C8 -> -81876.191 | E8: =B8 -> 68368.101 | G8: 半成品-報廢(%) | H8: 0.0025 | I8: ='（２）ＫＰＩ達成進度'!N6 -> 0 | J8: 0.0024646257 | K8: =I8 -> 0 | L8: 報廢率
A9: 材料費率 | B9: ='（１）收支狀況'!Q10 -> 0.66715396 | C9: 0.66934847 | D9: =B9-C9 -> -0.0021945132 | E9: =B9 -> 0.66715396 | G9: 半成品-超用(%) | H9: 0.0026 | I9: ='（２）ＫＰＩ達成進度'!Q6 -> 0 | J9: 0.0023405371 | K9: =I9 -> 0 | L9: 超用率
A10: 勞務成本 | B10: ='（１）收支狀況'!T10/1000 -> 13356.389 | C10: 32105.787 | D10: =B10-C10 -> -18749.397 | E10: =B10 -> 13356.389 | G10: 固定產線-導入率(%) | H10: 0.8 | I10: ='（２）ＫＰＩ達成進度'!T6 -> 0 | J10: 0.91666667 | K10: =I10 -> 0 | L10: 導入率
A11: 勞務費率 | B11: ='（１）收支狀況'!W10 -> 0.13033517 | C11: 0.14303345 | D11: =B11-C11 -> -0.01269828 | E11: =B11 -> 0.13033517 | G11: 教育訓練-實施率(%) | H11: 1 | I11: ='（２）ＫＰＩ達成進度'!W6 -> 0 | J11: 0.84941935 | K11: =I11 -> 0 | L11: 實施率
A13: （３）業績構成比 | G13: （４）訂單數量構成比
B14: 當月 | C14: 比例 | D14: 前月 | E14: 差異 | H14: 當月 | I14: 比例 | J14: 前月 | K14: 差異
A15: 18℃-飯A15:A23糰(061,063) | B15: ='（３）業績構成比'!M46/1000 -> 14877.133 | C15: =IFERROR(B15/$B$6,"") -> 0.14517499 | D15: 0.19061186 | E15: =IFERROR(C15-D15,"") -> -0.045436867 | G15: 18℃-飯A15:A23糰(061,063) | H15: ='（４）訂單數量構成比'!M46 -> 857877 | I15: =IFERROR(H15/$B$7,"") -> 0.27631354 | J15: 0.33067557 | K15: =IFERROR(I15-J15,"") -> -0.054362034
A16: 18℃-壽司手卷(071,072,075,076) | B16: ='（３）業績構成比'!S46/1000 -> 3178.9754 | C16: =IFERROR(B16/$B$6,"") -> 0.03102128 | D16: 0.042789234 | E16: =IFERROR(C16-D16,"") -> -0.011767953 | G16: 18℃-壽司手卷(071,072,075,076) | H16: ='（４）訂單數量構成比'!S47 -> 142109 | I16: =IFERROR(H16/$B$7,"") -> 0.045771877 | J16: 0.061681041 | K16: =IFERROR(I16-J16,"") -> -0.015909164
A17: 4℃-飯糰(065) | B17: ='（３）業績構成比'!U46/1000 -> 12922.478 | C17: =IFERROR(B17/$B$6,"") -> 0.12610095 | D17: 0.086938303 | E17: =IFERROR(C17-D17,"") -> 0.039162646 | G17: 4℃-飯糰(065) | H17: ='（４）訂單數量構成比'!U46 -> 390858 | I17: =IFERROR(H17/$B$7,"") -> 0.12589142 | J17: 0.082530228 | K17: =IFERROR(I17-J17,"") -> 0.043361196
A18: 4℃-壽司手卷(077) | B18: ='（３）業績構成比'!W46/1000 -> 738.85392 | C18: =IFERROR(B18/$B$6,"") -> 0.0072099314 | D18: 0.014659146 | E18: =IFERROR(C18-D18,"") -> -0.0074492146 | G18: 4℃-壽司手卷(077) | H18: ='（４）訂單數量構成比'!W46 -> 21594 | I18: =IFERROR(H18/$B$7,"") -> 0.0069552099 | J18: 0.016773741 | K18: =IFERROR(I18-J18,"") -> -0.0098185311
A19: 主食(091,092,093,094,095) | B19: ='（３）業績構成比'!AC46/1000 -> 23714.558 | C19: =IFERROR(B19/$B$6,"") -> 0.23141291 | D19: 0.24409178 | E19: =IFERROR(C19-D19,"") -> -0.01267887 | G19: 主食(091,092,093,094,095) | H19: ='（４）訂單數量構成比'!AC46 -> 625553 | I19: =IFERROR(H19/$B$7,"") -> 0.20148432 | J19: 0.1967306 | K19: =IFERROR(I19-J19,"") -> 0.0047537219
A20: 便當(083) | B20: ='（３）業績構成比'!AE46/1000 -> 16880.541 | C20: =IFERROR(B20/$B$6,"") -> 0.16472477 | D20: 0.13979724 | E20: =IFERROR(C20-D20,"") -> 0.02492753 | G20: 便當(083) | H20: ='（４）訂單數量構成比'!AE46 -> 297631 | I20: =IFERROR(H20/$B$7,"") -> 0.095863947 | J20: 0.079797709 | K20: =IFERROR(I20-J20,"") -> 0.016066237
A21: 熱食義麵(122,123,124,126) | B21: ='（３）業績構成比'!AG46/1000 -> 4886.2339 | C21: =IFERROR(B21/$B$6,"") -> 0.047681159 | D21: 0.13619627 | E21: =IFERROR(C21-D21,"") -> -0.088515107 | G21: 熱食義麵(122,123,124,126) | H21: ='（４）訂單數量構成比'!AG46 -> 107724 | I21: =IFERROR(H21/$B$7,"") -> 0.034696815 | J21: 0.090009011 | K21: =IFERROR(I21-J21,"") -> -0.055312196
A22: 季節調理麵(111,112) | B22: ='（３）業績構成比'!AI46/1000 -> 13959.106 | C22: =IFERROR(B22/$B$6,"") -> 0.13621664 | D22: 0.068175374 | E22: =IFERROR(C22-D22,"") -> 0.068041263 | G22: 季節調理麵(111,112) | H22: ='（４）訂單數量構成比'!AI46 -> 378237 | I22: =IFERROR(H22/$B$7,"") -> 0.12182633 | J22: 0.05972114 | K22: =IFERROR(I22-J22,"") -> 0.062105187
A23: 微波小吃(153,154,155) | B23: ='（３）業績構成比'!AK46/1000 -> 7885.6864 | C23: =IFERROR(B23/$B$6,"") -> 0.076950608 | D23: 0.076740802 | E23: =IFERROR(C23-D23,"") -> 0.00020980537 | G23: 微波小吃(153,154,155) | H23: ='（４）訂單數量構成比'!AK46 -> 283140 | I23: =IFERROR(H23/$B$7,"") -> 0.091196542 | J23: 0.082080959 | K23: =IFERROR(I23-J23,"") -> 0.0091155828
C24: =SUM(C15:C23) -> 0.96649323 | D24: =SUM(D15:D23) -> 1 | I24: =SUM(I15:I23) -> 1 | J24: =SUM(J15:J23) -> 1
A26: （５）品群別人時生產性
A27: 品群 | B27: 當月 | C27: 前月 | D27: 差異 | E27: 累計 | M27: 8月 | N27: 9月 | O27: 10月 | P27: 11月 | Q27: 12月
A28: 18℃-飯A15:A23糰(061,063) | B28: ='（５-1）品群別人時生產性（18℃-飯糰）'!$C$1 -> 753.9018 | C28: 756.20247 | D28: =B28-C28 -> -2.3006712 | E28: =R28 -> 735.71467 | M28: 717.52753 | N28: =B28 -> 753.9018 | R28: =AVERAGE(M28:Q28) -> 735.71467
A29: 18℃-壽司手卷(071,072,075,076) | B29: ='（５-2）品群別人時生產性（18-壽司手卷)'!$C$1 -> 175.26729 | C29: 198.82982 | D29: =B29-C29 -> -23.562533 | E29: =R29 -> 186.45 | M29: 197.63272 | N29: =B29 -> 175.26729 | R29: =AVERAGE(M29:Q29) -> 186.45
A30: 4℃-飯糰(065) | B30: ='（５-3）品群別人時生產性（4℃-飯糰)'!$C$1 -> 252.90143 | C30: 253.36933 | D30: =B30-C30 -> -0.46789865 | E30: =R30 -> 246.68 | M30: 240.45857 | N30: =B30 -> 252.90143 | R30: =AVERAGE(M30:Q30) -> 246.68
A31: 4℃-壽司手卷(077) | B31: ='（５-4）品群別人時生產性（4℃-壽司手卷)'!$C$1 -> 111.8163 | C31: 112.99131 | D31: =B31-C31 -> -1.1750111 | E31: =R31 -> 109.34071 | M31: 106.86512 | N31: =B31 -> 111.8163 | R31: =AVERAGE(M31:Q31) -> 109.34071
A32: 主食(091,092,093,094,095) | B32: ='（５-5）品群別人時生產性(主食) '!$C$1 -> 87.340599 | C32: 85.495684 | D32: =B32-C32 -> 1.8449143 | E32: =R32 -> 88.325514 | M32: 89.310428 | N32: =B32 -> 87.340599 | R32: =AVERAGE(M32:Q32) -> 88.325514
A33: 便當(083) | B33: ='（５-6）品群別人時生產性(便當)'!$C$1 -> 72.510018 | C33: 66.943614 | D33: =B33-C33 -> 5.5664042 | E33: =R33 -> 69.09138 | M33: 65.672742 | N33: =B33 -> 72.510018 | R33: =AVERAGE(M33:Q33) -> 69.09138
A34: 熱食義麵(122,123,124,126) | B34: ='（５-7）品群別人時生產性(熱食義麵) '!$C$1 -> 86.002697 | C34: 80.555861 | D34: =B34-C34 -> 5.4468356 | E34: =R34 -> 80.740633 | M34: 75.478569 | N34: =B34 -> 86.002697 | R34: =AVERAGE(M34:Q34) -> 80.740633
A35: 季節調理麵(111,112) | B35: ='（５-8）品群別人時生產性(季節調理麵) '!$C$1 -> 124.02871 | C35: 121.13263 | D35: =B35-C35 -> 2.8960884 | E35: =R35 -> 119.26714 | M35: 114.50557 | N35: =B35 -> 124.02871 | R35: =AVERAGE(M35:Q35) -> 119.26714
A36: 微波小吃(153,154,155) | B36: ='（５-9）品群別人時生產性(微波小吃)'!$C$1 -> 177.97086 | C36: 115.36623 | D36: =B36-C36 -> 62.604633 | E36: =R36 -> 138.8096 | M36: 99.648342 | N36: =B36 -> 177.97086 | R36: =AVERAGE(M36:Q36) -> 138.8096

Sheet 生產管理報表(週) 
A1: 生產管理報表
A3: 月別 | B3: 4 | C3: 週別 | D3: W2 | E3: 工廠 | F3: 晉欣廠
A4: （１）收支狀況 | E4: ※單位：千元 | G4: （２）ＫＰＩ達成進度
A5: 項目 | B5: 當週 | C5: 前週 | D5: 差異 | E5: 累計 | G5: 項目 | H5: KPI | I5: 當週 | J5: 前週 | K5: 累計 | L5: ※補充
A6: 業績金額 | B6: ='（１）收支狀況'!G11/1000 -> 58053.442 | C6: 52952.468 | D6: =B6-C6 -> 5100.974 | E6: ='（１）收支狀況'!H10/1000 -> 102477.25 | G6: 人時性(個/月均) | H6: 366 | I6: ='（２）ＫＰＩ達成進度'!G11 -> 341.49684 | J6: 353.49823 | K6: ='（２）ＫＰＩ達成進度'!H10 -> 347.36685 | L6: 個／MH
A7: 訂單數量 | B7: ='（１）收支狀況'!J11 -> 1752697 | C7: 1615819 | D7: =B7-C7 -> 136878 | E7: ='（１）收支狀況'!K10 -> 3104723 | G7: 人時達成率(%/月均) | H7: 0.8 | I7: ='（２）ＫＰＩ達成進度'!J11 -> 0.93305147 | J7: 0.97453068 | K7: ='（２）ＫＰＩ達成進度'!K10 -> 0.41127223 | L7: 達成率
A8: 材料費 | B8: ='（１）收支狀況'!M11/1000 -> 38350.673 | C8: 35685.182 | D8: =B8-C8 -> 2665.491 | E8: ='（１）收支狀況'!N10/1000 -> 68368.101 | G8: 半成品-報廢(%) | H8: 0.0025 | I8: ='（２）ＫＰＩ達成進度'!M11 -> 0.0024328571 | J8: 0.0024406424 | K8: ='（２）ＫＰＩ達成進度'!N10 -> 0.0024366345 | L8: 報廢率
A9: 材料費率 | B9: ='（１）收支狀況'!P11 -> 0.66060981 | C9: 0.6739097 | D9: =B9-C9 -> -0.013299898 | E9: ='（１）收支狀況'!Q10 -> 0.66715396 | G9: 半成品-超用(%) | H9: 0.0026 | I9: ='（２）ＫＰＩ達成進度'!P11 -> 0.0017039516 | J9: 0.0018040733 | K9: ='（２）ＫＰＩ達成進度'!Q10 -> 0.0017536547 | L9: 超用率
A10: 勞務成本 | B10: ='（１）收支狀況'!S11/1000 -> 7316.8547 | C10: =7053342/1000 -> 7053.342 | D10: =B10-C10 -> 263.51266 | E10: ='（１）收支狀況'!T10/1000 -> 13356.389 | G10: 固定產線-導入率(%) | H10: 0.8 | I10: 0.9111 | J10: 0.9135 | K10: 0.917 | L10: 導入率
A11: 勞務費率 | B11: ='（１）收支狀況'!V11 -> 0.12603653 | C11: 0.1332 | D11: =B11-C11 -> -0.0071634652 | E11: ='（１）收支狀況'!W10 -> 0.13033517 | G11: 教育訓練-實施率(%) | H11: 1 | I11: ='（２）ＫＰＩ達成進度'!V11 -> 0.25257143 | J11: 0.22542857 | K11: ='（２）ＫＰＩ達成進度'!W10 -> 0.24076923 | L11: 實施率
A13: （３）業績構成比 | G13: （４）訂單數量構成比
B14: 當週 | C14: 比例 | D14: 前週 | E14: 差異 | H14: 當週 | I14: 比例 | J14: 前週 | K14: 差異
A15: 18℃-飯糰(061,063) | B15: =SUM('（３）業績構成比'!I13:I19,'（３）業績構成比'!K13:K19)/1000 -> 9244.4578 | C15: =IFERROR(B15/$B$6,"") -> 0.15924048 | D15: 0.15559681 | E15: =IFERROR(C15-D15,"") -> 0.0036436633 | G15: 18℃-飯糰(061,063) | H15: =SUM(,'（４）訂單數量構成比'!I13:I19,'（４）訂單數量構成比'!K13:K19) -> 490036 | I15: =IFERROR(H15/$B$7,"") -> 0.27958968 | J15: 0.2736736 | K15: =IFERROR(I15-J15,"") -> 0.0059160854
A16: 18℃-壽司手卷(071,072,075,076) | B16: =SUM('（３）業績構成比'!O13:O19,'（３）業績構成比'!Q13:Q19)/1000 -> 1969.5632 | C16: =IFERROR(B16/$B$6,"") -> 0.033926726 | D16: 0.03367305 | E16: =IFERROR(C16-D16,"") -> 0.00025367519 | G16: 18℃-壽司手卷(071,072,075,076) | H16: =SUM('（４）訂單數量構成比'!O13:O19,'（４）訂單數量構成比'!Q13:Q19) -> 78044 | I16: =IFERROR(H16/$B$7,"") -> 0.044527948 | J16: 0.046029908 | K16: =IFERROR(I16-J16,"") -> -0.0015019606
A17: 4℃-飯糰(065) | B17: =SUM('（３）業績構成比'!U13:U19)/1000 -> 7297.2272 | C17: =IFERROR(B17/$B$6,"") -> 0.12569844 | D17: 0.1273697 | E17: =IFERROR(C17-D17,"") -> -0.0016712618 | G17: 4℃-飯糰(065) | H17: =SUM('（４）訂單數量構成比'!U13:U19) -> 220640 | I17: =IFERROR(H17/$B$7,"") -> 0.12588599 | J17: 0.12632046 | K17: =IFERROR(I17-J17,"") -> -0.0004344687
A18: 4℃-壽司手卷(077) | B18: =SUM('（３）業績構成比'!W13:W19)/1000 -> 391.57974 | C18: =IFERROR(B18/$B$6,"") -> 0.0067451597 | D18: 0.0078544147 | E18: =IFERROR(C18-D18,"") -> -0.001109255 | G18: 4℃-壽司手卷(077) | H18: =SUM('（４）訂單數量構成比'!W13:W19) -> 11435 | I18: =IFERROR(H18/$B$7,"") -> 0.0065242309 | J18: 0.0075194066 | K18: =IFERROR(I18-J18,"") -> -0.00099517562
A19: 主食(091,092,093,094,095) | B19: =SUM('（３）業績構成比'!Y13:Y19,'（３）業績構成比'!AA13:AA19)/1000 -> 14225.82 | C19: =IFERROR(B19/$B$6,"") -> 0.24504697 | D19: 0.25413807 | E19: =IFERROR(C19-D19,"") -> -0.0090910996 | G19: 主食(091,092,093,094,095) | H19: =SUM('（４）訂單數量構成比'!Y13:Y19,'（４）訂單數量構成比'!AA13:AA19) -> 348342 | I19: =IFERROR(H19/$B$7,"") -> 0.19874628 | J19: 0.20333651 | K19: =IFERROR(I19-J19,"") -> -0.0045902373
A20: 便當(083) | B20: =SUM('（３）業績構成比'!AE13:AE19)/1000 -> 9553.7182 | C20: =IFERROR(B20/$B$6,"") -> 0.16456764 | D20: 0.16920595 | E20: =IFERROR(C20-D20,"") -> -0.0046383067 | G20: 便當(083) | H20: =SUM('（４）訂單數量構成比'!AE13:AE19) -> 169490 | I20: =IFERROR(H20/$B$7,"") -> 0.096702396 | J20: 0.096640775 | K20: =IFERROR(I20-J20,"") -> 6.1621624e-05
A21: 熱食義麵(122,123,124,126) | B21: =SUM('（３）業績構成比'!AG13:AG19)/1000 -> 2907.4806 | C21: =IFERROR(B21/$B$6,"") -> 0.050082828 | D21: 0.040852663 | E21: =IFERROR(C21-D21,"") -> 0.0092301655 | G21: 熱食義麵(122,123,124,126) | H21: =SUM('（４）訂單數量構成比'!AG13:AG19) -> 63766 | I21: =IFERROR(H21/$B$7,"") -> 0.036381645 | J21: 0.030008312 | K21: =IFERROR(I21-J21,"") -> 0.0063733334
A22: 季節調理麵(111,112) | B22: =SUM('（３）業績構成比'!AI13:AI19)/1000 -> 8082.3765 | C22: =IFERROR(B22/$B$6,"") -> 0.13922304 | D22: 0.13128237 | E22: =IFERROR(C22-D22,"") -> 0.0079406694 | G22: 季節調理麵(111,112) | H22: =SUM('（４）訂單數量構成比'!AI13:AI19) -> 219074 | I22: =IFERROR(H22/$B$7,"") -> 0.12499251 | J22: 0.11649634 | K22: =IFERROR(I22-J22,"") -> 0.0084961713
A23: 微波小吃(153,154,155) | B23: =SUM('（３）業績構成比'!AK13:AK19)/1000 -> 4381.2188 | C23: =IFERROR(B23/$B$6,"") -> 0.075468717 | D23: 0.080026967 | E23: =IFERROR(C23-D23,"") -> -0.0045582503 | G23: 微波小吃(153,154,155) | H23: =SUM('（４）訂單數量構成比'!AK13:AK19) -> 151870 | I23: =IFERROR(H23/$B$7,"") -> 0.086649318 | J23: 0.099974688 | K23: =IFERROR(I23-J23,"") -> -0.01332537
C24: =SUM(C15:C23) -> 1 | D24: =SUM(D15:D23) -> 1 | I24: =SUM(I15:I23) -> 1 | J24: =SUM(J15:J23) -> 1
A26: （５）品群別人時生產性
A27: 品群 | B27: 當週 | C27: 前週 | D27: 差異 | E27: 累計
A28: 18℃-飯糰(061,063) | B28: ='（５-1）品群別人時生產性（18℃-飯糰）'!L42 -> 762.06763 | C28: 745.73597 | D28: =B28-C28 -> 16.331655 | E28: ='（５-1）品群別人時生產性（18℃-飯糰）'!C1 -> 753.9018
A29: 18℃-壽司手卷(071,072,075,076) | B29: ='（５-2）品群別人時生產性（18-壽司手卷)'!L27 -> 179.6039 | C29: 170.93068 | D29: =B29-C29 -> 8.6732222 | E29: ='（５-2）品群別人時生產性（18-壽司手卷)'!C1 -> 175.26729
A30: 4℃-飯糰(065) | B30: ='（５-3）品群別人時生產性（4℃-飯糰)'!L27 -> 245.86202 | C30: 259.94085 | D30: =B30-C30 -> -14.078836 | E30: ='（５-3）品群別人時生產性（4℃-飯糰)'!C1 -> 252.90143
A31: 4℃-壽司手卷(077) | B31: ='（５-4）品群別人時生產性（4℃-壽司手卷)'!L27 -> 111.40783 | C31: 112.22478 | D31: =B31-C31 -> -0.81694972 | E31: ='（５-4）品群別人時生產性（4℃-壽司手卷)'!C1 -> 111.8163
A32: 主食(091,092,093,094,095) | B32: ='（５-5）品群別人時生產性(主食) '!L42 -> 87.318765 | C32: 87.362433 | D32: =B32-C32 -> -0.043667893 | E32: ='（５-5）品群別人時生產性(主食) '!C1 -> 87.340599
A33: 便當(083) | B33: ='（５-6）品群別人時生產性(便當)'!L27 -> 72.335991 | C33: 72.684045 | D33: =B33-C33 -> -0.3480542 | E33: ='（５-6）品群別人時生產性(便當)'!C1 -> 72.510018
A34: 熱食義麵(122,123,124,126) | B34: ='（５-7）品群別人時生產性(熱食義麵) '!L27 -> 85.588968 | C34: 86.416426 | D34: =B34-C34 -> -0.82745877 | E34: ='（５-7）品群別人時生產性(熱食義麵) '!C1 -> 86.002697
A35: 季節調理麵(111,112) | B35: ='（５-8）品群別人時生產性(季節調理麵) '!L27 -> 124.46114 | C35: 123.59628 | D35: =B35-C35 -> 0.86486046 | E35: ='（５-8）品群別人時生產性(季節調理麵) '!C1 -> 124.02871
A36: 微波小吃(153,154,155) | B36: ='（５-9）品群別人時生產性(微波小吃)'!L27 -> 177.45558 | C36: 178.48614 | D36: =B36-C36 -> -1.0305632 | E36: ='（５-9）品群別人時生產性(微波小吃)'!C1 -> 177.97086

Sheet （１）收支狀況
B2: （１）收支狀況
C3: 月份 | D3: 日期 | F3: 營業額(元) | I3: 訂單數量(個) | L3: 材料費(元) | O3: 材料費率（材料費／營業額） | R3: 勞務成本（全廠人事成本） | U3: 勞務費率（勞務成本／營業額）
F4: 日 | G4: 週累積 | H4: 月累積 | I4: 日 | J4: 週累積 | K4: 月累積 | L4: 日 | M4: 週累積 | N4: 月累積 | O4: 日 | P4: 週累積 | Q4: 月平均 | R4: 日 | S4: 週累積 | T4: 月累積 | U4: 日 | V4: 週累積 | W4: 月平均
D5: 46113 | E5: 三 | F5: 7706722 | I5: 240873 | L5: 5520414 | O5: =L5/F5 -> 0.71631155 | R5: 1030119.2 | U5: =R5/F5 -> 0.13366503
D6: =D5+1 -> 46114 | E6: 四 | F6: 7008581 | G6: =SUM(F5:F10) -> 44423805 | I6: 219733 | J6: =SUM(I5:I10) -> 1352026 | L6: 5014165 | M6: =SUM(L5:L10) -> 30017428 | O6: =L6/F6 -> 0.71543227 | P6: =M6/G6 -> 0.67570592 | R6: 1007333.1 | S6: =SUM(R5:R10) -> 6039534.7 | U6: =R6/F6 -> 0.14372854 | V6: =S6/G6 -> 0.13595266
D7: =D6+1 -> 46115 | E7: 五 | F7: 6828155 | I7: 208291 | L7: 4573820 | O7: =L7/F7 -> 0.66984713 | R7: 970568.31 | U7: =R7/F7 -> 0.1421421
D8: =D7+1 -> 46116 | E8: 六 | F8: 6946481 | I8: 206015 | L8: 4682963 | O8: =L8/F8 -> 0.67414897 | R8: 965055.55 | U8: =R8/F8 -> 0.13892726
D9: =D8+1 -> 46117 | E9: 日 | F9: 7261197 | I9: 218068 | L9: 4774537 | O9: =L9/F9 -> 0.65754131 | R9: 973359.31 | U9: =R9/F9 -> 0.13404943
D10: =D9+1 -> 46118 | E10: 一 | F10: 8672669 | H10: =SUM(F5:F34) -> 102477247 | I10: 259046 | K10: =SUM(I5:I34) -> 3104723 | L10: 5451529 | N10: =SUM(L5:L34) -> 68368101 | O10: =L10/F10 -> 0.62858723 | Q10: =N10/H10 -> 0.66715396 | R10: 1093099.2 | T10: =SUM(R5:R35) -> 13356389 | U10: =R10/F10 -> 0.12603954 | W10: =T10/H10 -> 0.13033517
D11: =D10+1 -> 46119 | E11: 二 | F11: 8371655 | G11: =SUM(F11:F17) -> 58053442 | I11: 253131 | J11: =SUM(I11:I17) -> 1752697 | L11: 5622332 | M11: =SUM(L11:L17) -> 38350673 | O11: =L11/F11 -> 0.67159146 | P11: =M11/G11 -> 0.66060981 | R11: 1059039 | S11: =SUM(R11:R17) -> 7316854.7 | U11: =R11/F11 -> 0.12650294 | V11: =S11/G11 -> 0.12603653
D12: =D11+1 -> 46120 | E12: 三 | F12: 8123789 | I12: 245780 | L12: 5359721 | O12: =L12/F12 -> 0.6597563 | R12: 1028044.6 | U12: =R12/F12 -> 0.12654743
D13: =D12+1 -> 46121 | E13: 四 | F13: 7630691 | I13: 232518 | L13: 4997232 | O13: =L13/F13 -> 0.65488591 | R13: 1013463.3 | U13: =R13/F13 -> 0.13281409
D14: =D13+1 -> 46122 | E14: 五 | F14: 7424675 | I14: 224499 | L14: 4893396 | O14: =L14/F14 -> 0.65907208 | R14: 1020067.5 | U14: =R14/F14 -> 0.13738885
D15: =D14+1 -> 46123 | E15: 六 | F15: 7969209 | I15: 237989 | L15: 5337220 | O15: =L15/F15 -> 0.66973021 | R15: 1016548.3 | U15: =R15/F15 -> 0.1275595
D16: =D15+1 -> 46124 | E16: 日 | F16: 9249267 | I16: 277628 | L16: 6159720 | O16: =L16/F16 -> 0.66596845 | R16: 1076807.9 | U16: =R16/F16 -> 0.11642089
D17: =D16+1 -> 46125 | E17: 一 | F17: 9284156 | I17: 281152 | L17: 5981052 | O17: =L17/F17 -> 0.6442214 | R17: 1102884.1 | U17: =R17/F17 -> 0.11879206
D18: =D17+1 -> 46126 | E18: 二 | G18: =SUM(F18:F24) -> 0 | J18: =SUM(I18:I24) -> 0 | M18: =SUM(L18:L24) -> 0 | O18: =L18/F18 -> #DIV/0! | P18: =M18/G18 -> #DIV/0! | S18: =SUM(R18:R24) -> 0 | U18: =R18/F18 -> #DIV/0! | V18: =S18/M18 -> #DIV/0!
D19: =D18+1 -> 46127 | E19: 三 | O19: =L19/F19 -> #DIV/0! | U19: =R19/F19 -> #DIV/0!
D20: =D19+1 -> 46128 | E20: 四 | O20: =L20/F20 -> #DIV/0! | U20: =R20/F20 -> #DIV/0!
D21: =D20+1 -> 46129 | E21: 五 | O21: =L21/F21 -> #DIV/0! | U21: =R21/F21 -> #DIV/0!
D22: =D21+1 -> 46130 | E22: 六 | O22: =L22/F22 -> #DIV/0! | U22: =R22/F22 -> #DIV/0!
D23: =D22+1 -> 46131 | E23: 日 | O23: =L23/F23 -> #DIV/0! | U23: =R23/F23 -> #DIV/0!
D24: =D23+1 -> 46132 | E24: 一 | O24: =L24/F24 -> #DIV/0! | U24: =R24/F24 -> #DIV/0!
D25: =D24+1 -> 46133 | E25: 二 | G25: =SUM(F25:F31) -> 0 | J25: =SUM(I25:I31) -> 0 | M25: =SUM(L25:L31) -> 0 | O25: =L25/F25 -> #DIV/0! | P25: =M25/G25 -> #DIV/0! | S25: =SUM(R25:R31) -> 0 | U25: =R25/F25 -> #DIV/0! | V25: =S25/M25 -> #DIV/0!
D26: =D25+1 -> 46134 | E26: 三 | O26: =L26/F26 -> #DIV/0! | U26: =R26/F26 -> #DIV/0!
D27: =D26+1 -> 46135 | E27: 四 | O27: =L27/F27 -> #DIV/0! | U27: =R27/F27 -> #DIV/0!
D28: =D27+1 -> 46136 | E28: 五 | O28: =L28/F28 -> #DIV/0! | U28: =R28/F28 -> #DIV/0!
D29: =D28+1 -> 46137 | E29: 六 | O29: =L29/F29 -> #DIV/0! | U29: =R29/F29 -> #DIV/0!
D30: =D29+1 -> 46138 | E30: 日 | O30: =L30/F30 -> #DIV/0! | U30: =R30/F30 -> #DIV/0!
D31: =D30+1 -> 46139 | E31: 一 | O31: =L31/F31 -> #DIV/0! | U31: =R31/F31 -> #DIV/0!
D32: =D31+1 -> 46140 | E32: 二 | G32: =SUM(F32:F38) -> 0 | J32: =SUM(I32:I38) -> 0 | M32: =SUM(L32:L38) -> 0 | O32: =L32/F32 -> #DIV/0! | P32: =M32/G32 -> #DIV/0! | S32: =SUM(R32:R38) -> 0 | U32: =R32/F32 -> #DIV/0! | V32: =S32/M32 -> #DIV/0!
D33: =D32+1 -> 46141 | E33: 三 | O33: =L33/F33 -> #DIV/0! | U33: =R33/F33 -> #DIV/0!
D34: =D33+1 -> 46142 | E34: 四 | O34: =L34/F34 -> #DIV/0! | U34: =R34/F34 -> #DIV/0!
D35: =D34+1 -> 46143 | E35: 五 | O35: =L35/F35 -> #DIV/0! | U35: =R35/F35 -> #DIV/0!
D36: =D35+1 -> 46144 | E36: 六 | O36: =L36/F36 -> #DIV/0! | U36: =R36/F36 -> #DIV/0!
D37: =D36+1 -> 46145 | E37: 日 | O37: =L37/F37 -> #DIV/0! | U37: =R37/F37 -> #DIV/0!
D38: =D37+1 -> 46146 | E38: 一 | O38: =L38/F38 -> #DIV/0! | U38: =R38/F38 -> #DIV/0!
O39: =L39/F39 -> #DIV/0! | U39: =R39/F39 -> #DIV/0!
O40: =L40/F40 -> #DIV/0! | U40: =R40/F40 -> #DIV/0!
O41: =L41/F41 -> #DIV/0! | U41: =R41/F41 -> #DIV/0!
F45: 8528663 | R45: 1013806.7

Sheet （２）ＫＰＩ達成進度
B1: KPI | C1: 366
B2: （２）ＫＰＩ達成進度
C3: 月份 | D3: 日期 | F3: 人時生產性(個/人) | I3: 人時生產性達成率(%) | L3: 半成品報廢(%) | O3: 半成品超用(%) | R3: 固定產線-導入率(固定產線數/總產線數) | U3: 教育訓練-實施率(進度/計畫)
F4: 日 | G4: 週平均 | H4: 月平均 | I4: 日 | J4: 週平均 | K4: 月平均 | L4: 日 | M4: 週平均 | N4: 月平均 | O4: 日 | P4: 週平均 | Q4: 月平均 | R4: 日 | S4: 週平均 | T4: 月平均 | U4: 日 | V4: 週平均 | W4: 月平均
D5: 46113 | E5: 三 | F5: 363.4615 | I5: =F5/$C$1 -> 0.9930642 | L5: 0.0024438406 | O5: 0.001716269 | R5: 0.917 | U5: 0.22
D6: =D5+1 -> 46114 | E6: 四 | F6: 356.08261 | G6: =AVERAGE(F5:F10) -> 354.21521 | I6: =F6/$C$1 -> 0.97290332 | J6: =AVERAGE(I5:I10) -> 0.96780111 | L6: 0.0024211748 | M6: =AVERAGE(L5:L10) -> 0.0024410414 | O6: 0.002014793 | P6: =AVERAGE(O5:O10) -> 0.0018116416 | R6: 0.917 | S6: =AVERAGE(R5:R10) -> 0.917 | U6: 0.224 | V6: =AVERAGE(U5:U10) -> 0.227
D7: =D6+1 -> 46115 | E7: 五 | F7: 357.47134 | I7: =F7/$C$1 -> 0.97669764 | L7: 0.0024401907 | O7: 0.0019703956 | R7: 0.917 | U7: 0.226
D8: =D7+1 -> 46116 | E8: 六 | F8: 358.65605 | I8: =F8/$C$1 -> 0.97993456 | L8: 0.0024577912 | O8: 0.0017291779 | R8: 0.917 | U8: 0.23
D9: =D8+1 -> 46117 | E9: 日 | F9: 355.20151 | I9: =F9/$C$1 -> 0.97049593 | L9: 0.0024377523 | O9: 0.001723556 | R9: 0.917 | U9: 0.23
D10: =D9+1 -> 46118 | E10: 一 | F10: 334.41823 | H10: =AVERAGE(F5:F34) -> 347.36685 | I10: =F10/$C$1 -> 0.913711 | K10: =AVERAGE(I5:I34) -> 0.41127223 | L10: 0.0024454986 | N10: =AVERAGE(L5:L34) -> 0.0024366345 | O10: 0.001715658 | Q10: =AVERAGE(O5:O34) -> 0.0017536547 | R10: 0.917 | T10: =AVERAGE(R5:R34) -> 0.917 | U10: 0.232 | W10: =AVERAGE(U5:U34) -> 0.24076923
D11: =D10+1 -> 46119 | E11: 二 | F11: 341.21025 | G11: =AVERAGE(F11:F17) -> 341.49684 | I11: =F11/$C$1 -> 0.93226845 | J11: =AVERAGE(I11:I17) -> 0.93305147 | L11: 0.00243 | M11: =AVERAGE(L11:L17) -> 0.0024328571 | O11: 0.0015793354 | P11: =AVERAGE(O11:O17) -> 0.0017039516 | R11: 0.917 | S11: =AVERAGE(R11:R17) -> 0.917 | U11: 0.238 | V11: =AVERAGE(U11:U17) -> 0.25257143
D12: =D11+1 -> 46120 | E12: 三 | F12: 340.85386 | I12: =F12/$C$1 -> 0.93129471 | L12: 0.00242 | O12: 0.0016664692 | R12: 0.917 | U12: 0.246
D13: =D12+1 -> 46121 | E13: 四 | F13: 343.26629 | I13: =F13/$C$1 -> 0.93788605 | L13: 0.00243 | O13: 0.0018566746 | R13: 0.917 | U13: 0.248
D14: =D13+1 -> 46122 | E14: 五 | F14: 345.26214 | I14: =F14/$C$1 -> 0.94333918 | L14: 0.00243 | O14: 0.0017921196 | R14: 0.917 | U14: 0.256
D15: =D14+1 -> 46123 | E15: 六 | F15: 334.999 | I15: =F15/$C$1 -> 0.91529781 | L15: 0.00245 | O15: 0.001669923 | R15: 0.917 | U15: 0.26
D16: =D15+1 -> 46124 | E16: 日 | F16: 339.93589 | I16: =F16/$C$1 -> 0.92878658 | L16: 0.00243 | O16: 0.0017437675 | R16: 0.917 | U16: 0.26
D17: =D16+1 -> 46125 | E17: 一 | F17: 344.95042 | I17: =F17/$C$1 -> 0.94248749 | L17: 0.00244 | O17: 0.0016193718 | R17: 0.917 | U17: 0.26
D18: =D17+1 -> 46126 | E18: 二 | G18: =AVERAGE(F18:F24) -> #DIV/0! | I18: =F18/$C$1 -> 0 | J18: =AVERAGE(I18:I24) -> 0 | M18: =AVERAGE(L18:L24) -> #DIV/0! | P18: =AVERAGE(O18:O24) -> #DIV/0! | S18: =AVERAGE(R18:R24) -> #DIV/0! | V18: =AVERAGE(U18:U24) -> #DIV/0!
D19: =D18+1 -> 46127 | E19: 三 | I19: =F19/$C$1 -> 0
D20: =D19+1 -> 46128 | E20: 四 | I20: =F20/$C$1 -> 0
D21: =D20+1 -> 46129 | E21: 五 | I21: =F21/$C$1 -> 0
D22: =D21+1 -> 46130 | E22: 六 | I22: =F22/$C$1 -> 0
D23: =D22+1 -> 46131 | E23: 日 | I23: =F23/$C$1 -> 0
D24: =D23+1 -> 46132 | E24: 一 | I24: =F24/$C$1 -> 0
D25: =D24+1 -> 46133 | E25: 二 | G25: =AVERAGE(F25:F31) -> #DIV/0! | I25: =F25/$C$1 -> 0 | J25: =AVERAGE(I25:I31) -> 0 | M25: =AVERAGE(L25:L31) -> #DIV/0! | P25: =AVERAGE(O25:O31) -> #DIV/0! | S25: =AVERAGE(R25:R31) -> #DIV/0! | V25: =AVERAGE(U25:U31) -> #DIV/0!
D26: =D25+1 -> 46134 | E26: 三 | I26: =F26/$C$1 -> 0
D27: =D26+1 -> 46135 | E27: 四 | I27: =F27/$C$1 -> 0
D28: =D27+1 -> 46136 | E28: 五 | I28: =F28/$C$1 -> 0
D29: =D28+1 -> 46137 | E29: 六 | I29: =F29/$C$1 -> 0
D30: =D29+1 -> 46138 | E30: 日 | I30: =F30/$C$1 -> 0
D31: =D30+1 -> 46139 | E31: 一 | I31: =F31/$C$1 -> 0
D32: =D31+1 -> 46140 | E32: 二 | G32: =AVERAGE(F32:F38) -> #DIV/0! | I32: =F32/$C$1 -> 0 | J32: =AVERAGE(I32:I38) -> 0 | M32: =AVERAGE(L32:L38) -> #DIV/0! | P32: =AVERAGE(O32:O38) -> #DIV/0! | S32: =AVERAGE(R32:R38) -> #DIV/0! | V32: =AVERAGE(U32:U38) -> #DIV/0!
D33: =D32+1 -> 46141 | E33: 三 | I33: =F33/$C$1 -> 0
D34: =D33+1 -> 46142 | E34: 四 | I34: =F34/$C$1 -> 0
D35: =D34+1 -> 46143 | E35: 五 | I35: =F35/$C$1 -> 0
D36: =D35+1 -> 46144 | E36: 六 | I36: =F36/$C$1 -> 0
D37: =D36+1 -> 46145 | E37: 日 | I37: =F37/$C$1 -> 0
D38: =D37+1 -> 46146 | E38: 一 | I38: =F38/$C$1 -> 0
I39: =F39/$C$1 -> 0
I40: =F40/$C$1 -> 0

Sheet （３）業績構成比
B2: （3）業績構成比
C3: 月份 | D3: 日期 | F3: 營業額 | I3: 品類業績
I4: 18℃-飯糰 | O4: 18℃-壽司手卷 | U4: 4℃-飯糰 | W4: 4℃-壽司手卷 | Y4: 主食 | AE4: 便當 | AG4: 熱食義麵 | AI4: 季節調理麵 | AK4: 微波小吃
F5: 日 | G5: 週累積 | H5: 月累積 | I5: 一配 | K5: 二配 | M5: 合計 | O5: 一配 | Q5: 二配 | S5: 合計 | U5: 一配 | W5: 一配 | Y5: 一配 | AA5: 二配 | AC5: 合計 | AE5: 一配 | AG5: 一配 | AI5: 一配 | AK5: 一配
I6: 業績(元) | J6: 比例(%) | K6: 業績(元) | L6: 比例(%) | M6: 業績(元) | N6: 比例(%) | O6: 業績(元) | P6: 比例(%) | Q6: 業績(元) | R6: 比例(%) | S6: 業績(元) | T6: 比例(%) | U6: 業績(元) | V6: 比例(%) | W6: 業績(元) | X6: 比例(%) | Y6: 業績(元) | Z6: 比例(%) | AA6: 業績(元) | AB6: 比例(%) | AC6: 業績(元) | AD6: 比例(%) | AE6: 業績(元) | AF6: 比例(%) | AG6: 業績(元) | AH6: 比例(%) | AI6: 業績(元) | AJ6: 比例(%) | AK6: 業績(元) | AL6: 比例(%)
D7: 46113 | E7: 三 | F7: =SUM(M7,S7,U7,W7,AC7,AE7,AG7,AI7,AK7) -> 7706722 | I7: 508211.28 | J7: =I7/F7 -> 0.065943897 | K7: 711524.56 | L7: =K7/F7 -> 0.092325189 | M7: =SUM(I7+K7) -> 1219735.8 | N7: =M7/F7 -> 0.15826909 | O7: 150820.06 | P7: =O7/F7 -> 0.019569936 | Q7: 168715.45 | R7: =Q7/$F7 -> 0.021891986 | S7: =SUM(O7+Q7) -> 319535.51 | T7: =S7/F7 -> 0.041461923 | U7: 980045.62 | V7: =U7/F7 -> 0.12716764 | W7: 63147.078 | X7: =W7/F7 -> 0.0081937662 | Y7: 836834.77 | Z7: =Y7/F7 -> 0.10858505 | AA7: 1057575.2 | AB7: =AA7/$F7 -> 0.13722763 | AC7: =SUM(Y7+AA7) -> 1894410 | AD7: =AC7/F7 -> 0.24581268 | AE7: 1362045.7 | AF7: =AE7/F7 -> 0.17673476 | AG7: 172357.17 | AH7: =AG7/F7 -> 0.022364524 | AI7: 1045807.4 | AJ7: =AI7/F7 -> 0.13570068 | AK7: 649637.66 | AL7: =AK7/F7 -> 0.084294939
D8: =D7+1 -> 46114 | E8: 四 | F8: =SUM(M8,S8,U8,W8,AC8,AE8,AG8,AI8,AK8) -> 7008581 | G8: =SUM(F7:F12) -> 44423805 | I8: 437785.03 | J8: =I8/F8 -> 0.062464146 | K8: 663898.18 | L8: =K8/F8 -> 0.094726476 | M8: =SUM(I8+K8) -> 1101683.2 | N8: =M8/F8 -> 0.15719062 | O8: 125690 | P8: =O8/F8 -> 0.017933731 | Q8: 152153.58 | R8: =Q8/$F8 -> 0.021709613 | S8: =SUM(O8+Q8) -> 277843.59 | T8: =S8/F8 -> 0.039643344 | U8: 908987.52 | V8: =U8/F8 -> 0.12969637 | W8: 61165.378 | X8: =W8/F8 -> 0.0087272128 | Y8: 730280.97 | Z8: =Y8/F8 -> 0.10419812 | AA8: 966710.09 | AB8: =AA8/$F8 -> 0.13793236 | AC8: =SUM(Y8+AA8) -> 1696991.1 | AD8: =AC8/F8 -> 0.24213048 | AE8: 1223747 | AF8: =AE8/F8 -> 0.17460695 | AG8: 134891.56 | AH8: =AG8/F8 -> 0.019246629 | AI8: 1020442.3 | AJ8: =AI8/F8 -> 0.14559898 | AK8: 582829.46 | AL8: =AK8/F8 -> 0.08315941
D9: =D8+1 -> 46115 | E9: 五 | F9: =SUM(M9,S9,U9,W9,AC9,AE9,AG9,AI9,AK9) -> 6828155 | I9: 425390.98 | J9: =I9/F9 -> 0.06229955 | K9: 629847.29 | L9: =K9/F9 -> 0.092242675 | M9: =SUM(I9+K9) -> 1055238.3 | N9: =M9/F9 -> 0.15454223 | O9: 122096.7 | P9: =O9/F9 -> 0.017881361 | Q9: 135963.33 | R9: =Q9/$F9 -> 0.019912163 | S9: =SUM(O9+Q9) -> 258060.04 | T9: =S9/F9 -> 0.037793524 | U9: 803416.94 | V9: =U9/F9 -> 0.11766238 | W9: 50207.735 | X9: =W9/F9 -> 0.0073530456 | Y9: 756788.97 | Z9: =Y9/F9 -> 0.1108336 | AA9: 1086098.4 | AB9: =AA9/$F9 -> 0.15906177 | AC9: =SUM(Y9+AA9) -> 1842887.4 | AD9: =AC9/F9 -> 0.26989536 | AE9: 1018337.6 | AF9: =AE9/F9 -> 0.14913804 | AG9: 426278.27 | AH9: =AG9/F9 -> 0.062429495 | AI9: 855513.16 | AJ9: =AI9/F9 -> 0.12529199 | AK9: 518215.59 | AL9: =AK9/F9 -> 0.075893941
D10: =D9+1 -> 46116 | E10: 六 | F10: =SUM(M10,S10,U10,W10,AC10,AE10,AG10,AI10,AK10) -> 6946481 | I10: 401887.35 | J10: =I10/F10 -> 0.057854811 | K10: 626066.04 | L10: =K10/F10 -> 0.090127079 | M10: =SUM(I10+K10) -> 1027953.4 | N10: =M10/F10 -> 0.14798189 | O10: 114028.51 | P10: =O10/F10 -> 0.016415292 | Q10: 111923.95 | R10: =Q10/$F10 -> 0.016112323 | S10: =SUM(O10+Q10) -> 225952.46 | T10: =S10/F10 -> 0.032527615 | U10: 884196.27 | V10: =U10/F10 -> 0.12728693 | W10: 58359.136 | X10: =W10/F10 -> 0.0084012518 | Y10: 712258.39 | Z10: =Y10/F10 -> 0.10253514 | AA10: 1074264.6 | AB10: =AA10/$F10 -> 0.15464875 | AC10: =SUM(Y10+AA10) -> 1786523 | AD10: =AC10/F10 -> 0.25718389 | AE10: 1085694.3 | AF10: =AE10/F10 -> 0.15629414 | AG10: 430137.27 | AH10: =AG10/F10 -> 0.061921608 | AI10: 919325.8 | AJ10: =AI10/F10 -> 0.1323441 | AK10: 528339.38 | AL10: =AK10/F10 -> 0.076058565
D11: =D10+1 -> 46117 | E11: 日 | F11: =SUM(M11,S11,U11,W11,AC11,AE11,AG11,AI11,AK11) -> 7261197 | I11: 410942.65 | J11: =I11/F11 -> 0.05659434 | K11: 691236.96 | L11: =K11/F11 -> 0.095196007 | M11: =SUM(I11+K11) -> 1102179.6 | N11: =M11/F11 -> 0.15179035 | O11: 120096.85 | P11: =O11/F11 -> 0.016539539 | Q11: 129151.28 | R11: =Q11/$F11 -> 0.017786499 | S11: =SUM(O11+Q11) -> 249248.13 | T11: =S11/F11 -> 0.034326039 | U11: 907910.33 | V11: =U11/F11 -> 0.1250359 | W11: 49371.834 | X11: =W11/F11 -> 0.0067994071 | Y11: 748469.44 | Z11: =Y11/F11 -> 0.10307797 | AA11: 1182295.9 | AB11: =AA11/$F11 -> 0.16282383 | AC11: =SUM(Y11+AA11) -> 1930765.3 | AD11: =AC11/F11 -> 0.2659018 | AE11: 1197457.8 | AF11: =AE11/F11 -> 0.1649119 | AG11: 407178.53 | AH11: =AG11/F11 -> 0.056075952 | AI11: 863728.04 | AJ11: =AI11/F11 -> 0.11895119 | AK11: 553357.37 | AL11: =AK11/F11 -> 0.076207458
D12: =D11+1 -> 46118 | E12: 一 | F12: =SUM(M12,S12,U12,W12,AC12,AE12,AG12,AI12,AK12) -> 8672669 | H12: =SUM(F7:F36) -> 102477247 | I12: 509201.12 | J12: =I12/F12 -> 0.058713312 | K12: 836419.97 | L12: =K12/F12 -> 0.096443202 | M12: =SUM(I12+K12) -> 1345621.1 | N12: =M12/F12 -> 0.15515651 | O12: 138987.32 | P12: =O12/F12 -> 0.016025899 | Q12: 59320.695 | R12: =Q12/$F12 -> 0.0068399584 | S12: =SUM(O12+Q12) -> 198308.01 | T12: =S12/F12 -> 0.022865857 | U12: 1140694.3 | V12: =U12/F12 -> 0.13152748 | W12: 65023.021 | X12: =W12/F12 -> 0.0074974636 | Y12: 922650.15 | Z12: =Y12/F12 -> 0.10638595 | AA12: 1308920.9 | AB12: =AA12/$F12 -> 0.1509248 | AC12: =SUM(Y12+AA12) -> 2231571 | AD12: =AC12/F12 -> 0.25731075 | AE12: 1439540.1 | AF12: =AE12/F12 -> 0.16598582 | AG12: 407910.55 | AH12: =AG12/F12 -> 0.047034028 | AI12: 1171912.7 | AJ12: =AI12/F12 -> 0.13512711 | AK12: 672088.22 | AL12: =AK12/F12 -> 0.07749497
D13: =D12+1 -> 46119 | E13: 二 | F13: =SUM(M13,S13,U13,W13,AC13,AE13,AG13,AI13,AK13) -> 8371655 | G13: =SUM(F13:F19) -> 58053442 | I13: 506993.67 | J13: =I13/F13 -> 0.060560746 | K13: 809303.05 | L13: =K13/F13 -> 0.096671811 | M13: =SUM(I13+K13) -> 1316296.7 | N13: =M13/F13 -> 0.15723256 | O13: 275335.79 | P13: =O13/F13 -> 0.032889052 | Q13: 58798.286 | R13: =Q13/$F13 -> 0.0070234961 | S13: =SUM(O13+Q13) -> 334134.08 | T13: =S13/F13 -> 0.039912548 | U13: 1058724 | V13: =U13/F13 -> 0.12646531 | W13: 54387.797 | X13: =W13/F13 -> 0.0064966601 | Y13: 901539.76 | Z13: =Y13/F13 -> 0.10768955 | AA13: 1217251 | AB13: =AA13/$F13 -> 0.14540148 | AC13: =SUM(Y13+AA13) -> 2118790.8 | AD13: =AC13/F13 -> 0.25309103 | AE13: 1352157 | AF13: =AE13/F13 -> 0.1615161 | AG13: 372338.55 | AH13: =AG13/F13 -> 0.044476098 | AI13: 1128164.6 | AJ13: =AI13/F13 -> 0.13476004 | AK13: 636661.49 | AL13: =AK13/F13 -> 0.076049656
D14: =D13+1 -> 46120 | E14: 三 | F14: =SUM(M14,S14,U14,W14,AC14,AE14,AG14,AI14,AK14) -> 8123789 | I14: 521067.04 | J14: =I14/F14 -> 0.064140888 | K14: 794108.91 | L14: =K14/F14 -> 0.097751051 | M14: =SUM(I14+K14) -> 1315176 | N14: =M14/F14 -> 0.16189194 | O14: 178259.42 | P14: =O14/F14 -> 0.021942892 | Q14: 56536.595 | R14: =Q14/$F14 -> 0.0069593875 | S14: =SUM(O14+Q14) -> 234796.02 | T14: =S14/F14 -> 0.028902279 | U14: 1006926.2 | V14: =U14/F14 -> 0.12394785 | W14: 57641.153 | X14: =W14/F14 -> 0.0070953533 | Y14: 856392.64 | Z14: =Y14/F14 -> 0.10541788 | AA14: 1172121.8 | AB14: =AA14/$F14 -> 0.14428264 | AC14: =SUM(Y14+AA14) -> 2028514.4 | AD14: =AC14/F14 -> 0.24970053 | AE14: 1345371.7 | AF14: =AE14/F14 -> 0.16560889 | AG14: 407692.11 | AH14: =AG14/F14 -> 0.05018497 | AI14: 1102749.6 | AJ14: =AI14/F14 -> 0.13574326 | AK14: 624921.95 | AL14: =AK14/F14 -> 0.076924936
D15: =D14+1 -> 46121 | E15: 四 | F15: =SUM(M15,S15,U15,W15,AC15,AE15,AG15,AI15,AK15) -> 7630691 | I15: 508340.47 | J15: =I15/F15 -> 0.066617881 | K15: 752145.91 | L15: =K15/F15 -> 0.098568518 | M15: =SUM(I15+K15) -> 1260486.4 | N15: =M15/F15 -> 0.1651864 | O15: 178130.69 | P15: =O15/F15 -> 0.023343979 | Q15: 50806.845 | R15: =Q15/$F15 -> 0.0066582233 | S15: =SUM(O15+Q15) -> 228937.53 | T15: =S15/F15 -> 0.030002202 | U15: 982445.34 | V15: =U15/F15 -> 0.1287492 | W15: 62421.896 | X15: =W15/F15 -> 0.0081803727 | Y15: 818538.25 | Z15: =Y15/F15 -> 0.10726922 | AA15: 1059296.3 | AB15: =AA15/$F15 -> 0.13882049 | AC15: =SUM(Y15+AA15) -> 1877834.5 | AD15: =AC15/F15 -> 0.24608971 | AE15: 1276773.1 | AF15: =AE15/F15 -> 0.16732077 | AG15: 421800.87 | AH15: =AG15/F15 -> 0.05527689 | AI15: 894767.9 | AJ15: =AI15/F15 -> 0.11725909 | AK15: 625223.45 | AL15: =AK15/F15 -> 0.081935364
D16: =D15+1 -> 46122 | E16: 五 | F16: =SUM(M16,S16,U16,W16,AC16,AE16,AG16,AI16,AK16) -> 7424675 | I16: 454230.02 | J16: =I16/F16 -> 0.061178438 | K16: 733396.33 | L16: =K16/F16 -> 0.09877824 | M16: =SUM(I16+K16) -> 1187626.3 | N16: =M16/F16 -> 0.15995668 | O16: 234481.93 | P16: =O16/F16 -> 0.031581441 | Q16: 45475.983 | R16: =Q16/$F16 -> 0.0061249796 | S16: =SUM(O16+Q16) -> 279957.92 | T16: =S16/F16 -> 0.03770642 | U16: 925813.65 | V16: =U16/F16 -> 0.12469417 | W16: 48153.086 | X16: =W16/F16 -> 0.006485548 | Y16: 761966.72 | Z16: =Y16/F16 -> 0.10262627 | AA16: 1148215.3 | AB16: =AA16/$F16 -> 0.15464856 | AC16: =SUM(Y16+AA16) -> 1910182 | AD16: =AC16/F16 -> 0.25727483 | AE16: 1210919.3 | AF16: =AE16/F16 -> 0.16309391 | AG16: 372985.47 | AH16: =AG16/F16 -> 0.050235932 | AI16: 927192.71 | AJ16: =AI16/F16 -> 0.12487991 | AK16: 561844.52 | AL16: =AK16/F16 -> 0.075672607
D17: =D16+1 -> 46123 | E17: 六 | F17: =SUM(M17,S17,U17,W17,AC17,AE17,AG17,AI17,AK17) -> 7969209 | I17: 432950.88 | J17: =I17/F17 -> 0.054327962 | K17: 781773.88 | L17: =K17/F17 -> 0.098099307 | M17: =SUM(I17+K17) -> 1214724.8 | N17: =M17/F17 -> 0.15242727 | O17: 219292.52 | P17: =O17/F17 -> 0.027517476 | Q17: 39897.302 | R17: =Q17/$F17 -> 0.0050064318 | S17: =SUM(O17+Q17) -> 259189.82 | T17: =S17/F17 -> 0.032523908 | U17: 985373.24 | V17: =U17/F17 -> 0.12364756 | W17: 56704.846 | X17: =W17/F17 -> 0.0071154924 | Y17: 813386.83 | Z17: =Y17/F17 -> 0.10206619 | AA17: 1177693.8 | AB17: =AA17/$F17 -> 0.14778052 | AC17: =SUM(Y17+AA17) -> 1991080.6 | AD17: =AC17/F17 -> 0.24984671 | AE17: 1311751.9 | AF17: =AE17/F17 -> 0.16460252 | AG17: 394301.34 | AH17: =AG17/F17 -> 0.049478103 | AI17: 1162975.7 | AJ17: =AI17/F17 -> 0.14593364 | AK17: 593106.71 | AL17: =AK17/F17 -> 0.07442479
D18: =D17+1 -> 46124 | E18: 日 | F18: =SUM(M18,S18,U18,W18,AC18,AE18,AG18,AI18,AK18) -> 9249267 | I18: 541521.79 | J18: =I18/F18 -> 0.058547536 | K18: 834009.36 | L18: =K18/F18 -> 0.09017032 | M18: =SUM(I18+K18) -> 1375531.2 | N18: =M18/F18 -> 0.14871786 | O18: 314715.62 | P18: =O18/F18 -> 0.034026007 | Q18: 49580.097 | R18: =Q18/$F18 -> 0.0053604352 | S18: =SUM(O18+Q18) -> 364295.72 | T18: =S18/F18 -> 0.039386442 | U18: 1184490.6 | V18: =U18/F18 -> 0.12806319 | W18: 50043.702 | X18: =W18/F18 -> 0.0054105587 | Y18: 921054.84 | Z18: =Y18/F18 -> 0.099581387 | AA18: 1257470.3 | AB18: =AA18/$F18 -> 0.13595351 | AC18: =SUM(Y18+AA18) -> 2178525.1 | AD18: =AC18/F18 -> 0.2355349 | AE18: 1567817.2 | AF18: =AE18/F18 -> 0.16950719 | AG18: 467145 | AH18: =AG18/F18 -> 0.050506164 | AI18: 1400365.9 | AJ18: =AI18/F18 -> 0.15140291 | AK18: 661052.54 | AL18: =AK18/F18 -> 0.071470803
D19: =D18+1 -> 46125 | E19: 一 | F19: =SUM(M19,S19,U19,W19,AC19,AE19,AG19,AI19,AK19) -> 9284156 | I19: 541394.72 | J19: =I19/F19 -> 0.058313833 | K19: 1033221.8 | L19: =K19/F19 -> 0.11128872 | M19: =SUM(I19+K19) -> 1574616.5 | N19: =M19/F19 -> 0.16960255 | O19: 231549.12 | P19: =O19/F19 -> 0.024940245 | Q19: 36702.99 | R19: =Q19/$F19 -> 0.0039532931 | S19: =SUM(O19+Q19) -> 268252.11 | T19: =S19/F19 -> 0.028893538 | U19: 1153454.2 | V19: =U19/F19 -> 0.12423899 | W19: 62227.259 | X19: =W19/F19 -> 0.006702522 | Y19: 902877.52 | Z19: =Y19/F19 -> 0.097249284 | AA19: 1218015 | AB19: =AA19/$F19 -> 0.13119286 | AC19: =SUM(Y19+AA19) -> 2120892.5 | AD19: =AC19/F19 -> 0.22844214 | AE19: 1488927.9 | AF19: =AE19/F19 -> 0.160373 | AG19: 471217.23 | AH19: =AG19/F19 -> 0.050754989 | AI19: 1466160.1 | AJ19: =AI19/F19 -> 0.15792067 | AK19: 678408.12 | AL19: =AK19/F19 -> 0.073071598
D20: =D19+1 -> 46126 | E20: 二 | F20: =SUM(M20,S20,U20,W20,AC20,AE20,AG20,AI20,AK20) -> 0 | G20: =SUM(F20:F26) -> 0 | J20: =I20/F20 -> #DIV/0! | L20: =K20/F20 -> #DIV/0! | M20: =SUM(I20+K20) -> 0 | N20: =M20/F20 -> #DIV/0! | P20: =O20/F20 -> #DIV/0! | R20: =Q20/$F20 -> #DIV/0! | S20: =SUM(O20+Q20) -> 0 | T20: =S20/F20 -> #DIV/0! | V20: =U20/F20 -> #DIV/0! | X20: =W20/F20 -> #DIV/0! | Z20: =Y20/F20 -> #DIV/0! | AB20: =AA20/$F20 -> #DIV/0! | AC20: =SUM(Y20+AA20) -> 0 | AD20: =AC20/F20 -> #DIV/0! | AF20: =AE20/F20 -> #DIV/0! | AH20: =AG20/F20 -> #DIV/0! | AJ20: =AI20/F20 -> #DIV/0! | AL20: =AK20/F20 -> #DIV/0!
D21: =D20+1 -> 46127 | E21: 三 | F21: =SUM(M21,S21,U21,W21,AC21,AE21,AG21,AI21,AK21) -> 0 | J21: =I21/F21 -> #DIV/0! | L21: =K21/F21 -> #DIV/0! | M21: =SUM(I21+K21) -> 0 | N21: =M21/F21 -> #DIV/0! | P21: =O21/F21 -> #DIV/0! | R21: =Q21/$F21 -> #DIV/0! | S21: =SUM(O21+Q21) -> 0 | T21: =S21/F21 -> #DIV/0! | V21: =U21/F21 -> #DIV/0! | X21: =W21/F21 -> #DIV/0! | Z21: =Y21/F21 -> #DIV/0! | AB21: =AA21/$F21 -> #DIV/0! | AC21: =SUM(Y21+AA21) -> 0 | AD21: =AC21/F21 -> #DIV/0! | AF21: =AE21/F21 -> #DIV/0! | AH21: =AG21/F21 -> #DIV/0! | AJ21: =AI21/F21 -> #DIV/0! | AL21: =AK21/F21 -> #DIV/0!
D22: =D21+1 -> 46128 | E22: 四 | F22: =SUM(M22,S22,U22,W22,AC22,AE22,AG22,AI22,AK22) -> 0 | J22: =I22/F22 -> #DIV/0! | L22: =K22/F22 -> #DIV/0! | M22: =SUM(I22+K22) -> 0 | N22: =M22/F22 -> #DIV/0! | P22: =O22/F22 -> #DIV/0! | R22: =Q22/$F22 -> #DIV/0! | S22: =SUM(O22+Q22) -> 0 | T22: =S22/F22 -> #DIV/0! | V22: =U22/F22 -> #DIV/0! | X22: =W22/F22 -> #DIV/0! | Z22: =Y22/F22 -> #DIV/0! | AB22: =AA22/$F22 -> #DIV/0! | AC22: =SUM(Y22+AA22) -> 0 | AD22: =AC22/F22 -> #DIV/0! | AF22: =AE22/F22 -> #DIV/0! | AH22: =AG22/F22 -> #DIV/0! | AJ22: =AI22/F22 -> #DIV/0! | AL22: =AK22/F22 -> #DIV/0!
D23: =D22+1 -> 46129 | E23: 五 | F23: =SUM(M23,S23,U23,W23,AC23,AE23,AG23,AI23,AK23) -> 0 | J23: =I23/F23 -> #DIV/0! | L23: =K23/F23 -> #DIV/0! | M23: =SUM(I23+K23) -> 0 | N23: =M23/F23 -> #DIV/0! | P23: =O23/F23 -> #DIV/0! | R23: =Q23/$F23 -> #DIV/0! | S23: =SUM(O23+Q23) -> 0 | T23: =S23/F23 -> #DIV/0! | V23: =U23/F23 -> #DIV/0! | X23: =W23/F23 -> #DIV/0! | Z23: =Y23/F23 -> #DIV/0! | AB23: =AA23/$F23 -> #DIV/0! | AC23: =SUM(Y23+AA23) -> 0 | AD23: =AC23/F23 -> #DIV/0! | AF23: =AE23/F23 -> #DIV/0! | AH23: =AG23/F23 -> #DIV/0! | AJ23: =AI23/F23 -> #DIV/0! | AL23: =AK23/F23 -> #DIV/0!
D24: =D23+1 -> 46130 | E24: 六 | F24: =SUM(M24,S24,U24,W24,AC24,AE24,AG24,AI24,AK24) -> 0 | J24: =I24/F24 -> #DIV/0! | L24: =K24/F24 -> #DIV/0! | M24: =SUM(I24+K24) -> 0 | N24: =M24/F24 -> #DIV/0! | P24: =O24/F24 -> #DIV/0! | R24: =Q24/$F24 -> #DIV/0! | S24: =SUM(O24+Q24) -> 0 | T24: =S24/F24 -> #DIV/0! | V24: =U24/F24 -> #DIV/0! | X24: =W24/F24 -> #DIV/0! | Z24: =Y24/F24 -> #DIV/0! | AB24: =AA24/$F24 -> #DIV/0! | AC24: =SUM(Y24+AA24) -> 0 | AD24: =AC24/F24 -> #DIV/0! | AF24: =AE24/F24 -> #DIV/0! | AH24: =AG24/F24 -> #DIV/0! | AJ24: =AI24/F24 -> #DIV/0! | AL24: =AK24/F24 -> #DIV/0!
D25: =D24+1 -> 46131 | E25: 日 | F25: =SUM(M25,S25,U25,W25,AC25,AE25,AG25,AI25,AK25) -> 0 | J25: =I25/F25 -> #DIV/0! | L25: =K25/F25 -> #DIV/0! | M25: =SUM(I25+K25) -> 0 | N25: =M25/F25 -> #DIV/0! | P25: =O25/F25 -> #DIV/0! | R25: =Q25/$F25 -> #DIV/0! | S25: =SUM(O25+Q25) -> 0 | T25: =S25/F25 -> #DIV/0! | V25: =U25/F25 -> #DIV/0! | X25: =W25/F25 -> #DIV/0! | Z25: =Y25/F25 -> #DIV/0! | AB25: =AA25/$F25 -> #DIV/0! | AC25: =SUM(Y25+AA25) -> 0 | AD25: =AC25/F25 -> #DIV/0! | AF25: =AE25/F25 -> #DIV/0! | AH25: =AG25/F25 -> #DIV/0! | AJ25: =AI25/F25 -> #DIV/0! | AL25: =AK25/F25 -> #DIV/0!
D26: =D25+1 -> 46132 | E26: 一 | F26: =SUM(M26,S26,U26,W26,AC26,AE26,AG26,AI26,AK26) -> 0 | J26: =I26/F26 -> #DIV/0! | L26: =K26/F26 -> #DIV/0! | M26: =SUM(I26+K26) -> 0 | N26: =M26/F26 -> #DIV/0! | P26: =O26/F26 -> #DIV/0! | R26: =Q26/$F26 -> #DIV/0! | S26: =SUM(O26+Q26) -> 0 | T26: =S26/F26 -> #DIV/0! | V26: =U26/F26 -> #DIV/0! | X26: =W26/F26 -> #DIV/0! | Z26: =Y26/F26 -> #DIV/0! | AB26: =AA26/$F26 -> #DIV/0! | AC26: =SUM(Y26+AA26) -> 0 | AD26: =AC26/F26 -> #DIV/0! | AF26: =AE26/F26 -> #DIV/0! | AH26: =AG26/F26 -> #DIV/0! | AJ26: =AI26/F26 -> #DIV/0! | AL26: =AK26/F26 -> #DIV/0!
D27: =D26+1 -> 46133 | E27: 二 | F27: =SUM(M27,S27,U27,W27,AC27,AE27,AG27,AI27,AK27) -> 0 | G27: =SUM(F27:F33) -> 0 | J27: =I27/F27 -> #DIV/0! | L27: =K27/F27 -> #DIV/0! | M27: =SUM(I27+K27) -> 0 | N27: =M27/F27 -> #DIV/0! | P27: =O27/F27 -> #DIV/0! | R27: =Q27/$F27 -> #DIV/0! | S27: =SUM(O27+Q27) -> 0 | T27: =S27/F27 -> #DIV/0! | V27: =U27/F27 -> #DIV/0! | X27: =W27/F27 -> #DIV/0! | Z27: =Y27/F27 -> #DIV/0! | AB27: =AA27/$F27 -> #DIV/0! | AC27: =SUM(Y27+AA27) -> 0 | AD27: =AC27/F27 -> #DIV/0! | AF27: =AE27/F27 -> #DIV/0! | AH27: =AG27/F27 -> #DIV/0! | AJ27: =AI27/F27 -> #DIV/0! | AL27: =AK27/F27 -> #DIV/0!
D28: =D27+1 -> 46134 | E28: 三 | F28: =SUM(M28,S28,U28,W28,AC28,AE28,AG28,AI28,AK28) -> 0 | J28: =I28/F28 -> #DIV/0! | L28: =K28/F28 -> #DIV/0! | M28: =SUM(I28+K28) -> 0 | N28: =M28/F28 -> #DIV/0! | P28: =O28/F28 -> #DIV/0! | R28: =Q28/$F28 -> #DIV/0! | S28: =SUM(O28+Q28) -> 0 | T28: =S28/F28 -> #DIV/0! | V28: =U28/F28 -> #DIV/0! | X28: =W28/F28 -> #DIV/0! | Z28: =Y28/F28 -> #DIV/0! | AB28: =AA28/$F28 -> #DIV/0! | AC28: =SUM(Y28+AA28) -> 0 | AD28: =AC28/F28 -> #DIV/0! | AF28: =AE28/F28 -> #DIV/0! | AH28: =AG28/F28 -> #DIV/0! | AJ28: =AI28/F28 -> #DIV/0! | AL28: =AK28/F28 -> #DIV/0!
D29: =D28+1 -> 46135 | E29: 四 | F29: =SUM(M29,S29,U29,W29,AC29,AE29,AG29,AI29,AK29) -> 0 | J29: =I29/F29 -> #DIV/0! | L29: =K29/F29 -> #DIV/0! | M29: =SUM(I29+K29) -> 0 | N29: =M29/F29 -> #DIV/0! | P29: =O29/F29 -> #DIV/0! | R29: =Q29/$F29 -> #DIV/0! | S29: =SUM(O29+Q29) -> 0 | T29: =S29/F29 -> #DIV/0! | V29: =U29/F29 -> #DIV/0! | X29: =W29/F29 -> #DIV/0! | Z29: =Y29/F29 -> #DIV/0! | AB29: =AA29/$F29 -> #DIV/0! | AC29: =SUM(Y29+AA29) -> 0 | AD29: =AC29/F29 -> #DIV/0! | AF29: =AE29/F29 -> #DIV/0! | AH29: =AG29/F29 -> #DIV/0! | AJ29: =AI29/F29 -> #DIV/0! | AL29: =AK29/F29 -> #DIV/0!
D30: =D29+1 -> 46136 | E30: 五 | F30: =SUM(M30,S30,U30,W30,AC30,AE30,AG30,AI30,AK30) -> 0 | J30: =I30/F30 -> #DIV/0! | L30: =K30/F30 -> #DIV/0! | M30: =SUM(I30+K30) -> 0 | N30: =M30/F30 -> #DIV/0! | P30: =O30/F30 -> #DIV/0! | R30: =Q30/$F30 -> #DIV/0! | S30: =SUM(O30+Q30) -> 0 | T30: =S30/F30 -> #DIV/0! | V30: =U30/F30 -> #DIV/0! | X30: =W30/F30 -> #DIV/0! | Z30: =Y30/F30 -> #DIV/0! | AB30: =AA30/$F30 -> #DIV/0! | AC30: =SUM(Y30+AA30) -> 0 | AD30: =AC30/F30 -> #DIV/0! | AF30: =AE30/F30 -> #DIV/0! | AH30: =AG30/F30 -> #DIV/0! | AJ30: =AI30/F30 -> #DIV/0! | AL30: =AK30/F30 -> #DIV/0!
D31: =D30+1 -> 46137 | E31: 六 | F31: =SUM(M31,S31,U31,W31,AC31,AE31,AG31,AI31,AK31) -> 0 | J31: =I31/F31 -> #DIV/0! | L31: =K31/F31 -> #DIV/0! | M31: =SUM(I31+K31) -> 0 | N31: =M31/F31 -> #DIV/0! | P31: =O31/F31 -> #DIV/0! | R31: =Q31/$F31 -> #DIV/0! | S31: =SUM(O31+Q31) -> 0 | T31: =S31/F31 -> #DIV/0! | V31: =U31/F31 -> #DIV/0! | X31: =W31/F31 -> #DIV/0! | Z31: =Y31/F31 -> #DIV/0! | AB31: =AA31/$F31 -> #DIV/0! | AC31: =SUM(Y31+AA31) -> 0 | AD31: =AC31/F31 -> #DIV/0! | AF31: =AE31/F31 -> #DIV/0! | AH31: =AG31/F31 -> #DIV/0! | AJ31: =AI31/F31 -> #DIV/0! | AL31: =AK31/F31 -> #DIV/0!
D32: =D31+1 -> 46138 | E32: 日 | F32: =SUM(M32,S32,U32,W32,AC32,AE32,AG32,AI32,AK32) -> 0 | J32: =I32/F32 -> #DIV/0! | L32: =K32/F32 -> #DIV/0! | M32: =SUM(I32+K32) -> 0 | N32: =M32/F32 -> #DIV/0! | P32: =O32/F32 -> #DIV/0! | R32: =Q32/$F32 -> #DIV/0! | S32: =SUM(O32+Q32) -> 0 | T32: =S32/F32 -> #DIV/0! | V32: =U32/F32 -> #DIV/0! | X32: =W32/F32 -> #DIV/0! | Z32: =Y32/F32 -> #DIV/0! | AB32: =AA32/$F32 -> #DIV/0! | AC32: =SUM(Y32+AA32) -> 0 | AD32: =AC32/F32 -> #DIV/0! | AF32: =AE32/F32 -> #DIV/0! | AH32: =AG32/F32 -> #DIV/0! | AJ32: =AI32/F32 -> #DIV/0! | AL32: =AK32/F32 -> #DIV/0!
D33: =D32+1 -> 46139 | E33: 一 | F33: =SUM(M33,S33,U33,W33,AC33,AE33,AG33,AI33,AK33) -> 0 | J33: =I33/F33 -> #DIV/0! | L33: =K33/F33 -> #DIV/0! | M33: =SUM(I33+K33) -> 0 | N33: =M33/F33 -> #DIV/0! | P33: =O33/F33 -> #DIV/0! | R33: =Q33/$F33 -> #DIV/0! | S33: =SUM(O33+Q33) -> 0 | T33: =S33/F33 -> #DIV/0! | V33: =U33/F33 -> #DIV/0! | X33: =W33/F33 -> #DIV/0! | Z33: =Y33/F33 -> #DIV/0! | AB33: =AA33/$F33 -> #DIV/0! | AC33: =SUM(Y33+AA33) -> 0 | AD33: =AC33/F33 -> #DIV/0! | AF33: =AE33/F33 -> #DIV/0! | AH33: =AG33/F33 -> #DIV/0! | AJ33: =AI33/F33 -> #DIV/0! | AL33: =AK33/F33 -> #DIV/0!
D34: =D33+1 -> 46140 | E34: 二 | F34: =SUM(M34,S34,U34,W34,AC34,AE34,AG34,AI34,AK34) -> 0 | G34: =SUM(F34:F40) -> 0 | J34: =I34/F34 -> #DIV/0! | L34: =K34/F34 -> #DIV/0! | M34: =SUM(I34+K34) -> 0 | N34: =M34/F34 -> #DIV/0! | P34: =O34/F34 -> #DIV/0! | R34: =Q34/$F34 -> #DIV/0! | S34: =SUM(O34+Q34) -> 0 | T34: =S34/F34 -> #DIV/0! | V34: =U34/F34 -> #DIV/0! | X34: =W34/F34 -> #DIV/0! | Z34: =Y34/F34 -> #DIV/0! | AB34: =AA34/$F34 -> #DIV/0! | AC34: =SUM(Y34+AA34) -> 0 | AD34: =AC34/F34 -> #DIV/0! | AF34: =AE34/F34 -> #DIV/0! | AH34: =AG34/F34 -> #DIV/0! | AJ34: =AI34/F34 -> #DIV/0! | AL34: =AK34/F34 -> #DIV/0!
D35: =D34+1 -> 46141 | E35: 三 | F35: =SUM(M35,S35,U35,W35,AC35,AE35,AG35,AI35,AK35) -> 0 | J35: =I35/F35 -> #DIV/0! | L35: =K35/F35 -> #DIV/0! | M35: =SUM(I35+K35) -> 0 | N35: =M35/F35 -> #DIV/0! | P35: =O35/F35 -> #DIV/0! | R35: =Q35/$F35 -> #DIV/0! | S35: =SUM(O35+Q35) -> 0 | T35: =S35/F35 -> #DIV/0! | V35: =U35/F35 -> #DIV/0! | X35: =W35/F35 -> #DIV/0! | Z35: =Y35/F35 -> #DIV/0! | AB35: =AA35/$F35 -> #DIV/0! | AC35: =SUM(Y35+AA35) -> 0 | AD35: =AC35/F35 -> #DIV/0! | AF35: =AE35/F35 -> #DIV/0! | AH35: =AG35/F35 -> #DIV/0! | AJ35: =AI35/F35 -> #DIV/0! | AL35: =AK35/F35 -> #DIV/0!
D36: =D35+1 -> 46142 | E36: 四 | F36: =SUM(M36,S36,U36,W36,AC36,AE36,AG36,AI36,AK36) -> 0 | J36: =I36/F36 -> #DIV/0! | L36: =K36/F36 -> #DIV/0! | M36: =SUM(I36+K36) -> 0 | N36: =M36/F36 -> #DIV/0! | P36: =O36/F36 -> #DIV/0! | R36: =Q36/$F36 -> #DIV/0! | S36: =SUM(O36+Q36) -> 0 | T36: =S36/F36 -> #DIV/0! | V36: =U36/F36 -> #DIV/0! | X36: =W36/F36 -> #DIV/0! | Z36: =Y36/F36 -> #DIV/0! | AB36: =AA36/$F36 -> #DIV/0! | AC36: =SUM(Y36+AA36) -> 0 | AD36: =AC36/F36 -> #DIV/0! | AF36: =AE36/F36 -> #DIV/0! | AH36: =AG36/F36 -> #DIV/0! | AJ36: =AI36/F36 -> #DIV/0! | AL36: =AK36/F36 -> #DIV/0!
D37: =D36+1 -> 46143 | E37: 五 | F37: =SUM(M37,S37,U37,W37,AC37,AE37,AG37,AI37,AK37) -> 0 | J37: =I37/F37 -> #DIV/0! | L37: =K37/F37 -> #DIV/0! | M37: =SUM(I37+K37) -> 0 | N37: =M37/F37 -> #DIV/0! | P37: =O37/F37 -> #DIV/0! | R37: =Q37/$F37 -> #DIV/0! | S37: =SUM(O37+Q37) -> 0 | T37: =S37/F37 -> #DIV/0! | V37: =U37/F37 -> #DIV/0! | X37: =W37/F37 -> #DIV/0! | Z37: =Y37/F37 -> #DIV/0! | AB37: =AA37/$F37 -> #DIV/0! | AC37: =SUM(Y37+AA37) -> 0 | AD37: =AC37/F37 -> #DIV/0! | AF37: =AE37/F37 -> #DIV/0! | AH37: =AG37/F37 -> #DIV/0! | AJ37: =AI37/F37 -> #DIV/0! | AL37: =AK37/F37 -> #DIV/0!
D38: =D37+1 -> 46144 | E38: 六 | F38: =SUM(M38,S38,U38,W38,AC38,AE38,AG38,AI38,AK38) -> 0 | J38: =I38/F38 -> #DIV/0! | L38: =K38/F38 -> #DIV/0! | M38: =SUM(I38+K38) -> 0 | N38: =M38/F38 -> #DIV/0! | P38: =O38/F38 -> #DIV/0! | R38: =Q38/$F38 -> #DIV/0! | S38: =SUM(O38+Q38) -> 0 | T38: =S38/F38 -> #DIV/0! | V38: =U38/F38 -> #DIV/0! | X38: =W38/F38 -> #DIV/0! | Z38: =Y38/F38 -> #DIV/0! | AB38: =AA38/$F38 -> #DIV/0! | AC38: =SUM(Y38+AA38) -> 0 | AD38: =AC38/F38 -> #DIV/0! | AF38: =AE38/F38 -> #DIV/0! | AH38: =AG38/F38 -> #DIV/0! | AJ38: =AI38/F38 -> #DIV/0! | AL38: =AK38/F38 -> #DIV/0!
D39: =D38+1 -> 46145 | E39: 日 | F39: =SUM(M39,S39,U39,W39,AC39,AE39,AG39,AI39,AK39) -> 0 | J39: =I39/F39 -> #DIV/0! | L39: =K39/F39 -> #DIV/0! | M39: =SUM(I39+K39) -> 0 | N39: =M39/F39 -> #DIV/0! | P39: =O39/F39 -> #DIV/0! | R39: =Q39/$F39 -> #DIV/0! | S39: =SUM(O39+Q39) -> 0 | T39: =S39/F39 -> #DIV/0! | V39: =U39/F39 -> #DIV/0! | X39: =W39/F39 -> #DIV/0! | Z39: =Y39/F39 -> #DIV/0! | AB39: =AA39/$F39 -> #DIV/0! | AC39: =SUM(Y39+AA39) -> 0 | AD39: =AC39/F39 -> #DIV/0! | AF39: =AE39/F39 -> #DIV/0! | AH39: =AG39/F39 -> #DIV/0! | AJ39: =AI39/F39 -> #DIV/0! | AL39: =AK39/F39 -> #DIV/0!
D40: =D39+1 -> 46146 | E40: 一 | F40: =SUM(M40,S40,U40,W40,AC40,AE40,AG40,AI40,AK40) -> 0 | J40: =I40/F40 -> #DIV/0! | L40: =K40/F40 -> #DIV/0! | M40: =SUM(I40+K40) -> 0 | N40: =M40/F40 -> #DIV/0! | P40: =O40/F40 -> #DIV/0! | R40: =Q40/$F40 -> #DIV/0! | S40: =SUM(O40+Q40) -> 0 | T40: =S40/F40 -> #DIV/0! | V40: =U40/F40 -> #DIV/0! | X40: =W40/F40 -> #DIV/0! | Z40: =Y40/F40 -> #DIV/0! | AB40: =AA40/$F40 -> #DIV/0! | AC40: =SUM(Y40+AA40) -> 0 | AD40: =AC40/F40 -> #DIV/0! | AF40: =AE40/F40 -> #DIV/0! | AH40: =AG40/F40 -> #DIV/0! | AJ40: =AI40/F40 -> #DIV/0! | AL40: =AK40/F40 -> #DIV/0!
F41: =SUM(M41,S41,U41,W41,AC41,AE41,AG41,AI41,AK41) -> 0 | J41: =I41/F41 -> #DIV/0! | L41: =K41/F41 -> #DIV/0! | M41: =SUM(I41+K41) -> 0 | N41: =M41/F41 -> #DIV/0! | P41: =O41/F41 -> #DIV/0! | R41: =Q41/$F41 -> #DIV/0! | S41: =SUM(O41+Q41) -> 0 | T41: =S41/F41 -> #DIV/0! | V41: =U41/F41 -> #DIV/0! | X41: =W41/F41 -> #DIV/0! | Z41: =Y41/F41 -> #DIV/0! | AB41: =AA41/$F41 -> #DIV/0! | AC41: =SUM(Y41+AA41) -> 0 | AD41: =AC41/F41 -> #DIV/0! | AF41: =AE41/F41 -> #DIV/0! | AH41: =AG41/F41 -> #DIV/0! | AJ41: =AI41/F41 -> #DIV/0! | AL41: =AK41/F41 -> #DIV/0!
F42: =SUM(M42,S42,U42,W42,AC42,AE42,AG42,AI42,AK42) -> 0 | J42: =I42/F42 -> #DIV/0! | L42: =K42/F42 -> #DIV/0! | M42: =SUM(I42+K42) -> 0 | N42: =M42/F42 -> #DIV/0! | P42: =O42/F42 -> #DIV/0! | R42: =Q42/$F42 -> #DIV/0! | S42: =SUM(O42+Q42) -> 0 | T42: =S42/F42 -> #DIV/0! | V42: =U42/F42 -> #DIV/0! | X42: =W42/F42 -> #DIV/0! | Z42: =Y42/F42 -> #DIV/0! | AB42: =AA42/$F42 -> #DIV/0! | AC42: =SUM(Y42+AA42) -> 0 | AD42: =AC42/F42 -> #DIV/0! | AF42: =AE42/F42 -> #DIV/0! | AH42: =AG42/F42 -> #DIV/0! | AJ42: =AI42/F42 -> #DIV/0! | AL42: =AK42/F42 -> #DIV/0!
F43: =SUM(M43,S43,U43,W43,AC43,AE43,AG43,AI43,AK43) -> 0 | J43: =I43/F43 -> #DIV/0! | L43: =K43/F43 -> #DIV/0! | M43: =SUM(I43+K43) -> 0 | N43: =M43/F43 -> #DIV/0! | P43: =O43/F43 -> #DIV/0! | R43: =Q43/$F43 -> #DIV/0! | S43: =SUM(O43+Q43) -> 0 | T43: =S43/F43 -> #DIV/0! | V43: =U43/F43 -> #DIV/0! | X43: =W43/F43 -> #DIV/0! | Z43: =Y43/F43 -> #DIV/0! | AB43: =AA43/$F43 -> #DIV/0! | AC43: =SUM(Y43+AA43) -> 0 | AD43: =AC43/F43 -> #DIV/0! | AF43: =AE43/F43 -> #DIV/0! | AH43: =AG43/F43 -> #DIV/0! | AJ43: =AI43/F43 -> #DIV/0! | AL43: =AK43/F43 -> #DIV/0!
F44: =SUM(M44,S44,U44,W44,AC44,AE44,AG44,AI44,AK44) -> 0 | J44: =I44/F44 -> #DIV/0! | L44: =K44/F44 -> #DIV/0! | M44: =SUM(I44+K44) -> 0 | N44: =M44/F44 -> #DIV/0! | P44: =O44/F44 -> #DIV/0! | R44: =Q44/$F44 -> #DIV/0! | S44: =SUM(O44+Q44) -> 0 | T44: =S44/F44 -> #DIV/0! | V44: =U44/F44 -> #DIV/0! | X44: =W44/F44 -> #DIV/0! | Z44: =Y44/F44 -> #DIV/0! | AB44: =AA44/$F44 -> #DIV/0! | AC44: =SUM(Y44+AA44) -> 0 | AD44: =AC44/F44 -> #DIV/0! | AF44: =AE44/F44 -> #DIV/0! | AH44: =AG44/F44 -> #DIV/0! | AJ44: =AI44/F44 -> #DIV/0! | AL44: =AK44/F44 -> #DIV/0!
F45: =SUM(M45,S45,U45,W45,AC45,AE45,AG45,AI45,AK45) -> 0 | J45: =I45/F45 -> #DIV/0! | L45: =K45/F45 -> #DIV/0! | M45: =SUM(I45+K45) -> 0 | N45: =M45/F45 -> #DIV/0! | P45: =O45/F45 -> #DIV/0! | R45: =Q45/$F45 -> #DIV/0! | S45: =SUM(O45+Q45) -> 0 | T45: =S45/F45 -> #DIV/0! | V45: =U45/F45 -> #DIV/0! | X45: =W45/F45 -> #DIV/0! | Z45: =Y45/F45 -> #DIV/0! | AB45: =AA45/$F45 -> #DIV/0! | AC45: =SUM(Y45+AA45) -> 0 | AD45: =AC45/F45 -> #DIV/0! | AF45: =AE45/F45 -> #DIV/0! | AH45: =AG45/F45 -> #DIV/0! | AJ45: =AI45/F45 -> #DIV/0! | AL45: =AK45/F45 -> #DIV/0!
I46: =SUM(I7:I45) -> 6199917 | J46: =I46/$H$12 -> 0.060500425 | K46: =SUM(K7:K45) -> 9896952.3 | L46: =K46/$H$12 -> 0.09657707 | M46: =SUM(M8:M45) -> 14877133 | N46: =M46/$H$8 -> #DIV/0! | O46: =SUM(O7:O45) -> 2403484.5 | P46: =O46/$H$12 -> 0.023453836 | Q46: =SUM(Q7:Q45) -> 1095026.4 | R46: =Q46/$H$12 -> 0.010685556 | S46: =SUM(S8:S45) -> 3178975.4 | T46: =S46/$H$8 -> #DIV/0! | U46: =SUM(U7:U45) -> 12922478 | V46: =U46/$H$12 -> 0.12610095 | W46: =SUM(W7:W45) -> 738853.92 | X46: =W46/$H$12 -> 0.0072099314 | Y46: =SUM(Y7:Y45) -> 10683039 | Z46: =Y46/$H$12 -> 0.10424791 | AA46: =SUM(AA7:AA45) -> 14925929 | AB46: =AA46/$H$12 -> 0.14565115 | AC46: =SUM(AC8:AC45) -> 23714558 | AD46: =AC46/$H$8 -> #DIV/0! | AE46: =SUM(AE7:AE45) -> 16880541 | AF46: =AE46/$H$12 -> 0.16472477 | AG46: =SUM(AG7:AG45) -> 4886233.9 | AH46: =AG46/$H$12 -> 0.047681159 | AI46: =SUM(AI7:AI45) -> 13959106 | AJ46: =AI46/$H$12 -> 0.13621664 | AK46: =SUM(AK7:AK45) -> 7885686.4 | AL46: =AK46/$H$12 -> 0.076950608
M47: =M46 -> 14877133 | S47: =S46 -> 3178975.4 | U47: =U46 -> 12922478 | W47: =W46 -> 738853.92 | AC47: =AC46 -> 23714558 | AE47: =AE46 -> 16880541 | AG47: =AG46 -> 4886233.9 | AI47: =AI46 -> 13959106 | AK47: =AK46 -> 7885686.4

Sheet （４）訂單數量構成比
B2: （4）訂單數量構成比
C3: 月份 | D3: 日期 | F3: 訂單量 | I3: 品類訂單量
I4: 18℃-飯糰 | O4: 18℃-壽司手卷 | U4: 4℃-飯糰 | W4: 4℃-壽司手卷 | Y4: 主食 | AE4: 便當 | AG4: 熱食義麵 | AI4: 季節調理麵 | AK4: 微波小吃
F5: 日 | G5: 週累積 | H5: 月累積 | I5: 一配 | K5: 二配 | M5: 合計 | O5: 一配 | Q5: 二配 | S5: 合計 | U5: 一配 | W5: 一配 | Y5: 一配 | AA5: 二配 | AC5: 合計 | AE5: 一配 | AG5: 一配 | AI5: 一配 | AK5: 一配
I6: 訂單數 | J6: 比例(%) | K6: 訂單數 | L6: 比例(%) | M6: 訂單數 | N6: 比例(%) | O6: 訂單數 | P6: 比例(%) | Q6: 訂單數 | R6: 比例(%) | S6: 訂單數 | T6: 比例(%) | U6: 訂單數 | V6: 比例(%) | W6: 訂單數 | X6: 比例(%) | Y6: 訂單數 | Z6: 比例(%) | AA6: 訂單數 | AB6: 比例(%) | AC6: 訂單數 | AD6: 比例(%) | AE6: 訂單數 | AF6: 比例(%) | AG6: 訂單數 | AH6: 比例(%) | AI6: 訂單數 | AJ6: 比例(%) | AK6: 訂單數 | AL6: 比例(%)
D7: 46113 | E7: 三 | F7: =SUM(M7,S7,U7,W7,AC7,AE7,AG7,AI7,AK7) -> 240873 | I7: 27460 | J7: =I7/F7 -> 0.11400198 | K7: 38156 | L7: =K7/F7 -> 0.15840713 | M7: =SUM(I7+K7) -> 65616 | N7: =M7/F7 -> 0.27240911 | O7: 6597 | P7: =O7/F7 -> 0.027387877 | Q7: 7172 | R7: =Q7/F7 -> 0.029775027 | S7: =SUM(O7+Q7) -> 13769 | T7: =S7/F7 -> 0.057162903 | U7: 29598 | V7: =U7/F7 -> 0.12287803 | W7: 1833 | X7: =W7/F7 -> 0.0076098193 | Y7: 27449 | Z7: =Y7/F7 -> 0.11395632 | AA7: 20133 | AB7: =AA7/F7 -> 0.083583465 | AC7: =SUM(Y7+AA7) -> 47582 | AD7: =AC7/F7 -> 0.19753978 | AE7: 23653 | AF7: =AE7/F7 -> 0.098196975 | AG7: 4262 | AH7: =AG7/F7 -> 0.017693972 | AI7: 28294 | AJ7: =AI7/F7 -> 0.11746439 | AK7: 26266 | AL7: =AK7/F7 -> 0.10904502
D8: =D7+1 -> 46114 | E8: 四 | F8: =SUM(M8,S8,U8,W8,AC8,AE8,AG8,AI8,AK8) -> 219733 | G8: =SUM(F7:F12) -> 1352026 | I8: 23616 | J8: =I8/F8 -> 0.10747589 | K8: 35584 | L8: =K8/F8 -> 0.16194199 | M8: =SUM(I8+K8) -> 59200 | N8: =M8/F8 -> 0.26941788 | O8: 5301 | P8: =O8/F8 -> 0.024124733 | Q8: 6378 | R8: =Q8/F8 -> 0.029026136 | S8: =SUM(O8+Q8) -> 11679 | T8: =S8/F8 -> 0.053150869 | U8: 27498 | V8: =U8/F8 -> 0.12514279 | W8: 1787 | X8: =W8/F8 -> 0.0081325973 | Y8: 25089 | Z8: =Y8/F8 -> 0.11417948 | AA8: 18412 | AB8: =AA8/F8 -> 0.083792603 | AC8: =SUM(Y8+AA8) -> 43501 | AD8: =AC8/F8 -> 0.19797208 | AE8: 21227 | AF8: =AE8/F8 -> 0.096603605 | AG8: 3324 | AH8: =AG8/F8 -> 0.01512745 | AI8: 27623 | AJ8: =AI8/F8 -> 0.12571166 | AK8: 23894 | AL8: =AK8/F8 -> 0.10874106
D9: =D8+1 -> 46115 | E9: 五 | F9: =SUM(M9,S9,U9,W9,AC9,AE9,AG9,AI9,AK9) -> 208291 | I9: 22988 | J9: =I9/F9 -> 0.11036483 | K9: 33784 | L9: =K9/F9 -> 0.16219616 | M9: =SUM(I9+K9) -> 56772 | N9: =M9/F9 -> 0.27256098 | O9: 5121 | P9: =O9/F9 -> 0.024585796 | Q9: 5531 | R9: =Q9/F9 -> 0.026554196 | S9: =SUM(O9+Q9) -> 10652 | T9: =S9/F9 -> 0.051139992 | U9: 24463 | V9: =U9/F9 -> 0.11744627 | W9: 1480 | X9: =W9/F9 -> 0.0071054438 | Y9: 25119 | Z9: =Y9/F9 -> 0.12059571 | AA9: 20726 | AB9: =AA9/F9 -> 0.099505019 | AC9: =SUM(Y9+AA9) -> 45845 | AD9: =AC9/F9 -> 0.22010072 | AE9: 17761 | AF9: =AE9/F9 -> 0.085270127 | AG9: 9153 | AH9: =AG9/F9 -> 0.043943329 | AI9: 23207 | AJ9: =AI9/F9 -> 0.11141624 | AK9: 18958 | AL9: =AK9/F9 -> 0.091016895
D10: =D9+1 -> 46116 | E10: 六 | F10: =SUM(M10,S10,U10,W10,AC10,AE10,AG10,AI10,AK10) -> 206015 | I10: 21763 | J10: =I10/F10 -> 0.10563794 | K10: 33619 | L10: =K10/F10 -> 0.16318715 | M10: =SUM(I10+K10) -> 55382 | N10: =M10/F10 -> 0.26882509 | O10: 4728 | P10: =O10/F10 -> 0.022949785 | Q10: 4419 | R10: =Q10/F10 -> 0.021449894 | S10: =SUM(O10+Q10) -> 9147 | T10: =S10/F10 -> 0.04439968 | U10: 26817 | V10: =U10/F10 -> 0.13017013 | W10: 1708 | X10: =W10/F10 -> 0.0082906584 | Y10: 20756 | Z10: =Y10/F10 -> 0.10074995 | AA10: 20544 | AB10: =AA10/F10 -> 0.099720894 | AC10: =SUM(Y10+AA10) -> 41300 | AD10: =AC10/F10 -> 0.20047084 | AE10: 19003 | AF10: =AE10/F10 -> 0.092240856 | AG10: 9325 | AH10: =AG10/F10 -> 0.045263694 | AI10: 24907 | AJ10: =AI10/F10 -> 0.12089896 | AK10: 18426 | AL10: =AK10/F10 -> 0.089440089
D11: =D10+1 -> 46117 | E11: 日 | F11: =SUM(M11,S11,U11,W11,AC11,AE11,AG11,AI11,AK11) -> 218068 | I11: 22161 | J11: =I11/F11 -> 0.10162426 | K11: 37099 | L11: =K11/F11 -> 0.17012583 | M11: =SUM(I11+K11) -> 59260 | N11: =M11/F11 -> 0.2717501 | O11: 5045 | P11: =O11/F11 -> 0.023134985 | Q11: 5098 | R11: =Q11/F11 -> 0.023378029 | S11: =SUM(O11+Q11) -> 10143 | T11: =S11/F11 -> 0.046513014 | U11: 27397 | V11: =U11/F11 -> 0.12563512 | W11: 1448 | X11: =W11/F11 -> 0.0066401306 | Y11: 23545 | Z11: =Y11/F11 -> 0.10797091 | AA11: 22582 | AB11: =AA11/F11 -> 0.10355485 | AC11: =SUM(Y11+AA11) -> 46127 | AD11: =AC11/F11 -> 0.21152576 | AE11: 20817 | AF11: =AE11/F11 -> 0.095461049 | AG11: 8797 | AH11: =AG11/F11 -> 0.040340628 | AI11: 23399 | AJ11: =AI11/F11 -> 0.10730139 | AK11: 20680 | AL11: =AK11/F11 -> 0.094832804
D12: =D11+1 -> 46118 | E12: 一 | F12: =SUM(M12,S12,U12,W12,AC12,AE12,AG12,AI12,AK12) -> 259046 | H12: =SUM(F7:F36) -> 3104723 | I12: 27562 | J12: =I12/F12 -> 0.10639809 | K12: 44049 | L12: =K12/F12 -> 0.17004316 | M12: =SUM(I12+K12) -> 71611 | N12: =M12/F12 -> 0.27644125 | O12: 5906 | P12: =O12/F12 -> 0.02279904 | Q12: 2769 | R12: =Q12/F12 -> 0.010689221 | S12: =SUM(O12+Q12) -> 8675 | T12: =S12/F12 -> 0.033488261 | U12: 34445 | V12: =U12/F12 -> 0.13296866 | W12: 1903 | X12: =W12/F12 -> 0.0073461856 | Y12: 27831 | Z12: =Y12/F12 -> 0.10743652 | AA12: 25025 | AB12: =AA12/F12 -> 0.096604464 | AC12: =SUM(Y12+AA12) -> 52856 | AD12: =AC12/F12 -> 0.20404098 | AE12: 25680 | AF12: =AE12/F12 -> 0.099132973 | AG12: 9097 | AH12: =AG12/F12 -> 0.035117315 | AI12: 31733 | AJ12: =AI12/F12 -> 0.12249948 | AK12: 23046 | AL12: =AK12/F12 -> 0.088964894
D13: =D12+1 -> 46119 | E13: 二 | F13: =SUM(M13,S13,U13,W13,AC13,AE13,AG13,AI13,AK13) -> 253131 | G13: =SUM(F13:F19) -> 1752697 | I13: 27398 | J13: =I13/F13 -> 0.10823645 | K13: 42714 | L13: =K13/F13 -> 0.16874267 | M13: =SUM(I13+K13) -> 70112 | N13: =M13/F13 -> 0.27697911 | O13: 10426 | P13: =O13/F13 -> 0.041188159 | Q13: 2747 | R13: =Q13/F13 -> 0.010852088 | S13: =SUM(O13+Q13) -> 13173 | T13: =S13/F13 -> 0.052040248 | U13: 31966 | V13: =U13/F13 -> 0.12628244 | W13: 1587 | X13: =W13/F13 -> 0.006269481 | Y13: 28240 | Z13: =Y13/F13 -> 0.11156279 | AA13: 23240 | AB13: =AA13/F13 -> 0.091810169 | AC13: =SUM(Y13+AA13) -> 51480 | AD13: =AC13/F13 -> 0.20337296 | AE13: 24160 | AF13: =AE13/F13 -> 0.095444651 | AG13: 8286 | AH13: =AG13/F13 -> 0.032734039 | AI13: 30544 | AJ13: =AI13/F13 -> 0.12066479 | AK13: 21823 | AL13: =AK13/F13 -> 0.086212277
D14: =D13+1 -> 46120 | E14: 三 | F14: =SUM(M14,S14,U14,W14,AC14,AE14,AG14,AI14,AK14) -> 245780 | I14: 27932 | J14: =I14/F14 -> 0.11364635 | K14: 41814 | L14: =K14/F14 -> 0.17012776 | M14: =SUM(I14+K14) -> 69746 | N14: =M14/F14 -> 0.28377411 | O14: 7131 | P14: =O14/F14 -> 0.029013752 | Q14: 2630 | R14: =Q14/F14 -> 0.010700627 | S14: =SUM(O14+Q14) -> 9761 | T14: =S14/F14 -> 0.039714379 | U14: 30478 | V14: =U14/F14 -> 0.12400521 | W14: 1674 | X14: =W14/F14 -> 0.0068109692 | Y14: 27363 | Z14: =Y14/F14 -> 0.11133127 | AA14: 22343 | AB14: =AA14/F14 -> 0.090906502 | AC14: =SUM(Y14+AA14) -> 49706 | AD14: =AC14/F14 -> 0.20223777 | AE14: 23942 | AF14: =AE14/F14 -> 0.09741232 | AG14: 8976 | AH14: =AG14/F14 -> 0.036520465 | AI14: 29861 | AJ14: =AI14/F14 -> 0.12149483 | AK14: 21636 | AL14: =AK14/F14 -> 0.088029945
D15: =D14+1 -> 46121 | E15: 四 | F15: =SUM(M15,S15,U15,W15,AC15,AE15,AG15,AI15,AK15) -> 232518 | I15: 27247 | J15: =I15/F15 -> 0.11718233 | K15: 39658 | L15: =K15/F15 -> 0.17055884 | M15: =SUM(I15+K15) -> 66905 | N15: =M15/F15 -> 0.28774116 | O15: 7119 | P15: =O15/F15 -> 0.030616984 | Q15: 2349 | R15: =Q15/F15 -> 0.010102444 | S15: =SUM(O15+Q15) -> 9468 | T15: =S15/F15 -> 0.040719428 | U15: 29826 | V15: =U15/F15 -> 0.12827394 | W15: 1824 | X15: =W15/F15 -> 0.007844554 | Y15: 26261 | Z15: =Y15/F15 -> 0.11294179 | AA15: 20219 | AB15: =AA15/F15 -> 0.086956709 | AC15: =SUM(Y15+AA15) -> 46480 | AD15: =AC15/F15 -> 0.1998985 | AE15: 22584 | AF15: =AE15/F15 -> 0.097127964 | AG15: 9289 | AH15: =AG15/F15 -> 0.039949595 | AI15: 24259 | AJ15: =AI15/F15 -> 0.10433171 | AK15: 21883 | AL15: =AK15/F15 -> 0.094113144
D16: =D15+1 -> 46122 | E16: 五 | F16: =SUM(M16,S16,U16,W16,AC16,AE16,AG16,AI16,AK16) -> 224499 | I16: 24323 | J16: =I16/F16 -> 0.10834347 | K16: 38727 | L16: =K16/F16 -> 0.17250411 | M16: =SUM(I16+K16) -> 63050 | N16: =M16/F16 -> 0.28084758 | O16: 8836 | P16: =O16/F16 -> 0.03935875 | Q16: 2102 | R16: =Q16/F16 -> 0.0093630707 | S16: =SUM(O16+Q16) -> 10938 | T16: =S16/F16 -> 0.048721821 | U16: 27939 | V16: =U16/F16 -> 0.12445044 | W16: 1415 | X16: =W16/F16 -> 0.0063029234 | Y16: 24667 | Z16: =Y16/F16 -> 0.10987577 | AA16: 21898 | AB16: =AA16/F16 -> 0.097541637 | AC16: =SUM(Y16+AA16) -> 46565 | AD16: =AC16/F16 -> 0.2074174 | AE16: 21337 | AF16: =AE16/F16 -> 0.09504274 | AG16: 8112 | AH16: =AG16/F16 -> 0.036133791 | AI16: 25134 | AJ16: =AI16/F16 -> 0.11195596 | AK16: 20009 | AL16: =AK16/F16 -> 0.089127346
D17: =D16+1 -> 46123 | E17: 六 | F17: =SUM(M17,S17,U17,W17,AC17,AE17,AG17,AI17,AK17) -> 237989 | I17: 23333 | J17: =I17/F17 -> 0.098042346 | K17: 41504 | L17: =K17/F17 -> 0.17439461 | M17: =SUM(I17+K17) -> 64837 | N17: =M17/F17 -> 0.27243696 | O17: 8220 | P17: =O17/F17 -> 0.034539411 | Q17: 1838 | R17: =Q17/F17 -> 0.007723046 | S17: =SUM(O17+Q17) -> 10058 | T17: =S17/F17 -> 0.042262458 | U17: 29819 | V17: =U17/F17 -> 0.12529571 | W17: 1656 | X17: =W17/F17 -> 0.0069583048 | Y17: 25441 | Z17: =Y17/F17 -> 0.1068999 | AA17: 22528 | AB17: =AA17/F17 -> 0.094659837 | AC17: =SUM(Y17+AA17) -> 47969 | AD17: =AC17/F17 -> 0.20155974 | AE17: 23174 | AF17: =AE17/F17 -> 0.097374248 | AG17: 8611 | AH17: =AG17/F17 -> 0.036182345 | AI17: 31535 | AJ17: =AI17/F17 -> 0.13250612 | AK17: 20330 | AL17: =AK17/F17 -> 0.085424116
D18: =D17+1 -> 46124 | E18: 日 | F18: =SUM(M18,S18,U18,W18,AC18,AE18,AG18,AI18,AK18) -> 277628 | I18: 29163 | J18: =I18/F18 -> 0.10504344 | K18: 44273 | L18: =K18/F18 -> 0.15946879 | M18: =SUM(I18+K18) -> 73436 | N18: =M18/F18 -> 0.26451222 | O18: 11737 | P18: =O18/F18 -> 0.042275995 | Q18: 2283 | R18: =Q18/F18 -> 0.008223234 | S18: =SUM(O18+Q18) -> 14020 | T18: =S18/F18 -> 0.050499229 | U18: 35774 | V18: =U18/F18 -> 0.12885588 | W18: 1461 | X18: =W18/F18 -> 0.0052624375 | Y18: 30219 | Z18: =Y18/F18 -> 0.10884709 | AA18: 24016 | AB18: =AA18/F18 -> 0.086504243 | AC18: =SUM(Y18+AA18) -> 54235 | AD18: =AC18/F18 -> 0.19535133 | AE18: 27913 | AF18: =AE18/F18 -> 0.10054101 | AG18: 10203 | AH18: =AG18/F18 -> 0.036750616 | AI18: 37980 | AJ18: =AI18/F18 -> 0.13680176 | AK18: 22606 | AL18: =AK18/F18 -> 0.081425505
D19: =D18+1 -> 46125 | E19: 一 | F19: =SUM(M19,S19,U19,W19,AC19,AE19,AG19,AI19,AK19) -> 281152 | I19: 29253 | J19: =I19/F19 -> 0.10404692 | K19: 52697 | L19: =K19/F19 -> 0.18743242 | M19: =SUM(I19+K19) -> 81950 | N19: =M19/F19 -> 0.29147934 | O19: 8819 | P19: =O19/F19 -> 0.031367374 | Q19: 1807 | R19: =Q19/F19 -> 0.0064271284 | S19: =SUM(O19+Q19) -> 10626 | T19: =S19/F19 -> 0.037794503 | U19: 34838 | V19: =U19/F19 -> 0.12391162 | W19: 1818 | X19: =W19/F19 -> 0.0064662531 | Y19: 28645 | Z19: =Y19/F19 -> 0.10188439 | AA19: 23262 | AB19: =AA19/F19 -> 0.082738163 | AC19: =SUM(Y19+AA19) -> 51907 | AD19: =AC19/F19 -> 0.18462255 | AE19: 26380 | AF19: =AE19/F19 -> 0.093828249 | AG19: 10289 | AH19: =AG19/F19 -> 0.036595863 | AI19: 39761 | AJ19: =AI19/F19 -> 0.14142172 | AK19: 23583 | AL19: =AK19/F19 -> 0.083879894
D20: =D19+1 -> 46126 | E20: 二 | F20: =SUM(M20,S20,U20,W20,AC20,AE20,AG20,AI20,AK20) -> 0 | G20: =SUM(F20:F26) -> 0 | J20: =I20/F20 -> #DIV/0! | L20: =K20/F20 -> #DIV/0! | M20: =SUM(I20+K20) -> 0 | N20: =M20/F20 -> #DIV/0! | P20: =O20/F20 -> #DIV/0! | R20: =Q20/F20 -> #DIV/0! | S20: =SUM(O20+Q20) -> 0 | T20: =S20/F20 -> #DIV/0! | V20: =U20/F20 -> #DIV/0! | X20: =W20/F20 -> #DIV/0! | Z20: =Y20/F20 -> #DIV/0! | AB20: =AA20/F20 -> #DIV/0! | AC20: =SUM(Y20+AA20) -> 0 | AD20: =AC20/F20 -> #DIV/0! | AF20: =AE20/F20 -> #DIV/0! | AH20: =AG20/F20 -> #DIV/0! | AJ20: =AI20/F20 -> #DIV/0! | AL20: =AK20/F20 -> #DIV/0!
D21: =D20+1 -> 46127 | E21: 三 | F21: =SUM(M21,S21,U21,W21,AC21,AE21,AG21,AI21,AK21) -> 0 | J21: =I21/F21 -> #DIV/0! | L21: =K21/F21 -> #DIV/0! | M21: =SUM(I21+K21) -> 0 | N21: =M21/F21 -> #DIV/0! | P21: =O21/F21 -> #DIV/0! | R21: =Q21/F21 -> #DIV/0! | S21: =SUM(O21+Q21) -> 0 | T21: =S21/F21 -> #DIV/0! | V21: =U21/F21 -> #DIV/0! | X21: =W21/F21 -> #DIV/0! | Z21: =Y21/F21 -> #DIV/0! | AB21: =AA21/F21 -> #DIV/0! | AC21: =SUM(Y21+AA21) -> 0 | AD21: =AC21/F21 -> #DIV/0! | AF21: =AE21/F21 -> #DIV/0! | AH21: =AG21/F21 -> #DIV/0! | AJ21: =AI21/F21 -> #DIV/0! | AL21: =AK21/F21 -> #DIV/0!
D22: =D21+1 -> 46128 | E22: 四 | F22: =SUM(M22,S22,U22,W22,AC22,AE22,AG22,AI22,AK22) -> 0 | J22: =I22/F22 -> #DIV/0! | L22: =K22/F22 -> #DIV/0! | M22: =SUM(I22+K22) -> 0 | N22: =M22/F22 -> #DIV/0! | P22: =O22/F22 -> #DIV/0! | R22: =Q22/F22 -> #DIV/0! | S22: =SUM(O22+Q22) -> 0 | T22: =S22/F22 -> #DIV/0! | V22: =U22/F22 -> #DIV/0! | X22: =W22/F22 -> #DIV/0! | Z22: =Y22/F22 -> #DIV/0! | AB22: =AA22/F22 -> #DIV/0! | AC22: =SUM(Y22+AA22) -> 0 | AD22: =AC22/F22 -> #DIV/0! | AF22: =AE22/F22 -> #DIV/0! | AH22: =AG22/F22 -> #DIV/0! | AJ22: =AI22/F22 -> #DIV/0! | AL22: =AK22/F22 -> #DIV/0!
D23: =D22+1 -> 46129 | E23: 五 | F23: =SUM(M23,S23,U23,W23,AC23,AE23,AG23,AI23,AK23) -> 0 | J23: =I23/F23 -> #DIV/0! | L23: =K23/F23 -> #DIV/0! | M23: =SUM(I23+K23) -> 0 | N23: =M23/F23 -> #DIV/0! | P23: =O23/F23 -> #DIV/0! | R23: =Q23/F23 -> #DIV/0! | S23: =SUM(O23+Q23) -> 0 | T23: =S23/F23 -> #DIV/0! | V23: =U23/F23 -> #DIV/0! | X23: =W23/F23 -> #DIV/0! | Z23: =Y23/F23 -> #DIV/0! | AB23: =AA23/F23 -> #DIV/0! | AC23: =SUM(Y23+AA23) -> 0 | AD23: =AC23/F23 -> #DIV/0! | AF23: =AE23/F23 -> #DIV/0! | AH23: =AG23/F23 -> #DIV/0! | AJ23: =AI23/F23 -> #DIV/0! | AL23: =AK23/F23 -> #DIV/0!
D24: =D23+1 -> 46130 | E24: 六 | F24: =SUM(M24,S24,U24,W24,AC24,AE24,AG24,AI24,AK24) -> 0 | J24: =I24/F24 -> #DIV/0! | L24: =K24/F24 -> #DIV/0! | M24: =SUM(I24+K24) -> 0 | N24: =M24/F24 -> #DIV/0! | P24: =O24/F24 -> #DIV/0! | R24: =Q24/F24 -> #DIV/0! | S24: =SUM(O24+Q24) -> 0 | T24: =S24/F24 -> #DIV/0! | V24: =U24/F24 -> #DIV/0! | X24: =W24/F24 -> #DIV/0! | Z24: =Y24/F24 -> #DIV/0! | AB24: =AA24/F24 -> #DIV/0! | AC24: =SUM(Y24+AA24) -> 0 | AD24: =AC24/F24 -> #DIV/0! | AF24: =AE24/F24 -> #DIV/0! | AH24: =AG24/F24 -> #DIV/0! | AJ24: =AI24/F24 -> #DIV/0! | AL24: =AK24/F24 -> #DIV/0!
D25: =D24+1 -> 46131 | E25: 日 | F25: =SUM(M25,S25,U25,W25,AC25,AE25,AG25,AI25,AK25) -> 0 | J25: =I25/F25 -> #DIV/0! | L25: =K25/F25 -> #DIV/0! | M25: =SUM(I25+K25) -> 0 | N25: =M25/F25 -> #DIV/0! | P25: =O25/F25 -> #DIV/0! | R25: =Q25/F25 -> #DIV/0! | S25: =SUM(O25+Q25) -> 0 | T25: =S25/F25 -> #DIV/0! | V25: =U25/F25 -> #DIV/0! | X25: =W25/F25 -> #DIV/0! | Z25: =Y25/F25 -> #DIV/0! | AB25: =AA25/F25 -> #DIV/0! | AC25: =SUM(Y25+AA25) -> 0 | AD25: =AC25/F25 -> #DIV/0! | AF25: =AE25/F25 -> #DIV/0! | AH25: =AG25/F25 -> #DIV/0! | AJ25: =AI25/F25 -> #DIV/0! | AL25: =AK25/F25 -> #DIV/0!
D26: =D25+1 -> 46132 | E26: 一 | F26: =SUM(M26,S26,U26,W26,AC26,AE26,AG26,AI26,AK26) -> 0 | J26: =I26/F26 -> #DIV/0! | L26: =K26/F26 -> #DIV/0! | M26: =SUM(I26+K26) -> 0 | N26: =M26/F26 -> #DIV/0! | P26: =O26/F26 -> #DIV/0! | R26: =Q26/F26 -> #DIV/0! | S26: =SUM(O26+Q26) -> 0 | T26: =S26/F26 -> #DIV/0! | V26: =U26/F26 -> #DIV/0! | X26: =W26/F26 -> #DIV/0! | Z26: =Y26/F26 -> #DIV/0! | AB26: =AA26/F26 -> #DIV/0! | AC26: =SUM(Y26+AA26) -> 0 | AD26: =AC26/F26 -> #DIV/0! | AF26: =AE26/F26 -> #DIV/0! | AH26: =AG26/F26 -> #DIV/0! | AJ26: =AI26/F26 -> #DIV/0! | AL26: =AK26/F26 -> #DIV/0!
D27: =D26+1 -> 46133 | E27: 二 | F27: =SUM(M27,S27,U27,W27,AC27,AE27,AG27,AI27,AK27) -> 0 | G27: =SUM(F27:F33) -> 0 | J27: =I27/F27 -> #DIV/0! | L27: =K27/F27 -> #DIV/0! | M27: =SUM(I27+K27) -> 0 | N27: =M27/F27 -> #DIV/0! | P27: =O27/F27 -> #DIV/0! | R27: =Q27/F27 -> #DIV/0! | S27: =SUM(O27+Q27) -> 0 | T27: =S27/F27 -> #DIV/0! | V27: =U27/F27 -> #DIV/0! | X27: =W27/F27 -> #DIV/0! | Z27: =Y27/F27 -> #DIV/0! | AB27: =AA27/F27 -> #DIV/0! | AC27: =SUM(Y27+AA27) -> 0 | AD27: =AC27/F27 -> #DIV/0! | AF27: =AE27/F27 -> #DIV/0! | AH27: =AG27/F27 -> #DIV/0! | AJ27: =AI27/F27 -> #DIV/0! | AL27: =AK27/F27 -> #DIV/0!
D28: =D27+1 -> 46134 | E28: 三 | F28: =SUM(M28,S28,U28,W28,AC28,AE28,AG28,AI28,AK28) -> 0 | J28: =I28/F28 -> #DIV/0! | L28: =K28/F28 -> #DIV/0! | M28: =SUM(I28+K28) -> 0 | N28: =M28/F28 -> #DIV/0! | P28: =O28/F28 -> #DIV/0! | R28: =Q28/F28 -> #DIV/0! | S28: =SUM(O28+Q28) -> 0 | T28: =S28/F28 -> #DIV/0! | V28: =U28/F28 -> #DIV/0! | X28: =W28/F28 -> #DIV/0! | Z28: =Y28/F28 -> #DIV/0! | AB28: =AA28/F28 -> #DIV/0! | AC28: =SUM(Y28+AA28) -> 0 | AD28: =AC28/F28 -> #DIV/0! | AF28: =AE28/F28 -> #DIV/0! | AH28: =AG28/F28 -> #DIV/0! | AJ28: =AI28/F28 -> #DIV/0! | AL28: =AK28/F28 -> #DIV/0!
D29: =D28+1 -> 46135 | E29: 四 | F29: =SUM(M29,S29,U29,W29,AC29,AE29,AG29,AI29,AK29) -> 0 | J29: =I29/F29 -> #DIV/0! | L29: =K29/F29 -> #DIV/0! | M29: =SUM(I29+K29) -> 0 | N29: =M29/F29 -> #DIV/0! | P29: =O29/F29 -> #DIV/0! | R29: =Q29/F29 -> #DIV/0! | S29: =SUM(O29+Q29) -> 0 | T29: =S29/F29 -> #DIV/0! | V29: =U29/F29 -> #DIV/0! | X29: =W29/F29 -> #DIV/0! | Z29: =Y29/F29 -> #DIV/0! | AB29: =AA29/F29 -> #DIV/0! | AC29: =SUM(Y29+AA29) -> 0 | AD29: =AC29/F29 -> #DIV/0! | AF29: =AE29/F29 -> #DIV/0! | AH29: =AG29/F29 -> #DIV/0! | AJ29: =AI29/F29 -> #DIV/0! | AL29: =AK29/F29 -> #DIV/0!
D30: =D29+1 -> 46136 | E30: 五 | F30: =SUM(M30,S30,U30,W30,AC30,AE30,AG30,AI30,AK30) -> 0 | J30: =I30/F30 -> #DIV/0! | L30: =K30/F30 -> #DIV/0! | M30: =SUM(I30+K30) -> 0 | N30: =M30/F30 -> #DIV/0! | P30: =O30/F30 -> #DIV/0! | R30: =Q30/F30 -> #DIV/0! | S30: =SUM(O30+Q30) -> 0 | T30: =S30/F30 -> #DIV/0! | V30: =U30/F30 -> #DIV/0! | X30: =W30/F30 -> #DIV/0! | Z30: =Y30/F30 -> #DIV/0! | AB30: =AA30/F30 -> #DIV/0! | AC30: =SUM(Y30+AA30) -> 0 | AD30: =AC30/F30 -> #DIV/0! | AF30: =AE30/F30 -> #DIV/0! | AH30: =AG30/F30 -> #DIV/0! | AJ30: =AI30/F30 -> #DIV/0! | AL30: =AK30/F30 -> #DIV/0!
D31: =D30+1 -> 46137 | E31: 六 | F31: =SUM(M31,S31,U31,W31,AC31,AE31,AG31,AI31,AK31) -> 0 | J31: =I31/F31 -> #DIV/0! | L31: =K31/F31 -> #DIV/0! | M31: =SUM(I31+K31) -> 0 | N31: =M31/F31 -> #DIV/0! | P31: =O31/F31 -> #DIV/0! | R31: =Q31/F31 -> #DIV/0! | S31: =SUM(O31+Q31) -> 0 | T31: =S31/F31 -> #DIV/0! | V31: =U31/F31 -> #DIV/0! | X31: =W31/F31 -> #DIV/0! | Z31: =Y31/F31 -> #DIV/0! | AB31: =AA31/F31 -> #DIV/0! | AC31: =SUM(Y31+AA31) -> 0 | AD31: =AC31/F31 -> #DIV/0! | AF31: =AE31/F31 -> #DIV/0! | AH31: =AG31/F31 -> #DIV/0! | AJ31: =AI31/F31 -> #DIV/0! | AL31: =AK31/F31 -> #DIV/0!
D32: =D31+1 -> 46138 | E32: 日 | F32: =SUM(M32,S32,U32,W32,AC32,AE32,AG32,AI32,AK32) -> 0 | J32: =I32/F32 -> #DIV/0! | L32: =K32/F32 -> #DIV/0! | M32: =SUM(I32+K32) -> 0 | N32: =M32/F32 -> #DIV/0! | P32: =O32/F32 -> #DIV/0! | R32: =Q32/F32 -> #DIV/0! | S32: =SUM(O32+Q32) -> 0 | T32: =S32/F32 -> #DIV/0! | V32: =U32/F32 -> #DIV/0! | X32: =W32/F32 -> #DIV/0! | Z32: =Y32/F32 -> #DIV/0! | AB32: =AA32/F32 -> #DIV/0! | AC32: =SUM(Y32+AA32) -> 0 | AD32: =AC32/F32 -> #DIV/0! | AF32: =AE32/F32 -> #DIV/0! | AH32: =AG32/F32 -> #DIV/0! | AJ32: =AI32/F32 -> #DIV/0! | AL32: =AK32/F32 -> #DIV/0!
D33: =D32+1 -> 46139 | E33: 一 | F33: =SUM(M33,S33,U33,W33,AC33,AE33,AG33,AI33,AK33) -> 0 | J33: =I33/F33 -> #DIV/0! | L33: =K33/F33 -> #DIV/0! | M33: =SUM(I33+K33) -> 0 | N33: =M33/F33 -> #DIV/0! | P33: =O33/F33 -> #DIV/0! | R33: =Q33/F33 -> #DIV/0! | S33: =SUM(O33+Q33) -> 0 | T33: =S33/F33 -> #DIV/0! | V33: =U33/F33 -> #DIV/0! | X33: =W33/F33 -> #DIV/0! | Z33: =Y33/F33 -> #DIV/0! | AB33: =AA33/F33 -> #DIV/0! | AC33: =SUM(Y33+AA33) -> 0 | AD33: =AC33/F33 -> #DIV/0! | AF33: =AE33/F33 -> #DIV/0! | AH33: =AG33/F33 -> #DIV/0! | AJ33: =AI33/F33 -> #DIV/0! | AL33: =AK33/F33 -> #DIV/0!
D34: =D33+1 -> 46140 | E34: 二 | F34: =SUM(M34,S34,U34,W34,AC34,AE34,AG34,AI34,AK34) -> 0 | G34: =SUM(F34:F40) -> 0 | J34: =I34/F34 -> #DIV/0! | L34: =K34/F34 -> #DIV/0! | M34: =SUM(I34+K34) -> 0 | N34: =M34/F34 -> #DIV/0! | P34: =O34/F34 -> #DIV/0! | R34: =Q34/F34 -> #DIV/0! | S34: =SUM(O34+Q34) -> 0 | T34: =S34/F34 -> #DIV/0! | V34: =U34/F34 -> #DIV/0! | X34: =W34/F34 -> #DIV/0! | Z34: =Y34/F34 -> #DIV/0! | AB34: =AA34/F34 -> #DIV/0! | AC34: =SUM(Y34+AA34) -> 0 | AD34: =AC34/F34 -> #DIV/0! | AF34: =AE34/F34 -> #DIV/0! | AH34: =AG34/F34 -> #DIV/0! | AJ34: =AI34/F34 -> #DIV/0! | AL34: =AK34/F34 -> #DIV/0!
D35: =D34+1 -> 46141 | E35: 三 | F35: =SUM(M35,S35,U35,W35,AC35,AE35,AG35,AI35,AK35) -> 0 | J35: =I35/F35 -> #DIV/0! | L35: =K35/F35 -> #DIV/0! | M35: =SUM(I35+K35) -> 0 | N35: =M35/F35 -> #DIV/0! | P35: =O35/F35 -> #DIV/0! | R35: =Q35/F35 -> #DIV/0! | S35: =SUM(O35+Q35) -> 0 | T35: =S35/F35 -> #DIV/0! | V35: =U35/F35 -> #DIV/0! | X35: =W35/F35 -> #DIV/0! | Z35: =Y35/F35 -> #DIV/0! | AB35: =AA35/F35 -> #DIV/0! | AC35: =SUM(Y35+AA35) -> 0 | AD35: =AC35/F35 -> #DIV/0! | AF35: =AE35/F35 -> #DIV/0! | AH35: =AG35/F35 -> #DIV/0! | AJ35: =AI35/F35 -> #DIV/0! | AL35: =AK35/F35 -> #DIV/0!
D36: =D35+1 -> 46142 | E36: 四 | F36: =SUM(M36,S36,U36,W36,AC36,AE36,AG36,AI36,AK36) -> 0 | J36: =I36/F36 -> #DIV/0! | L36: =K36/F36 -> #DIV/0! | M36: =SUM(I36+K36) -> 0 | N36: =M36/F36 -> #DIV/0! | P36: =O36/F36 -> #DIV/0! | R36: =Q36/F36 -> #DIV/0! | S36: =SUM(O36+Q36) -> 0 | T36: =S36/F36 -> #DIV/0! | V36: =U36/F36 -> #DIV/0! | X36: =W36/F36 -> #DIV/0! | Z36: =Y36/F36 -> #DIV/0! | AB36: =AA36/F36 -> #DIV/0! | AC36: =SUM(Y36+AA36) -> 0 | AD36: =AC36/F36 -> #DIV/0! | AF36: =AE36/F36 -> #DIV/0! | AH36: =AG36/F36 -> #DIV/0! | AJ36: =AI36/F36 -> #DIV/0! | AL36: =AK36/F36 -> #DIV/0!
D37: =D36+1 -> 46143 | E37: 五 | F37: =SUM(M37,S37,U37,W37,AC37,AE37,AG37,AI37,AK37) -> 0 | J37: =I37/F37 -> #DIV/0! | L37: =K37/F37 -> #DIV/0! | M37: =SUM(I37+K37) -> 0 | N37: =M37/F37 -> #DIV/0! | P37: =O37/F37 -> #DIV/0! | R37: =Q37/F37 -> #DIV/0! | S37: =SUM(O37+Q37) -> 0 | T37: =S37/F37 -> #DIV/0! | V37: =U37/F37 -> #DIV/0! | X37: =W37/F37 -> #DIV/0! | Z37: =Y37/F37 -> #DIV/0! | AB37: =AA37/F37 -> #DIV/0! | AC37: =SUM(Y37+AA37) -> 0 | AD37: =AC37/F37 -> #DIV/0! | AF37: =AE37/F37 -> #DIV/0! | AH37: =AG37/F37 -> #DIV/0! | AJ37: =AI37/F37 -> #DIV/0! | AL37: =AK37/F37 -> #DIV/0!
D38: =D37+1 -> 46144 | E38: 六 | F38: =SUM(M38,S38,U38,W38,AC38,AE38,AG38,AI38,AK38) -> 0 | J38: =I38/F38 -> #DIV/0! | L38: =K38/F38 -> #DIV/0! | M38: =SUM(I38+K38) -> 0 | N38: =M38/F38 -> #DIV/0! | P38: =O38/F38 -> #DIV/0! | R38: =Q38/F38 -> #DIV/0! | S38: =SUM(O38+Q38) -> 0 | T38: =S38/F38 -> #DIV/0! | V38: =U38/F38 -> #DIV/0! | X38: =W38/F38 -> #DIV/0! | Z38: =Y38/F38 -> #DIV/0! | AB38: =AA38/F38 -> #DIV/0! | AC38: =SUM(Y38+AA38) -> 0 | AD38: =AC38/F38 -> #DIV/0! | AF38: =AE38/F38 -> #DIV/0! | AH38: =AG38/F38 -> #DIV/0! | AJ38: =AI38/F38 -> #DIV/0! | AL38: =AK38/F38 -> #DIV/0!
D39: =D38+1 -> 46145 | E39: 日 | F39: =SUM(M39,S39,U39,W39,AC39,AE39,AG39,AI39,AK39) -> 0 | J39: =I39/F39 -> #DIV/0! | L39: =K39/F39 -> #DIV/0! | M39: =SUM(I39+K39) -> 0 | N39: =M39/F39 -> #DIV/0! | P39: =O39/F39 -> #DIV/0! | R39: =Q39/F39 -> #DIV/0! | S39: =SUM(O39+Q39) -> 0 | T39: =S39/F39 -> #DIV/0! | V39: =U39/F39 -> #DIV/0! | X39: =W39/F39 -> #DIV/0! | Z39: =Y39/F39 -> #DIV/0! | AB39: =AA39/F39 -> #DIV/0! | AC39: =SUM(Y39+AA39) -> 0 | AD39: =AC39/F39 -> #DIV/0! | AF39: =AE39/F39 -> #DIV/0! | AH39: =AG39/F39 -> #DIV/0! | AJ39: =AI39/F39 -> #DIV/0! | AL39: =AK39/F39 -> #DIV/0!
D40: =D39+1 -> 46146 | E40: 一 | F40: =SUM(M40,S40,U40,W40,AC40,AE40,AG40,AI40,AK40) -> 0 | J40: =I40/F40 -> #DIV/0! | L40: =K40/F40 -> #DIV/0! | M40: =SUM(I40+K40) -> 0 | N40: =M40/F40 -> #DIV/0! | P40: =O40/F40 -> #DIV/0! | R40: =Q40/F40 -> #DIV/0! | S40: =SUM(O40+Q40) -> 0 | T40: =S40/F40 -> #DIV/0! | V40: =U40/F40 -> #DIV/0! | X40: =W40/F40 -> #DIV/0! | Z40: =Y40/F40 -> #DIV/0! | AB40: =AA40/F40 -> #DIV/0! | AC40: =SUM(Y40+AA40) -> 0 | AD40: =AC40/F40 -> #DIV/0! | AF40: =AE40/F40 -> #DIV/0! | AH40: =AG40/F40 -> #DIV/0! | AJ40: =AI40/F40 -> #DIV/0! | AL40: =AK40/F40 -> #DIV/0!
F41: =SUM(M41,S41,U41,W41,AC41,AE41,AG41,AI41,AK41) -> 0 | J41: =I41/F41 -> #DIV/0! | L41: =K41/F41 -> #DIV/0! | M41: =SUM(I41+K41) -> 0 | N41: =M41/F41 -> #DIV/0! | P41: =O41/F41 -> #DIV/0! | R41: =Q41/F41 -> #DIV/0! | S41: =SUM(O41+Q41) -> 0 | T41: =S41/F41 -> #DIV/0! | V41: =U41/F41 -> #DIV/0! | X41: =W41/F41 -> #DIV/0! | Z41: =Y41/F41 -> #DIV/0! | AB41: =AA41/F41 -> #DIV/0! | AC41: =SUM(Y41+AA41) -> 0 | AD41: =AC41/F41 -> #DIV/0! | AF41: =AE41/F41 -> #DIV/0! | AH41: =AG41/F41 -> #DIV/0! | AJ41: =AI41/F41 -> #DIV/0! | AL41: =AK41/F41 -> #DIV/0!
F42: =SUM(M42,S42,U42,W42,AC42,AE42,AG42,AI42,AK42) -> 0 | J42: =I42/F42 -> #DIV/0! | L42: =K42/F42 -> #DIV/0! | M42: =SUM(I42+K42) -> 0 | N42: =M42/F42 -> #DIV/0! | P42: =O42/F42 -> #DIV/0! | R42: =Q42/F42 -> #DIV/0! | S42: =SUM(O42+Q42) -> 0 | T42: =S42/F42 -> #DIV/0! | V42: =U42/F42 -> #DIV/0! | X42: =W42/F42 -> #DIV/0! | Z42: =Y42/F42 -> #DIV/0! | AB42: =AA42/F42 -> #DIV/0! | AC42: =SUM(Y42+AA42) -> 0 | AD42: =AC42/F42 -> #DIV/0! | AF42: =AE42/F42 -> #DIV/0! | AH42: =AG42/F42 -> #DIV/0! | AJ42: =AI42/F42 -> #DIV/0! | AL42: =AK42/F42 -> #DIV/0!
F43: =SUM(M43,S43,U43,W43,AC43,AE43,AG43,AI43,AK43) -> 0 | J43: =I43/F43 -> #DIV/0! | L43: =K43/F43 -> #DIV/0! | M43: =SUM(I43+K43) -> 0 | N43: =M43/F43 -> #DIV/0! | P43: =O43/F43 -> #DIV/0! | R43: =Q43/F43 -> #DIV/0! | S43: =SUM(O43+Q43) -> 0 | T43: =S43/F43 -> #DIV/0! | V43: =U43/F43 -> #DIV/0! | X43: =W43/F43 -> #DIV/0! | Z43: =Y43/F43 -> #DIV/0! | AB43: =AA43/F43 -> #DIV/0! | AC43: =SUM(Y43+AA43) -> 0 | AD43: =AC43/F43 -> #DIV/0! | AF43: =AE43/F43 -> #DIV/0! | AH43: =AG43/F43 -> #DIV/0! | AJ43: =AI43/F43 -> #DIV/0! | AL43: =AK43/F43 -> #DIV/0!
F44: =SUM(M44,S44,U44,W44,AC44,AE44,AG44,AI44,AK44) -> 0 | J44: =I44/F44 -> #DIV/0! | L44: =K44/F44 -> #DIV/0! | M44: =SUM(I44+K44) -> 0 | N44: =M44/F44 -> #DIV/0! | P44: =O44/F44 -> #DIV/0! | R44: =Q44/F44 -> #DIV/0! | S44: =SUM(O44+Q44) -> 0 | T44: =S44/F44 -> #DIV/0! | V44: =U44/F44 -> #DIV/0! | X44: =W44/F44 -> #DIV/0! | Z44: =Y44/F44 -> #DIV/0! | AB44: =AA44/F44 -> #DIV/0! | AC44: =SUM(Y44+AA44) -> 0 | AD44: =AC44/F44 -> #DIV/0! | AF44: =AE44/F44 -> #DIV/0! | AH44: =AG44/F44 -> #DIV/0! | AJ44: =AI44/F44 -> #DIV/0! | AL44: =AK44/F44 -> #DIV/0!
F45: =SUM(M45,S45,U45,W45,AC45,AE45,AG45,AI45,AK45) -> 0 | J45: =I45/F45 -> #DIV/0! | L45: =K45/F45 -> #DIV/0! | M45: =SUM(I45+K45) -> 0 | N45: =M45/F45 -> #DIV/0! | P45: =O45/F45 -> #DIV/0! | R45: =Q45/F45 -> #DIV/0! | S45: =SUM(O45+Q45) -> 0 | T45: =S45/F45 -> #DIV/0! | V45: =U45/F45 -> #DIV/0! | X45: =W45/F45 -> #DIV/0! | Z45: =Y45/F45 -> #DIV/0! | AB45: =AA45/F45 -> #DIV/0! | AC45: =SUM(Y45+AA45) -> 0 | AD45: =AC45/F45 -> #DIV/0! | AF45: =AE45/F45 -> #DIV/0! | AH45: =AG45/F45 -> #DIV/0! | AJ45: =AI45/F45 -> #DIV/0! | AL45: =AK45/F45 -> #DIV/0!
I46: =SUM(I7:I44) -> 334199 | J46: =I46/$H$12 -> 0.10764213 | K46: =SUM(K7:K44) -> 523678 | L46: =K46/$H$12 -> 0.16867141 | M46: =SUM(M7:M44) -> 857877 | N46: =M46/$H$12 -> 0.27631354 | O46: =SUM(O7:O44) -> 94986 | P46: =O46/$H$12 -> 0.030594034 | Q46: =SUM(Q7:Q44) -> 47123 | R46: =Q46/$H$12 -> 0.015177844 | S46: =SUM(S7:S44) -> 142109 | T46: =S46/$H$12 -> 0.045771877 | U46: =SUM(U7:U44) -> 390858 | V46: =U46/$H$12 -> 0.12589142 | W46: =SUM(W7:W44) -> 21594 | X46: =W46/$H$12 -> 0.0069552099 | Y46: =SUM(Y7:Y44) -> 340625 | Z46: =Y46/$H$12 -> 0.10971188 | AA46: =SUM(AA7:AA44) -> 284928 | AB46: =AA46/$H$12 -> 0.091772438 | AC46: =SUM(AC7:AC44) -> 625553 | AD46: =AC46/$H$12 -> 0.20148432 | AE46: =SUM(AE7:AE44) -> 297631 | AF46: =AE46/$H$12 -> 0.095863947 | AG46: =SUM(AG7:AG44) -> 107724 | AH46: =AG46/$H$12 -> 0.034696815 | AI46: =SUM(AI7:AI44) -> 378237 | AJ46: =AI46/$H$12 -> 0.12182633 | AK46: =SUM(AK7:AK44) -> 283140 | AL46: =AK46/$H$12 -> 0.091196542
M47: =M46 -> 857877 | S47: =S46 -> 142109 | U47: =U46 -> 390858 | W47: =W46 -> 21594 | AC47: =AC46 -> 625553 | AE47: =AE46 -> 297631 | AG47: =AG46 -> 107724 | AI47: =AI46 -> 378237 | AK47: =AK46 -> 283140

Sheet （５-1）品群別人時生產性（18℃-飯糰）
B1: 月平均人時性 | C1: =AVERAGE(L7,L42,L77,L112,L147,L182) -> 753.9018
B2: 產線配置圖－每週更新 | N2: 資料繳交 | O2: 日期 | P2: 46112 | U2: =P2+1 -> 46113 | Z2: =U2+1 -> 46114 | AE2: =Z2+1 -> 46115 | AJ2: =AE2+1 -> 46116 | AO2: =AJ2+1 -> 46117 | AT2: =AO2+1 -> 46118
P3: 二 | U3: 三 | Z3: 四 | AE3: 五 | AJ3: 六 | AO3: 日 | AT3: 一
B4: 品群 | C4: 商品名稱 | E4: 計畫 | H4: 平均人時性 | I4: 實績 | L4: 平均人時性 | M4: 排名 | O4: 日報 | P4: 實際 | T4: 平均人時性 | U4: 實際 | Y4: 平均人時性 | Z4: 實際 | AD4: 平均人時性 | AE4: 實際 | AI4: 平均人時性 | AJ4: 實際 | AN4: 平均人時性 | AO4: 實際 | AS4: 平均人時性 | AT4: 實際 | AX4: 平均人時性 | BA4: 平均人時性
E5: 產線配置圖 | I5: 產線配置圖 | P5: 生產實績 | U5: 生產實績 | Z5: 生產實績 | AE5: 生產實績 | AJ5: 生產實績 | AO5: 生產實績 | AT5: 生產實績
E6: 人數 | F6: 產能／時 | G6: 人時性 | I6: 人數 | J6: 產能／時 | K6: 人時性 | P6: 人數 | Q6: 產能／時 | R6: 人時性 | S6: 排名 | U6: 人數 | V6: 產能／時 | W6: 人時性 | X6: 排名 | Z6: 人數 | AA6: 產能／時 | AB6: 人時性 | AC6: 排名 | AE6: 人數 | AF6: 產能／時 | AG6: 人時性 | AH6: 排名 | AJ6: 人數 | AK6: 產能／時 | AL6: 人時性 | AM6: 排名 | AO6: 人數 | AP6: 產能／時 | AQ6: 人時性 | AR6: 排名 | AT6: 人數 | AU6: 產能／時 | AV6: 人時性 | AW6: 排名 | AZ6: 排名
B7: 18℃-飯糰 | C7: 1 | D7: 經典肉鬆飯糰 | E7: 3 | F7: 3200 | G7: 1066.6667 | H7: =AVERAGE(G7:G36) -> 716.09848 | I7: =IFERROR(AVERAGE(P7,U7,Z7,AE7,AJ7,AO7,AT7),"-") -> 3 | J7: =IFERROR(AVERAGE(Q7,V7,AA7,AF7,AK7,AP7,AU7),"-") -> 3225.2762 | K7: =IFERROR(AVERAGE(R7,W7,AB7,AG7,AL7,AQ7,AV7),"-") -> 1075.0921 | L7: =IFERROR(AVERAGE(K7:K36),"-") -> 745.73597 | M7: =RANK(K7, K$7:$K$36) -> 3 | P7: 3 | Q7: 3212.069 | R7: 1070.6897 | S7: =RANK(R7, R$7:R$36) -> 1 | T7: =AVERAGE(R7:R36) -> 732.33804 | U7: 3 | V7: 3324 | W7: 1108 | X7: =RANK(W7, W$7:W$36) -> 3 | Y7: =AVERAGE(W7:W36) -> 766.90537 | Z7: 3 | AA7: 3187.8261 | AB7: 1062.6087 | AC7: =RANK(AB7, AB$7:AB$36) -> 3 | AD7: =AVERAGE(AB7:AB36) -> 735.97777 | AE7: 3 | AF7: 3210.6667 | AG7: 1070.2222 | AH7: =RANK(AG7, AG$7:AG$36) -> 5 | AI7: =AVERAGE(AG7:AG36) -> 750.52757 | AJ7: 3 | AK7: 3277.6744 | AL7: 1092.5581 | AM7: =RANK(AL7, AL$7:AL$36) -> 2 | AN7: =AVERAGE(AL7:AL36) -> 756.05685 | AO7: 3 | AP7: 3211.3636 | AQ7: 1070.4545 | AR7: =RANK(AQ7, AQ$7:AQ$36) -> 5 | AS7: =AVERAGE(AQ7:AQ36) -> 751.12441 | AT7: 3 | AU7: 3153.3333 | AV7: 1051.1111 | AW7: =RANK(AV7, AV$7:AV$36) -> 5 | AX7: =AVERAGE(AV7:AV36) -> 728.43643 | AZ7: =RANK(AY7, AY$7:AY$36) -> #N/A | BA7: =AVERAGE(AY7:AY36) -> #DIV/0!
C8: 2 | D8: 蔬食鮪魚飯糰 | E8: 3 | F8: 3200 | G8: 1066.6667 | I8: =IFERROR(AVERAGE(P8,U8,Z8,AE8,AJ8,AO8,AT8),"-") -> 3 | J8: =IFERROR(AVERAGE(Q8,V8,AA8,AF8,AK8,AP8,AU8),"-") -> 3258.1716 | K8: =IFERROR(AVERAGE(R8,W8,AB8,AG8,AL8,AQ8,AV8),"-") -> 1086.0572 | M8: =RANK(K8, K$7:$K$36) -> 1 | P8: 3 | Q8: 3066.6667 | R8: 1022.2222 | S8: =RANK(R8, R$7:R$36) -> 6 | U8: 3 | V8: 3367.5 | W8: 1122.5 | X8: =RANK(W8, W$7:W$36) -> 2 | Z8: 3 | AA8: 3184 | AB8: 1061.3333 | AC8: =RANK(AB8, AB$7:AB$36) -> 4 | AE8: 3 | AF8: 3377.1429 | AG8: 1125.7143 | AH8: =RANK(AG8, AG$7:AG$36) -> 1 | AJ8: 3 | AK8: 3341.5385 | AL8: 1113.8462 | AM8: =RANK(AL8, AL$7:AL$36) -> 1 | AO8: 3 | AP8: 3308 | AQ8: 1102.6667 | AR8: =RANK(AQ8, AQ$7:AQ$36) -> 2 | AT8: 3 | AU8: 3162.3529 | AV8: 1054.1176 | AW8: =RANK(AV8, AV$7:AV$36) -> 3 | AZ8: =RANK(AY8, AY$7:AY$36) -> #N/A
C9: 3 | D9: 北海道秋鮭親子飯糰 | E9: 4 | F9: 3200 | G9: 800 | I9: =IFERROR(AVERAGE(P9,U9,Z9,AE9,AJ9,AO9,AT9),"-") -> 4 | J9: =IFERROR(AVERAGE(Q9,V9,AA9,AF9,AK9,AP9,AU9),"-") -> 3213.236 | K9: =IFERROR(AVERAGE(R9,W9,AB9,AG9,AL9,AQ9,AV9),"-") -> 803.30901 | M9: =RANK(K9, K$7:$K$36) -> 11 | P9: 4 | Q9: 3195.7895 | R9: 798.94737 | S9: =RANK(R9, R$7:R$36) -> 8 | U9: 4 | V9: 3290 | W9: 822.5 | X9: =RANK(W9, W$7:W$36) -> 10 | Z9: 4 | AA9: 3063.75 | AB9: 765.9375 | AC9: =RANK(AB9, AB$7:AB$36) -> 12 | AE9: 4 | AF9: 3292 | AG9: 823 | AH9: =RANK(AG9, AG$7:AG$36) -> 9 | AJ9: 4 | AK9: 3321.4286 | AL9: 830.35714 | AM9: =RANK(AL9, AL$7:AL$36) -> 9 | AO9: 4 | AP9: 3216 | AQ9: 804 | AR9: =RANK(AQ9, AQ$7:AQ$36) -> 12 | AT9: 4 | AU9: 3113.6842 | AV9: 778.42105 | AW9: =RANK(AV9, AV$7:AV$36) -> 11 | AZ9: =RANK(AY9, AY$7:AY$36) -> #N/A
C10: 4 | D10: 鮪魚飯糰 | E10: 3 | F10: 3200 | G10: 1066.6667 | I10: =IFERROR(AVERAGE(P10,U10,Z10,AE10,AJ10,AO10,AT10),"-") -> 3 | J10: =IFERROR(AVERAGE(Q10,V10,AA10,AF10,AK10,AP10,AU10),"-") -> 3223.2581 | K10: =IFERROR(AVERAGE(R10,W10,AB10,AG10,AL10,AQ10,AV10),"-") -> 1074.4194 | M10: =RANK(K10, K$7:$K$36) -> 5 | P10: 3 | Q10: 3191.8605 | R10: 1063.9535 | S10: =RANK(R10, R$7:R$36) -> 2 | U10: 3 | V10: 3296.25 | W10: 1098.75 | X10: =RANK(W10, W$7:W$36) -> 5 | Z10: 3 | AA10: 3170.5714 | AB10: 1056.8571 | AC10: =RANK(AB10, AB$7:AB$36) -> 5 | AE10: 3 | AF10: 3226.3636 | AG10: 1075.4545 | AH10: =RANK(AG10, AG$7:AG$36) -> 4 | AJ10: 3 | AK10: 3245.8065 | AL10: 1081.9355 | AM10: =RANK(AL10, AL$7:AL$36) -> 4 | AO10: 3 | AP10: 3255.4839 | AQ10: 1085.1613 | AR10: =RANK(AQ10, AQ$7:AQ$36) -> 4 | AT10: 3 | AU10: 3176.4706 | AV10: 1058.8235 | AW10: =RANK(AV10, AV$7:AV$36) -> 1 | AZ10: =RANK(AY10, AY$7:AY$36) -> #N/A
C11: 5 | D11: 贅沢鮭魚肚飯糰 | E11: 4 | F11: 3200 | G11: 800 | I11: =IFERROR(AVERAGE(P11,U11,Z11,AE11,AJ11,AO11,AT11),"-") -> 4 | J11: =IFERROR(AVERAGE(Q11,V11,AA11,AF11,AK11,AP11,AU11),"-") -> 3221.6113 | K11: =IFERROR(AVERAGE(R11,W11,AB11,AG11,AL11,AQ11,AV11),"-") -> 805.40283 | M11: =RANK(K11, K$7:$K$36) -> 10 | P11: 4 | Q11: 3185.4545 | R11: 796.36364 | S11: =RANK(R11, R$7:R$36) -> 10 | U11: 4 | V11: 3265.1613 | W11: 816.29032 | X11: =RANK(W11, W$7:W$36) -> 11 | Z11: 4 | AA11: 3117.8571 | AB11: 779.46429 | AC11: =RANK(AB11, AB$7:AB$36) -> 9 | AE11: 4 | AF11: 3244.6154 | AG11: 811.15385 | AH11: =RANK(AG11, AG$7:AG$36) -> 11 | AJ11: 4 | AK11: 3227.5 | AL11: 806.875 | AM11: =RANK(AL11, AL$7:AL$36) -> 13 | AO11: 4 | AP11: 3321.6 | AQ11: 830.4 | AR11: =RANK(AQ11, AQ$7:AQ$36) -> 10 | AT11: 4 | AU11: 3189.0909 | AV11: 797.27273 | AW11: =RANK(AV11, AV$7:AV$36) -> 9 | AZ11: =RANK(AY11, AY$7:AY$36) -> #N/A
C12: 6 | D12: 熟成紅鮭飯糰 | E12: 4 | F12: 3200 | G12: 800 | I12: =IFERROR(AVERAGE(P12,U12,Z12,AE12,AJ12,AO12,AT12),"-") -> 4 | J12: =IFERROR(AVERAGE(Q12,V12,AA12,AF12,AK12,AP12,AU12),"-") -> 3283.6832 | K12: =IFERROR(AVERAGE(R12,W12,AB12,AG12,AL12,AQ12,AV12),"-") -> 820.92079 | M12: =RANK(K12, K$7:$K$36) -> 8 | P12: 4 | Q12: 3144 | R12: 786 | S12: =RANK(R12, R$7:R$36) -> 13 | U12: 4 | V12: 3530.7692 | W12: 882.69231 | X12: =RANK(W12, W$7:W$36) -> 8 | Z12: 4 | AA12: 3080 | AB12: 770 | AC12: =RANK(AB12, AB$7:AB$36) -> 11 | AE12: 4 | AF12: 3212.7273 | AG12: 803.18182 | AH12: =RANK(AG12, AG$7:AG$36) -> 12 | AJ12: 4 | AK12: 3336 | AL12: 834 | AM12: =RANK(AL12, AL$7:AL$36) -> 8 | AO12: 4 | AP12: 3468 | AQ12: 867 | AR12: =RANK(AQ12, AQ$7:AQ$36) -> 8 | AT12: 4 | AU12: 3214.2857 | AV12: 803.57143 | AW12: =RANK(AV12, AV$7:AV$36) -> 8 | AZ12: =RANK(AY12, AY$7:AY$36) -> #N/A
C13: 7 | D13: 壹號醬炙烤牛飯糰 | E13: 4 | F13: 2800 | G13: 700 | I13: =IFERROR(AVERAGE(P13,U13,Z13,AE13,AJ13,AO13,AT13),"-") -> 4 | J13: =IFERROR(AVERAGE(Q13,V13,AA13,AF13,AK13,AP13,AU13),"-") -> 3231.0314 | K13: =IFERROR(AVERAGE(R13,W13,AB13,AG13,AL13,AQ13,AV13),"-") -> 807.75785 | M13: =RANK(K13, K$7:$K$36) -> 9 | P13: 4 | Q13: 3184.2857 | R13: 796.07143 | S13: =RANK(R13, R$7:R$36) -> 11 | U13: 4 | V13: 3323.0769 | W13: 830.76923 | X13: =RANK(W13, W$7:W$36) -> 9 | Z13: 4 | AA13: 3005 | AB13: 751.25 | AC13: =RANK(AB13, AB$7:AB$36) -> 13 | AE13: 4 | AF13: 3432 | AG13: 858 | AH13: =RANK(AG13, AG$7:AG$36) -> 8 | AJ13: 4 | AK13: 3246 | AL13: 811.5 | AM13: =RANK(AL13, AL$7:AL$36) -> 11 | AO13: 4 | AP13: 3444 | AQ13: 861 | AR13: =RANK(AQ13, AQ$7:AQ$36) -> 9 | AT13: 4 | AU13: 2982.8571 | AV13: 745.71429 | AW13: =RANK(AV13, AV$7:AV$36) -> 12 | AZ13: =RANK(AY13, AY$7:AY$36) -> #N/A
C14: 8 | D14: 明太子龍蝦風味沙拉飯糰 | E14: 3 | F14: 3200 | G14: 1066.6667 | I14: =IFERROR(AVERAGE(P14,U14,Z14,AE14,AJ14,AO14,AT14),"-") -> 3 | J14: =IFERROR(AVERAGE(Q14,V14,AA14,AF14,AK14,AP14,AU14),"-") -> 3234.78 | K14: =IFERROR(AVERAGE(R14,W14,AB14,AG14,AL14,AQ14,AV14),"-") -> 1078.26 | M14: =RANK(K14, K$7:$K$36) -> 2 | P14: 3 | Q14: 3138 | R14: 1046 | S14: =RANK(R14, R$7:R$36) -> 4 | U14: 3 | V14: 3308.5714 | W14: 1102.8571 | X14: =RANK(W14, W$7:W$36) -> 4 | Z14: 3 | AA14: 3168.8889 | AB14: 1056.2963 | AC14: =RANK(AB14, AB$7:AB$36) -> 6 | AE14: 3 | AF14: 3288 | AG14: 1096 | AH14: =RANK(AG14, AG$7:AG$36) -> 3 | AJ14: 3 | AK14: 3265 | AL14: 1088.3333 | AM14: =RANK(AL14, AL$7:AL$36) -> 3 | AO14: 3 | AP14: 3305 | AQ14: 1101.6667 | AR14: =RANK(AQ14, AQ$7:AQ$36) -> 3 | AT14: 3 | AU14: 3170 | AV14: 1056.6667 | AW14: =RANK(AV14, AV$7:AV$36) -> 2 | AZ14: =RANK(AY14, AY$7:AY$36) -> #N/A
C15: 9 | D15: 鹽蔥燒肉飯糰 | E15: 3 | F15: 2800 | G15: 933.33333 | I15: =IFERROR(AVERAGE(P15,U15,Z15,AE15,AJ15,AO15,AT15),"-") -> 3 | J15: =IFERROR(AVERAGE(Q15,V15,AA15,AF15,AK15,AP15,AU15),"-") -> 3224.6214 | K15: =IFERROR(AVERAGE(R15,W15,AB15,AG15,AL15,AQ15,AV15),"-") -> 1074.8738 | M15: =RANK(K15, K$7:$K$36) -> 4 | P15: 3 | Q15: 3128.8235 | R15: 1042.9412 | S15: =RANK(R15, R$7:R$36) -> 5 | U15: 3 | V15: 3221.8182 | W15: 1073.9394 | X15: =RANK(W15, W$7:W$36) -> 6 | Z15: 3 | AA15: 3201.4286 | AB15: 1067.1429 | AC15: =RANK(AB15, AB$7:AB$36) -> 2 | AE15: 3 | AF15: 3300 | AG15: 1100 | AH15: =RANK(AG15, AG$7:AG$36) -> 2 | AJ15: 3 | AK15: 3242.3077 | AL15: 1080.7692 | AM15: =RANK(AL15, AL$7:AL$36) -> 5 | AO15: 3 | AP15: 3316.1538 | AQ15: 1105.3846 | AR15: =RANK(AQ15, AQ$7:AQ$36) -> 1 | AT15: 3 | AU15: 3161.8182 | AV15: 1053.9394 | AW15: =RANK(AV15, AV$7:AV$36) -> 4 | AZ15: =RANK(AY15, AY$7:AY$36) -> #N/A
C16: 10 | D16: 雞肉飯飯糰 | E16: 4 | F16: 2800 | G16: 700 | I16: =IFERROR(AVERAGE(P16,U16,Z16,AE16,AJ16,AO16,AT16),"-") -> 4 | J16: =IFERROR(AVERAGE(Q16,V16,AA16,AF16,AK16,AP16,AU16),"-") -> 3139.9156 | K16: =IFERROR(AVERAGE(R16,W16,AB16,AG16,AL16,AQ16,AV16),"-") -> 784.97889 | M16: =RANK(K16, K$7:$K$36) -> 12 | P16: 4 | Q16: 3155.7895 | R16: 788.94737 | S16: =RANK(R16, R$7:R$36) -> 12 | U16: 4 | V16: 3245.6604 | W16: 811.41509 | X16: =RANK(W16, W$7:W$36) -> 12 | Z16: 4 | AA16: 2642.5 | AB16: 660.625 | AC16: =RANK(AB16, AB$7:AB$36) -> 17 | AE16: 4 | AF16: 3270.6667 | AG16: 817.66667 | AH16: =RANK(AG16, AG$7:AG$36) -> 10 | AJ16: 4 | AK16: 3245.7143 | AL16: 811.42857 | AM16: =RANK(AL16, AL$7:AL$36) -> 12 | AO16: 4 | AP16: 3263.7209 | AQ16: 815.93023 | AR16: =RANK(AQ16, AQ$7:AQ$36) -> 11 | AT16: 4 | AU16: 3155.3571 | AV16: 788.83929 | AW16: =RANK(AV16, AV$7:AV$36) -> 10 | AZ16: =RANK(AY16, AY$7:AY$36) -> #N/A
C17: 11 | D17: 碳烤燒肉飯飯糰(區) | E17: 4 | F17: 2800 | G17: 700 | I17: =IFERROR(AVERAGE(P17,U17,Z17,AE17,AJ17,AO17,AT17),"-") -> 4 | J17: =IFERROR(AVERAGE(Q17,V17,AA17,AF17,AK17,AP17,AU17),"-") -> 2814.5791 | K17: =IFERROR(AVERAGE(R17,W17,AB17,AG17,AL17,AQ17,AV17),"-") -> 703.64478 | M17: =RANK(K17, K$7:$K$36) -> 16 | P17: 4 | Q17: 2790 | R17: 697.5 | S17: =RANK(R17, R$7:R$36) -> 14 | U17: 4 | V17: 2805.4545 | W17: 701.36364 | X17: =RANK(W17, W$7:W$36) -> 17 | Z17: 4 | AA17: 2778.6207 | AB17: 694.65517 | AC17: =RANK(AB17, AB$7:AB$36) -> 15 | AE17: 4 | AF17: 2866.6667 | AG17: 716.66667 | AH17: =RANK(AG17, AG$7:AG$36) -> 15 | AJ17: 4 | AK17: 2869.4118 | AL17: 717.35294 | AM17: =RANK(AL17, AL$7:AL$36) -> 15 | AO17: 4 | AP17: 2821.1538 | AQ17: 705.28846 | AR17: =RANK(AQ17, AQ$7:AQ$36) -> 15 | AT17: 4 | AU17: 2770.7463 | AV17: 692.68657 | AW17: =RANK(AV17, AV$7:AV$36) -> 15 | AZ17: =RANK(AY17, AY$7:AY$36) -> #N/A
C18: 12 | D18: 二配芝麻香鬆飯糰 | E18: 4 | F18: 2800 | G18: 700 | I18: =IFERROR(AVERAGE(P18,U18,Z18,AE18,AJ18,AO18,AT18),"-") -> 4 | J18: =IFERROR(AVERAGE(Q18,V18,AA18,AF18,AK18,AP18,AU18),"-") -> 2853.8571 | K18: =IFERROR(AVERAGE(R18,W18,AB18,AG18,AL18,AQ18,AV18),"-") -> 713.46429 | M18: =RANK(K18, K$7:$K$36) -> 14 | P18: 4 | Q18: 3186 | R18: 796.5 | S18: =RANK(R18, R$7:R$36) -> 9 | U18: 4 | V18: 3057 | W18: 764.25 | X18: =RANK(W18, W$7:W$36) -> 13 | Z18: 4 | AA18: 2949 | AB18: 737.25 | AC18: =RANK(AB18, AB$7:AB$36) -> 14 | AE18: 4 | AF18: 2682 | AG18: 670.5 | AH18: =RANK(AG18, AG$7:AG$36) -> 17 | AJ18: 4 | AK18: 2619 | AL18: 654.75 | AM18: =RANK(AL18, AL$7:AL$36) -> 17 | AO18: 4 | AP18: 2904 | AQ18: 726 | AR18: =RANK(AQ18, AQ$7:AQ$36) -> 14 | AT18: 4 | AU18: 2580 | AV18: 645 | AW18: =RANK(AV18, AV$7:AV$36) -> 16 | AZ18: =RANK(AY18, AY$7:AY$36) -> #N/A
C19: 13 | D19: 二配油蔥G絲飯糰 | E19: 4 | F19: 2800 | G19: 700 | I19: =IFERROR(AVERAGE(P19,U19,Z19,AE19,AJ19,AO19,AT19),"-") -> 4 | J19: =IFERROR(AVERAGE(Q19,V19,AA19,AF19,AK19,AP19,AU19),"-") -> 2806.8571 | K19: =IFERROR(AVERAGE(R19,W19,AB19,AG19,AL19,AQ19,AV19),"-") -> 701.71429 | M19: =RANK(K19, K$7:$K$36) -> 17 | P19: 4 | Q19: 2324 | R19: 581 | S19: =RANK(R19, R$7:R$36) -> 17 | U19: 4 | V19: 2850 | W19: 712.5 | X19: =RANK(W19, W$7:W$36) -> 16 | Z19: 4 | AA19: 3142.5 | AB19: 785.625 | AC19: =RANK(AB19, AB$7:AB$36) -> 8 | AE19: 4 | AF19: 2957.1429 | AG19: 739.28571 | AH19: =RANK(AG19, AG$7:AG$36) -> 14 | AJ19: 4 | AK19: 2767.5 | AL19: 691.875 | AM19: =RANK(AL19, AL$7:AL$36) -> 16 | AO19: 4 | AP19: 2800 | AQ19: 700 | AR19: =RANK(AQ19, AQ$7:AQ$36) -> 17 | AW19: =RANK(AV19, AV$7:AV$36) -> #VALUE! | AZ19: =RANK(AY19, AY$7:AY$36) -> #N/A
C20: 14 | D20: 二配三杯醬爆菇菇飯糰 | E20: 3 | F20: 2800 | G20: 933.33333 | I20: =IFERROR(AVERAGE(P20,U20,Z20,AE20,AJ20,AO20,AT20),"-") -> 3 | J20: =IFERROR(AVERAGE(Q20,V20,AA20,AF20,AK20,AP20,AU20),"-") -> 3065.9553 | K20: =IFERROR(AVERAGE(R20,W20,AB20,AG20,AL20,AQ20,AV20),"-") -> 1021.9851 | M20: =RANK(K20, K$7:$K$36) -> 6 | P20: 3 | Q20: 3146.087 | R20: 1048.6957 | S20: =RANK(R20, R$7:R$36) -> 3 | U20: 3 | V20: 3411 | W20: 1137 | X20: =RANK(W20, W$7:W$36) -> 1 | Z20: 3 | AA20: 3279 | AB20: 1093 | AC20: =RANK(AB20, AB$7:AB$36) -> 1 | AE20: 3 | AF20: 3024 | AG20: 1008 | AH20: =RANK(AG20, AG$7:AG$36) -> 6 | AJ20: 3 | AK20: 3108 | AL20: 1036 | AM20: =RANK(AL20, AL$7:AL$36) -> 6 | AO20: 3 | AP20: 2709.6 | AQ20: 903.2 | AR20: =RANK(AQ20, AQ$7:AQ$36) -> 7 | AT20: 3 | AU20: 2784 | AV20: 928 | AW20: =RANK(AV20, AV$7:AV$36) -> 6 | AZ20: =RANK(AY20, AY$7:AY$36) -> #N/A
C21: 15 | D21: 二配大飯糰韓式蒜烤豬五花 | E21: 4 | F21: 2200 | G21: 550 | I21: =IFERROR(AVERAGE(P21,U21,Z21,AE21,AJ21,AO21,AT21),"-") -> 3 | J21: =IFERROR(AVERAGE(Q21,V21,AA21,AF21,AK21,AP21,AU21),"-") -> 2232.9952 | K21: =IFERROR(AVERAGE(R21,W21,AB21,AG21,AL21,AQ21,AV21),"-") -> 744.33175 | M21: =RANK(K21, K$7:$K$36) -> 13 | P21: 3 | Q21: 2080.8 | R21: 693.6 | S21: =RANK(R21, R$7:R$36) -> 16 | U21: 3 | V21: 2152 | W21: 717.33333 | X21: =RANK(W21, W$7:W$36) -> 14 | Z21: 3 | AA21: 2326.5 | AB21: 775.5 | AC21: =RANK(AB21, AB$7:AB$36) -> 10 | AE21: 3 | AF21: 2241 | AG21: 747 | AH21: =RANK(AG21, AG$7:AG$36) -> 13 | AJ21: 3 | AK21: 2448 | AL21: 816 | AM21: =RANK(AL21, AL$7:AL$36) -> 10 | AO21: 3 | AP21: 2190.6667 | AQ21: 730.22222 | AR21: =RANK(AQ21, AQ$7:AQ$36) -> 13 | AT21: 3 | AU21: 2192 | AV21: 730.66667 | AW21: =RANK(AV21, AV$7:AV$36) -> 13 | AZ21: =RANK(AY21, AY$7:AY$36) -> #N/A
C22: 16 | D22: 兩粒飯糰(鮪魚.焦糖鮭魚) | E22: 8 | F22: 1500 | G22: 187.5 | I22: =IFERROR(AVERAGE(P22,U22,Z22,AE22,AJ22,AO22,AT22),"-") -> 9.7142857 | J22: =IFERROR(AVERAGE(Q22,V22,AA22,AF22,AK22,AP22,AU22),"-") -> 1468.608 | K22: =IFERROR(AVERAGE(R22,W22,AB22,AG22,AL22,AQ22,AV22),"-") -> 151.85171 | M22: =RANK(K22, K$7:$K$36) -> 20 | P22: 10 | Q22: 1543.7288 | R22: 154.37288 | S22: =RANK(R22, R$7:R$36) -> 20 | U22: 10 | V22: 1484 | W22: 148.4 | X22: =RANK(W22, W$7:W$36) -> 20 | Z22: 10 | AA22: 1456.3636 | AB22: 145.63636 | AC22: =RANK(AB22, AB$7:AB$36) -> 20 | AE22: 10 | AF22: 1438.9091 | AG22: 143.89091 | AH22: =RANK(AG22, AG$7:AG$36) -> 20 | AJ22: 10 | AK22: 1498.8 | AL22: 149.88 | AM22: =RANK(AL22, AL$7:AL$36) -> 20 | AO22: 8 | AP22: 1397.4545 | AQ22: 174.68182 | AR22: =RANK(AQ22, AQ$7:AQ$36) -> 20 | AT22: 10 | AU22: 1461 | AV22: 146.1 | AW22: =RANK(AV22, AV$7:AV$36) -> 19 | AZ22: =RANK(AY22, AY$7:AY$36) -> #N/A
C23: 17 | D23: 二配大飯糰滷肉飯加蛋 | E23: 4 | F23: 2200 | G23: 550 | I23: =IFERROR(AVERAGE(P23,U23,Z23,AE23,AJ23,AO23,AT23),"-") -> 4 | J23: =IFERROR(AVERAGE(Q23,V23,AA23,AF23,AK23,AP23,AU23),"-") -> 2191.9714 | K23: =IFERROR(AVERAGE(R23,W23,AB23,AG23,AL23,AQ23,AV23),"-") -> 547.99286 | M23: =RANK(K23, K$7:$K$36) -> 18 | P23: 4 | Q23: 2104.8 | R23: 526.2 | S23: =RANK(R23, R$7:R$36) -> 19 | U23: 4 | V23: 2295 | W23: 573.75 | X23: =RANK(W23, W$7:W$36) -> 18 | Z23: 4 | AA23: 2244 | AB23: 561 | AC23: =RANK(AB23, AB$7:AB$36) -> 18 | AE23: 4 | AF23: 2112 | AG23: 528 | AH23: =RANK(AG23, AG$7:AG$36) -> 18 | AJ23: 4 | AK23: 2076 | AL23: 519 | AM23: =RANK(AL23, AL$7:AL$36) -> 19 | AO23: 4 | AP23: 2208 | AQ23: 552 | AR23: =RANK(AQ23, AQ$7:AQ$36) -> 18 | AT23: 4 | AU23: 2304 | AV23: 576 | AW23: =RANK(AV23, AV$7:AV$36) -> 17 | AZ23: =RANK(AY23, AY$7:AY$36) -> #N/A
C24: 18 | D24: 鮭魚奶油醬油飯糰 | E24: 3 | F24: 2800 | G24: 933.33333 | I24: =IFERROR(AVERAGE(P24,U24,Z24,AE24,AJ24,AO24,AT24),"-") -> 3 | J24: =IFERROR(AVERAGE(Q24,V24,AA24,AF24,AK24,AP24,AU24),"-") -> 2817.56 | K24: =IFERROR(AVERAGE(R24,W24,AB24,AG24,AL24,AQ24,AV24),"-") -> 939.18666 | M24: =RANK(K24, K$7:$K$36) -> 7 | P24: 3 | Q24: 2769.7959 | R24: 923.26531 | S24: =RANK(R24, R$7:R$36) -> 7 | U24: 3 | V24: 2853.913 | W24: 951.30435 | X24: =RANK(W24, W$7:W$36) -> 7 | Z24: 3 | AA24: 2775.7143 | AB24: 925.2381 | AC24: =RANK(AB24, AB$7:AB$36) -> 7 | AE24: 3 | AF24: 2809.5 | AG24: 936.5 | AH24: =RANK(AG24, AG$7:AG$36) -> 7 | AJ24: 3 | AK24: 2868.6486 | AL24: 956.21622 | AM24: =RANK(AL24, AL$7:AL$36) -> 7 | AO24: 3 | AP24: 2875.1351 | AQ24: 958.37838 | AR24: =RANK(AQ24, AQ$7:AQ$36) -> 6 | AT24: 3 | AU24: 2770.2128 | AV24: 923.40426 | AW24: =RANK(AV24, AV$7:AV$36) -> 7 | AZ24: =RANK(AY24, AY$7:AY$36) -> #N/A
C25: 19 | D25: 二配大飯糰鮪魚昆布 | E25: 4 | F25: 2200 | G25: 550 | I25: =IFERROR(AVERAGE(P25,U25,Z25,AE25,AJ25,AO25,AT25),"-") -> 4 | J25: =IFERROR(AVERAGE(Q25,V25,AA25,AF25,AK25,AP25,AU25),"-") -> 2190.8816 | K25: =IFERROR(AVERAGE(R25,W25,AB25,AG25,AL25,AQ25,AV25),"-") -> 547.72041 | M25: =RANK(K25, K$7:$K$36) -> 19 | P25: 4 | Q25: 2202 | R25: 550.5 | S25: =RANK(R25, R$7:R$36) -> 18 | U25: 4 | V25: 2182.2857 | W25: 545.57143 | X25: =RANK(W25, W$7:W$36) -> 19 | Z25: 4 | AA25: 2142 | AB25: 535.5 | AC25: =RANK(AB25, AB$7:AB$36) -> 19 | AE25: 4 | AF25: 2046 | AG25: 511.5 | AH25: =RANK(AG25, AG$7:AG$36) -> 19 | AJ25: 4 | AK25: 2433.6 | AL25: 608.4 | AM25: =RANK(AL25, AL$7:AL$36) -> 18 | AO25: 4 | AP25: 2081.1429 | AQ25: 520.28571 | AR25: =RANK(AQ25, AQ$7:AQ$36) -> 19 | AT25: 4 | AU25: 2249.1429 | AV25: 562.28571 | AW25: =RANK(AV25, AV$7:AV$36) -> 18 | AZ25: =RANK(AY25, AY$7:AY$36) -> #N/A
C26: 20 | D26: 煙燻培根飯糰(區) | E26: 4 | F26: 2800 | G26: 700 | I26: =IFERROR(AVERAGE(P26,U26,Z26,AE26,AJ26,AO26,AT26),"-") -> 4 | J26: =IFERROR(AVERAGE(Q26,V26,AA26,AF26,AK26,AP26,AU26),"-") -> 2818.1128 | K26: =IFERROR(AVERAGE(R26,W26,AB26,AG26,AL26,AQ26,AV26),"-") -> 704.5282 | M26: =RANK(K26, K$7:$K$36) -> 15 | P26: 4 | Q26: 2784.9057 | R26: 696.22642 | S26: =RANK(R26, R$7:R$36) -> 15 | U26: 4 | V26: 2856 | W26: 714 | X26: =RANK(W26, W$7:W$36) -> 15 | Z26: 4 | AA26: 2742 | AB26: 685.5 | AC26: =RANK(AB26, AB$7:AB$36) -> 16 | AE26: 4 | AF26: 2821.5789 | AG26: 705.39474 | AH26: =RANK(AG26, AG$7:AG$36) -> 16 | AJ26: 4 | AK26: 2911.6667 | AL26: 727.91667 | AM26: =RANK(AL26, AL$7:AL$36) -> 14 | AO26: 4 | AP26: 2820 | AQ26: 705 | AR26: =RANK(AQ26, AQ$7:AQ$36) -> 16 | AT26: 4 | AU26: 2790.6383 | AV26: 697.65957 | AW26: =RANK(AV26, AV$7:AV$36) -> 14 | AZ26: =RANK(AY26, AY$7:AY$36) -> #N/A
C27: 21 | D27: 二配鮮蝦旬彩炊飯飯糰 | E27: 12 | F27: 1500 | G27: 125 | I27: =IFERROR(AVERAGE(P27,U27,Z27,AE27,AJ27,AO27,AT27),"-") -> 11.714286 | J27: =IFERROR(AVERAGE(Q27,V27,AA27,AF27,AK27,AP27,AU27),"-") -> 1268.7495 | K27: =IFERROR(AVERAGE(R27,W27,AB27,AG27,AL27,AQ27,AV27),"-") -> 108.14671 | M27: =RANK(K27, K$7:$K$36) -> 22 | P27: 12 | Q27: 1378.3784 | R27: 114.86486 | S27: =RANK(R27, R$7:R$36) -> 22 | U27: 12 | V27: 1435.7143 | W27: 119.64286 | X27: =RANK(W27, W$7:W$36) -> 21 | Z27: 10 | AA27: 1015.3846 | AB27: 101.53846 | AC27: =RANK(AB27, AB$7:AB$36) -> 22 | AE27: 12 | AF27: 1361.25 | AG27: 113.4375 | AH27: =RANK(AG27, AG$7:AG$36) -> 21 | AJ27: 12 | AK27: 1200 | AL27: 100 | AM27: =RANK(AL27, AL$7:AL$36) -> 22 | AO27: 12 | AP27: 1211.4286 | AQ27: 100.95238 | AR27: =RANK(AQ27, AQ$7:AQ$36) -> 22 | AT27: 12 | AU27: 1279.0909 | AV27: 106.59091 | AW27: =RANK(AV27, AV$7:AV$36) -> 20 | AZ27: =RANK(AY27, AY$7:AY$36) -> #N/A
C28: 22 | D28: 二配溏心蛋五目飯糰 | E28: 12 | F28: 1500 | G28: 125 | I28: =IFERROR(AVERAGE(P28,U28,Z28,AE28,AJ28,AO28,AT28),"-") -> 12 | J28: =IFERROR(AVERAGE(Q28,V28,AA28,AF28,AK28,AP28,AU28),"-") -> 1326.6342 | K28: =IFERROR(AVERAGE(R28,W28,AB28,AG28,AL28,AQ28,AV28),"-") -> 110.55285 | M28: =RANK(K28, K$7:$K$36) -> 21 | P28: 12 | Q28: 1398.9041 | R28: 116.57534 | S28: =RANK(R28, R$7:R$36) -> 21 | U28: 12 | V28: 1405.0685 | W28: 117.08904 | X28: =RANK(W28, W$7:W$36) -> 22 | Z28: 12 | AA28: 1434.6341 | AB28: 119.55285 | AC28: =RANK(AB28, AB$7:AB$36) -> 21 | AE28: 12 | AF28: 1332.4528 | AG28: 111.03774 | AH28: =RANK(AG28, AG$7:AG$36) -> 22 | AJ28: 12 | AK28: 1251.0811 | AL28: 104.25676 | AM28: =RANK(AL28, AL$7:AL$36) -> 21 | AO28: 12 | AP28: 1260.7692 | AQ28: 105.0641 | AR28: =RANK(AQ28, AQ$7:AQ$36) -> 21 | AT28: 12 | AU28: 1203.5294 | AV28: 100.29412 | AW28: =RANK(AV28, AV$7:AV$36) -> 21 | AZ28: =RANK(AY28, AY$7:AY$36) -> #N/A
C29: 23 | I29: =IFERROR(AVERAGE(P29,U29,Z29,AE29,AJ29,AO29,AT29),"-") -> - | J29: =IFERROR(AVERAGE(Q29,V29,AA29,AF29,AK29,AP29,AU29),"-") -> - | K29: =IFERROR(AVERAGE(R29,W29,AB29,AG29,AL29,AQ29,AV29),"-") -> - | M29: =RANK(K29, K$7:$K$36) -> #VALUE! | S29: =RANK(R29, R$7:R$36) -> #N/A | X29: =RANK(W29, W$7:W$36) -> #N/A | AC29: =RANK(AB29, AB$7:AB$36) -> #N/A | AH29: =RANK(AG29, AG$7:AG$36) -> #N/A | AM29: =RANK(AL29, AL$7:AL$36) -> #N/A | AR29: =RANK(AQ29, AQ$7:AQ$36) -> #N/A | AW29: =RANK(AV29, AV$7:AV$36) -> #N/A | AZ29: =RANK(AY29, AY$7:AY$36) -> #N/A
C30: 24 | I30: =IFERROR(AVERAGE(P30,U30,Z30,AE30,AJ30,AO30,AT30),"-") -> - | J30: =IFERROR(AVERAGE(Q30,V30,AA30,AF30,AK30,AP30,AU30),"-") -> - | K30: =IFERROR(AVERAGE(R30,W30,AB30,AG30,AL30,AQ30,AV30),"-") -> - | M30: =RANK(K30, K$7:$K$36) -> #VALUE! | S30: =RANK(R30, R$7:R$36) -> #N/A | X30: =RANK(W30, W$7:W$36) -> #N/A | AC30: =RANK(AB30, AB$7:AB$36) -> #N/A | AH30: =RANK(AG30, AG$7:AG$36) -> #N/A | AM30: =RANK(AL30, AL$7:AL$36) -> #N/A | AR30: =RANK(AQ30, AQ$7:AQ$36) -> #N/A | AW30: =RANK(AV30, AV$7:AV$36) -> #N/A | AZ30: =RANK(AY30, AY$7:AY$36) -> #N/A
C31: 25 | I31: =IFERROR(AVERAGE(P31,U31,Z31,AE31,AJ31,AO31,AT31),"-") -> - | J31: =IFERROR(AVERAGE(Q31,V31,AA31,AF31,AK31,AP31,AU31),"-") -> - | K31: =IFERROR(AVERAGE(R31,W31,AB31,AG31,AL31,AQ31,AV31),"-") -> - | M31: =RANK(K31, K$7:$K$36) -> #VALUE! | S31: =RANK(R31, R$7:R$36) -> #N/A | X31: =RANK(W31, W$7:W$36) -> #N/A | AC31: =RANK(AB31, AB$7:AB$36) -> #N/A | AH31: =RANK(AG31, AG$7:AG$36) -> #N/A | AM31: =RANK(AL31, AL$7:AL$36) -> #N/A | AR31: =RANK(AQ31, AQ$7:AQ$36) -> #N/A | AW31: =RANK(AV31, AV$7:AV$36) -> #N/A | AZ31: =RANK(AY31, AY$7:AY$36) -> #N/A
C32: 26 | I32: =IFERROR(AVERAGE(P32,U32,Z32,AE32,AJ32,AO32,AT32),"-") -> - | J32: =IFERROR(AVERAGE(Q32,V32,AA32,AF32,AK32,AP32,AU32),"-") -> - | K32: =IFERROR(AVERAGE(R32,W32,AB32,AG32,AL32,AQ32,AV32),"-") -> - | M32: =RANK(K32, K$7:$K$36) -> #VALUE! | S32: =RANK(R32, R$7:R$36) -> #N/A | X32: =RANK(W32, W$7:W$36) -> #N/A | AC32: =RANK(AB32, AB$7:AB$36) -> #N/A | AH32: =RANK(AG32, AG$7:AG$36) -> #N/A | AM32: =RANK(AL32, AL$7:AL$36) -> #N/A | AR32: =RANK(AQ32, AQ$7:AQ$36) -> #N/A | AW32: =RANK(AV32, AV$7:AV$36) -> #N/A | AZ32: =RANK(AY32, AY$7:AY$36) -> #N/A
C33: 27 | I33: =IFERROR(AVERAGE(P33,U33,Z33,AE33,AJ33,AO33,AT33),"-") -> - | J33: =IFERROR(AVERAGE(Q33,V33,AA33,AF33,AK33,AP33,AU33),"-") -> - | K33: =IFERROR(AVERAGE(R33,W33,AB33,AG33,AL33,AQ33,AV33),"-") -> - | M33: =RANK(K33, K$7:$K$36) -> #VALUE! | S33: =RANK(R33, R$7:R$36) -> #N/A | X33: =RANK(W33, W$7:W$36) -> #N/A | AC33: =RANK(AB33, AB$7:AB$36) -> #N/A | AH33: =RANK(AG33, AG$7:AG$36) -> #N/A | AM33: =RANK(AL33, AL$7:AL$36) -> #N/A | AR33: =RANK(AQ33, AQ$7:AQ$36) -> #N/A | AW33: =RANK(AV33, AV$7:AV$36) -> #N/A | AZ33: =RANK(AY33, AY$7:AY$36) -> #N/A
C34: 28 | I34: =IFERROR(AVERAGE(P34,U34,Z34,AE34,AJ34,AO34,AT34),"-") -> - | J34: =IFERROR(AVERAGE(Q34,V34,AA34,AF34,AK34,AP34,AU34),"-") -> - | K34: =IFERROR(AVERAGE(R34,W34,AB34,AG34,AL34,AQ34,AV34),"-") -> - | M34: =RANK(K34, K$7:$K$36) -> #VALUE! | S34: =RANK(R34, R$7:R$36) -> #N/A | X34: =RANK(W34, W$7:W$36) -> #N/A | AC34: =RANK(AB34, AB$7:AB$36) -> #N/A | AH34: =RANK(AG34, AG$7:AG$36) -> #N/A | AM34: =RANK(AL34, AL$7:AL$36) -> #N/A | AR34: =RANK(AQ34, AQ$7:AQ$36) -> #N/A | AW34: =RANK(AV34, AV$7:AV$36) -> #N/A | AZ34: =RANK(AY34, AY$7:AY$36) -> #N/A
C35: 29 | I35: =IFERROR(AVERAGE(P35,U35,Z35,AE35,AJ35,AO35,AT35),"-") -> - | J35: =IFERROR(AVERAGE(Q35,V35,AA35,AF35,AK35,AP35,AU35),"-") -> - | K35: =IFERROR(AVERAGE(R35,W35,AB35,AG35,AL35,AQ35,AV35),"-") -> - | M35: =RANK(K35, K$7:$K$36) -> #VALUE! | S35: =RANK(R35, R$7:R$36) -> #N/A | X35: =RANK(W35, W$7:W$36) -> #N/A | AC35: =RANK(AB35, AB$7:AB$36) -> #N/A | AH35: =RANK(AG35, AG$7:AG$36) -> #N/A | AM35: =RANK(AL35, AL$7:AL$36) -> #N/A | AR35: =RANK(AQ35, AQ$7:AQ$36) -> #N/A | AW35: =RANK(AV35, AV$7:AV$36) -> #N/A | AZ35: =RANK(AY35, AY$7:AY$36) -> #N/A
C36: 30 | I36: =IFERROR(AVERAGE(P36,U36,Z36,AE36,AJ36,AO36,AT36),"-") -> - | J36: =IFERROR(AVERAGE(Q36,V36,AA36,AF36,AK36,AP36,AU36),"-") -> - | K36: =IFERROR(AVERAGE(R36,W36,AB36,AG36,AL36,AQ36,AV36),"-") -> - | M36: =RANK(K36, K$7:$K$36) -> #VALUE! | S36: =RANK(R36, R$7:R$36) -> #N/A | X36: =RANK(W36, W$7:W$36) -> #N/A | AC36: =RANK(AB36, AB$7:AB$36) -> #N/A | AH36: =RANK(AG36, AG$7:AG$36) -> #N/A | AM36: =RANK(AL36, AL$7:AL$36) -> #N/A | AR36: =RANK(AQ36, AQ$7:AQ$36) -> #N/A | AW36: =RANK(AV36, AV$7:AV$36) -> #N/A | AZ36: =RANK(AY36, AY$7:AY$36) -> #N/A
B37: 產線配置圖－每週更新 | N37: 資料繳交 | O37: 日期 | P37: =P2+7 -> 46119 | U37: =P37+1 -> 46120 | Z37: =U37+1 -> 46121 | AE37: =Z37+1 -> 46122 | AJ37: =AE37+1 -> 46123 | AO37: =AJ37+1 -> 46124 | AT37: =AO37+1 -> 46125
P38: 二 | U38: 三 | Z38: 四 | AE38: 五 | AJ38: 六 | AO38: 日 | AT38: 一
B39: 品群 | C39: 商品名稱 | E39: 計畫 | H39: 平均人時性 | I39: 實績 | L39: 平均人時性 | M39: 排名 | O39: 日報 | P39: 實際 | T39: 平均人時性 | U39: 實際 | Y39: 平均人時性 | Z39: 實際 | AD39: 平均人時性 | AE39: 實際 | AI39: 平均人時性 | AJ39: 實際 | AN39: 平均人時性 | AO39: 實際 | AS39: 平均人時性 | AT39: 實際 | AX39: 平均人時性 | BA39: 平均人時性
E40: 產線配置圖 | I40: 產線配置圖 | P40: 生產實績 | U40: 生產實績 | Z40: 生產實績 | AE40: 生產實績 | AJ40: 生產實績 | AO40: 生產實績 | AT40: 生產實績
E41: 人數 | F41: 產能／時 | G41: 人時性 | I41: 人數 | J41: 產能／時 | K41: 人時性 | P41: 人數 | Q41: 產能／時 | R41: 人時性 | S41: 排名 | U41: 人數 | V41: 產能／時 | W41: 人時性 | X41: 排名 | Z41: 人數 | AA41: 產能／時 | AB41: 人時性 | AC41: 排名 | AE41: 人數 | AF41: 產能／時 | AG41: 人時性 | AH41: 排名 | AJ41: 人數 | AK41: 產能／時 | AL41: 人時性 | AM41: 排名 | AO41: 人數 | AP41: 產能／時 | AQ41: 人時性 | AR41: 排名 | AT41: 人數 | AU41: 產能／時 | AV41: 人時性 | AW41: 排名 | AZ41: 排名
B42: 18℃-飯糰 | C42: 1 | D42: 經典肉鬆飯糰 | E42: 3 | F42: 3200 | G42: 1066.6667 | H42: =AVERAGE(G42:G71) -> 726.70455 | I42: =IFERROR(AVERAGE(P42,U42,Z42,AE42,AJ42,AO42,AT42),"-") -> 3 | J42: =IFERROR(AVERAGE(Q42,V42,AA42,AF42,AK42,AP42,AU42),"-") -> 3262.1006 | K42: =IFERROR(AVERAGE(R42,W42,AB42,AG42,AL42,AQ42,AV42),"-") -> 1087.3669 | L42: =IFERROR(AVERAGE(K42:K71),"-") -> 762.06763 | M42: =RANK(K42, K$42:$K$71) -> 2 | P42: 3 | Q42: 3258.4615 | R42: 1086.1538 | S42: =RANK(R42, R$42:R$71) -> 5 | T42: =AVERAGE(R42:R71) -> 753.61646 | U42: 3 | V42: 3351.6 | W42: 1117.2 | X42: =RANK(W42, W$42:W$71) -> 1 | Y42: =AVERAGE(W42:W71) -> 747.07817 | Z42: 3 | AA42: 3282 | AB42: 1094 | AC42: =RANK(AB42, AB$42:AB$71) -> 3 | AD42: =AVERAGE(AB42:AB71) -> 757.48919 | AE42: 3 | AF42: 3247.8261 | AG42: 1082.6087 | AH42: =RANK(AG42, AG$42:AG$71) -> 4 | AI42: =AVERAGE(AG42:AG71) -> 766.96236 | AJ42: 3 | AK42: 3149.3617 | AL42: 1049.7872 | AM42: =RANK(AL42, AL$42:AL$71) -> 3 | AN42: =AVERAGE(AL42:AL71) -> 719.56176 | AO42: 3 | AP42: 3240 | AQ42: 1080 | AR42: =RANK(AQ42, AQ$42:AQ$71) -> 2 | AS42: =AVERAGE(AQ42:AQ71) -> 749.67629 | AT42: 3 | AU42: 3305.4545 | AV42: 1101.8182 | AW42: =RANK(AV42, AV$42:AV$71) -> 1 | AX42: =AVERAGE(AV42:AV71) -> 767.62935 | AZ42: =RANK(AY42, AY$42:AY$71) -> #N/A | BA42: =AVERAGE(AY42:AY71) -> #DIV/0!
C43: 2 | D43: 蔬食鮪魚飯糰 | E43: 3 | F43: 3200 | G43: 1066.6667 | I43: =IFERROR(AVERAGE(P43,U43,Z43,AE43,AJ43,AO43,AT43),"-") -> 3 | J43: =IFERROR(AVERAGE(Q43,V43,AA43,AF43,AK43,AP43,AU43),"-") -> 3227.7787 | K43: =IFERROR(AVERAGE(R43,W43,AB43,AG43,AL43,AQ43,AV43),"-") -> 1075.9262 | M43: =RANK(K43, K$42:$K$71) -> 4 | P43: 3 | Q43: 3296.25 | R43: 1098.75 | S43: =RANK(R43, R$42:R$71) -> 1 | U43: 3 | V43: 3211.7647 | W43: 1070.5882 | X43: =RANK(W43, W$42:W$71) -> 5 | Z43: 3 | AA43: 3348.75 | AB43: 1116.25 | AC43: =RANK(AB43, AB$42:AB$71) -> 1 | AE43: 3 | AF43: 3220 | AG43: 1073.3333 | AH43: =RANK(AG43, AG$42:AG$71) -> 5 | AJ43: 3 | AK43: 3012 | AL43: 1004 | AM43: =RANK(AL43, AL$42:AL$71) -> 5 | AO43: 3 | AP43: 3223.3333 | AQ43: 1074.4444 | AR43: =RANK(AQ43, AQ$42:AQ$71) -> 3 | AT43: 3 | AU43: 3282.3529 | AV43: 1094.1176 | AW43: =RANK(AV43, AV$42:AV$71) -> 3 | AZ43: =RANK(AY43, AY$42:AY$71) -> #N/A
C44: 3 | D44: 北海道秋鮭親子飯糰 | E44: 4 | F44: 3200 | G44: 800 | I44: =IFERROR(AVERAGE(P44,U44,Z44,AE44,AJ44,AO44,AT44),"-") -> 4 | J44: =IFERROR(AVERAGE(Q44,V44,AA44,AF44,AK44,AP44,AU44),"-") -> 3252.7691 | K44: =IFERROR(AVERAGE(R44,W44,AB44,AG44,AL44,AQ44,AV44),"-") -> 813.19228 | M44: =RANK(K44, K$42:$K$71) -> 12 | P44: 4 | Q44: 3236.6667 | R44: 809.16667 | S44: =RANK(R44, R$42:R$71) -> 11 | U44: 4 | V44: 3222.8571 | W44: 805.71429 | X44: =RANK(W44, W$42:W$71) -> 11 | Z44: 4 | AA44: 3245.7143 | AB44: 811.42857 | AC44: =RANK(AB44, AB$42:AB$71) -> 12 | AE44: 4 | AF44: 3486.6667 | AG44: 871.66667 | AH44: =RANK(AG44, AG$42:AG$71) -> 9 | AJ44: 4 | AK44: 3151.7647 | AL44: 787.94118 | AM44: =RANK(AL44, AL$42:AL$71) -> 9 | AO44: 4 | AP44: 3214.2857 | AQ44: 803.57143 | AR44: =RANK(AQ44, AQ$42:AQ$71) -> 12 | AT44: 4 | AU44: 3211.4286 | AV44: 802.85714 | AW44: =RANK(AV44, AV$42:AV$71) -> 13 | AZ44: =RANK(AY44, AY$42:AY$71) -> #N/A
C45: 4 | D45: 鮪魚飯糰 | E45: 3 | F45: 3200 | G45: 1066.6667 | I45: =IFERROR(AVERAGE(P45,U45,Z45,AE45,AJ45,AO45,AT45),"-") -> 3 | J45: =IFERROR(AVERAGE(Q45,V45,AA45,AF45,AK45,AP45,AU45),"-") -> 3243.269 | K45: =IFERROR(AVERAGE(R45,W45,AB45,AG45,AL45,AQ45,AV45),"-") -> 1081.0897 | M45: =RANK(K45, K$42:$K$71) -> 3 | P45: 3 | Q45: 3269.2683 | R45: 1089.7561 | S45: =RANK(R45, R$42:R$71) -> 4 | U45: 3 | V45: 3279.5122 | W45: 1093.1707 | X45: =RANK(W45, W$42:W$71) -> 4 | Z45: 3 | AA45: 3267.6923 | AB45: 1089.2308 | AC45: =RANK(AB45, AB$42:AB$71) -> 4 | AE45: 3 | AF45: 3263.8235 | AG45: 1087.9412 | AH45: =RANK(AG45, AG$42:AG$71) -> 3 | AJ45: 3 | AK45: 3164.5714 | AL45: 1054.8571 | AM45: =RANK(AL45, AL$42:AL$71) -> 2 | AO45: 3 | AP45: 3210.6818 | AQ45: 1070.2273 | AR45: =RANK(AQ45, AQ$42:AQ$71) -> 4 | AT45: 3 | AU45: 3247.3333 | AV45: 1082.4444 | AW45: =RANK(AV45, AV$42:AV$71) -> 5 | AZ45: =RANK(AY45, AY$42:AY$71) -> #N/A
C46: 5 | D46: 贅沢鮭魚肚飯糰 | E46: 4 | F46: 3200 | G46: 800 | I46: =IFERROR(AVERAGE(P46,U46,Z46,AE46,AJ46,AO46,AT46),"-") -> 4 | J46: =IFERROR(AVERAGE(Q46,V46,AA46,AF46,AK46,AP46,AU46),"-") -> 3250.2037 | K46: =IFERROR(AVERAGE(R46,W46,AB46,AG46,AL46,AQ46,AV46),"-") -> 812.55093 | M46: =RANK(K46, K$42:$K$71) -> 13 | P46: 4 | Q46: 3213.75 | R46: 803.4375 | S46: =RANK(R46, R$42:R$71) -> 12 | U46: 4 | V46: 3294.8571 | W46: 823.71429 | X46: =RANK(W46, W$42:W$71) -> 10 | Z46: 4 | AA46: 3248.8235 | AB46: 812.20588 | AC46: =RANK(AB46, AB$42:AB$71) -> 11 | AE46: 4 | AF46: 3374.4828 | AG46: 843.62069 | AH46: =RANK(AG46, AG$42:AG$71) -> 10 | AJ46: 4 | AK46: 3072 | AL46: 768 | AM46: =RANK(AL46, AL$42:AL$71) -> 11 | AO46: 4 | AP46: 3284.5714 | AQ46: 821.14286 | AR46: =RANK(AQ46, AQ$42:AQ$71) -> 9 | AT46: 4 | AU46: 3262.9412 | AV46: 815.73529 | AW46: =RANK(AV46, AV$42:AV$71) -> 10 | AZ46: =RANK(AY46, AY$42:AY$71) -> #N/A
C47: 6 | D47: 熟成紅鮭飯糰 | E47: 4 | F47: 3200 | G47: 800 | I47: =IFERROR(AVERAGE(P47,U47,Z47,AE47,AJ47,AO47,AT47),"-") -> 4 | J47: =IFERROR(AVERAGE(Q47,V47,AA47,AF47,AK47,AP47,AU47),"-") -> 3360.9502 | K47: =IFERROR(AVERAGE(R47,W47,AB47,AG47,AL47,AQ47,AV47),"-") -> 840.23755 | M47: =RANK(K47, K$42:$K$71) -> 9 | P47: 4 | Q47: 3295.7143 | R47: 823.92857 | S47: =RANK(R47, R$42:R$71) -> 10 | U47: 4 | V47: 3458.8235 | W47: 864.70588 | X47: =RANK(W47, W$42:W$71) -> 8 | Z47: 4 | AA47: 3656 | AB47: 914 | AC47: =RANK(AB47, AB$42:AB$71) -> 8 | AE47: 4 | AF47: 3360 | AG47: 840 | AH47: =RANK(AG47, AG$42:AG$71) -> 11 | AJ47: 4 | AK47: 3107.1429 | AL47: 776.78571 | AM47: =RANK(AL47, AL$42:AL$71) -> 10 | AO47: 4 | AP47: 3412.5 | AQ47: 853.125 | AR47: =RANK(AQ47, AQ$42:AQ$71) -> 8 | AT47: 4 | AU47: 3236.4706 | AV47: 809.11765 | AW47: =RANK(AV47, AV$42:AV$71) -> 12 | AZ47: =RANK(AY47, AY$42:AY$71) -> #N/A
C48: 7 | D48: 壹號醬炙烤牛飯糰 | E48: 4 | F48: 2800 | G48: 700 | I48: =IFERROR(AVERAGE(P48,U48,Z48,AE48,AJ48,AO48,AT48),"-") -> 4 | J48: =IFERROR(AVERAGE(Q48,V48,AA48,AF48,AK48,AP48,AU48),"-") -> 3326.7742 | K48: =IFERROR(AVERAGE(R48,W48,AB48,AG48,AL48,AQ48,AV48),"-") -> 831.69356 | M48: =RANK(K48, K$42:$K$71) -> 10 | P48: 4 | Q48: 3475 | R48: 868.75 | S48: =RANK(R48, R$42:R$71) -> 8 | U48: 4 | V48: 3445 | W48: 861.25 | X48: =RANK(W48, W$42:W$71) -> 9 | Z48: 4 | AA48: 3275 | AB48: 818.75 | AC48: =RANK(AB48, AB$42:AB$71) -> 9 | AE48: 4 | AF48: 3272.7273 | AG48: 818.18182 | AH48: =RANK(AG48, AG$42:AG$71) -> 13 | AJ48: 4 | AK48: 3192 | AL48: 798 | AM48: =RANK(AL48, AL$42:AL$71) -> 7 | AO48: 4 | AP48: 3267.6923 | AQ48: 816.92308 | AR48: =RANK(AQ48, AQ$42:AQ$71) -> 10 | AT48: 4 | AU48: 3360 | AV48: 840 | AW48: =RANK(AV48, AV$42:AV$71) -> 9 | AZ48: =RANK(AY48, AY$42:AY$71) -> #N/A
C49: 8 | D49: 明太子龍蝦風味沙拉飯糰 | E49: 3 | F49: 3200 | G49: 1066.6667 | I49: =IFERROR(AVERAGE(P49,U49,Z49,AE49,AJ49,AO49,AT49),"-") -> 3 | J49: =IFERROR(AVERAGE(Q49,V49,AA49,AF49,AK49,AP49,AU49),"-") -> 3286.0691 | K49: =IFERROR(AVERAGE(R49,W49,AB49,AG49,AL49,AQ49,AV49),"-") -> 1095.3564 | M49: =RANK(K49, K$42:$K$71) -> 1 | P49: 3 | Q49: 3285 | R49: 1095 | S49: =RANK(R49, R$42:R$71) -> 2 | U49: 3 | V49: 3345 | W49: 1115 | X49: =RANK(W49, W$42:W$71) -> 2 | Z49: 3 | AA49: 3325.7143 | AB49: 1108.5714 | AC49: =RANK(AB49, AB$42:AB$71) -> 2 | AE49: 3 | AF49: 3293.0769 | AG49: 1097.6923 | AH49: =RANK(AG49, AG$42:AG$71) -> 2 | AJ49: 3 | AK49: 3147.6923 | AL49: 1049.2308 | AM49: =RANK(AL49, AL$42:AL$71) -> 4 | AO49: 3 | AP49: 3306 | AQ49: 1102 | AR49: =RANK(AQ49, AQ$42:AQ$71) -> 1 | AT49: 3 | AU49: 3300 | AV49: 1100 | AW49: =RANK(AV49, AV$42:AV$71) -> 2 | AZ49: =RANK(AY49, AY$42:AY$71) -> #N/A
C50: 9 | D50: 鹽蔥燒肉飯糰 | E50: 3 | F50: 2800 | G50: 933.33333 | I50: =IFERROR(AVERAGE(P50,U50,Z50,AE50,AJ50,AO50,AT50),"-") -> 3 | J50: =IFERROR(AVERAGE(Q50,V50,AA50,AF50,AK50,AP50,AU50),"-") -> 3073.0057 | K50: =IFERROR(AVERAGE(R50,W50,AB50,AG50,AL50,AQ50,AV50),"-") -> 1024.3352 | M50: =RANK(K50, K$42:$K$71) -> 5 | P50: 3 | Q50: 3277.5 | R50: 1092.5 | S50: =RANK(R50, R$42:R$71) -> 3 | U50: 3 | V50: 3315 | W50: 1105 | X50: =RANK(W50, W$42:W$71) -> 3 | Z50: 3 | AA50: 2802.1622 | AB50: 934.05405 | AC50: =RANK(AB50, AB$42:AB$71) -> 7 | AE50: 3 | AF50: 3360 | AG50: 1120 | AH50: =RANK(AG50, AG$42:AG$71) -> 1 | AJ50: 3 | AK50: 2295.7895 | AL50: 765.26316 | AM50: =RANK(AL50, AL$42:AL$71) -> 12 | AO50: 3 | AP50: 3210 | AQ50: 1070 | AR50: =RANK(AQ50, AQ$42:AQ$71) -> 5 | AT50: 3 | AU50: 3250.5882 | AV50: 1083.5294 | AW50: =RANK(AV50, AV$42:AV$71) -> 4 | AZ50: =RANK(AY50, AY$42:AY$71) -> #N/A
C51: 10 | D51: 雞肉飯飯糰 | E51: 4 | F51: 2800 | G51: 700 | I51: =IFERROR(AVERAGE(P51,U51,Z51,AE51,AJ51,AO51,AT51),"-") -> 4 | J51: =IFERROR(AVERAGE(Q51,V51,AA51,AF51,AK51,AP51,AU51),"-") -> 3257.8975 | K51: =IFERROR(AVERAGE(R51,W51,AB51,AG51,AL51,AQ51,AV51),"-") -> 814.47438 | M51: =RANK(K51, K$42:$K$71) -> 11 | P51: 4 | Q51: 3304.5283 | R51: 826.13208 | S51: =RANK(R51, R$42:R$71) -> 9 | U51: 4 | V51: 3205.0909 | W51: 801.27273 | X51: =RANK(W51, W$42:W$71) -> 12 | Z51: 4 | AA51: 3272.8302 | AB51: 818.20755 | AC51: =RANK(AB51, AB$42:AB$71) -> 10 | AE51: 4 | AF51: 3338.6667 | AG51: 834.66667 | AH51: =RANK(AG51, AG$42:AG$71) -> 12 | AJ51: 4 | AK51: 3163.4043 | AL51: 790.85106 | AM51: =RANK(AL51, AL$42:AL$71) -> 8 | AO51: 4 | AP51: 3264.2105 | AQ51: 816.05263 | AR51: =RANK(AQ51, AQ$42:AQ$71) -> 11 | AT51: 4 | AU51: 3256.5517 | AV51: 814.13793 | AW51: =RANK(AV51, AV$42:AV$71) -> 11 | AZ51: =RANK(AY51, AY$42:AY$71) -> #N/A
C52: 11 | D52: 碳烤燒肉飯飯糰(區) | E52: 4 | F52: 2800 | G52: 700 | I52: =IFERROR(AVERAGE(P52,U52,Z52,AE52,AJ52,AO52,AT52),"-") -> 4 | J52: =IFERROR(AVERAGE(Q52,V52,AA52,AF52,AK52,AP52,AU52),"-") -> 2834.9148 | K52: =IFERROR(AVERAGE(R52,W52,AB52,AG52,AL52,AQ52,AV52),"-") -> 708.72871 | M52: =RANK(K52, K$42:$K$71) -> 17 | P52: 4 | Q52: 2858.7692 | R52: 714.69231 | S52: =RANK(R52, R$42:R$71) -> 16 | U52: 4 | V52: 2865.9375 | W52: 716.48438 | X52: =RANK(W52, W$42:W$71) -> 13 | Z52: 4 | AA52: 2752.7273 | AB52: 688.18182 | AC52: =RANK(AB52, AB$42:AB$71) -> 16 | AE52: 4 | AF52: 2877.8571 | AG52: 719.46429 | AH52: =RANK(AG52, AG$42:AG$71) -> 15 | AJ52: 4 | AK52: 2773.6842 | AL52: 693.42105 | AM52: =RANK(AL52, AL$42:AL$71) -> 15 | AO52: 4 | AP52: 2868.8571 | AQ52: 717.21429 | AR52: =RANK(AQ52, AQ$42:AQ$71) -> 15 | AT52: 4 | AU52: 2846.5714 | AV52: 711.64286 | AW52: =RANK(AV52, AV$42:AV$71) -> 16 | AZ52: =RANK(AY52, AY$42:AY$71) -> #N/A
C53: 12 | D53: 二配芝麻香鬆飯糰 | E53: 4 | F53: 2800 | G53: 700 | I53: =IFERROR(AVERAGE(P53,U53,Z53,AE53,AJ53,AO53,AT53),"-") -> 4 | J53: =IFERROR(AVERAGE(Q53,V53,AA53,AF53,AK53,AP53,AU53),"-") -> 2887.0286 | K53: =IFERROR(AVERAGE(R53,W53,AB53,AG53,AL53,AQ53,AV53),"-") -> 721.75714 | M53: =RANK(K53, K$42:$K$71) -> 15 | P53: 4 | Q53: 2955 | R53: 738.75 | S53: =RANK(R53, R$42:R$71) -> 14 | U53: 4 | V53: 2862 | W53: 715.5 | X53: =RANK(W53, W$42:W$71) -> 14 | Z53: 4 | AA53: 2877 | AB53: 719.25 | AC53: =RANK(AB53, AB$42:AB$71) -> 15 | AE53: 4 | AF53: 2853 | AG53: 713.25 | AH53: =RANK(AG53, AG$42:AG$71) -> 16 | AJ53: 4 | AK53: 2871 | AL53: 717.75 | AM53: =RANK(AL53, AL$42:AL$71) -> 14 | AO53: 4 | AP53: 3072 | AQ53: 768 | AR53: =RANK(AQ53, AQ$42:AQ$71) -> 13 | AT53: 4 | AU53: 2719.2 | AV53: 679.8 | AW53: =RANK(AV53, AV$42:AV$71) -> 17 | AZ53: =RANK(AY53, AY$42:AY$71) -> #N/A
C54: 13 | D54: 二配三杯醬爆菇菇飯糰 | E54: 3 | F54: 2800 | G54: 933.33333 | I54: =IFERROR(AVERAGE(P54,U54,Z54,AE54,AJ54,AO54,AT54),"-") -> 3 | J54: =IFERROR(AVERAGE(Q54,V54,AA54,AF54,AK54,AP54,AU54),"-") -> 2985.0857 | K54: =IFERROR(AVERAGE(R54,W54,AB54,AG54,AL54,AQ54,AV54),"-") -> 995.02857 | M54: =RANK(K54, K$42:$K$71) -> 7 | P54: 3 | Q54: 2702.4 | R54: 900.8 | S54: =RANK(R54, R$42:R$71) -> 7 | U54: 3 | V54: 2721.6 | W54: 907.2 | X54: =RANK(W54, W$42:W$71) -> 7 | Z54: 3 | AA54: 3249 | AB54: 1083 | AC54: =RANK(AB54, AB$42:AB$71) -> 5 | AE54: 3 | AF54: 3090 | AG54: 1030 | AH54: =RANK(AG54, AG$42:AG$71) -> 6 | AJ54: 3 | AK54: 3291 | AL54: 1097 | AM54: =RANK(AL54, AL$42:AL$71) -> 1 | AO54: 3 | AP54: 2798.4 | AQ54: 932.8 | AR54: =RANK(AQ54, AQ$42:AQ$71) -> 7 | AT54: 3 | AU54: 3043.2 | AV54: 1014.4 | AW54: =RANK(AV54, AV$42:AV$71) -> 7 | AZ54: =RANK(AY54, AY$42:AY$71) -> #N/A
... C62: 21 | D62: 二配溏心蛋五目飯糰 | E62: 12 | F62: 1500 | G62: 125 | I62: =IFERROR(AVERAGE(P62,U62,Z62,AE62,AJ62,AO62,AT62),"-") -> 12 | J62: =IFERROR(AVERAGE(Q62,V62,AA62,AF62,AK62,AP62,AU62),"-") -> 1392.4896 | K62: =IFERROR(AVERAGE(R62,W62,AB62,AG62,AL62,AQ62,AV62),"-") -> 116.0408 | M62: =RANK(K62, K$42:$K$71) -> 20 | P62: 12 | Q62: 1420.2857 | R62: 118.35714 | S62: =RANK(R62, R$42:R$71) -> 19 | U62: 12 | V62: 1434.4615 | W62: 119.53846 | X62: =RANK(W62, W$42:W$71) -> 19 | Z62: 12 | AA62: 1404.6429 | AB62: 117.05357 | AC62: =RANK(AB62, AB$42:AB$71) -> 19 | AE62: 12 | AF62: 1400.7273 | AG62: 116.72727 | AH62: =RANK(AG62, AG$42:AG$71) -> 19 | AJ62: 12 | AK62: 1324.8 | AL62: 110.4 | AM62: =RANK(AL62, AL$42:AL$71) -> 19 | AO62: 12 | AP62: 1310.3226 | AQ62: 109.19355 | AR62: =RANK(AQ62, AQ$42:AQ$71) -> 20 | AT62: 12 | AU62: 1452.1875 | AV62: 121.01563 | AW62: =RANK(AV62, AV$42:AV$71) -> 20 | AZ62: =RANK(AY62, AY$42:AY$71) -> #N/A
C63: 22 | D63: 二配鹽水G絲飯糰 | E63: 3 | F63: 3000 | G63: 933.33333 | I63: =IFERROR(AVERAGE(P63,U63,Z63,AE63,AJ63,AO63,AT63),"-") -> 3 | J63: =IFERROR(AVERAGE(Q63,V63,AA63,AF63,AK63,AP63,AU63),"-") -> 3044.25 | K63: =IFERROR(AVERAGE(R63,W63,AB63,AG63,AL63,AQ63,AV63),"-") -> 1014.75 | M63: =RANK(K63, K$42:$K$71) -> 6 | S63: =RANK(R63, R$42:R$71) -> #VALUE! | X63: =RANK(W63, W$42:W$71) -> #VALUE! | AC63: =RANK(AB63, AB$42:AB$71) -> #VALUE! | AH63: =RANK(AG63, AG$42:AG$71) -> #VALUE! | AM63: =RANK(AL63, AL$42:AL$71) -> #VALUE! | AR63: =RANK(AQ63, AQ$42:AQ$71) -> #VALUE! | AT63: 3 | AU63: 3044.25 | AV63: 1014.75 | AW63: =RANK(AV63, AV$42:AV$71) -> 6 | AZ63: =RANK(AY63, AY$42:AY$71) -> #N/A
C64: 23 | I64: =IFERROR(AVERAGE(P64,U64,Z64,AE64,AJ64,AO64,AT64),"-") -> - | J64: =IFERROR(AVERAGE(Q64,V64,AA64,AF64,AK64,AP64,AU64),"-") -> - | K64: =IFERROR(AVERAGE(R64,W64,AB64,AG64,AL64,AQ64,AV64),"-") -> - | M64: =RANK(K64, K$42:$K$71) -> #VALUE! | S64: =RANK(R64, R$42:R$71) -> #VALUE! | X64: =RANK(W64, W$42:W$71) -> #VALUE! | AC64: =RANK(AB64, AB$42:AB$71) -> #VALUE! | AH64: =RANK(AG64, AG$42:AG$71) -> #VALUE! | AM64: =RANK(AL64, AL$42:AL$71) -> #VALUE! | AR64: =RANK(AQ64, AQ$42:AQ$71) -> #VALUE! | AW64: =RANK(AV64, AV$42:AV$71) -> #VALUE! | AZ64: =RANK(AY64, AY$42:AY$71) -> #N/A
C65: 24 | I65: =IFERROR(AVERAGE(P65,U65,Z65,AE65,AJ65,AO65,AT65),"-") -> - | J65: =IFERROR(AVERAGE(Q65,V65,AA65,AF65,AK65,AP65,AU65),"-") -> - | K65: =IFERROR(AVERAGE(R65,W65,AB65,AG65,AL65,AQ65,AV65),"-") -> - | M65: =RANK(K65, K$42:$K$71) -> #VALUE! | S65: =RANK(R65, R$42:R$71) -> #VALUE! | X65: =RANK(W65, W$42:W$71) -> #VALUE! | AC65: =RANK(AB65, AB$42:AB$71) -> #VALUE! | AH65: =RANK(AG65, AG$42:AG$71) -> #VALUE! | AM65: =RANK(AL65, AL$42:AL$71) -> #VALUE! | AR65: =RANK(AQ65, AQ$42:AQ$71) -> #VALUE! | AW65: =RANK(AV65, AV$42:AV$71) -> #VALUE! | AZ65: =RANK(AY65, AY$42:AY$71) -> #N/A
C66: 25 | I66: =IFERROR(AVERAGE(P66,U66,Z66,AE66,AJ66,AO66,AT66),"-") -> - | J66: =IFERROR(AVERAGE(Q66,V66,AA66,AF66,AK66,AP66,AU66),"-") -> - | K66: =IFERROR(AVERAGE(R66,W66,AB66,AG66,AL66,AQ66,AV66),"-") -> - | M66: =RANK(K66, K$42:$K$71) -> #VALUE! | S66: =RANK(R66, R$42:R$71) -> #VALUE! | X66: =RANK(W66, W$42:W$71) -> #VALUE! | AC66: =RANK(AB66, AB$42:AB$71) -> #VALUE! | AH66: =RANK(AG66, AG$42:AG$71) -> #VALUE! | AM66: =RANK(AL66, AL$42:AL$71) -> #VALUE! | AR66: =RANK(AQ66, AQ$42:AQ$71) -> #VALUE! | AW66: =RANK(AV66, AV$42:AV$71) -> #VALUE! | AZ66: =RANK(AY66, AY$42:AY$71) -> #N/A
C67: 26 | I67: =IFERROR(AVERAGE(P67,U67,Z67,AE67,AJ67,AO67,AT67),"-") -> - | J67: =IFERROR(AVERAGE(Q67,V67,AA67,AF67,AK67,AP67,AU67),"-") -> - | K67: =IFERROR(AVERAGE(R67,W67,AB67,AG67,AL67,AQ67,AV67),"-") -> - | M67: =RANK(K67, K$42:$K$71) -> #VALUE! | S67: =RANK(R67, R$42:R$71) -> #VALUE! | X67: =RANK(W67, W$42:W$71) -> #VALUE! | AC67: =RANK(AB67, AB$42:AB$71) -> #VALUE! | AH67: =RANK(AG67, AG$42:AG$71) -> #VALUE! | AM67: =RANK(AL67, AL$42:AL$71) -> #VALUE! | AR67: =RANK(AQ67, AQ$42:AQ$71) -> #VALUE! | AW67: =RANK(AV67, AV$42:AV$71) -> #VALUE! | AZ67: =RANK(AY67, AY$42:AY$71) -> #N/A
C68: 27 | I68: =IFERROR(AVERAGE(P68,U68,Z68,AE68,AJ68,AO68,AT68),"-") -> - | J68: =IFERROR(AVERAGE(Q68,V68,AA68,AF68,AK68,AP68,AU68),"-") -> - | K68: =IFERROR(AVERAGE(R68,W68,AB68,AG68,AL68,AQ68,AV68),"-") -> - | M68: =RANK(K68, K$42:$K$71) -> #VALUE! | S68: =RANK(R68, R$42:R$71) -> #VALUE! | X68: =RANK(W68, W$42:W$71) -> #VALUE! | AC68: =RANK(AB68, AB$42:AB$71) -> #VALUE! | AH68: =RANK(AG68, AG$42:AG$71) -> #VALUE! | AM68: =RANK(AL68, AL$42:AL$71) -> #VALUE! | AR68: =RANK(AQ68, AQ$42:AQ$71) -> #VALUE! | AW68: =RANK(AV68, AV$42:AV$71) -> #VALUE! | AZ68: =RANK(AY68, AY$42:AY$71) -> #N/A
C69: 28 | I69: =IFERROR(AVERAGE(P69,U69,Z69,AE69,AJ69,AO69,AT69),"-") -> - | J69: =IFERROR(AVERAGE(Q69,V69,AA69,AF69,AK69,AP69,AU69),"-") -> - | K69: =IFERROR(AVERAGE(R69,W69,AB69,AG69,AL69,AQ69,AV69),"-") -> - | M69: =RANK(K69, K$42:$K$71) -> #VALUE! | S69: =RANK(R69, R$42:R$71) -> #VALUE! | X69: =RANK(W69, W$42:W$71) -> #VALUE! | AC69: =RANK(AB69, AB$42:AB$71) -> #VALUE! | AH69: =RANK(AG69, AG$42:AG$71) -> #VALUE! | AM69: =RANK(AL69, AL$42:AL$71) -> #VALUE! | AR69: =RANK(AQ69, AQ$42:AQ$71) -> #VALUE! | AW69: =RANK(AV69, AV$42:AV$71) -> #VALUE! | AZ69: =RANK(AY69, AY$42:AY$71) -> #N/A
C70: 29 | I70: =IFERROR(AVERAGE(P70,U70,Z70,AE70,AJ70,AO70,AT70),"-") -> - | J70: =IFERROR(AVERAGE(Q70,V70,AA70,AF70,AK70,AP70,AU70),"-") -> - | K70: =IFERROR(AVERAGE(R70,W70,AB70,AG70,AL70,AQ70,AV70),"-") -> - | M70: =RANK(K70, K$42:$K$71) -> #VALUE! | S70: =RANK(R70, R$42:R$71) -> #VALUE! | X70: =RANK(W70, W$42:W$71) -> #VALUE! | AC70: =RANK(AB70, AB$42:AB$71) -> #VALUE! | AH70: =RANK(AG70, AG$42:AG$71) -> #VALUE! | AM70: =RANK(AL70, AL$42:AL$71) -> #VALUE! | AR70: =RANK(AQ70, AQ$42:AQ$71) -> #VALUE! | AW70: =RANK(AV70, AV$42:AV$71) -> #VALUE! | AZ70: =RANK(AY70, AY$42:AY$71) -> #N/A
C71: 30 | I71: =IFERROR(AVERAGE(P71,U71,Z71,AE71,AJ71,AO71,AT71),"-") -> - | J71: =IFERROR(AVERAGE(Q71,V71,AA71,AF71,AK71,AP71,AU71),"-") -> - | K71: =IFERROR(AVERAGE(R71,W71,AB71,AG71,AL71,AQ71,AV71),"-") -> - | M71: =RANK(K71, K$42:$K$71) -> #VALUE! | S71: =RANK(R71, R$42:R$71) -> #VALUE! | X71: =RANK(W71, W$42:W$71) -> #VALUE! | AC71: =RANK(AB71, AB$42:AB$71) -> #VALUE! | AH71: =RANK(AG71, AG$42:AG$71) -> #VALUE! | AM71: =RANK(AL71, AL$42:AL$71) -> #VALUE! | AR71: =RANK(AQ71, AQ$42:AQ$71) -> #VALUE! | AW71: =RANK(AV71, AV$42:AV$71) -> #VALUE! | AZ71: =RANK(AY71, AY$42:AY$71) -> #N/A
B72: 產線配置圖－每週更新 | N72: 資料繳交 | O72: 日期 | P72: =P37+7 -> 46126 | U72: =P72+1 -> 46127 | Z72: =U72+1 -> 46128 | AE72: =Z72+1 -> 46129 | AJ72: =AE72+1 -> 46130 | AO72: =AJ72+1 -> 46131 | AT72: =AO72+1 -> 46132
P73: 二 | U73: 三 | Z73: 四 | AE73: 五 | AJ73: 六 | AO73: 日 | AT73: 一
B74: 品群 | C74: 商品名稱 | E74: 計畫 | H74: 平均人時性 | I74: 實績 | L74: 平均人時性 | M74: 排名 | O74: 日報 | P74: 實際 | T74: 平均人時性 | U74: 實際 | Y74: 平均人時性 | Z74: 實際 | AD74: 平均人時性 | AE74: 實際 | AI74: 平均人時性 | AJ74: 實際 | AN74: 平均人時性 | AO74: 實際 | AS74: 平均人時性 | AT74: 實際 | AX74: 平均人時性 | BA74: 平均人時性
E75: 產線配置圖 | I75: 產線配置圖 | P75: 生產實績 | U75: 生產實績 | Z75: 生產實績 | AE75: 生產實績 | AJ75: 生產實績 | AO75: 生產實績 | AT75: 生產實績
E76: 人數 | F76: 產能／時 | G76: 人時性 | I76: 人數 | J76: 產能／時 | K76: 人時性 | P76: 人數 | Q76: 產能／時 | R76: 人時性 | S76: 排名 | U76: 人數 | V76: 產能／時 | W76: 人時性 | X76: 排名 | Z76: 人數 | AA76: 產能／時 | AB76: 人時性 | AC76: 排名 | AE76: 人數 | AF76: 產能／時 | AG76: 人時性 | AH76: 排名 | AJ76: 人數 | AK76: 產能／時 | AL76: 人時性 | AM76: 排名 | AO76: 人數 | AP76: 產能／時 | AQ76: 人時性 | AR76: 排名 | AT76: 人數 | AU76: 產能／時 | AV76: 人時性 | AW76: 排名 | AZ76: 排名
B77: 18℃-飯糰 | C77: 1 | H77: =AVERAGE(G77:G106) -> #DIV/0! | I77: =IFERROR(AVERAGE(P77,U77,Z77,AE77,AJ77,AO77,AT77),"-") -> - | J77: =IFERROR(AVERAGE(Q77,V77,AA77,AF77,AK77,AP77,AU77),"-") -> - | K77: =IFERROR(AVERAGE(R77,W77,AB77,AG77,AL77,AQ77,AV77),"-") -> - | L77: =IFERROR(AVERAGE(K77:K106),"-") -> - | M77: =RANK(K77, K$77:$K$106) -> #VALUE! | S77: =RANK(R77, R$77:R$106) -> #N/A | T77: =AVERAGE(R77:R106) -> #DIV/0! | X77: =RANK(W77, W$77:W$106) -> #N/A | Y77: =AVERAGE(W77:W106) -> #DIV/0! | AC77: =RANK(AB77, AB$77:AB$106) -> #N/A | AD77: =AVERAGE(AB77:AB106) -> #DIV/0! | AH77: =RANK(AG77, AG$77:AG$106) -> #N/A | AI77: =AVERAGE(AG77:AG106) -> #DIV/0! | AM77: =RANK(AL77, AL$77:AL$106) -> #N/A | AN77: =AVERAGE(AL77:AL106) -> #DIV/0! | AR77: =RANK(AQ77, AQ$77:AQ$106) -> #N/A | AS77: =AVERAGE(AQ77:AQ106) -> #DIV/0! | AW77: =RANK(AV77, AV$77:AV$106) -> #N/A | AX77: =AVERAGE(AV77:AV106) -> #DIV/0! | AZ77: =RANK(AY77, AY$77:AY$106) -> #N/A | BA77: =AVERAGE(AY77:AY106) -> #DIV/0!
C78: 2 | I78: =IFERROR(AVERAGE(P78,U78,Z78,AE78,AJ78,AO78,AT78),"-") -> - | J78: =IFERROR(AVERAGE(Q78,V78,AA78,AF78,AK78,AP78,AU78),"-") -> - | K78: =IFERROR(AVERAGE(R78,W78,AB78,AG78,AL78,AQ78,AV78),"-") -> - | M78: =RANK(K78, K$77:$K$106) -> #VALUE! | S78: =RANK(R78, R$77:R$106) -> #N/A | X78: =RANK(W78, W$77:W$106) -> #N/A | AC78: =RANK(AB78, AB$77:AB$106) -> #N/A | AH78: =RANK(AG78, AG$77:AG$106) -> #N/A | AM78: =RANK(AL78, AL$77:AL$106) -> #N/A | AR78: =RANK(AQ78, AQ$77:AQ$106) -> #N/A | AW78: =RANK(AV78, AV$77:AV$106) -> #N/A | AZ78: =RANK(AY78, AY$77:AY$106) -> #N/A
C79: 3 | I79: =IFERROR(AVERAGE(P79,U79,Z79,AE79,AJ79,AO79,AT79),"-") -> - | J79: =IFERROR(AVERAGE(Q79,V79,AA79,AF79,AK79,AP79,AU79),"-") -> - | K79: =IFERROR(AVERAGE(R79,W79,AB79,AG79,AL79,AQ79,AV79),"-") -> - | M79: =RANK(K79, K$77:$K$106) -> #VALUE! | S79: =RANK(R79, R$77:R$106) -> #N/A | X79: =RANK(W79, W$77:W$106) -> #N/A | AC79: =RANK(AB79, AB$77:AB$106) -> #N/A | AH79: =RANK(AG79, AG$77:AG$106) -> #N/A | AM79: =RANK(AL79, AL$77:AL$106) -> #N/A | AR79: =RANK(AQ79, AQ$77:AQ$106) -> #N/A | AW79: =RANK(AV79, AV$77:AV$106) -> #N/A | AZ79: =RANK(AY79, AY$77:AY$106) -> #N/A
C80: 4 | I80: =IFERROR(AVERAGE(P80,U80,Z80,AE80,AJ80,AO80,AT80),"-") -> - | J80: =IFERROR(AVERAGE(Q80,V80,AA80,AF80,AK80,AP80,AU80),"-") -> - | K80: =IFERROR(AVERAGE(R80,W80,AB80,AG80,AL80,AQ80,AV80),"-") -> - | M80: =RANK(K80, K$77:$K$106) -> #VALUE! | S80: =RANK(R80, R$77:R$106) -> #N/A | X80: =RANK(W80, W$77:W$106) -> #N/A | AC80: =RANK(AB80, AB$77:AB$106) -> #N/A | AH80: =RANK(AG80, AG$77:AG$106) -> #N/A | AM80: =RANK(AL80, AL$77:AL$106) -> #N/A | AR80: =RANK(AQ80, AQ$77:AQ$106) -> #N/A | AW80: =RANK(AV80, AV$77:AV$106) -> #N/A | AZ80: =RANK(AY80, AY$77:AY$106) -> #N/A
C81: 5 | I81: =IFERROR(AVERAGE(P81,U81,Z81,AE81,AJ81,AO81,AT81),"-") -> - | J81: =IFERROR(AVERAGE(Q81,V81,AA81,AF81,AK81,AP81,AU81),"-") -> - | K81: =IFERROR(AVERAGE(R81,W81,AB81,AG81,AL81,AQ81,AV81),"-") -> - | M81: =RANK(K81, K$77:$K$106) -> #VALUE! | S81: =RANK(R81, R$77:R$106) -> #N/A | X81: =RANK(W81, W$77:W$106) -> #N/A | AC81: =RANK(AB81, AB$77:AB$106) -> #N/A | AH81: =RANK(AG81, AG$77:AG$106) -> #N/A | AM81: =RANK(AL81, AL$77:AL$106) -> #N/A | AR81: =RANK(AQ81, AQ$77:AQ$106) -> #N/A | AW81: =RANK(AV81, AV$77:AV$106) -> #N/A | AZ81: =RANK(AY81, AY$77:AY$106) -> #N/A
C82: 6 | I82: =IFERROR(AVERAGE(P82,U82,Z82,AE82,AJ82,AO82,AT82),"-") -> - | J82: =IFERROR(AVERAGE(Q82,V82,AA82,AF82,AK82,AP82,AU82),"-") -> - | K82: =IFERROR(AVERAGE(R82,W82,AB82,AG82,AL82,AQ82,AV82),"-") -> - | M82: =RANK(K82, K$77:$K$106) -> #VALUE! | S82: =RANK(R82, R$77:R$106) -> #N/A | X82: =RANK(W82, W$77:W$106) -> #N/A | AC82: =RANK(AB82, AB$77:AB$106) -> #N/A | AH82: =RANK(AG82, AG$77:AG$106) -> #N/A | AM82: =RANK(AL82, AL$77:AL$106) -> #N/A | AR82: =RANK(AQ82, AQ$77:AQ$106) -> #N/A | AW82: =RANK(AV82, AV$77:AV$106) -> #N/A | AZ82: =RANK(AY82, AY$77:AY$106) -> #N/A
C83: 7 | I83: =IFERROR(AVERAGE(P83,U83,Z83,AE83,AJ83,AO83,AT83),"-") -> - | J83: =IFERROR(AVERAGE(Q83,V83,AA83,AF83,AK83,AP83,AU83),"-") -> - | K83: =IFERROR(AVERAGE(R83,W83,AB83,AG83,AL83,AQ83,AV83),"-") -> - | M83: =RANK(K83, K$77:$K$106) -> #VALUE! | S83: =RANK(R83, R$77:R$106) -> #N/A | X83: =RANK(W83, W$77:W$106) -> #N/A | AC83: =RANK(AB83, AB$77:AB$106) -> #N/A | AH83: =RANK(AG83, AG$77:AG$106) -> #N/A | AM83: =RANK(AL83, AL$77:AL$106) -> #N/A | AR83: =RANK(AQ83, AQ$77:AQ$106) -> #N/A | AW83: =RANK(AV83, AV$77:AV$106) -> #N/A | AZ83: =RANK(AY83, AY$77:AY$106) -> #N/A
C84: 8 | I84: =IFERROR(AVERAGE(P84,U84,Z84,AE84,AJ84,AO84,AT84),"-") -> - | J84: =IFERROR(AVERAGE(Q84,V84,AA84,AF84,AK84,AP84,AU84),"-") -> - | K84: =IFERROR(AVERAGE(R84,W84,AB84,AG84,AL84,AQ84,AV84),"-") -> - | M84: =RANK(K84, K$77:$K$106) -> #VALUE! | S84: =RANK(R84, R$77:R$106) -> #N/A | X84: =RANK(W84, W$77:W$106) -> #N/A | AC84: =RANK(AB84, AB$77:AB$106) -> #N/A | AH84: =RANK(AG84, AG$77:AG$106) -> #N/A | AM84: =RANK(AL84, AL$77:AL$106) -> #N/A | AR84: =RANK(AQ84, AQ$77:AQ$106) -> #N/A | AW84: =RANK(AV84, AV$77:AV$106) -> #N/A | AZ84: =RANK(AY84, AY$77:AY$106) -> #N/A
C85: 9 | I85: =IFERROR(AVERAGE(P85,U85,Z85,AE85,AJ85,AO85,AT85),"-") -> - | J85: =IFERROR(AVERAGE(Q85,V85,AA85,AF85,AK85,AP85,AU85),"-") -> - | K85: =IFERROR(AVERAGE(R85,W85,AB85,AG85,AL85,AQ85,AV85),"-") -> - | M85: =RANK(K85, K$77:$K$106) -> #VALUE! | S85: =RANK(R85, R$77:R$106) -> #N/A | X85: =RANK(W85, W$77:W$106) -> #N/A | AC85: =RANK(AB85, AB$77:AB$106) -> #N/A | AH85: =RANK(AG85, AG$77:AG$106) -> #N/A | AM85: =RANK(AL85, AL$77:AL$106) -> #N/A | AR85: =RANK(AQ85, AQ$77:AQ$106) -> #N/A | AW85: =RANK(AV85, AV$77:AV$106) -> #N/A | AZ85: =RANK(AY85, AY$77:AY$106) -> #N/A
C86: 10 | I86: =IFERROR(AVERAGE(P86,U86,Z86,AE86,AJ86,AO86,AT86),"-") -> - | J86: =IFERROR(AVERAGE(Q86,V86,AA86,AF86,AK86,AP86,AU86),"-") -> - | K86: =IFERROR(AVERAGE(R86,W86,AB86,AG86,AL86,AQ86,AV86),"-") -> - | M86: =RANK(K86, K$77:$K$106) -> #VALUE! | S86: =RANK(R86, R$77:R$106) -> #N/A | X86: =RANK(W86, W$77:W$106) -> #N/A | AC86: =RANK(AB86, AB$77:AB$106) -> #N/A | AH86: =RANK(AG86, AG$77:AG$106) -> #N/A | AM86: =RANK(AL86, AL$77:AL$106) -> #N/A | AR86: =RANK(AQ86, AQ$77:AQ$106) -> #N/A | AW86: =RANK(AV86, AV$77:AV$106) -> #N/A | AZ86: =RANK(AY86, AY$77:AY$106) -> #N/A
C87: 11 | I87: =IFERROR(AVERAGE(P87,U87,Z87,AE87,AJ87,AO87,AT87),"-") -> - | J87: =IFERROR(AVERAGE(Q87,V87,AA87,AF87,AK87,AP87,AU87),"-") -> - | K87: =IFERROR(AVERAGE(R87,W87,AB87,AG87,AL87,AQ87,AV87),"-") -> - | M87: =RANK(K87, K$77:$K$106) -> #VALUE! | S87: =RANK(R87, R$77:R$106) -> #N/A | X87: =RANK(W87, W$77:W$106) -> #N/A | AC87: =RANK(AB87, AB$77:AB$106) -> #N/A | AH87: =RANK(AG87, AG$77:AG$106) -> #N/A | AM87: =RANK(AL87, AL$77:AL$106) -> #N/A | AR87: =RANK(AQ87, AQ$77:AQ$106) -> #N/A | AW87: =RANK(AV87, AV$77:AV$106) -> #N/A | AZ87: =RANK(AY87, AY$77:AY$106) -> #N/A
C88: 12 | I88: =IFERROR(AVERAGE(P88,U88,Z88,AE88,AJ88,AO88,AT88),"-") -> - | J88: =IFERROR(AVERAGE(Q88,V88,AA88,AF88,AK88,AP88,AU88),"-") -> - | K88: =IFERROR(AVERAGE(R88,W88,AB88,AG88,AL88,AQ88,AV88),"-") -> - | M88: =RANK(K88, K$77:$K$106) -> #VALUE! | S88: =RANK(R88, R$77:R$106) -> #N/A | X88: =RANK(W88, W$77:W$106) -> #N/A | AC88: =RANK(AB88, AB$77:AB$106) -> #N/A | AH88: =RANK(AG88, AG$77:AG$106) -> #N/A | AM88: =RANK(AL88, AL$77:AL$106) -> #N/A | AR88: =RANK(AQ88, AQ$77:AQ$106) -> #N/A | AW88: =RANK(AV88, AV$77:AV$106) -> #N/A | AZ88: =RANK(AY88, AY$77:AY$106) -> #N/A
C89: 13 | I89: =IFERROR(AVERAGE(P89,U89,Z89,AE89,AJ89,AO89,AT89),"-") -> - | J89: =IFERROR(AVERAGE(Q89,V89,AA89,AF89,AK89,AP89,AU89),"-") -> - | K89: =IFERROR(AVERAGE(R89,W89,AB89,AG89,AL89,AQ89,AV89),"-") -> - | M89: =RANK(K89, K$77:$K$106) -> #VALUE! | S89: =RANK(R89, R$77:R$106) -> #N/A | X89: =RANK(W89, W$77:W$106) -> #N/A | AC89: =RANK(AB89, AB$77:AB$106) -> #N/A | AH89: =RANK(AG89, AG$77:AG$106) -> #N/A | AM89: =RANK(AL89, AL$77:AL$106) -> #N/A | AR89: =RANK(AQ89, AQ$77:AQ$106) -> #N/A | AW89: =RANK(AV89, AV$77:AV$106) -> #N/A | AZ89: =RANK(AY89, AY$77:AY$106) -> #N/A
... C106: 30 | I106: =IFERROR(AVERAGE(P106,U106,Z106,AE106,AJ106,AO106,AT106),"-") -> - | J106: =IFERROR(AVERAGE(Q106,V106,AA106,AF106,AK106,AP106,AU106),"-") -> - | K106: =IFERROR(AVERAGE(R106,W106,AB106,AG106,AL106,AQ106,AV106),"-") -> - | M106: =RANK(K106, K$77:$K$106) -> #VALUE! | S106: =RANK(R106, R$77:R$106) -> #N/A | X106: =RANK(W106, W$77:W$106) -> #N/A | AC106: =RANK(AB106, AB$77:AB$106) -> #N/A | AH106: =RANK(AG106, AG$77:AG$106) -> #N/A | AM106: =RANK(AL106, AL$77:AL$106) -> #N/A | AR106: =RANK(AQ106, AQ$77:AQ$106) -> #N/A | AW106: =RANK(AV106, AV$77:AV$106) -> #N/A | AZ106: =RANK(AY106, AY$77:AY$106) -> #N/A
B107: 產線配置圖－每週更新 | N107: 資料繳交 | O107: 日期 | P107: =P72+7 -> 46133 | U107: =P107+1 -> 46134 | Z107: =U107+1 -> 46135 | AE107: =Z107+1 -> 46136 | AJ107: =AE107+1 -> 46137 | AO107: =AJ107+1 -> 46138 | AT107: =AO107+1 -> 46139
P108: 二 | U108: 三 | Z108: 四 | AE108: 五 | AJ108: 六 | AO108: 日 | AT108: 一
B109: 品群 | C109: 商品名稱 | E109: 計畫 | H109: 平均人時性 | I109: 實績 | L109: 平均人時性 | M109: 排名 | O109: 日報 | P109: 實際 | T109: 平均人時性 | U109: 實際 | Y109: 平均人時性 | Z109: 實際 | AD109: 平均人時性 | AE109: 實際 | AI109: 平均人時性 | AJ109: 實際 | AN109: 平均人時性 | AO109: 實際 | AS109: 平均人時性 | AT109: 實際 | AX109: 平均人時性 | BA109: 平均人時性
E110: 產線配置圖 | I110: 產線配置圖 | P110: 生產實績 | U110: 生產實績 | Z110: 生產實績 | AE110: 生產實績 | AJ110: 生產實績 | AO110: 生產實績 | AT110: 生產實績
E111: 人數 | F111: 產能／時 | G111: 人時性 | I111: 人數 | J111: 產能／時 | K111: 人時性 | P111: 人數 | Q111: 產能／時 | R111: 人時性 | S111: 排名 | U111: 人數 | V111: 產能／時 | W111: 人時性 | X111: 排名 | Z111: 人數 | AA111: 產能／時 | AB111: 人時性 | AC111: 排名 | AE111: 人數 | AF111: 產能／時 | AG111: 人時性 | AH111: 排名 | AJ111: 人數 | AK111: 產能／時 | AL111: 人時性 | AM111: 排名 | AO111: 人數 | AP111: 產能／時 | AQ111: 人時性 | AR111: 排名 | AT111: 人數 | AU111: 產能／時 | AV111: 人時性 | AW111: 排名 | AZ111: 排名
B112: 18℃-飯糰 | C112: 1 | H112: =AVERAGE(G112:G141) -> #DIV/0! | I112: =IFERROR(AVERAGE(P112,U112,Z112,AE112,AJ112,AO112,AT112),"-") -> - | J112: =IFERROR(AVERAGE(Q112,V112,AA112,AF112,AK112,AP112,AU112),"-") -> - | K112: =IFERROR(AVERAGE(R112,W112,AB112,AG112,AL112,AQ112,AV112),"-") -> - | L112: =IFERROR(AVERAGE(K112:K141),"-") -> - | M112: =RANK(K112, K$112:$K$141) -> #VALUE! | S112: =RANK(R112, R$112:R$141) -> #N/A | T112: =AVERAGE(R112:R141) -> #DIV/0! | X112: =RANK(W112, W$112:W$141) -> #N/A | Y112: =AVERAGE(W112:W141) -> #DIV/0! | AC112: =RANK(AB112, AB$112:AB$141) -> #N/A | AD112: =AVERAGE(AB112:AB141) -> #DIV/0! | AH112: =RANK(AG112, AG$112:AG$141) -> #N/A | AI112: =AVERAGE(AG112:AG141) -> #DIV/0! | AM112: =RANK(AL112, AL$112:AL$141) -> #N/A | AN112: =AVERAGE(AL112:AL141) -> #DIV/0! | AR112: =RANK(AQ112, AQ$112:AQ$141) -> #N/A | AS112: =AVERAGE(AQ112:AQ141) -> #DIV/0! | AW112: =RANK(AV112, AV$112:AV$141) -> #N/A | AX112: =AVERAGE(AV112:AV141) -> #DIV/0! | AZ112: =RANK(AY112, AY$112:AY$141) -> #N/A | BA112: =AVERAGE(AY112:AY141) -> #DIV/0!
C113: 2 | I113: =IFERROR(AVERAGE(P113,U113,Z113,AE113,AJ113,AO113,AT113),"-") -> - | J113: =IFERROR(AVERAGE(Q113,V113,AA113,AF113,AK113,AP113,AU113),"-") -> - | K113: =IFERROR(AVERAGE(R113,W113,AB113,AG113,AL113,AQ113,AV113),"-") -> - | M113: =RANK(K113, K$112:$K$141) -> #VALUE! | S113: =RANK(R113, R$112:R$141) -> #N/A | X113: =RANK(W113, W$112:W$141) -> #N/A | AC113: =RANK(AB113, AB$112:AB$141) -> #N/A | AH113: =RANK(AG113, AG$112:AG$141) -> #N/A | AM113: =RANK(AL113, AL$112:AL$141) -> #N/A | AR113: =RANK(AQ113, AQ$112:AQ$141) -> #N/A | AW113: =RANK(AV113, AV$112:AV$141) -> #N/A | AZ113: =RANK(AY113, AY$112:AY$141) -> #N/A
C114: 3 | I114: =IFERROR(AVERAGE(P114,U114,Z114,AE114,AJ114,AO114,AT114),"-") -> - | J114: =IFERROR(AVERAGE(Q114,V114,AA114,AF114,AK114,AP114,AU114),"-") -> - | K114: =IFERROR(AVERAGE(R114,W114,AB114,AG114,AL114,AQ114,AV114),"-") -> - | M114: =RANK(K114, K$112:$K$141) -> #VALUE! | S114: =RANK(R114, R$112:R$141) -> #N/A | X114: =RANK(W114, W$112:W$141) -> #N/A | AC114: =RANK(AB114, AB$112:AB$141) -> #N/A | AH114: =RANK(AG114, AG$112:AG$141) -> #N/A | AM114: =RANK(AL114, AL$112:AL$141) -> #N/A | AR114: =RANK(AQ114, AQ$112:AQ$141) -> #N/A | AW114: =RANK(AV114, AV$112:AV$141) -> #N/A | AZ114: =RANK(AY114, AY$112:AY$141) -> #N/A
C115: 4 | I115: =IFERROR(AVERAGE(P115,U115,Z115,AE115,AJ115,AO115,AT115),"-") -> - | J115: =IFERROR(AVERAGE(Q115,V115,AA115,AF115,AK115,AP115,AU115),"-") -> - | K115: =IFERROR(AVERAGE(R115,W115,AB115,AG115,AL115,AQ115,AV115),"-") -> - | M115: =RANK(K115, K$112:$K$141) -> #VALUE! | S115: =RANK(R115, R$112:R$141) -> #N/A | X115: =RANK(W115, W$112:W$141) -> #N/A | AC115: =RANK(AB115, AB$112:AB$141) -> #N/A | AH115: =RANK(AG115, AG$112:AG$141) -> #N/A | AM115: =RANK(AL115, AL$112:AL$141) -> #N/A | AR115: =RANK(AQ115, AQ$112:AQ$141) -> #N/A | AW115: =RANK(AV115, AV$112:AV$141) -> #N/A | AZ115: =RANK(AY115, AY$112:AY$141) -> #N/A
C116: 5 | I116: =IFERROR(AVERAGE(P116,U116,Z116,AE116,AJ116,AO116,AT116),"-") -> - | J116: =IFERROR(AVERAGE(Q116,V116,AA116,AF116,AK116,AP116,AU116),"-") -> - | K116: =IFERROR(AVERAGE(R116,W116,AB116,AG116,AL116,AQ116,AV116),"-") -> - | M116: =RANK(K116, K$112:$K$141) -> #VALUE! | S116: =RANK(R116, R$112:R$141) -> #N/A | X116: =RANK(W116, W$112:W$141) -> #N/A | AC116: =RANK(AB116, AB$112:AB$141) -> #N/A | AH116: =RANK(AG116, AG$112:AG$141) -> #N/A | AM116: =RANK(AL116, AL$112:AL$141) -> #N/A | AR116: =RANK(AQ116, AQ$112:AQ$141) -> #N/A | AW116: =RANK(AV116, AV$112:AV$141) -> #N/A | AZ116: =RANK(AY116, AY$112:AY$141) -> #N/A
C117: 6 | I117: =IFERROR(AVERAGE(P117,U117,Z117,AE117,AJ117,AO117,AT117),"-") -> - | J117: =IFERROR(AVERAGE(Q117,V117,AA117,AF117,AK117,AP117,AU117),"-") -> - | K117: =IFERROR(AVERAGE(R117,W117,AB117,AG117,AL117,AQ117,AV117),"-") -> - | M117: =RANK(K117, K$112:$K$141) -> #VALUE! | S117: =RANK(R117, R$112:R$141) -> #N/A | X117: =RANK(W117, W$112:W$141) -> #N/A | AC117: =RANK(AB117, AB$112:AB$141) -> #N/A | AH117: =RANK(AG117, AG$112:AG$141) -> #N/A | AM117: =RANK(AL117, AL$112:AL$141) -> #N/A | AR117: =RANK(AQ117, AQ$112:AQ$141) -> #N/A | AW117: =RANK(AV117, AV$112:AV$141) -> #N/A | AZ117: =RANK(AY117, AY$112:AY$141) -> #N/A
C118: 7 | I118: =IFERROR(AVERAGE(P118,U118,Z118,AE118,AJ118,AO118,AT118),"-") -> - | J118: =IFERROR(AVERAGE(Q118,V118,AA118,AF118,AK118,AP118,AU118),"-") -> - | K118: =IFERROR(AVERAGE(R118,W118,AB118,AG118,AL118,AQ118,AV118),"-") -> - | M118: =RANK(K118, K$112:$K$141) -> #VALUE! | S118: =RANK(R118, R$112:R$141) -> #N/A | X118: =RANK(W118, W$112:W$141) -> #N/A | AC118: =RANK(AB118, AB$112:AB$141) -> #N/A | AH118: =RANK(AG118, AG$112:AG$141) -> #N/A | AM118: =RANK(AL118, AL$112:AL$141) -> #N/A | AR118: =RANK(AQ118, AQ$112:AQ$141) -> #N/A | AW118: =RANK(AV118, AV$112:AV$141) -> #N/A | AZ118: =RANK(AY118, AY$112:AY$141) -> #N/A
C119: 8 | I119: =IFERROR(AVERAGE(P119,U119,Z119,AE119,AJ119,AO119,AT119),"-") -> - | J119: =IFERROR(AVERAGE(Q119,V119,AA119,AF119,AK119,AP119,AU119),"-") -> - | K119: =IFERROR(AVERAGE(R119,W119,AB119,AG119,AL119,AQ119,AV119),"-") -> - | M119: =RANK(K119, K$112:$K$141) -> #VALUE! | S119: =RANK(R119, R$112:R$141) -> #N/A | X119: =RANK(W119, W$112:W$141) -> #N/A | AC119: =RANK(AB119, AB$112:AB$141) -> #N/A | AH119: =RANK(AG119, AG$112:AG$141) -> #N/A | AM119: =RANK(AL119, AL$112:AL$141) -> #N/A | AR119: =RANK(AQ119, AQ$112:AQ$141) -> #N/A | AW119: =RANK(AV119, AV$112:AV$141) -> #N/A | AZ119: =RANK(AY119, AY$112:AY$141) -> #N/A
C120: 9 | I120: =IFERROR(AVERAGE(P120,U120,Z120,AE120,AJ120,AO120,AT120),"-") -> - | J120: =IFERROR(AVERAGE(Q120,V120,AA120,AF120,AK120,AP120,AU120),"-") -> - | K120: =IFERROR(AVERAGE(R120,W120,AB120,AG120,AL120,AQ120,AV120),"-") -> - | M120: =RANK(K120, K$112:$K$141) -> #VALUE! | S120: =RANK(R120, R$112:R$141) -> #N/A | X120: =RANK(W120, W$112:W$141) -> #N/A | AC120: =RANK(AB120, AB$112:AB$141) -> #N/A | AH120: =RANK(AG120, AG$112:AG$141) -> #N/A | AM120: =RANK(AL120, AL$112:AL$141) -> #N/A | AR120: =RANK(AQ120, AQ$112:AQ$141) -> #N/A | AW120: =RANK(AV120, AV$112:AV$141) -> #N/A | AZ120: =RANK(AY120, AY$112:AY$141) -> #N/A
C121: 10 | I121: =IFERROR(AVERAGE(P121,U121,Z121,AE121,AJ121,AO121,AT121),"-") -> - | J121: =IFERROR(AVERAGE(Q121,V121,AA121,AF121,AK121,AP121,AU121),"-") -> - | K121: =IFERROR(AVERAGE(R121,W121,AB121,AG121,AL121,AQ121,AV121),"-") -> - | M121: =RANK(K121, K$112:$K$141) -> #VALUE! | S121: =RANK(R121, R$112:R$141) -> #N/A | X121: =RANK(W121, W$112:W$141) -> #N/A | AC121: =RANK(AB121, AB$112:AB$141) -> #N/A | AH121: =RANK(AG121, AG$112:AG$141) -> #N/A | AM121: =RANK(AL121, AL$112:AL$141) -> #N/A | AR121: =RANK(AQ121, AQ$112:AQ$141) -> #N/A | AW121: =RANK(AV121, AV$112:AV$141) -> #N/A | AZ121: =RANK(AY121, AY$112:AY$141) -> #N/A
C122: 11 | I122: =IFERROR(AVERAGE(P122,U122,Z122,AE122,AJ122,AO122,AT122),"-") -> - | J122: =IFERROR(AVERAGE(Q122,V122,AA122,AF122,AK122,AP122,AU122),"-") -> - | K122: =IFERROR(AVERAGE(R122,W122,AB122,AG122,AL122,AQ122,AV122),"-") -> - | M122: =RANK(K122, K$112:$K$141) -> #VALUE! | S122: =RANK(R122, R$112:R$141) -> #N/A | X122: =RANK(W122, W$112:W$141) -> #N/A | AC122: =RANK(AB122, AB$112:AB$141) -> #N/A | AH122: =RANK(AG122, AG$112:AG$141) -> #N/A | AM122: =RANK(AL122, AL$112:AL$141) -> #N/A | AR122: =RANK(AQ122, AQ$112:AQ$141) -> #N/A | AW122: =RANK(AV122, AV$112:AV$141) -> #N/A | AZ122: =RANK(AY122, AY$112:AY$141) -> #N/A
C123: 12 | I123: =IFERROR(AVERAGE(P123,U123,Z123,AE123,AJ123,AO123,AT123),"-") -> - | J123: =IFERROR(AVERAGE(Q123,V123,AA123,AF123,AK123,AP123,AU123),"-") -> - | K123: =IFERROR(AVERAGE(R123,W123,AB123,AG123,AL123,AQ123,AV123),"-") -> - | M123: =RANK(K123, K$112:$K$141) -> #VALUE! | S123: =RANK(R123, R$112:R$141) -> #N/A | X123: =RANK(W123, W$112:W$141) -> #N/A | AC123: =RANK(AB123, AB$112:AB$141) -> #N/A | AH123: =RANK(AG123, AG$112:AG$141) -> #N/A | AM123: =RANK(AL123, AL$112:AL$141) -> #N/A | AR123: =RANK(AQ123, AQ$112:AQ$141) -> #N/A | AW123: =RANK(AV123, AV$112:AV$141) -> #N/A | AZ123: =RANK(AY123, AY$112:AY$141) -> #N/A
...

Sheet （５-2）品群別人時生產性（18-壽司手卷)
B1: 月平均人時性 | C1: =AVERAGE(L7,L27,L47,L87,L87,L107) -> 175.26729
B2: 產線配置圖－每週更新 | N2: 資料繳交 | O2: 日期 | P2: 46112 | U2: =P2+1 -> 46113 | Z2: =U2+1 -> 46114 | AE2: =Z2+1 -> 46115 | AJ2: =AE2+1 -> 46116 | AO2: =AJ2+1 -> 46117 | AT2: =AO2+1 -> 46118
P3: 二 | U3: 三 | Z3: 四 | AE3: 五 | AJ3: 六 | AO3: 日 | AT3: 一
B4: 品群 | C4: 商品名稱 | E4: 計畫 | H4: 平均人時性 | I4: 實績 | L4: 平均人時性 | M4: 排名 | O4: 日報 | P4: 實際 | T4: 平均人時性 | U4: 實際 | Y4: 平均人時性 | Z4: 實際 | AD4: 平均人時性 | AE4: 實際 | AI4: 平均人時性 | AJ4: 實際 | AN4: 平均人時性 | AO4: 實際 | AS4: 平均人時性 | AT4: 實際 | AX4: 平均人時性 | BA4: 平均人時性
E5: 產線配置圖 | I5: 產線配置圖 | P5: 生產實績 | U5: 生產實績 | Z5: 生產實績 | AE5: 生產實績 | AJ5: 生產實績 | AO5: 生產實績 | AT5: 生產實績
E6: 人數 | F6: 產能／時 | G6: 人時性 | I6: 人數 | J6: 產能／時 | K6: 人時性 | P6: 人數 | Q6: 產能／時 | R6: 人時性 | S6: 排名 | U6: 人數 | V6: 產能／時 | W6: 人時性 | X6: 排名 | Z6: 人數 | AA6: 產能／時 | AB6: 人時性 | AC6: 排名 | AE6: 人數 | AF6: 產能／時 | AG6: 人時性 | AH6: 排名 | AJ6: 人數 | AK6: 產能／時 | AL6: 人時性 | AM6: 排名 | AO6: 人數 | AP6: 產能／時 | AQ6: 人時性 | AR6: 排名 | AT6: 人數 | AU6: 產能／時 | AV6: 人時性 | AW6: 排名 | AZ6: 排名
B7: 18℃-壽司手卷 | C7: 1 | D7: 長野稻荷壽司 | E7: 10 | F7: 1500 | G7: 150 | H7: =AVERAGE(G7:G21) -> 157.14286 | I7: =IFERROR(AVERAGE(P7,U7,Z7,AE7,AJ7,AO7,AT7),"-") -> 10 | J7: =IFERROR(AVERAGE(Q7,V7,AA7,AF7,AK7,AP7,AU7),"-") -> 1516.1143 | K7: =IFERROR(AVERAGE(R7,W7,AB7,AG7,AL7,AQ7,AV7),"-") -> 151.61143 | L7: =IFERROR(AVERAGE(K7:K21),"-") -> 170.93068 | M7: =RANK(K7, K$7:$K$21) -> 4 | P7: 10 | Q7: 1593.6 | R7: 159.36 | S7: =RANK(R7, R$7:R$21) -> 3 | T7: =AVERAGE(R7:R21) -> 168.74554 | U7: 10 | V7: 1461.6 | W7: 146.16 | X7: =RANK(W7, W$7:W$21) -> 5 | Y7: =AVERAGE(W7:W21) -> 172.82072 | Z7: 10 | AA7: 1602 | AB7: 160.2 | AC7: =RANK(AB7, AB$7:AB$21) -> 3 | AD7: =AVERAGE(AB7:AB21) -> 169.14286 | AE7: 10 | AF7: 1533 | AG7: 153.3 | AH7: =RANK(AG7, AG$7:AG$21) -> 4 | AI7: =AVERAGE(AG7:AG21) -> 173.65831 | AJ7: 10 | AK7: 1356 | AL7: 135.6 | AM7: =RANK(AL7, AL$7:AL$21) -> 5 | AN7: =AVERAGE(AL7:AL21) -> 165.15879 | AO7: 10 | AP7: 1545 | AQ7: 154.5 | AR7: =RANK(AQ7, AQ$7:AQ$21) -> 4 | AS7: =AVERAGE(AQ7:AQ21) -> 180.05456 | AT7: 10 | AU7: 1521.6 | AV7: 152.16 | AW7: =RANK(AV7, AV$7:AV$21) -> 3 | AX7: =AVERAGE(AV7:AV21) -> 166.93397 | AZ7: =RANK(AY7, AY$7:AY$21) -> #N/A | BA7: =AVERAGE(AY7:AY21) -> #DIV/0!
C8: 2 | D8: 雙饗雙手卷 | E8: 15 | F8: 1800 | G8: 120 | I8: =IFERROR(AVERAGE(P8,U8,Z8,AE8,AJ8,AO8,AT8),"-") -> 12.142857 | J8: =IFERROR(AVERAGE(Q8,V8,AA8,AF8,AK8,AP8,AU8),"-") -> 1776.9966 | K8: =IFERROR(AVERAGE(R8,W8,AB8,AG8,AL8,AQ8,AV8),"-") -> 146.48415 | M8: =RANK(K8, K$7:$K$21) -> 5 | P8: 12 | Q8: 1797.1429 | R8: 149.7619 | S8: =RANK(R8, R$7:R$21) -> 5 | U8: 12 | V8: 1813.5 | W8: 151.125 | X8: =RANK(W8, W$7:W$21) -> 4 | Z8: 12 | AA8: 1791 | AB8: 149.25 | AC8: =RANK(AB8, AB$7:AB$21) -> 5 | AE8: 12 | AF8: 1837.5 | AG8: 153.125 | AH8: =RANK(AG8, AG$7:AG$21) -> 5 | AJ8: 12 | AK8: 1732.5 | AL8: 144.375 | AM8: =RANK(AL8, AL$7:AL$21) -> 4 | AO8: 13 | AP8: 1746 | AQ8: 134.30769 | AR8: =RANK(AQ8, AQ$7:AQ$21) -> 6 | AT8: 12 | AU8: 1721.3333 | AV8: 143.44444 | AW8: =RANK(AV8, AV$7:AV$21) -> 5 | AZ8: =RANK(AY8, AY$7:AY$21) -> #N/A
C9: 3 | D9: 海饌雙手卷 | E9: 15 | F9: 1800 | G9: 120 | I9: =IFERROR(AVERAGE(P9,U9,Z9,AE9,AJ9,AO9,AT9),"-") -> 12.142857 | J9: =IFERROR(AVERAGE(Q9,V9,AA9,AF9,AK9,AP9,AU9),"-") -> 1841.8167 | K9: =IFERROR(AVERAGE(R9,W9,AB9,AG9,AL9,AQ9,AV9),"-") -> 151.81028 | M9: =RANK(K9, K$7:$K$21) -> 3 | P9: 12 | Q9: 1834.8837 | R9: 152.90698 | S9: =RANK(R9, R$7:R$21) -> 4 | U9: 12 | V9: 1909.5 | W9: 159.125 | X9: =RANK(W9, W$7:W$21) -> 3 | Z9: 12 | AA9: 1885.5 | AB9: 157.125 | AC9: =RANK(AB9, AB$7:AB$21) -> 4 | AE9: 12 | AF9: 1852.5 | AG9: 154.375 | AH9: =RANK(AG9, AG$7:AG$21) -> 3 | AJ9: 12 | AK9: 1816.5 | AL9: 151.375 | AM9: =RANK(AL9, AL$7:AL$21) -> 3 | AO9: 13 | AP9: 1828.5 | AQ9: 140.65385 | AR9: =RANK(AQ9, AQ$7:AQ$21) -> 5 | AT9: 12 | AU9: 1765.3333 | AV9: 147.11111 | AW9: =RANK(AV9, AV$7:AV$21) -> 4 | AZ9: =RANK(AY9, AY$7:AY$21) -> #N/A
C10: 4 | D10: 雙鬆細卷 | E10: 6 | F10: 1500 | G10: 250 | I10: =IFERROR(AVERAGE(P10,U10,Z10,AE10,AJ10,AO10,AT10),"-") -> 6 | J10: =IFERROR(AVERAGE(Q10,V10,AA10,AF10,AK10,AP10,AU10),"-") -> 1513.417 | K10: =IFERROR(AVERAGE(R10,W10,AB10,AG10,AL10,AQ10,AV10),"-") -> 252.23617 | M10: =RANK(K10, K$7:$K$21) -> 2 | P10: 6 | Q10: 1430.5263 | R10: 238.42105 | S10: =RANK(R10, R$7:R$21) -> 2 | U10: 6 | V10: 1567.5 | W10: 261.25 | X10: =RANK(W10, W$7:W$21) -> 2 | Z10: 6 | AA10: 1473.75 | AB10: 245.625 | AC10: =RANK(AB10, AB$7:AB$21) -> 2 | AE10: 6 | AF10: 1568.5714 | AG10: 261.42857 | AH10: =RANK(AG10, AG$7:AG$21) -> 2 | AJ10: 6 | AK10: 1545 | AL10: 257.5 | AM10: =RANK(AL10, AL$7:AL$21) -> 2 | AO10: 6 | AP10: 1508.5714 | AQ10: 251.42857 | AR10: =RANK(AQ10, AQ$7:AQ$21) -> 2 | AT10: 6 | AU10: 1500 | AV10: 250 | AW10: =RANK(AV10, AV$7:AV$21) -> 2 | AZ10: =RANK(AY10, AY$7:AY$21) -> #N/A
C11: 5 | D11: 經典鮪魚沙拉細卷 | E11: 5 | F11: 1500 | G11: 300 | I11: =IFERROR(AVERAGE(P11,U11,Z11,AE11,AJ11,AO11,AT11),"-") -> 5 | J11: =IFERROR(AVERAGE(Q11,V11,AA11,AF11,AK11,AP11,AU11),"-") -> 1507.1334 | K11: =IFERROR(AVERAGE(R11,W11,AB11,AG11,AL11,AQ11,AV11),"-") -> 301.42669 | M11: =RANK(K11, K$7:$K$21) -> 1 | P11: 5 | Q11: 1476 | R11: 295.2 | S11: =RANK(R11, R$7:R$21) -> 1 | U11: 5 | V11: 1522.2222 | W11: 304.44444 | X11: =RANK(W11, W$7:W$21) -> 1 | Z11: 5 | AA11: 1495 | AB11: 299 | AC11: =RANK(AB11, AB$7:AB$21) -> 1 | AE11: 5 | AF11: 1554.7826 | AG11: 310.95652 | AH11: =RANK(AG11, AG$7:AG$21) -> 1 | AJ11: 5 | AK11: 1509 | AL11: 301.8 | AM11: =RANK(AL11, AL$7:AL$21) -> 1 | AO11: 5 | AP11: 1521.8182 | AQ11: 304.36364 | AR11: =RANK(AQ11, AQ$7:AQ$21) -> 1 | AT11: 5 | AU11: 1471.1111 | AV11: 294.22222 | AW11: =RANK(AV11, AV$7:AV$21) -> 1 | AZ11: =RANK(AY11, AY$7:AY$21) -> #N/A
C12: 6 | D12: 日式鮪魚美乃滋脆卷 | E12: 15 | F12: 1200 | G12: 80 | I12: =IFERROR(AVERAGE(P12,U12,Z12,AE12,AJ12,AO12,AT12),"-") -> 13 | J12: =IFERROR(AVERAGE(Q12,V12,AA12,AF12,AK12,AP12,AU12),"-") -> 1323.8224 | K12: =IFERROR(AVERAGE(R12,W12,AB12,AG12,AL12,AQ12,AV12),"-") -> 101.8325 | M12: =RANK(K12, K$7:$K$21) -> 6 | P12: 13 | Q12: 1246.5 | R12: 95.884615 | S12: =RANK(R12, R$7:R$21) -> 6 | U12: 13 | V12: 1254.8571 | W12: 96.527473 | X12: =RANK(W12, W$7:W$21) -> 6 | Z12: 13 | AA12: 1058.4 | AB12: 81.415385 | AC12: =RANK(AB12, AB$7:AB$21) -> 7 | AE12: 13 | AF12: 1158 | AG12: 89.076923 | AH12: =RANK(AG12, AG$7:AG$21) -> 7 | AJ12: 13 | AK12: 987 | AL12: 75.923077 | AM12: =RANK(AL12, AL$7:AL$21) -> 7 | AO12: 13 | AP12: 2466 | AQ12: 189.69231 | AR12: =RANK(AQ12, AQ$7:AQ$21) -> 3 | AT12: 13 | AU12: 1096 | AV12: 84.307692 | AW12: =RANK(AV12, AV$7:AV$21) -> 7 | AZ12: =RANK(AY12, AY$7:AY$21) -> #N/A
C13: 7 | D13: 銀鮭美乃滋脆卷 | E13: 15 | F13: 1200 | G13: 80 | I13: =IFERROR(AVERAGE(P13,U13,Z13,AE13,AJ13,AO13,AT13),"-") -> 13 | J13: =IFERROR(AVERAGE(Q13,V13,AA13,AF13,AK13,AP13,AU13),"-") -> 1184.476 | K13: =IFERROR(AVERAGE(R13,W13,AB13,AG13,AL13,AQ13,AV13),"-") -> 91.113538 | M13: =RANK(K13, K$7:$K$21) -> 7 | P13: 13 | Q13: 1165.8947 | R13: 89.684211 | S13: =RANK(R13, R$7:R$21) -> 7 | U13: 13 | V13: 1184.4706 | W13: 91.113122 | X13: =RANK(W13, W$7:W$21) -> 7 | Z13: 13 | AA13: 1188 | AB13: 91.384615 | AC13: =RANK(AB13, AB$7:AB$21) -> 6 | AE13: 13 | AF13: 1213.5 | AG13: 93.346154 | AH13: =RANK(AG13, AG$7:AG$21) -> 6 | AJ13: 13 | AK13: 1164 | AL13: 89.538462 | AM13: =RANK(AL13, AL$7:AL$21) -> 6 | AO13: 13 | AP13: 1110.6667 | AQ13: 85.435897 | AR13: =RANK(AQ13, AQ$7:AQ$21) -> 7 | AT13: 13 | AU13: 1264.8 | AV13: 97.292308 | AW13: =RANK(AV13, AV$7:AV$21) -> 6 | AZ13: =RANK(AY13, AY$7:AY$21) -> #N/A
C14: 8 | I14: =IFERROR(AVERAGE(P14,U14,Z14,AE14,AJ14,AO14,AT14),"-") -> - | J14: =IFERROR(AVERAGE(Q14,V14,AA14,AF14,AK14,AP14,AU14),"-") -> - | K14: =IFERROR(AVERAGE(R14,W14,AB14,AG14,AL14,AQ14,AV14),"-") -> - | M14: =RANK(K14, K$7:$K$21) -> #VALUE! | S14: =RANK(R14, R$7:R$21) -> #N/A | X14: =RANK(W14, W$7:W$21) -> #N/A | AC14: =RANK(AB14, AB$7:AB$21) -> #N/A | AH14: =RANK(AG14, AG$7:AG$21) -> #N/A | AM14: =RANK(AL14, AL$7:AL$21) -> #N/A | AR14: =RANK(AQ14, AQ$7:AQ$21) -> #N/A | AW14: =RANK(AV14, AV$7:AV$21) -> #N/A | AZ14: =RANK(AY14, AY$7:AY$21) -> #N/A
C15: 9 | I15: =IFERROR(AVERAGE(P15,U15,Z15,AE15,AJ15,AO15,AT15),"-") -> - | J15: =IFERROR(AVERAGE(Q15,V15,AA15,AF15,AK15,AP15,AU15),"-") -> - | K15: =IFERROR(AVERAGE(R15,W15,AB15,AG15,AL15,AQ15,AV15),"-") -> - | M15: =RANK(K15, K$7:$K$21) -> #VALUE! | S15: =RANK(R15, R$7:R$21) -> #N/A | X15: =RANK(W15, W$7:W$21) -> #N/A | AC15: =RANK(AB15, AB$7:AB$21) -> #N/A | AH15: =RANK(AG15, AG$7:AG$21) -> #N/A | AM15: =RANK(AL15, AL$7:AL$21) -> #N/A | AR15: =RANK(AQ15, AQ$7:AQ$21) -> #N/A | AW15: =RANK(AV15, AV$7:AV$21) -> #N/A | AZ15: =RANK(AY15, AY$7:AY$21) -> #N/A
C16: 10 | I16: =IFERROR(AVERAGE(P16,U16,Z16,AE16,AJ16,AO16,AT16),"-") -> - | J16: =IFERROR(AVERAGE(Q16,V16,AA16,AF16,AK16,AP16,AU16),"-") -> - | K16: =IFERROR(AVERAGE(R16,W16,AB16,AG16,AL16,AQ16,AV16),"-") -> - | M16: =RANK(K16, K$7:$K$21) -> #VALUE! | S16: =RANK(R16, R$7:R$21) -> #N/A | X16: =RANK(W16, W$7:W$21) -> #N/A | AC16: =RANK(AB16, AB$7:AB$21) -> #N/A | AH16: =RANK(AG16, AG$7:AG$21) -> #N/A | AM16: =RANK(AL16, AL$7:AL$21) -> #N/A | AR16: =RANK(AQ16, AQ$7:AQ$21) -> #N/A | AW16: =RANK(AV16, AV$7:AV$21) -> #N/A | AZ16: =RANK(AY16, AY$7:AY$21) -> #N/A
C17: 11 | I17: =IFERROR(AVERAGE(P17,U17,Z17,AE17,AJ17,AO17,AT17),"-") -> - | J17: =IFERROR(AVERAGE(Q17,V17,AA17,AF17,AK17,AP17,AU17),"-") -> - | K17: =IFERROR(AVERAGE(R17,W17,AB17,AG17,AL17,AQ17,AV17),"-") -> - | M17: =RANK(K17, K$7:$K$21) -> #VALUE! | S17: =RANK(R17, R$7:R$21) -> #N/A | X17: =RANK(W17, W$7:W$21) -> #N/A | AC17: =RANK(AB17, AB$7:AB$21) -> #N/A | AH17: =RANK(AG17, AG$7:AG$21) -> #N/A | AM17: =RANK(AL17, AL$7:AL$21) -> #N/A | AR17: =RANK(AQ17, AQ$7:AQ$21) -> #N/A | AW17: =RANK(AV17, AV$7:AV$21) -> #N/A | AZ17: =RANK(AY17, AY$7:AY$21) -> #N/A
C18: 12 | I18: =IFERROR(AVERAGE(P18,U18,Z18,AE18,AJ18,AO18,AT18),"-") -> - | J18: =IFERROR(AVERAGE(Q18,V18,AA18,AF18,AK18,AP18,AU18),"-") -> - | K18: =IFERROR(AVERAGE(R18,W18,AB18,AG18,AL18,AQ18,AV18),"-") -> - | M18: =RANK(K18, K$7:$K$21) -> #VALUE! | S18: =RANK(R18, R$7:R$21) -> #N/A | X18: =RANK(W18, W$7:W$21) -> #N/A | AC18: =RANK(AB18, AB$7:AB$21) -> #N/A | AH18: =RANK(AG18, AG$7:AG$21) -> #N/A | AM18: =RANK(AL18, AL$7:AL$21) -> #N/A | AR18: =RANK(AQ18, AQ$7:AQ$21) -> #N/A | AW18: =RANK(AV18, AV$7:AV$21) -> #N/A | AZ18: =RANK(AY18, AY$7:AY$21) -> #N/A
C19: 13 | I19: =IFERROR(AVERAGE(P19,U19,Z19,AE19,AJ19,AO19,AT19),"-") -> - | J19: =IFERROR(AVERAGE(Q19,V19,AA19,AF19,AK19,AP19,AU19),"-") -> - | K19: =IFERROR(AVERAGE(R19,W19,AB19,AG19,AL19,AQ19,AV19),"-") -> - | M19: =RANK(K19, K$7:$K$21) -> #VALUE! | S19: =RANK(R19, R$7:R$21) -> #N/A | X19: =RANK(W19, W$7:W$21) -> #N/A | AC19: =RANK(AB19, AB$7:AB$21) -> #N/A | AH19: =RANK(AG19, AG$7:AG$21) -> #N/A | AM19: =RANK(AL19, AL$7:AL$21) -> #N/A | AR19: =RANK(AQ19, AQ$7:AQ$21) -> #N/A | AW19: =RANK(AV19, AV$7:AV$21) -> #N/A | AZ19: =RANK(AY19, AY$7:AY$21) -> #N/A
C20: 14 | I20: =IFERROR(AVERAGE(P20,U20,Z20,AE20,AJ20,AO20,AT20),"-") -> - | J20: =IFERROR(AVERAGE(Q20,V20,AA20,AF20,AK20,AP20,AU20),"-") -> - | K20: =IFERROR(AVERAGE(R20,W20,AB20,AG20,AL20,AQ20,AV20),"-") -> - | M20: =RANK(K20, K$7:$K$21) -> #VALUE! | S20: =RANK(R20, R$7:R$21) -> #N/A | X20: =RANK(W20, W$7:W$21) -> #N/A | AC20: =RANK(AB20, AB$7:AB$21) -> #N/A | AH20: =RANK(AG20, AG$7:AG$21) -> #N/A | AM20: =RANK(AL20, AL$7:AL$21) -> #N/A | AR20: =RANK(AQ20, AQ$7:AQ$21) -> #N/A | AW20: =RANK(AV20, AV$7:AV$21) -> #N/A | AZ20: =RANK(AY20, AY$7:AY$21) -> #N/A
C21: 15 | I21: =IFERROR(AVERAGE(P21,U21,Z21,AE21,AJ21,AO21,AT21),"-") -> - | J21: =IFERROR(AVERAGE(Q21,V21,AA21,AF21,AK21,AP21,AU21),"-") -> - | K21: =IFERROR(AVERAGE(R21,W21,AB21,AG21,AL21,AQ21,AV21),"-") -> - | M21: =RANK(K21, K$7:$K$21) -> #VALUE! | S21: =RANK(R21, R$7:R$21) -> #N/A | X21: =RANK(W21, W$7:W$21) -> #N/A | AC21: =RANK(AB21, AB$7:AB$21) -> #N/A | AH21: =RANK(AG21, AG$7:AG$21) -> #N/A | AM21: =RANK(AL21, AL$7:AL$21) -> #N/A | AR21: =RANK(AQ21, AQ$7:AQ$21) -> #N/A | AW21: =RANK(AV21, AV$7:AV$21) -> #N/A | AZ21: =RANK(AY21, AY$7:AY$21) -> #N/A
B22: 產線配置圖－每週更新 | N22: 資料繳交 | O22: 日期 | P22: =P2+7 -> 46119 | U22: =P22+1 -> 46120 | Z22: =U22+1 -> 46121 | AE22: =Z22+1 -> 46122 | AJ22: =AE22+1 -> 46123 | AO22: =AJ22+1 -> 46124 | AT22: =AO22+1 -> 46125
P23: 二 | U23: 三 | Z23: 四 | AE23: 五 | AJ23: 六 | AO23: 日 | AT23: 一
B24: 品群 | C24: 商品名稱 | E24: 計畫 | H24: 平均人時性 | I24: 實績 | L24: 平均人時性 | M24: 排名 | O24: 日報 | P24: 實際 | T24: 平均人時性 | U24: 實際 | Y24: 平均人時性 | Z24: 實際 | AD24: 平均人時性 | AE24: 實際 | AI24: 平均人時性 | AJ24: 實際 | AN24: 平均人時性 | AO24: 實際 | AS24: 平均人時性 | AT24: 實際 | AX24: 平均人時性 | BA24: 平均人時性
E25: 產線配置圖 | I25: 產線配置圖 | P25: 生產實績 | U25: 生產實績 | Z25: 生產實績 | AE25: 生產實績 | AJ25: 生產實績 | AO25: 生產實績 | AT25: 生產實績
E26: 人數 | F26: 產能／時 | G26: 人時性 | I26: 人數 | J26: 產能／時 | K26: 人時性 | P26: 人數 | Q26: 產能／時 | R26: 人時性 | S26: 排名 | U26: 人數 | V26: 產能／時 | W26: 人時性 | X26: 排名 | Z26: 人數 | AA26: 產能／時 | AB26: 人時性 | AC26: 排名 | AE26: 人數 | AF26: 產能／時 | AG26: 人時性 | AH26: 排名 | AJ26: 人數 | AK26: 產能／時 | AL26: 人時性 | AM26: 排名 | AO26: 人數 | AP26: 產能／時 | AQ26: 人時性 | AR26: 排名 | AT26: 人數 | AU26: 產能／時 | AV26: 人時性 | AW26: 排名 | AZ26: 排名
B27: 18℃-壽司手卷 | C27: 1 | D27: 長野稻荷壽司 | E27: 10 | F27: 1500 | G27: 150 | H27: =AVERAGE(G27:G41) -> 157.14286 | I27: =IFERROR(AVERAGE(P27,U27,Z27,AE27,AJ27,AO27,AT27),"-") -> 10 | J27: =IFERROR(AVERAGE(Q27,V27,AA27,AF27,AK27,AP27,AU27),"-") -> 1319.9803 | K27: =IFERROR(AVERAGE(R27,W27,AB27,AG27,AL27,AQ27,AV27),"-") -> 131.99803 | L27: =IFERROR(AVERAGE(K27:K41),"-") -> 179.6039 | M27: =RANK(K27, K$27:$K$41) -> 5 | P27: 10 | Q27: 1380 | R27: 138 | S27: =RANK(R27, R$27:R$41) -> 5 | T27: =AVERAGE(R27:R41) -> 187.62466 | U27: 10 | V27: 1339.2 | W27: 133.92 | X27: =RANK(W27, W$27:W$41) -> 5 | Y27: =AVERAGE(W27:W41) -> 187.37586 | Z27: 10 | AA27: 1246.1538 | AB27: 124.61538 | AC27: =RANK(AB27, AB$27:AB$41) -> 5 | AD27: =AVERAGE(AB27:AB41) -> 180.96559 | AE27: 10 | AF27: 1288.6957 | AG27: 128.86957 | AH27: =RANK(AG27, AG$27:AG$41) -> 5 | AI27: =AVERAGE(AG27:AG41) -> 163.33655 | AJ27: 10 | AK27: 1360 | AL27: 136 | AM27: =RANK(AL27, AL$27:AL$41) -> 5 | AN27: =AVERAGE(AL27:AL41) -> 175.63559 | AO27: 10 | AP27: 1297.2414 | AQ27: 129.72414 | AR27: =RANK(AQ27, AQ$27:AQ$41) -> 5 | AS27: =AVERAGE(AQ27:AQ41) -> 182.33914 | AT27: 10 | AU27: 1328.5714 | AV27: 132.85714 | AW27: =RANK(AV27, AV$27:AV$41) -> 5 | AX27: =AVERAGE(AV27:AV41) -> 179.94992 | AZ27: =RANK(AY27, AY$27:AY$41) -> #N/A | BA27: =AVERAGE(AY27:AY41) -> #DIV/0!
C28: 2 | D28: 雙饗雙手卷 | E28: 15 | F28: 1800 | G28: 120 | I28: =IFERROR(AVERAGE(P28,U28,Z28,AE28,AJ28,AO28,AT28),"-") -> 12.714286 | J28: =IFERROR(AVERAGE(Q28,V28,AA28,AF28,AK28,AP28,AU28),"-") -> 2471.1759 | K28: =IFERROR(AVERAGE(R28,W28,AB28,AG28,AL28,AQ28,AV28),"-") -> 194.65626 | M28: =RANK(K28, K$27:$K$41) -> 3 | P28: 12 | Q28: 2476.6667 | R28: 206.38889 | S28: =RANK(R28, R$27:R$41) -> 3 | U28: 12 | V28: 2509.2 | W28: 209.1 | X28: =RANK(W28, W$27:W$41) -> 3 | Z28: 13 | AA28: 2498.4 | AB28: 192.18462 | AC28: =RANK(AB28, AB$27:AB$41) -> 4 | AE28: 13 | AF28: 2420.25 | AG28: 186.17308 | AH28: =RANK(AG28, AG$27:AG$41) -> 3 | AJ28: 13 | AK28: 2450.4 | AL28: 188.49231 | AM28: =RANK(AL28, AL$27:AL$41) -> 3 | AO28: 13 | AP28: 2509.7143 | AQ28: 193.05495 | AR28: =RANK(AQ28, AQ$27:AQ$41) -> 3 | AT28: 13 | AU28: 2433.6 | AV28: 187.2 | AW28: =RANK(AV28, AV$27:AV$41) -> 4 | AZ28: =RANK(AY28, AY$27:AY$41) -> #N/A
C29: 3 | D29: 海饌雙手卷 | E29: 15 | F29: 1800 | G29: 120 | I29: =IFERROR(AVERAGE(P29,U29,Z29,AE29,AJ29,AO29,AT29),"-") -> 12.714286 | J29: =IFERROR(AVERAGE(Q29,V29,AA29,AF29,AK29,AP29,AU29),"-") -> 2407.6571 | K29: =IFERROR(AVERAGE(R29,W29,AB29,AG29,AL29,AQ29,AV29),"-") -> 189.742 | M29: =RANK(K29, K$27:$K$41) -> 4 | P29: 12 | Q29: 2468.6667 | R29: 205.72222 | S29: =RANK(R29, R$27:R$41) -> 4 | U29: 12 | V29: 2486.4 | W29: 207.2 | X29: =RANK(W29, W$27:W$41) -> 4 | Z29: 13 | AA29: 2503.2 | AB29: 192.55385 | AC29: =RANK(AB29, AB$27:AB$41) -> 3 | AE29: 13 | AF29: 2095.3333 | AG29: 161.17949 | AH29: =RANK(AG29, AG$27:AG$41) -> 4 | AJ29: 13 | AK29: 2364.8 | AL29: 181.90769 | AM29: =RANK(AL29, AL$27:AL$41) -> 4 | AO29: 13 | AP29: 2488 | AQ29: 191.38462 | AR29: =RANK(AQ29, AQ$27:AQ$41) -> 4 | AT29: 13 | AU29: 2447.2 | AV29: 188.24615 | AW29: =RANK(AV29, AV$27:AV$41) -> 3 | AZ29: =RANK(AY29, AY$27:AY$41) -> #N/A
C30: 4 | D30: 雙鬆細卷 | E30: 6 | F30: 1500 | G30: 250 | I30: =IFERROR(AVERAGE(P30,U30,Z30,AE30,AJ30,AO30,AT30),"-") -> 6 | J30: =IFERROR(AVERAGE(Q30,V30,AA30,AF30,AK30,AP30,AU30),"-") -> 1557.4029 | K30: =IFERROR(AVERAGE(R30,W30,AB30,AG30,AL30,AQ30,AV30),"-") -> 259.56715 | M30: =RANK(K30, K$27:$K$41) -> 2 | P30: 6 | Q30: 1606.1538 | R30: 267.69231 | S30: =RANK(R30, R$27:R$41) -> 2 | U30: 6 | V30: 1517.1429 | W30: 252.85714 | X30: =RANK(W30, W$27:W$41) -> 2 | Z30: 6 | AA30: 1594.2857 | AB30: 265.71429 | AC30: =RANK(AB30, AB$27:AB$41) -> 2 | AE30: 6 | AF30: 1510 | AG30: 251.66667 | AH30: =RANK(AG30, AG$27:AG$41) -> 2 | AJ30: 6 | AK30: 1494.5455 | AL30: 249.09091 | AM30: =RANK(AL30, AL$27:AL$41) -> 2 | AO30: 6 | AP30: 1592 | AQ30: 265.33333 | AR30: =RANK(AQ30, AQ$27:AQ$41) -> 2 | AT30: 6 | AU30: 1587.6923 | AV30: 264.61538 | AW30: =RANK(AV30, AV$27:AV$41) -> 2 | AZ30: =RANK(AY30, AY$27:AY$41) -> #N/A
C31: 5 | D31: 經典鮪魚沙拉細卷 | E31: 5 | F31: 1500 | G31: 300 | I31: =IFERROR(AVERAGE(P31,U31,Z31,AE31,AJ31,AO31,AT31),"-") -> 5 | J31: =IFERROR(AVERAGE(Q31,V31,AA31,AF31,AK31,AP31,AU31),"-") -> 1523.5359 | K31: =IFERROR(AVERAGE(R31,W31,AB31,AG31,AL31,AQ31,AV31),"-") -> 304.70719 | M31: =RANK(K31, K$27:$K$41) -> 1 | P31: 5 | Q31: 1540 | R31: 308 | S31: =RANK(R31, R$27:R$41) -> 1 | U31: 5 | V31: 1505 | W31: 301 | X31: =RANK(W31, W$27:W$41) -> 1 | Z31: 5 | AA31: 1562.6087 | AB31: 312.52174 | AC31: =RANK(AB31, AB$27:AB$41) -> 1 | AE31: 5 | AF31: 1517.1429 | AG31: 303.42857 | AH31: =RANK(AG31, AG$27:AG$41) -> 1 | AJ31: 5 | AK31: 1461 | AL31: 292.2 | AM31: =RANK(AL31, AL$27:AL$41) -> 1 | AO31: 5 | AP31: 1524 | AQ31: 304.8 | AR31: =RANK(AQ31, AQ$27:AQ$41) -> 1 | AT31: 5 | AU31: 1555 | AV31: 311 | AW31: =RANK(AV31, AV$27:AV$41) -> 1 | AZ31: =RANK(AY31, AY$27:AY$41) -> #N/A
C32: 6 | D32: 日式鮪魚美乃滋脆卷 | E32: 15 | F32: 1200 | G32: 80 | I32: =IFERROR(AVERAGE(P32,U32,Z32,AE32,AJ32,AO32,AT32),"-") -> 13 | J32: =IFERROR(AVERAGE(Q32,V32,AA32,AF32,AK32,AP32,AU32),"-") -> 1104.1 | K32: =IFERROR(AVERAGE(R32,W32,AB32,AG32,AL32,AQ32,AV32),"-") -> 84.930769 | M32: =RANK(K32, K$27:$K$41) -> 7 | P32: 13 | Q32: 1195.2 | R32: 91.938462 | S32: =RANK(R32, R$27:R$41) -> 7 | U32: 13 | V32: 1503 | W32: 115.61538 | X32: =RANK(W32, W$27:W$41) -> 6 | Z32: 13 | AA32: 1152 | AB32: 88.615385 | AC32: =RANK(AB32, AB$27:AB$41) -> 7 | AE32: 13 | AF32: 271.5 | AG32: 20.884615 | AH32: =RANK(AG32, AG$27:AG$41) -> 7 | AJ32: 13 | AK32: 1204 | AL32: 92.615385 | AM32: =RANK(AL32, AL$27:AL$41) -> 6 | AO32: 13 | AP32: 1269 | AQ32: 97.615385 | AR32: =RANK(AQ32, AQ$27:AQ$41) -> 6 | AT32: 13 | AU32: 1134 | AV32: 87.230769 | AW32: =RANK(AV32, AV$27:AV$41) -> 7 | AZ32: =RANK(AY32, AY$27:AY$41) -> #N/A
C33: 7 | D33: 銀鮭美乃滋脆卷 | E33: 15 | F33: 1200 | G33: 80 | I33: =IFERROR(AVERAGE(P33,U33,Z33,AE33,AJ33,AO33,AT33),"-") -> 13 | J33: =IFERROR(AVERAGE(Q33,V33,AA33,AF33,AK33,AP33,AU33),"-") -> 1191.1367 | K33: =IFERROR(AVERAGE(R33,W33,AB33,AG33,AL33,AQ33,AV33),"-") -> 91.625903 | M33: =RANK(K33, K$27:$K$41) -> 6 | P33: 13 | Q33: 1243.2 | R33: 95.630769 | S33: =RANK(R33, R$27:R$41) -> 6 | U33: 13 | V33: 1195.2 | W33: 91.938462 | X33: =RANK(W33, W$27:W$41) -> 7 | Z33: 13 | AA33: 1177.2 | AB33: 90.553846 | AC33: =RANK(AB33, AB$27:AB$41) -> 6 | AE33: 13 | AF33: 1185 | AG33: 91.153846 | AH33: =RANK(AG33, AG$27:AG$41) -> 6 | AJ33: 13 | AK33: 1158.8571 | AL33: 89.142857 | AM33: =RANK(AL33, AL$27:AL$41) -> 7 | AO33: 13 | AP33: 1228 | AQ33: 94.461538 | AR33: =RANK(AQ33, AQ$27:AQ$41) -> 7 | AT33: 13 | AU33: 1150.5 | AV33: 88.5 | AW33: =RANK(AV33, AV$27:AV$41) -> 6 | AZ33: =RANK(AY33, AY$27:AY$41) -> #N/A
C34: 8 | I34: =IFERROR(AVERAGE(P34,U34,Z34,AE34,AJ34,AO34,AT34),"-") -> - | J34: =IFERROR(AVERAGE(Q34,V34,AA34,AF34,AK34,AP34,AU34),"-") -> - | K34: =IFERROR(AVERAGE(R34,W34,AB34,AG34,AL34,AQ34,AV34),"-") -> - | M34: =RANK(K34, K$27:$K$41) -> #VALUE! | S34: =RANK(R34, R$27:R$41) -> #VALUE! | X34: =RANK(W34, W$27:W$41) -> #VALUE! | AC34: =RANK(AB34, AB$27:AB$41) -> #VALUE! | AH34: =RANK(AG34, AG$27:AG$41) -> #VALUE! | AM34: =RANK(AL34, AL$27:AL$41) -> #VALUE! | AR34: =RANK(AQ34, AQ$27:AQ$41) -> #VALUE! | AW34: =RANK(AV34, AV$27:AV$41) -> #VALUE! | AZ34: =RANK(AY34, AY$27:AY$41) -> #N/A
C35: 9 | I35: =IFERROR(AVERAGE(P35,U35,Z35,AE35,AJ35,AO35,AT35),"-") -> - | J35: =IFERROR(AVERAGE(Q35,V35,AA35,AF35,AK35,AP35,AU35),"-") -> - | K35: =IFERROR(AVERAGE(R35,W35,AB35,AG35,AL35,AQ35,AV35),"-") -> - | M35: =RANK(K35, K$27:$K$41) -> #VALUE! | S35: =RANK(R35, R$27:R$41) -> #VALUE! | X35: =RANK(W35, W$27:W$41) -> #VALUE! | AC35: =RANK(AB35, AB$27:AB$41) -> #VALUE! | AH35: =RANK(AG35, AG$27:AG$41) -> #VALUE! | AM35: =RANK(AL35, AL$27:AL$41) -> #VALUE! | AR35: =RANK(AQ35, AQ$27:AQ$41) -> #VALUE! | AW35: =RANK(AV35, AV$27:AV$41) -> #VALUE! | AZ35: =RANK(AY35, AY$27:AY$41) -> #N/A
C36: 10 | I36: =IFERROR(AVERAGE(P36,U36,Z36,AE36,AJ36,AO36,AT36),"-") -> - | J36: =IFERROR(AVERAGE(Q36,V36,AA36,AF36,AK36,AP36,AU36),"-") -> - | K36: =IFERROR(AVERAGE(R36,W36,AB36,AG36,AL36,AQ36,AV36),"-") -> - | M36: =RANK(K36, K$27:$K$41) -> #VALUE! | S36: =RANK(R36, R$27:R$41) -> #VALUE! | X36: =RANK(W36, W$27:W$41) -> #VALUE! | AC36: =RANK(AB36, AB$27:AB$41) -> #VALUE! | AH36: =RANK(AG36, AG$27:AG$41) -> #VALUE! | AM36: =RANK(AL36, AL$27:AL$41) -> #VALUE! | AR36: =RANK(AQ36, AQ$27:AQ$41) -> #VALUE! | AW36: =RANK(AV36, AV$27:AV$41) -> #VALUE! | AZ36: =RANK(AY36, AY$27:AY$41) -> #N/A
C37: 11 | I37: =IFERROR(AVERAGE(P37,U37,Z37,AE37,AJ37,AO37,AT37),"-") -> - | J37: =IFERROR(AVERAGE(Q37,V37,AA37,AF37,AK37,AP37,AU37),"-") -> - | K37: =IFERROR(AVERAGE(R37,W37,AB37,AG37,AL37,AQ37,AV37),"-") -> - | M37: =RANK(K37, K$27:$K$41) -> #VALUE! | S37: =RANK(R37, R$27:R$41) -> #VALUE! | X37: =RANK(W37, W$27:W$41) -> #VALUE! | AC37: =RANK(AB37, AB$27:AB$41) -> #VALUE! | AH37: =RANK(AG37, AG$27:AG$41) -> #VALUE! | AM37: =RANK(AL37, AL$27:AL$41) -> #VALUE! | AR37: =RANK(AQ37, AQ$27:AQ$41) -> #VALUE! | AW37: =RANK(AV37, AV$27:AV$41) -> #VALUE! | AZ37: =RANK(AY37, AY$27:AY$41) -> #N/A
C38: 12 | I38: =IFERROR(AVERAGE(P38,U38,Z38,AE38,AJ38,AO38,AT38),"-") -> - | J38: =IFERROR(AVERAGE(Q38,V38,AA38,AF38,AK38,AP38,AU38),"-") -> - | K38: =IFERROR(AVERAGE(R38,W38,AB38,AG38,AL38,AQ38,AV38),"-") -> - | M38: =RANK(K38, K$27:$K$41) -> #VALUE! | S38: =RANK(R38, R$27:R$41) -> #VALUE! | X38: =RANK(W38, W$27:W$41) -> #VALUE! | AC38: =RANK(AB38, AB$27:AB$41) -> #VALUE! | AH38: =RANK(AG38, AG$27:AG$41) -> #VALUE! | AM38: =RANK(AL38, AL$27:AL$41) -> #VALUE! | AR38: =RANK(AQ38, AQ$27:AQ$41) -> #VALUE! | AW38: =RANK(AV38, AV$27:AV$41) -> #VALUE! | AZ38: =RANK(AY38, AY$27:AY$41) -> #N/A
C39: 13 | I39: =IFERROR(AVERAGE(P39,U39,Z39,AE39,AJ39,AO39,AT39),"-") -> - | J39: =IFERROR(AVERAGE(Q39,V39,AA39,AF39,AK39,AP39,AU39),"-") -> - | K39: =IFERROR(AVERAGE(R39,W39,AB39,AG39,AL39,AQ39,AV39),"-") -> - | M39: =RANK(K39, K$27:$K$41) -> #VALUE! | S39: =RANK(R39, R$27:R$41) -> #VALUE! | X39: =RANK(W39, W$27:W$41) -> #VALUE! | AC39: =RANK(AB39, AB$27:AB$41) -> #VALUE! | AH39: =RANK(AG39, AG$27:AG$41) -> #VALUE! | AM39: =RANK(AL39, AL$27:AL$41) -> #VALUE! | AR39: =RANK(AQ39, AQ$27:AQ$41) -> #VALUE! | AW39: =RANK(AV39, AV$27:AV$41) -> #VALUE! | AZ39: =RANK(AY39, AY$27:AY$41) -> #N/A
C40: 14 | I40: =IFERROR(AVERAGE(P40,U40,Z40,AE40,AJ40,AO40,AT40),"-") -> - | J40: =IFERROR(AVERAGE(Q40,V40,AA40,AF40,AK40,AP40,AU40),"-") -> - | K40: =IFERROR(AVERAGE(R40,W40,AB40,AG40,AL40,AQ40,AV40),"-") -> - | M40: =RANK(K40, K$27:$K$41) -> #VALUE! | S40: =RANK(R40, R$27:R$41) -> #VALUE! | X40: =RANK(W40, W$27:W$41) -> #VALUE! | AC40: =RANK(AB40, AB$27:AB$41) -> #VALUE! | AH40: =RANK(AG40, AG$27:AG$41) -> #VALUE! | AM40: =RANK(AL40, AL$27:AL$41) -> #VALUE! | AR40: =RANK(AQ40, AQ$27:AQ$41) -> #VALUE! | AW40: =RANK(AV40, AV$27:AV$41) -> #VALUE! | AZ40: =RANK(AY40, AY$27:AY$41) -> #N/A
C41: 15 | I41: =IFERROR(AVERAGE(P41,U41,Z41,AE41,AJ41,AO41,AT41),"-") -> - | J41: =IFERROR(AVERAGE(Q41,V41,AA41,AF41,AK41,AP41,AU41),"-") -> - | K41: =IFERROR(AVERAGE(R41,W41,AB41,AG41,AL41,AQ41,AV41),"-") -> - | M41: =RANK(K41, K$27:$K$41) -> #VALUE! | S41: =RANK(R41, R$27:R$41) -> #VALUE! | X41: =RANK(W41, W$27:W$41) -> #VALUE! | AC41: =RANK(AB41, AB$27:AB$41) -> #VALUE! | AH41: =RANK(AG41, AG$27:AG$41) -> #VALUE! | AM41: =RANK(AL41, AL$27:AL$41) -> #VALUE! | AR41: =RANK(AQ41, AQ$27:AQ$41) -> #VALUE! | AW41: =RANK(AV41, AV$27:AV$41) -> #VALUE! | AZ41: =RANK(AY41, AY$27:AY$41) -> #N/A
B42: 產線配置圖－每週更新 | N42: 資料繳交 | O42: 日期 | P42: =P22+7 -> 46126 | U42: =P42+1 -> 46127 | Z42: =U42+1 -> 46128 | AE42: =Z42+1 -> 46129 | AJ42: =AE42+1 -> 46130 | AO42: =AJ42+1 -> 46131 | AT42: =AO42+1 -> 46132
P43: 二 | U43: 三 | Z43: 四 | AE43: 五 | AJ43: 六 | AO43: 日 | AT43: 一
B44: 品群 | C44: 商品名稱 | E44: 計畫 | H44: 平均人時性 | I44: 實績 | L44: 平均人時性 | M44: 排名 | O44: 日報 | P44: 實際 | T44: 平均人時性 | U44: 實際 | Y44: 平均人時性 | Z44: 實際 | AD44: 平均人時性 | AE44: 實際 | AI44: 平均人時性 | AJ44: 實際 | AN44: 平均人時性 | AO44: 實際 | AS44: 平均人時性 | AT44: 實際 | AX44: 平均人時性 | BA44: 平均人時性
E45: 產線配置圖 | I45: 產線配置圖 | P45: 生產實績 | U45: 生產實績 | Z45: 生產實績 | AE45: 生產實績 | AJ45: 生產實績 | AO45: 生產實績 | AT45: 生產實績
E46: 人數 | F46: 產能／時 | G46: 人時性 | I46: 人數 | J46: 產能／時 | K46: 人時性 | P46: 人數 | Q46: 產能／時 | R46: 人時性 | S46: 排名 | U46: 人數 | V46: 產能／時 | W46: 人時性 | X46: 排名 | Z46: 人數 | AA46: 產能／時 | AB46: 人時性 | AC46: 排名 | AE46: 人數 | AF46: 產能／時 | AG46: 人時性 | AH46: 排名 | AJ46: 人數 | AK46: 產能／時 | AL46: 人時性 | AM46: 排名 | AO46: 人數 | AP46: 產能／時 | AQ46: 人時性 | AR46: 排名 | AT46: 人數 | AU46: 產能／時 | AV46: 人時性 | AW46: 排名 | AZ46: 排名
B47: 18℃-壽司手卷 | C47: 1 | H47: =AVERAGE(G47:G61) -> #DIV/0! | I47: =IFERROR(AVERAGE(P47,U47,Z47,AE47,AJ47,AO47,AT47),"-") -> - | J47: =IFERROR(AVERAGE(Q47,V47,AA47,AF47,AK47,AP47,AU47),"-") -> - | K47: =IFERROR(AVERAGE(R47,W47,AB47,AG47,AL47,AQ47,AV47),"-") -> - | L47: =IFERROR(AVERAGE(K47:K61),"-") -> - | M47: =RANK(K47, K$47:$K$61) -> #VALUE! | S47: =RANK(R47, R$47:R$61) -> #N/A | T47: =AVERAGE(R47:R61) -> #DIV/0! | X47: =RANK(W47, W$47:W$61) -> #N/A | Y47: =AVERAGE(W47:W61) -> #DIV/0! | AC47: =RANK(AB47, AB$47:AB$61) -> #N/A | AD47: =AVERAGE(AB47:AB61) -> #DIV/0! | AH47: =RANK(AG47, AG$47:AG$61) -> #N/A | AI47: =AVERAGE(AG47:AG61) -> #DIV/0! | AM47: =RANK(AL47, AL$47:AL$61) -> #N/A | AN47: =AVERAGE(AL47:AL61) -> #DIV/0! | AR47: =RANK(AQ47, AQ$47:AQ$61) -> #N/A | AS47: =AVERAGE(AQ47:AQ61) -> #DIV/0! | AW47: =RANK(AV47, AV$47:AV$61) -> #N/A | AX47: =AVERAGE(AV47:AV61) -> #DIV/0! | AZ47: =RANK(AY47, AY$47:AY$61) -> #N/A | BA47: =AVERAGE(AY47:AY61) -> #DIV/0!
C48: 2 | I48: =IFERROR(AVERAGE(P48,U48,Z48,AE48,AJ48,AO48,AT48),"-") -> - | J48: =IFERROR(AVERAGE(Q48,V48,AA48,AF48,AK48,AP48,AU48),"-") -> - | K48: =IFERROR(AVERAGE(R48,W48,AB48,AG48,AL48,AQ48,AV48),"-") -> - | M48: =RANK(K48, K$47:$K$61) -> #VALUE! | S48: =RANK(R48, R$47:R$61) -> #N/A | X48: =RANK(W48, W$47:W$61) -> #N/A | AC48: =RANK(AB48, AB$47:AB$61) -> #N/A | AH48: =RANK(AG48, AG$47:AG$61) -> #N/A | AM48: =RANK(AL48, AL$47:AL$61) -> #N/A | AR48: =RANK(AQ48, AQ$47:AQ$61) -> #N/A | AW48: =RANK(AV48, AV$47:AV$61) -> #N/A | AZ48: =RANK(AY48, AY$47:AY$61) -> #N/A
C49: 3 | I49: =IFERROR(AVERAGE(P49,U49,Z49,AE49,AJ49,AO49,AT49),"-") -> - | J49: =IFERROR(AVERAGE(Q49,V49,AA49,AF49,AK49,AP49,AU49),"-") -> - | K49: =IFERROR(AVERAGE(R49,W49,AB49,AG49,AL49,AQ49,AV49),"-") -> - | M49: =RANK(K49, K$47:$K$61) -> #VALUE! | S49: =RANK(R49, R$47:R$61) -> #N/A | X49: =RANK(W49, W$47:W$61) -> #N/A | AC49: =RANK(AB49, AB$47:AB$61) -> #N/A | AH49: =RANK(AG49, AG$47:AG$61) -> #N/A | AM49: =RANK(AL49, AL$47:AL$61) -> #N/A | AR49: =RANK(AQ49, AQ$47:AQ$61) -> #N/A | AW49: =RANK(AV49, AV$47:AV$61) -> #N/A | AZ49: =RANK(AY49, AY$47:AY$61) -> #N/A
C50: 4 | I50: =IFERROR(AVERAGE(P50,U50,Z50,AE50,AJ50,AO50,AT50),"-") -> - | J50: =IFERROR(AVERAGE(Q50,V50,AA50,AF50,AK50,AP50,AU50),"-") -> - | K50: =IFERROR(AVERAGE(R50,W50,AB50,AG50,AL50,AQ50,AV50),"-") -> - | M50: =RANK(K50, K$47:$K$61) -> #VALUE! | S50: =RANK(R50, R$47:R$61) -> #N/A | X50: =RANK(W50, W$47:W$61) -> #N/A | AC50: =RANK(AB50, AB$47:AB$61) -> #N/A | AH50: =RANK(AG50, AG$47:AG$61) -> #N/A | AM50: =RANK(AL50, AL$47:AL$61) -> #N/A | AR50: =RANK(AQ50, AQ$47:AQ$61) -> #N/A | AW50: =RANK(AV50, AV$47:AV$61) -> #N/A | AZ50: =RANK(AY50, AY$47:AY$61) -> #N/A
C51: 5 | I51: =IFERROR(AVERAGE(P51,U51,Z51,AE51,AJ51,AO51,AT51),"-") -> - | J51: =IFERROR(AVERAGE(Q51,V51,AA51,AF51,AK51,AP51,AU51),"-") -> - | K51: =IFERROR(AVERAGE(R51,W51,AB51,AG51,AL51,AQ51,AV51),"-") -> - | M51: =RANK(K51, K$47:$K$61) -> #VALUE! | S51: =RANK(R51, R$47:R$61) -> #N/A | X51: =RANK(W51, W$47:W$61) -> #N/A | AC51: =RANK(AB51, AB$47:AB$61) -> #N/A | AH51: =RANK(AG51, AG$47:AG$61) -> #N/A | AM51: =RANK(AL51, AL$47:AL$61) -> #N/A | AR51: =RANK(AQ51, AQ$47:AQ$61) -> #N/A | AW51: =RANK(AV51, AV$47:AV$61) -> #N/A | AZ51: =RANK(AY51, AY$47:AY$61) -> #N/A
C52: 6 | I52: =IFERROR(AVERAGE(P52,U52,Z52,AE52,AJ52,AO52,AT52),"-") -> - | J52: =IFERROR(AVERAGE(Q52,V52,AA52,AF52,AK52,AP52,AU52),"-") -> - | K52: =IFERROR(AVERAGE(R52,W52,AB52,AG52,AL52,AQ52,AV52),"-") -> - | M52: =RANK(K52, K$47:$K$61) -> #VALUE! | S52: =RANK(R52, R$47:R$61) -> #N/A | X52: =RANK(W52, W$47:W$61) -> #N/A | AC52: =RANK(AB52, AB$47:AB$61) -> #N/A | AH52: =RANK(AG52, AG$47:AG$61) -> #N/A | AM52: =RANK(AL52, AL$47:AL$61) -> #N/A | AR52: =RANK(AQ52, AQ$47:AQ$61) -> #N/A | AW52: =RANK(AV52, AV$47:AV$61) -> #N/A | AZ52: =RANK(AY52, AY$47:AY$61) -> #N/A
C53: 7 | I53: =IFERROR(AVERAGE(P53,U53,Z53,AE53,AJ53,AO53,AT53),"-") -> - | J53: =IFERROR(AVERAGE(Q53,V53,AA53,AF53,AK53,AP53,AU53),"-") -> - | K53: =IFERROR(AVERAGE(R53,W53,AB53,AG53,AL53,AQ53,AV53),"-") -> - | M53: =RANK(K53, K$47:$K$61) -> #VALUE! | S53: =RANK(R53, R$47:R$61) -> #N/A | X53: =RANK(W53, W$47:W$61) -> #N/A | AC53: =RANK(AB53, AB$47:AB$61) -> #N/A | AH53: =RANK(AG53, AG$47:AG$61) -> #N/A | AM53: =RANK(AL53, AL$47:AL$61) -> #N/A | AR53: =RANK(AQ53, AQ$47:AQ$61) -> #N/A | AW53: =RANK(AV53, AV$47:AV$61) -> #N/A | AZ53: =RANK(AY53, AY$47:AY$61) -> #N/A
C54: 8 | I54: =IFERROR(AVERAGE(P54,U54,Z54,AE54,AJ54,AO54,AT54),"-") -> - | J54: =IFERROR(AVERAGE(Q54,V54,AA54,AF54,AK54,AP54,AU54),"-") -> - | K54: =IFERROR(AVERAGE(R54,W54,AB54,AG54,AL54,AQ54,AV54),"-") -> - | M54: =RANK(K54, K$47:$K$61) -> #VALUE!
C55: 9 | I55: =IFERROR(AVERAGE(P55,U55,Z55,AE55,AJ55,AO55,AT55),"-") -> - | J55: =IFERROR(AVERAGE(Q55,V55,AA55,AF55,AK55,AP55,AU55),"-") -> - | K55: =IFERROR(AVERAGE(R55,W55,AB55,AG55,AL55,AQ55,AV55),"-") -> - | M55: =RANK(K55, K$47:$K$61) -> #VALUE!
C56: 10 | I56: =IFERROR(AVERAGE(P56,U56,Z56,AE56,AJ56,AO56,AT56),"-") -> - | J56: =IFERROR(AVERAGE(Q56,V56,AA56,AF56,AK56,AP56,AU56),"-") -> - | K56: =IFERROR(AVERAGE(R56,W56,AB56,AG56,AL56,AQ56,AV56),"-") -> - | M56: =RANK(K56, K$47:$K$61) -> #VALUE!
C57: 11 | I57: =IFERROR(AVERAGE(P57,U57,Z57,AE57,AJ57,AO57,AT57),"-") -> - | J57: =IFERROR(AVERAGE(Q57,V57,AA57,AF57,AK57,AP57,AU57),"-") -> - | K57: =IFERROR(AVERAGE(R57,W57,AB57,AG57,AL57,AQ57,AV57),"-") -> - | M57: =RANK(K57, K$47:$K$61) -> #VALUE!
C58: 12 | I58: =IFERROR(AVERAGE(P58,U58,Z58,AE58,AJ58,AO58,AT58),"-") -> - | J58: =IFERROR(AVERAGE(Q58,V58,AA58,AF58,AK58,AP58,AU58),"-") -> - | K58: =IFERROR(AVERAGE(R58,W58,AB58,AG58,AL58,AQ58,AV58),"-") -> - | M58: =RANK(K58, K$47:$K$61) -> #VALUE!
C59: 13 | I59: =IFERROR(AVERAGE(P59,U59,Z59,AE59,AJ59,AO59,AT59),"-") -> - | J59: =IFERROR(AVERAGE(Q59,V59,AA59,AF59,AK59,AP59,AU59),"-") -> - | K59: =IFERROR(AVERAGE(R59,W59,AB59,AG59,AL59,AQ59,AV59),"-") -> - | M59: =RANK(K59, K$47:$K$61) -> #VALUE!
C60: 14 | I60: =IFERROR(AVERAGE(P60,U60,Z60,AE60,AJ60,AO60,AT60),"-") -> - | J60: =IFERROR(AVERAGE(Q60,V60,AA60,AF60,AK60,AP60,AU60),"-") -> - | K60: =IFERROR(AVERAGE(R60,W60,AB60,AG60,AL60,AQ60,AV60),"-") -> - | M60: =RANK(K60, K$47:$K$61) -> #VALUE!
C61: 15 | I61: =IFERROR(AVERAGE(P61,U61,Z61,AE61,AJ61,AO61,AT61),"-") -> - | J61: =IFERROR(AVERAGE(Q61,V61,AA61,AF61,AK61,AP61,AU61),"-") -> - | K61: =IFERROR(AVERAGE(R61,W61,AB61,AG61,AL61,AQ61,AV61),"-") -> - | M61: =RANK(K61, K$47:$K$61) -> #VALUE!
B62: 產線配置圖－每週更新 | N62: 資料繳交 | O62: 日期 | P62: =P42+7 -> 46133 | U62: =P62+1 -> 46134 | Z62: =U62+1 -> 46135 | AE62: =Z62+1 -> 46136 | AJ62: =AE62+1 -> 46137 | AO62: =AJ62+1 -> 46138 | AT62: =AO62+1 -> 46139
P63: 二 | U63: 三 | Z63: 四 | AE63: 五 | AJ63: 六 | AO63: 日 | AT63: 一
B64: 品群 | C64: 商品名稱 | E64: 計畫 | H64: 平均人時性 | I64: 實績 | L64: 平均人時性 | M64: 排名 | O64: 日報 | P64: 實際 | T64: 平均人時性 | U64: 實際 | Y64: 平均人時性 | Z64: 實際 | AD64: 平均人時性 | AE64: 實際 | AI64: 平均人時性 | AJ64: 實際 | AN64: 平均人時性 | AO64: 實際 | AS64: 平均人時性 | AT64: 實際 | AX64: 平均人時性 | BA64: 平均人時性
E65: 產線配置圖 | I65: 產線配置圖 | P65: 生產實績 | U65: 生產實績 | Z65: 生產實績 | AE65: 生產實績 | AJ65: 生產實績 | AO65: 生產實績 | AT65: 生產實績
E66: 人數 | F66: 產能／時 | G66: 人時性 | I66: 人數 | J66: 產能／時 | K66: 人時性 | P66: 人數 | Q66: 產能／時 | R66: 人時性 | S66: 排名 | U66: 人數 | V66: 產能／時 | W66: 人時性 | X66: 排名 | Z66: 人數 | AA66: 產能／時 | AB66: 人時性 | AC66: 排名 | AE66: 人數 | AF66: 產能／時 | AG66: 人時性 | AH66: 排名 | AJ66: 人數 | AK66: 產能／時 | AL66: 人時性 | AM66: 排名 | AO66: 人數 | AP66: 產能／時 | AQ66: 人時性 | AR66: 排名 | AT66: 人數 | AU66: 產能／時 | AV66: 人時性 | AW66: 排名 | AZ66: 排名
B67: 18℃-壽司手卷 | C67: 1 | H67: =AVERAGE(G67:G81) -> #DIV/0! | I67: =IFERROR(AVERAGE(P67,U67,Z67,AE67,AJ67,AO67,AT67),"-") -> - | J67: =IFERROR(AVERAGE(Q67,V67,AA67,AF67,AK67,AP67,AU67),"-") -> - | K67: =IFERROR(AVERAGE(R67,W67,AB67,AG67,AL67,AQ67,AV67),"-") -> - | L67: =IFERROR(AVERAGE(K67:K81),"-") -> - | M67: =RANK(K67, K$67:$K$81) -> #VALUE! | S67: =RANK(R67, R$67:R$81) -> #N/A | T67: =AVERAGE(R67:R81) -> #DIV/0! | X67: =RANK(W67, W$67:W$81) -> #N/A | Y67: =AVERAGE(W67:W81) -> #DIV/0! | AC67: =RANK(AB67, AB$67:AB$81) -> #N/A | AD67: =AVERAGE(AB67:AB81) -> #DIV/0! | AH67: =RANK(AG67, AG$67:AG$81) -> #N/A | AI67: =AVERAGE(AG67:AG81) -> #DIV/0! | AM67: =RANK(AL67, AL$67:AL$81) -> #N/A | AN67: =AVERAGE(AL67:AL81) -> #DIV/0! | AR67: =RANK(AQ67, AQ$67:AQ$81) -> #N/A | AS67: =AVERAGE(AQ67:AQ81) -> #DIV/0! | AW67: =RANK(AV67, AV$67:AV$81) -> #N/A | AX67: =AVERAGE(AV67:AV81) -> #DIV/0! | AZ67: =RANK(AY67, AY$67:AY$81) -> #N/A | BA67: =AVERAGE(AY67:AY81) -> #DIV/0!
C68: 2 | I68: =IFERROR(AVERAGE(P68,U68,Z68,AE68,AJ68,AO68,AT68),"-") -> - | J68: =IFERROR(AVERAGE(Q68,V68,AA68,AF68,AK68,AP68,AU68),"-") -> - | K68: =IFERROR(AVERAGE(R68,W68,AB68,AG68,AL68,AQ68,AV68),"-") -> - | M68: =RANK(K68, K$67:$K$81) -> #VALUE! | S68: =RANK(R68, R$67:R$81) -> #N/A | X68: =RANK(W68, W$67:W$81) -> #N/A | AC68: =RANK(AB68, AB$67:AB$81) -> #N/A | AH68: =RANK(AG68, AG$67:AG$81) -> #N/A | AM68: =RANK(AL68, AL$67:AL$81) -> #N/A | AR68: =RANK(AQ68, AQ$67:AQ$81) -> #N/A | AW68: =RANK(AV68, AV$67:AV$81) -> #N/A | AZ68: =RANK(AY68, AY$67:AY$81) -> #N/A
C69: 3 | I69: =IFERROR(AVERAGE(P69,U69,Z69,AE69,AJ69,AO69,AT69),"-") -> - | J69: =IFERROR(AVERAGE(Q69,V69,AA69,AF69,AK69,AP69,AU69),"-") -> - | K69: =IFERROR(AVERAGE(R69,W69,AB69,AG69,AL69,AQ69,AV69),"-") -> - | M69: =RANK(K69, K$67:$K$81) -> #VALUE! | S69: =RANK(R69, R$67:R$81) -> #N/A | X69: =RANK(W69, W$67:W$81) -> #N/A | AC69: =RANK(AB69, AB$67:AB$81) -> #N/A | AH69: =RANK(AG69, AG$67:AG$81) -> #N/A | AM69: =RANK(AL69, AL$67:AL$81) -> #N/A | AR69: =RANK(AQ69, AQ$67:AQ$81) -> #N/A | AW69: =RANK(AV69, AV$67:AV$81) -> #N/A | AZ69: =RANK(AY69, AY$67:AY$81) -> #N/A
C70: 4 | I70: =IFERROR(AVERAGE(P70,U70,Z70,AE70,AJ70,AO70,AT70),"-") -> - | J70: =IFERROR(AVERAGE(Q70,V70,AA70,AF70,AK70,AP70,AU70),"-") -> - | K70: =IFERROR(AVERAGE(R70,W70,AB70,AG70,AL70,AQ70,AV70),"-") -> - | M70: =RANK(K70, K$67:$K$81) -> #VALUE! | S70: =RANK(R70, R$67:R$81) -> #N/A | X70: =RANK(W70, W$67:W$81) -> #N/A | AC70: =RANK(AB70, AB$67:AB$81) -> #N/A | AH70: =RANK(AG70, AG$67:AG$81) -> #N/A | AM70: =RANK(AL70, AL$67:AL$81) -> #N/A | AR70: =RANK(AQ70, AQ$67:AQ$81) -> #N/A | AW70: =RANK(AV70, AV$67:AV$81) -> #N/A | AZ70: =RANK(AY70, AY$67:AY$81) -> #N/A
C71: 5 | I71: =IFERROR(AVERAGE(P71,U71,Z71,AE71,AJ71,AO71,AT71),"-") -> - | J71: =IFERROR(AVERAGE(Q71,V71,AA71,AF71,AK71,AP71,AU71),"-") -> - | K71: =IFERROR(AVERAGE(R71,W71,AB71,AG71,AL71,AQ71,AV71),"-") -> - | M71: =RANK(K71, K$67:$K$81) -> #VALUE! | S71: =RANK(R71, R$67:R$81) -> #N/A | X71: =RANK(W71, W$67:W$81) -> #N/A | AC71: =RANK(AB71, AB$67:AB$81) -> #N/A | AH71: =RANK(AG71, AG$67:AG$81) -> #N/A | AM71: =RANK(AL71, AL$67:AL$81) -> #N/A | AR71: =RANK(AQ71, AQ$67:AQ$81) -> #N/A | AW71: =RANK(AV71, AV$67:AV$81) -> #N/A | AZ71: =RANK(AY71, AY$67:AY$81) -> #N/A
C72: 6 | I72: =IFERROR(AVERAGE(P72,U72,Z72,AE72,AJ72,AO72,AT72),"-") -> - | J72: =IFERROR(AVERAGE(Q72,V72,AA72,AF72,AK72,AP72,AU72),"-") -> - | K72: =IFERROR(AVERAGE(R72,W72,AB72,AG72,AL72,AQ72,AV72),"-") -> - | M72: =RANK(K72, K$67:$K$81) -> #VALUE! | S72: =RANK(R72, R$67:R$81) -> #N/A | X72: =RANK(W72, W$67:W$81) -> #N/A | AC72: =RANK(AB72, AB$67:AB$81) -> #N/A | AH72: =RANK(AG72, AG$67:AG$81) -> #N/A | AM72: =RANK(AL72, AL$67:AL$81) -> #N/A | AR72: =RANK(AQ72, AQ$67:AQ$81) -> #N/A | AW72: =RANK(AV72, AV$67:AV$81) -> #N/A | AZ72: =RANK(AY72, AY$67:AY$81) -> #N/A
C73: 7 | I73: =IFERROR(AVERAGE(P73,U73,Z73,AE73,AJ73,AO73,AT73),"-") -> - | J73: =IFERROR(AVERAGE(Q73,V73,AA73,AF73,AK73,AP73,AU73),"-") -> - | K73: =IFERROR(AVERAGE(R73,W73,AB73,AG73,AL73,AQ73,AV73),"-") -> - | M73: =RANK(K73, K$67:$K$81) -> #VALUE! | S73: =RANK(R73, R$67:R$81) -> #N/A | X73: =RANK(W73, W$67:W$81) -> #N/A | AC73: =RANK(AB73, AB$67:AB$81) -> #N/A | AH73: =RANK(AG73, AG$67:AG$81) -> #N/A | AM73: =RANK(AL73, AL$67:AL$81) -> #N/A | AR73: =RANK(AQ73, AQ$67:AQ$81) -> #N/A | AW73: =RANK(AV73, AV$67:AV$81) -> #N/A | AZ73: =RANK(AY73, AY$67:AY$81) -> #N/A
C74: 8 | I74: =IFERROR(AVERAGE(P74,U74,Z74,AE74,AJ74,AO74,AT74),"-") -> - | J74: =IFERROR(AVERAGE(Q74,V74,AA74,AF74,AK74,AP74,AU74),"-") -> - | K74: =IFERROR(AVERAGE(R74,W74,AB74,AG74,AL74,AQ74,AV74),"-") -> - | M74: =RANK(K74, K$67:$K$81) -> #VALUE! | S74: =RANK(R74, R$67:R$81) -> #N/A | X74: =RANK(W74, W$67:W$81) -> #N/A | AC74: =RANK(AB74, AB$67:AB$81) -> #N/A | AH74: =RANK(AG74, AG$67:AG$81) -> #N/A | AM74: =RANK(AL74, AL$67:AL$81) -> #N/A | AR74: =RANK(AQ74, AQ$67:AQ$81) -> #N/A | AW74: =RANK(AV74, AV$67:AV$81) -> #N/A | AZ74: =RANK(AY74, AY$67:AY$81) -> #N/A
C75: 9 | I75: =IFERROR(AVERAGE(P75,U75,Z75,AE75,AJ75,AO75,AT75),"-") -> - | J75: =IFERROR(AVERAGE(Q75,V75,AA75,AF75,AK75,AP75,AU75),"-") -> - | K75: =IFERROR(AVERAGE(R75,W75,AB75,AG75,AL75,AQ75,AV75),"-") -> - | M75: =RANK(K75, K$67:$K$81) -> #VALUE! | S75: =RANK(R75, R$67:R$81) -> #N/A | X75: =RANK(W75, W$67:W$81) -> #N/A | AC75: =RANK(AB75, AB$67:AB$81) -> #N/A | AH75: =RANK(AG75, AG$67:AG$81) -> #N/A | AM75: =RANK(AL75, AL$67:AL$81) -> #N/A | AR75: =RANK(AQ75, AQ$67:AQ$81) -> #N/A | AW75: =RANK(AV75, AV$67:AV$81) -> #N/A | AZ75: =RANK(AY75, AY$67:AY$81) -> #N/A
C76: 10 | I76: =IFERROR(AVERAGE(P76,U76,Z76,AE76,AJ76,AO76,AT76),"-") -> - | J76: =IFERROR(AVERAGE(Q76,V76,AA76,AF76,AK76,AP76,AU76),"-") -> - | K76: =IFERROR(AVERAGE(R76,W76,AB76,AG76,AL76,AQ76,AV76),"-") -> - | M76: =RANK(K76, K$67:$K$81) -> #VALUE! | S76: =RANK(R76, R$67:R$81) -> #N/A | X76: =RANK(W76, W$67:W$81) -> #N/A | AC76: =RANK(AB76, AB$67:AB$81) -> #N/A | AH76: =RANK(AG76, AG$67:AG$81) -> #N/A | AM76: =RANK(AL76, AL$67:AL$81) -> #N/A | AR76: =RANK(AQ76, AQ$67:AQ$81) -> #N/A | AW76: =RANK(AV76, AV$67:AV$81) -> #N/A | AZ76: =RANK(AY76, AY$67:AY$81) -> #N/A
C77: 11 | I77: =IFERROR(AVERAGE(P77,U77,Z77,AE77,AJ77,AO77,AT77),"-") -> - | J77: =IFERROR(AVERAGE(Q77,V77,AA77,AF77,AK77,AP77,AU77),"-") -> - | K77: =IFERROR(AVERAGE(R77,W77,AB77,AG77,AL77,AQ77,AV77),"-") -> - | M77: =RANK(K77, K$67:$K$81) -> #VALUE! | S77: =RANK(R77, R$67:R$81) -> #N/A | X77: =RANK(W77, W$67:W$81) -> #N/A | AC77: =RANK(AB77, AB$67:AB$81) -> #N/A | AH77: =RANK(AG77, AG$67:AG$81) -> #N/A | AM77: =RANK(AL77, AL$67:AL$81) -> #N/A | AR77: =RANK(AQ77, AQ$67:AQ$81) -> #N/A | AW77: =RANK(AV77, AV$67:AV$81) -> #N/A | AZ77: =RANK(AY77, AY$67:AY$81) -> #N/A
C78: 12 | I78: =IFERROR(AVERAGE(P78,U78,Z78,AE78,AJ78,AO78,AT78),"-") -> - | J78: =IFERROR(AVERAGE(Q78,V78,AA78,AF78,AK78,AP78,AU78),"-") -> - | K78: =IFERROR(AVERAGE(R78,W78,AB78,AG78,AL78,AQ78,AV78),"-") -> - | M78: =RANK(K78, K$67:$K$81) -> #VALUE! | S78: =RANK(R78, R$67:R$81) -> #N/A | X78: =RANK(W78, W$67:W$81) -> #N/A | AC78: =RANK(AB78, AB$67:AB$81) -> #N/A | AH78: =RANK(AG78, AG$67:AG$81) -> #N/A | AM78: =RANK(AL78, AL$67:AL$81) -> #N/A | AR78: =RANK(AQ78, AQ$67:AQ$81) -> #N/A | AW78: =RANK(AV78, AV$67:AV$81) -> #N/A | AZ78: =RANK(AY78, AY$67:AY$81) -> #N/A
C79: 13 | I79: =IFERROR(AVERAGE(P79,U79,Z79,AE79,AJ79,AO79,AT79),"-") -> - | J79: =IFERROR(AVERAGE(Q79,V79,AA79,AF79,AK79,AP79,AU79),"-") -> - | K79: =IFERROR(AVERAGE(R79,W79,AB79,AG79,AL79,AQ79,AV79),"-") -> - | M79: =RANK(K79, K$67:$K$81) -> #VALUE! | S79: =RANK(R79, R$67:R$81) -> #N/A | X79: =RANK(W79, W$67:W$81) -> #N/A | AC79: =RANK(AB79, AB$67:AB$81) -> #N/A | AH79: =RANK(AG79, AG$67:AG$81) -> #N/A | AM79: =RANK(AL79, AL$67:AL$81) -> #N/A | AR79: =RANK(AQ79, AQ$67:AQ$81) -> #N/A | AW79: =RANK(AV79, AV$67:AV$81) -> #N/A | AZ79: =RANK(AY79, AY$67:AY$81) -> #N/A
... C81: 15 | I81: =IFERROR(AVERAGE(P81,U81,Z81,AE81,AJ81,AO81,AT81),"-") -> - | J81: =IFERROR(AVERAGE(Q81,V81,AA81,AF81,AK81,AP81,AU81),"-") -> - | K81: =IFERROR(AVERAGE(R81,W81,AB81,AG81,AL81,AQ81,AV81),"-") -> - | M81: =RANK(K81, K$67:$K$81) -> #VALUE! | S81: =RANK(R81, R$67:R$81) -> #N/A | X81: =RANK(W81, W$67:W$81) -> #N/A | AC81: =RANK(AB81, AB$67:AB$81) -> #N/A | AH81: =RANK(AG81, AG$67:AG$81) -> #N/A | AM81: =RANK(AL81, AL$67:AL$81) -> #N/A | AR81: =RANK(AQ81, AQ$67:AQ$81) -> #N/A | AW81: =RANK(AV81, AV$67:AV$81) -> #N/A | AZ81: =RANK(AY81, AY$67:AY$81) -> #N/A
B82: 產線配置圖－每週更新 | N82: 資料繳交 | O82: 日期 | P82: =P62+7 -> 46140 | U82: =P82+1 -> 46141 | Z82: =U82+1 -> 46142 | AE82: =Z82+1 -> 46143 | AJ82: =AE82+1 -> 46144 | AO82: =AJ82+1 -> 46145 | AT82: =AO82+1 -> 46146
P83: 二 | U83: 三 | Z83: 四 | AE83: 五 | AJ83: 六 | AO83: 日 | AT83: 一
B84: 品群 | C84: 商品名稱 | E84: 計畫 | H84: 平均人時性 | I84: 實績 | L84: 平均人時性 | M84: 排名 | O84: 日報 | P84: 實際 | T84: 平均人時性 | U84: 實際 | Y84: 平均人時性 | Z84: 實際 | AD84: 平均人時性 | AE84: 實際 | AI84: 平均人時性 | AJ84: 實際 | AN84: 平均人時性 | AO84: 實際 | AS84: 平均人時性 | AT84: 實際 | AX84: 平均人時性 | BA84: 平均人時性
E85: 產線配置圖 | I85: 產線配置圖 | P85: 生產實績 | U85: 生產實績 | Z85: 生產實績 | AE85: 生產實績 | AJ85: 生產實績 | AO85: 生產實績 | AT85: 生產實績
E86: 人數 | F86: 產能／時 | G86: 人時性 | I86: 人數 | J86: 產能／時 | K86: 人時性 | P86: 人數 | Q86: 產能／時 | R86: 人時性 | S86: 排名 | U86: 人數 | V86: 產能／時 | W86: 人時性 | X86: 排名 | Z86: 人數 | AA86: 產能／時 | AB86: 人時性 | AC86: 排名 | AE86: 人數 | AF86: 產能／時 | AG86: 人時性 | AH86: 排名 | AJ86: 人數 | AK86: 產能／時 | AL86: 人時性 | AM86: 排名 | AO86: 人數 | AP86: 產能／時 | AQ86: 人時性 | AR86: 排名 | AT86: 人數 | AU86: 產能／時 | AV86: 人時性 | AW86: 排名 | AZ86: 排名
B87: 18℃-壽司手卷 | C87: 1 | H87: =AVERAGE(G87:G101) -> #DIV/0! | I87: =IFERROR(AVERAGE(P87,U87,Z87,AE87,AJ87,AO87,AT87),"-") -> - | J87: =IFERROR(AVERAGE(Q87,V87,AA87,AF87,AK87,AP87,AU87),"-") -> - | K87: =IFERROR(AVERAGE(R87,W87,AB87,AG87,AL87,AQ87,AV87),"-") -> - | L87: =IFERROR(AVERAGE(K87:K101),"-") -> - | M87: =RANK(K87, K$87:$K$101) -> #VALUE! | S87: =RANK(R87, R$87:R$101) -> #N/A | T87: =AVERAGE(R87:R101) -> #DIV/0! | X87: =RANK(W87, W$87:W$101) -> #N/A | Y87: =AVERAGE(W87:W101) -> #DIV/0! | AC87: =RANK(AB87, AB$87:AB$101) -> #N/A | AD87: =AVERAGE(AB87:AB101) -> #DIV/0! | AH87: =RANK(AG87, AG$87:AG$101) -> #N/A | AI87: =AVERAGE(AG87:AG101) -> #DIV/0! | AM87: =RANK(AL87, AL$87:AL$101) -> #N/A | AN87: =AVERAGE(AL87:AL101) -> #DIV/0! | AR87: =RANK(AQ87, AQ$87:AQ$101) -> #N/A | AS87: =AVERAGE(AQ87:AQ101) -> #DIV/0! | AW87: =RANK(AV87, AV$87:AV$101) -> #N/A | AX87: =AVERAGE(AV87:AV101) -> #DIV/0! | AZ87: =RANK(AY87, AY$87:AY$101) -> #N/A | BA87: =AVERAGE(AY87:AY101) -> #DIV/0!
C88: 2 | I88: =IFERROR(AVERAGE(P88,U88,Z88,AE88,AJ88,AO88,AT88),"-") -> - | J88: =IFERROR(AVERAGE(Q88,V88,AA88,AF88,AK88,AP88,AU88),"-") -> - | K88: =IFERROR(AVERAGE(R88,W88,AB88,AG88,AL88,AQ88,AV88),"-") -> - | M88: =RANK(K88, K$87:$K$101) -> #VALUE! | S88: =RANK(R88, R$87:R$101) -> #N/A | X88: =RANK(W88, W$87:W$101) -> #N/A | AC88: =RANK(AB88, AB$87:AB$101) -> #N/A | AH88: =RANK(AG88, AG$87:AG$101) -> #N/A | AM88: =RANK(AL88, AL$87:AL$101) -> #N/A | AR88: =RANK(AQ88, AQ$87:AQ$101) -> #N/A | AW88: =RANK(AV88, AV$87:AV$101) -> #N/A | AZ88: =RANK(AY88, AY$87:AY$101) -> #N/A
C89: 3 | I89: =IFERROR(AVERAGE(P89,U89,Z89,AE89,AJ89,AO89,AT89),"-") -> - | J89: =IFERROR(AVERAGE(Q89,V89,AA89,AF89,AK89,AP89,AU89),"-") -> - | K89: =IFERROR(AVERAGE(R89,W89,AB89,AG89,AL89,AQ89,AV89),"-") -> - | M89: =RANK(K89, K$87:$K$101) -> #VALUE! | S89: =RANK(R89, R$87:R$101) -> #N/A | X89: =RANK(W89, W$87:W$101) -> #N/A | AC89: =RANK(AB89, AB$87:AB$101) -> #N/A | AH89: =RANK(AG89, AG$87:AG$101) -> #N/A | AM89: =RANK(AL89, AL$87:AL$101) -> #N/A | AR89: =RANK(AQ89, AQ$87:AQ$101) -> #N/A | AW89: =RANK(AV89, AV$87:AV$101) -> #N/A | AZ89: =RANK(AY89, AY$87:AY$101) -> #N/A
C90: 4 | I90: =IFERROR(AVERAGE(P90,U90,Z90,AE90,AJ90,AO90,AT90),"-") -> - | J90: =IFERROR(AVERAGE(Q90,V90,AA90,AF90,AK90,AP90,AU90),"-") -> - | K90: =IFERROR(AVERAGE(R90,W90,AB90,AG90,AL90,AQ90,AV90),"-") -> - | M90: =RANK(K90, K$87:$K$101) -> #VALUE! | S90: =RANK(R90, R$87:R$101) -> #N/A | X90: =RANK(W90, W$87:W$101) -> #N/A | AC90: =RANK(AB90, AB$87:AB$101) -> #N/A | AH90: =RANK(AG90, AG$87:AG$101) -> #N/A | AM90: =RANK(AL90, AL$87:AL$101) -> #N/A | AR90: =RANK(AQ90, AQ$87:AQ$101) -> #N/A | AW90: =RANK(AV90, AV$87:AV$101) -> #N/A | AZ90: =RANK(AY90, AY$87:AY$101) -> #N/A
C91: 5 | I91: =IFERROR(AVERAGE(P91,U91,Z91,AE91,AJ91,AO91,AT91),"-") -> - | J91: =IFERROR(AVERAGE(Q91,V91,AA91,AF91,AK91,AP91,AU91),"-") -> - | K91: =IFERROR(AVERAGE(R91,W91,AB91,AG91,AL91,AQ91,AV91),"-") -> - | M91: =RANK(K91, K$87:$K$101) -> #VALUE! | S91: =RANK(R91, R$87:R$101) -> #N/A | X91: =RANK(W91, W$87:W$101) -> #N/A | AC91: =RANK(AB91, AB$87:AB$101) -> #N/A | AH91: =RANK(AG91, AG$87:AG$101) -> #N/A | AM91: =RANK(AL91, AL$87:AL$101) -> #N/A | AR91: =RANK(AQ91, AQ$87:AQ$101) -> #N/A | AW91: =RANK(AV91, AV$87:AV$101) -> #N/A | AZ91: =RANK(AY91, AY$87:AY$101) -> #N/A
C92: 6 | I92: =IFERROR(AVERAGE(P92,U92,Z92,AE92,AJ92,AO92,AT92),"-") -> - | J92: =IFERROR(AVERAGE(Q92,V92,AA92,AF92,AK92,AP92,AU92),"-") -> - | K92: =IFERROR(AVERAGE(R92,W92,AB92,AG92,AL92,AQ92,AV92),"-") -> - | M92: =RANK(K92, K$87:$K$101) -> #VALUE! | S92: =RANK(R92, R$87:R$101) -> #N/A | X92: =RANK(W92, W$87:W$101) -> #N/A | AC92: =RANK(AB92, AB$87:AB$101) -> #N/A | AH92: =RANK(AG92, AG$87:AG$101) -> #N/A | AM92: =RANK(AL92, AL$87:AL$101) -> #N/A | AR92: =RANK(AQ92, AQ$87:AQ$101) -> #N/A | AW92: =RANK(AV92, AV$87:AV$101) -> #N/A | AZ92: =RANK(AY92, AY$87:AY$101) -> #N/A
C93: 7 | I93: =IFERROR(AVERAGE(P93,U93,Z93,AE93,AJ93,AO93,AT93),"-") -> - | J93: =IFERROR(AVERAGE(Q93,V93,AA93,AF93,AK93,AP93,AU93),"-") -> - | K93: =IFERROR(AVERAGE(R93,W93,AB93,AG93,AL93,AQ93,AV93),"-") -> - | M93: =RANK(K93, K$87:$K$101) -> #VALUE! | S93: =RANK(R93, R$87:R$101) -> #N/A | X93: =RANK(W93, W$87:W$101) -> #N/A | AC93: =RANK(AB93, AB$87:AB$101) -> #N/A | AH93: =RANK(AG93, AG$87:AG$101) -> #N/A | AM93: =RANK(AL93, AL$87:AL$101) -> #N/A | AR93: =RANK(AQ93, AQ$87:AQ$101) -> #N/A | AW93: =RANK(AV93, AV$87:AV$101) -> #N/A | AZ93: =RANK(AY93, AY$87:AY$101) -> #N/A
C94: 8 | I94: =IFERROR(AVERAGE(P94,U94,Z94,AE94,AJ94,AO94,AT94),"-") -> - | J94: =IFERROR(AVERAGE(Q94,V94,AA94,AF94,AK94,AP94,AU94),"-") -> - | K94: =IFERROR(AVERAGE(R94,W94,AB94,AG94,AL94,AQ94,AV94),"-") -> - | M94: =RANK(K94, K$87:$K$101) -> #VALUE! | S94: =RANK(R94, R$87:R$101) -> #N/A | X94: =RANK(W94, W$87:W$101) -> #N/A | AC94: =RANK(AB94, AB$87:AB$101) -> #N/A | AH94: =RANK(AG94, AG$87:AG$101) -> #N/A | AM94: =RANK(AL94, AL$87:AL$101) -> #N/A | AR94: =RANK(AQ94, AQ$87:AQ$101) -> #N/A | AW94: =RANK(AV94, AV$87:AV$101) -> #N/A | AZ94: =RANK(AY94, AY$87:AY$101) -> #N/A
C95: 9 | I95: =IFERROR(AVERAGE(P95,U95,Z95,AE95,AJ95,AO95,AT95),"-") -> - | J95: =IFERROR(AVERAGE(Q95,V95,AA95,AF95,AK95,AP95,AU95),"-") -> - | K95: =IFERROR(AVERAGE(R95,W95,AB95,AG95,AL95,AQ95,AV95),"-") -> - | M95: =RANK(K95, K$87:$K$101) -> #VALUE! | S95: =RANK(R95, R$87:R$101) -> #N/A | X95: =RANK(W95, W$87:W$101) -> #N/A | AC95: =RANK(AB95, AB$87:AB$101) -> #N/A | AH95: =RANK(AG95, AG$87:AG$101) -> #N/A | AM95: =RANK(AL95, AL$87:AL$101) -> #N/A | AR95: =RANK(AQ95, AQ$87:AQ$101) -> #N/A | AW95: =RANK(AV95, AV$87:AV$101) -> #N/A | AZ95: =RANK(AY95, AY$87:AY$101) -> #N/A
C96: 10 | I96: =IFERROR(AVERAGE(P96,U96,Z96,AE96,AJ96,AO96,AT96),"-") -> - | J96: =IFERROR(AVERAGE(Q96,V96,AA96,AF96,AK96,AP96,AU96),"-") -> - | K96: =IFERROR(AVERAGE(R96,W96,AB96,AG96,AL96,AQ96,AV96),"-") -> - | M96: =RANK(K96, K$87:$K$101) -> #VALUE! | S96: =RANK(R96, R$87:R$101) -> #N/A | X96: =RANK(W96, W$87:W$101) -> #N/A | AC96: =RANK(AB96, AB$87:AB$101) -> #N/A | AH96: =RANK(AG96, AG$87:AG$101) -> #N/A | AM96: =RANK(AL96, AL$87:AL$101) -> #N/A | AR96: =RANK(AQ96, AQ$87:AQ$101) -> #N/A | AW96: =RANK(AV96, AV$87:AV$101) -> #N/A | AZ96: =RANK(AY96, AY$87:AY$101) -> #N/A
C97: 11 | I97: =IFERROR(AVERAGE(P97,U97,Z97,AE97,AJ97,AO97,AT97),"-") -> - | J97: =IFERROR(AVERAGE(Q97,V97,AA97,AF97,AK97,AP97,AU97),"-") -> - | K97: =IFERROR(AVERAGE(R97,W97,AB97,AG97,AL97,AQ97,AV97),"-") -> - | M97: =RANK(K97, K$87:$K$101) -> #VALUE! | S97: =RANK(R97, R$87:R$101) -> #N/A | X97: =RANK(W97, W$87:W$101) -> #N/A | AC97: =RANK(AB97, AB$87:AB$101) -> #N/A | AH97: =RANK(AG97, AG$87:AG$101) -> #N/A | AM97: =RANK(AL97, AL$87:AL$101) -> #N/A | AR97: =RANK(AQ97, AQ$87:AQ$101) -> #N/A | AW97: =RANK(AV97, AV$87:AV$101) -> #N/A | AZ97: =RANK(AY97, AY$87:AY$101) -> #N/A
C98: 12 | I98: =IFERROR(AVERAGE(P98,U98,Z98,AE98,AJ98,AO98,AT98),"-") -> - | J98: =IFERROR(AVERAGE(Q98,V98,AA98,AF98,AK98,AP98,AU98),"-") -> - | K98: =IFERROR(AVERAGE(R98,W98,AB98,AG98,AL98,AQ98,AV98),"-") -> - | M98: =RANK(K98, K$87:$K$101) -> #VALUE! | S98: =RANK(R98, R$87:R$101) -> #N/A | X98: =RANK(W98, W$87:W$101) -> #N/A | AC98: =RANK(AB98, AB$87:AB$101) -> #N/A | AH98: =RANK(AG98, AG$87:AG$101) -> #N/A | AM98: =RANK(AL98, AL$87:AL$101) -> #N/A | AR98: =RANK(AQ98, AQ$87:AQ$101) -> #N/A | AW98: =RANK(AV98, AV$87:AV$101) -> #N/A | AZ98: =RANK(AY98, AY$87:AY$101) -> #N/A
