Workbook

Sheet 填寫舉例
A2: 7 | B2: 月別 | C2: 工廠名 | D2: ・・・・・・・・
A4: （１）收支狀況 | E4: ※單位：千元 | G4: （２）ＫＰＩ達成進度 | M4: （３）業績構成比 | S4: （４）訂單數量構成比
B5: 當月 | C5: 前月 | D5: 差異 | E5: 累計 | H5: KPI | I5: 當月 | J5: 前月 | K5: 累計 | L5: ※補充 | N5: 當月 | O5: 比例 | P5: 前月 | Q5: 差異 | T5: 當月 | U5: 比例 | V5: 前月 | W5: 差異
A6: 業績金額 | B6: 500000 | C6: 510000 | D6: =B6-C6 -> -10000 | E6: =B6+C6 -> 1010000 | G6: 人時生產性1 | H6: 110 | I6: 100 | J6: 90 | L6: 個／MH | M6: 飯糰 | N6: 150000 | O6: =IFERROR(N6/$B$6,"") -> 0.3 | P6: 0.4 | Q6: =IFERROR(O6-P6,"") -> -0.1 | S6: 飯糰 | T6: 35000 | U6: =IFERROR(T6/$B$7,"") -> 0.35 | V6: 0.3 | W6: =IFERROR(U6-V6,"") -> 0.05
A7: 訂單數量 | B7: 100000 | C7: 110000 | D7: =B7-C7 -> -10000 | E7: =B7+C7 -> 210000 | G7: 人時生產性2 | H7: 0.8 | I7: 0.85 | J7: 0.81 | K7: 0.84 | L7: 達成率 | M7: 大口飯糰 | N7: 100000 | O7: =IFERROR(N7/$B$6,"") -> 0.2 | P7: 0.15 | Q7: =IFERROR(O7-P7,"") -> 0.05 | S7: 大口飯糰 | T7: 30000 | U7: =IFERROR(T7/$B$7,"") -> 0.3 | V7: 0.15 | W7: =IFERROR(U7-V7,"") -> 0.15
A8: 材料費 | B8: 250000 | C8: 260000 | D8: =B8-C8 -> -10000 | E8: =B8+C8 -> 510000 | G8: 半成品報廢 | H8: 0.0025 | I8: 0.0024 | J8: 0.0023 | K8: 0.00235 | L8: 報廢率 | M8: 便當 | N8: 160000 | O8: =IFERROR(N8/$B$6,"") -> 0.32 | P8: 0.28 | Q8: =IFERROR(O8-P8,"") -> 0.04 | S8: 便當 | T8: 20000 | U8: =IFERROR(T8/$B$7,"") -> 0.2 | V8: 0.28 | W8: =IFERROR(U8-V8,"") -> -0.08
A9: 材料費率 | B9: =B8/B6 -> 0.5 | C9: =C8/C6 -> 0.50980392 | D9: =B9-C9 -> -0.0098039216 | E9: =(B9+C9)/2 -> 0.50490196 | G9: 半成品超用 | H9: 0.006 | I9: 0.009 | J9: 0.0095 | K9: 0.0092 | L9: 超用率 | M9: 調理麵 | N9: 90000 | O9: =IFERROR(N9/$B$6,"") -> 0.18 | P9: 0.17 | Q9: =IFERROR(O9-P9,"") -> 0.01 | S9: 調理麵 | T9: 15000 | U9: =IFERROR(T9/$B$7,"") -> 0.15 | V9: 0.27 | W9: =IFERROR(U9-V9,"") -> -0.12
A10: 勞務成本 | B10: 100000 | C10: 105000 | D10: =B10-C10 -> -5000 | E10: =B10+C10 -> 205000 | G10: 固定產線 | H10: 0.95 | I10: 0.9 | J10: 0.92 | K10: 0.91 | L10: 導入率 | M10: 調理麵包 | N10: - | O10: =IFERROR(N10/$B$6,"") | P10: -% | Q10: =IFERROR(O10-P10,"") | S10: 調理麵包 | T10: - | U10: =IFERROR(T10/$B$7,"") | V10: -% | W10: =IFERROR(U10-V10,"")
A11: 勞務費率 | B11: =B10/B6 -> 0.2 | C11: =C10/C6 -> 0.20588235 | D11: =B11-C11 -> -0.0058823529 | E11: =(B11+C11)/2 -> 0.20294118 | G11: 教育訓練 | H11: 0.8 | I11: 0.85 | J11: 1 | K11: 0.92 | L11: 實施率 | M11: 袋裝調理麵包 | N11: - | O11: =IFERROR(N11/$B$6,"") | P11: -% | Q11: =IFERROR(O11-P11,"") | S11: 袋裝調理麵包 | T11: - | U11: =IFERROR(T11/$B$7,"") | V11: -% | W11: =IFERROR(U11-V11,"")
M12: 義大利麵 | N12: - | O12: =IFERROR(N12/$B$6,"") | P12: -% | Q12: =IFERROR(O12-P12,"") | S12: 義大利麵 | T12: - | U12: =IFERROR(T12/$B$7,"") | V12: -% | W12: =IFERROR(U12-V12,"")
A13: （５）品群別人時生產性 | M13: 調理包 | N13: - | O13: =IFERROR(N13/$B$6,"") | P13: -% | Q13: =IFERROR(O13-P13,"") | S13: 調理包 | T13: - | U13: =IFERROR(T13/$B$7,"") | V13: -% | W13: =IFERROR(U13-V13,"")
B14: 當月 | C14: 前月 | D14: 差異 | E14: 累計 | H14: 當月 | I14: 前月 | J14: 差異 | K14: 累計 | O14: =SUM(O6:O13) -> 1 | P14: =SUM(P6:P13) -> 1 | U14: =SUM(U6:U13) -> 1 | V14: =SUM(V6:V13) -> 1
A15: 飯糰 | B15: 600 | C15: 660 | D15: =B15-C15 -> -60 | E15: =(B15+C15)/2 -> 630 | G15: 調理麵包 | J15: =H15-I15 -> 0 | M15: （７）原因別分析
A16: 大口飯糰 | B16: 800 | C16: 780 | D16: =B16-C16 -> 20 | E16: =(B16+C16)/2 -> 790 | G16: 袋裝調理麵包 | J16: =H16-I16 -> 0 | N16: 合計 | P16: 作業原因 | R16: 規格原因
A17: 便當 | B17: 130 | C17: 111 | D17: =B17-C17 -> 19 | E17: =(B17+C17)/2 -> 120.5 | G17: 義大利麵 | J17: =H17-I17 -> 0 | N17: 金額 | O17: 比例 | P17: 金額 | Q17: 比例 | R17: 金額 | S17: 比例
A18: 調理麵 | B18: 140 | C18: 165 | D18: =B18-C18 -> -25 | E18: =(B18+C18)/2 -> 152.5 | G18: 調理包 | J18: =H18-I18 -> 0 | M18: 半成品報廢 | N18: 1200 | O18: =N18/$B$6 -> 0.0024 | P18: 900 | Q18: =IFERROR(P18/$B$6,"") -> 0.0018 | R18: 300 | S18: =IFERROR(R18/$B$6,"") -> 0.0006
M19: 半成品超用 | N19: 4500 | O19: =N19/$B$6 -> 0.009 | P19: 3500 | Q19: =IFERROR(P19/$B$6,"") -> 0.007 | R19: 1000 | S19: =IFERROR(R19/$B$6,"") -> 0.002
A20: （６）人時生產性前幾名品項
B21: 排名 | C21: 商品名 | F21: 人數 | G21: 產能 | H21: 人時生產性 | I21: 前月比 | J21: 主要原因&對策 | M21: （８）報廢原因別前幾名品項
A22: 飯糰 | B22: 1 | C22: 手巻明太子 | F22: 3 | G22: 3000 | H22: 1000 | I22: 10 | J22: 減少暫時停止生產,人時UP | M22: 半成品報廢 | N22: 排名 | O22: 商品名 | R22: 半成品名 | U22: 單價 | V22: 報廢率 | W22: 數量 | X22: 金額 | Y22: 前月比 | Z22: 主要原因&對策
B23: 2 | M23: 作業原因 | N23: 1 | O23: 明太子海苔便當 | R23: 油炸白身魚 | U23: 10 | V23: 0.15 | W23: 10 | X23: =W23*U23 -> 100 | Y23: 80 | Z23: 油調過多報廢。變更條件。
B24: 3 | N24: 2 | X24: =W24*U24 -> 0
B25: 4 | N25: 3 | X25: =W25*U25 -> 0
B26: 5 | N26: 4 | X26: =W26*U26 -> 0
B27: ▼1 | C27: 手巻卵黄雞絞肉 | F27: 4 | G27: 2800 | H27: 700 | I27: 6/30新商品 | J27: 因組裝2食材,人員增加,產速減少 | N27: 5 | X27: =W27*U27 -> 0
B28: ▼2 | U28: 前幾名合計比例 | V28: =X28/N18 -> 0.083333333 | W28: 前幾名合計金額 | X28: =SUM(X23:X27) -> 100
B29: ▼3 | M29: 規格原因 | N29: 1 | O29: 海老炒飯 | R29: 川燙蝦子拌醬 | U29: 5.55 | V29: 0.21 | W29: 50 | X29: =W29*U29 -> 277.5 | Y29: 35 | Z29: 蝦子入數不足
B30: ▼4 | N30: 2 | X30: =W30*U30 -> 0
B31: ▼5 | N31: 3 | X31: =W31*U31 -> 0
N32: 4 | X32: =W32*U32 -> 0
B33: 排名 | C33: 商品名 | F33: 人數 | G33: 產能 | H33: 人時生產性 | I33: 前月比 | J33: 主要原因&對策 | N33: 5 | X33: =W33*U33 -> 0
A34: 大口飯糰 | B34: 1 | C34: 直巻明太子美奶茲 | F34: 3 | G34: 2500 | H34: 833.33 | I34: 20 | J34: 透由調整速度提升。 | U34: 前幾名合計比例 | V34: =X34/N18 -> 0.23125 | W34: 前幾名合計金額 | X34: =SUM(X29:X33) -> 277.5
B35: 2
B36: 3 | M36: 半成品超用 | N36: 排名 | O36: 商品名 | R36: 半成品名 | U36: 單價 | V36: 報廢率 | W36: 數量 | X36: 金額 | Y36: 前月比 | Z36: 主要原因&對策
B37: 4 | M37: 作業原因 | N37: 1 | O37: 特製醬汁炙燒牛五花便當 | R37: 牛五花醬汁 | U37: 25 | V37: 0.25 | W37: 10 | X37: =W37*U37 -> 250 | Y37: 150 | Z37: 難度有差異。調理指導。
B38: 5 | N38: 2 | X38: =W38*U38 -> 0
B39: ▼1 | C39: 大口飯糰燒肉美奶滋 | F39: 7 | G39: 2200 | H39: 314.29 | I39: -15 | J39: 因摺疊增員。實施教育訓練。 | N39: 3 | X39: =W39*U39 -> 0
B40: ▼2 | N40: 4 | X40: =W40*U40 -> 0
B41: ▼3 | N41: 5 | X41: =W41*U41 -> 0
B42: ▼4 | U42: 前幾名合計比例 | V42: =X42/N19 -> 0.055555556 | W42: 前幾名合計金額 | X42: =SUM(X37:X41) -> 250
B43: ▼5 | M43: 規格原因 | N43: 1 | O43: 特製醬汁炙燒牛五花便當 | R43: 牛五花燒成 | U43: 30 | V43: 0.1 | W43: 20 | X43: =W43*U43 -> 600 | Y43: 400 | Z43: 因原料變更。
N44: 2 | X44: =W44*U44 -> 0
B45: 排名 | C45: 商品名 | F45: 人數 | G45: 產能 | H45: 人時生產性 | I45: 前月比 | J45: 主要原因&對策 | N45: 3 | X45: =W45*U45 -> 0
A46: 便當 | B46: 1 | C46: 明太子海苔便當 | F46: 15 | G46: 1200 | H46: 80 | I46: 5 | J46: 指導鋪開炒柴魚片 | N46: 4 | X46: =W46*U46 -> 0
B47: 2 | N47: 5 | X47: =W47*U47 -> 0
B48: 3 | U48: 前幾名合計比例 | V48: =X48/N19 -> 0.13333333 | W48: 前幾名合計金額 | X48: =SUM(X43:X47) -> 600
B49: 4
B50: 5 | M50: （９）歩留
B51: ▼1 | C51: 特製醬汁炙燒牛五花便當 | F51: 18 | G51: 800 | H51: 44.44 | I51: -15 | J51: 肉狀態不良，已連動開發 | N51: No. | O51: 商品名 | R51: 半成品名 | U51: 單價 | V51: 規格 | W51: 實績 | X51: 差異 | Y51: 主要原因&對策
B52: ▼2 | M52: 作業原因 | N52: 1 | O52: 特製醬汁炙燒牛五花便當 | R52: 牛五花燒成 | U52: 30 | V52: 0.62 | W52: 0.58 | X52: =W52-V52 -> -0.04 | Y52: 燒成過多，調整調理條件。
B53: ▼3 | N53: 2 | X53: =W53-V53 -> 0
B54: ▼4 | M54: 規格原因 | N54: 1 | O54: 大口飯糰三種起司午餐肉 | R54: ３種起司燒成 | U54: 20 | V54: 0.9 | W54: 0.82 | X54: =W54-V54 -> -0.08 | Y54: 與燒成範本不同。
B55: ▼5 | N55: 2 | X55: =W55-V55 -> 0

Sheet 生產管理報表(月)
A1: 生產管理報表
A3: 月別 | B3: 7 | C3: 工廠 | D3: 晉欣廠
A4: （１）收支狀況 | E4: ※單位：千元 | G4: （２）ＫＰＩ達成進度
A5: 項目 | B5: 當月 | C5: 前月 | D5: 差異 | E5: 累計 | G5: 項目 | H5: KPI | I5: 當月 | J5: 前月 | K5: 累計 | L5: ※補充
A6: 業績金額 | B6: ='（１）收支狀況'!H9/1000 -> 263724.31 | C6: 274410.13 | D6: =B6-C6 -> -10685.82 | E6: =每月數值累積總表!N6 -> 1707955.1 | G6: 人時性(個/月均) | H6: 366 | I6: ='（２）ＫＰＩ達成進度'!H9 -> 337.18177 | J6: 364.12856 | K6: =每月數值累積總表!N10/COUNT(每月數值累積總表!B10:M10) -> 349.46518 | L6: 個／MH
A7: 訂單數量 | B7: ='（１）收支狀況'!K9 -> 7772845 | C7: 8119475 | D7: =B7-C7 -> -346630 | E7: =每月數值累積總表!N7 -> 51394584 | G7: 人時達成率(%/月均) | H7: 0.8 | I7: ='（２）ＫＰＩ達成進度'!K9 -> 0.92126167 | J7: 0.99488676 | K7: =每月數值累積總表!N11/COUNT(每月數值累積總表!B11:M11) -> 0.94585843 | L7: 達成率
A8: 材料費 | B8: ='（１）收支狀況'!N9/1000 -> 177945.76 | C8: 182460.31 | D8: =B8-C8 -> -4514.548 | E8: =每月數值累積總表!N8 -> 1139182.1 | G8: 半成品-報廢(%) | H8: 0.0025 | I8: ='（２）ＫＰＩ達成進度'!N9 -> 0.0024201878 | J8: 0.0024197983 | K8: =每月數值累積總表!N12/COUNT(每月數值累積總表!B12:M12) -> 0.0024316814 | L8: 報廢率
A9: 材料費率 | B9: ='（１）收支狀況'!Q9 -> 0.6747416 | C9: 0.66491827 | D9: =B9-C9 -> 0.0098233228 | E9: =E8/E6 -> 0.66698598 | G9: 半成品-超用(%) | H9: 0.0026 | I9: ='（２）ＫＰＩ達成進度'!Q9 -> 0.0040165064 | J9: 0.0040384937 | K9: =每月數值累積總表!N13/COUNT(每月數值累積總表!B13:M13) -> 0.0028303802 | L9: 超用率
A10: 勞務成本 | B10: ='（１）收支狀況'!T9/1000 -> 31544.632 | C10: 31252.824 | D10: =B10-C10 -> 291.80758 | E10: =每月數值累積總表!N9 -> 221895.5 | G10: 固定產線-導入率(%) | H10: 0.8 | I10: ='（２）ＫＰＩ達成進度'!T9 -> 0.91666667 | J10: 0.91666667 | L10: 導入率
A11: 勞務費率 | B11: ='（１）收支狀況'!W9 -> 0.11961215 | C11: 0.11389093 | D11: =B11-C11 -> 0.0057212229 | E11: =E10/E6 -> 0.12991881 | G11: 教育訓練-實施率(%) | H11: 1 | I11: ='（２）ＫＰＩ達成進度'!W9 -> 0.58341935 | J11: 0.455 | L11: 實施率
A13: （３）業績構成比 | G13: （４）訂單數量構成比
B14: 當月 | C14: 比例 | D14: 前月 | E14: 差異 | H14: 當月 | I14: 比例 | J14: 前月 | K14: 差異
A15: 18℃-飯糰(061,063) | B15: ='（３）業績構成比'!M46/1000 -> 41290.454 | C15: =IFERROR(B15/$B$6,"") -> 0.15656673 | D15: 0.15909621 | E15: =IFERROR(C15-D15,"") -> -0.002529471 | G15: 18℃-飯糰(061,063) | H15: ='（４）訂單數量構成比'!M46 -> 2146526 | I15: =IFERROR(H15/$B$7,"") -> 0.27615706 | J15: 0.30377646 | K15: =IFERROR(I15-J15,"") -> -0.027619401
A16: 18℃-壽司手卷(071,072,075,076) | B16: ='（３）業績構成比'!S46/1000 -> 5040.4588 | C16: =IFERROR(B16/$B$6,"") -> 0.019112606 | D16: 0.015745696 | E16: =IFERROR(C16-D16,"") -> 0.0033669099 | G16: 18℃-壽司手卷(071,072,075,076) | H16: ='（４）訂單數量構成比'!S47 -> 173357 | I16: =IFERROR(H16/$B$7,"") -> 0.022302902 | J16: 0.020374566 | K16: =IFERROR(I16-J16,"") -> 0.0019283365
A17: 4℃-飯糰(065) | B17: ='（３）業績構成比'!U46/1000 -> 28134.506 | C17: =IFERROR(B17/$B$6,"") -> 0.10668151 | D17: 0.11227378 | E17: =IFERROR(C17-D17,"") -> -0.0055922714 | G17: 4℃-飯糰(065) | H17: ='（４）訂單數量構成比'!U46 -> 858013 | I17: =IFERROR(H17/$B$7,"") -> 0.11038597 | J17: 0.11176422 | K17: =IFERROR(I17-J17,"") -> -0.0013782496
A18: 4℃-壽司手卷(077) | B18: ='（３）業績構成比'!W46/1000 -> 3984.3017 | C18: =IFERROR(B18/$B$6,"") -> 0.015107829 | D18: 0.0064057099 | E18: =IFERROR(C18-D18,"") -> 0.0087021191 | G18: 4℃-壽司手卷(077) | H18: ='（４）訂單數量構成比'!W46 -> 142429 | I18: =IFERROR(H18/$B$7,"") -> 0.018323921 | J18: 0.014028245 | K18: =IFERROR(I18-J18,"") -> 0.0042956764
A19: 主食(091,092,093,094,095) | B19: ='（３）業績構成比'!AC46/1000 -> 56285.119 | C19: =IFERROR(B19/$B$6,"") -> 0.21342409 | D19: 0.20463247 | E19: =IFERROR(C19-D19,"") -> 0.0087916132 | G19: 主食(091,092,093,094,095) | H19: ='（４）訂單數量構成比'!AC46 -> 1432842 | I19: =IFERROR(H19/$B$7,"") -> 0.18433945 | J19: 0.17144617 | K19: =IFERROR(I19-J19,"") -> 0.012893284
A20: 便當(083) | B20: ='（３）業績構成比'!AE46/1000 -> 42995.922 | C20: =IFERROR(B20/$B$6,"") -> 0.1630336 | D20: 0.14537346 | E20: =IFERROR(C20-D20,"") -> 0.017660137 | G20: 便當(083) | H20: ='（４）訂單數量構成比'!AE46 -> 734871 | I20: =IFERROR(H20/$B$7,"") -> 0.094543375 | J20: 0.095125017 | K20: =IFERROR(I20-J20,"") -> -0.00058164172
A21: 熱食義麵(122,123,124,126) | B21: ='（３）業績構成比'!AG46/1000 -> 22151.653 | C21: =IFERROR(B21/$B$6,"") -> 0.083995491 | D21: 0.10428795 | E21: =IFERROR(C21-D21,"") -> -0.020292459 | G21: 熱食義麵(122,123,124,126) | H21: ='（４）訂單數量構成比'!AG46 -> 447236 | I21: =IFERROR(H21/$B$7,"") -> 0.057538263 | J21: 0.072103515 | K21: =IFERROR(I21-J21,"") -> -0.014565252
A22: 季節調理麵(111,112) | B22: ='（３）業績構成比'!AI46/1000 -> 41622.926 | C22: =IFERROR(B22/$B$6,"") -> 0.15782742 | D22: 0.16305945 | E22: =IFERROR(C22-D22,"") -> -0.0052320317 | G22: 季節調理麵(111,112) | H22: ='（４）訂單數量構成比'!AI46 -> 1087177 | I22: =IFERROR(H22/$B$7,"") -> 0.13986861 | J22: 0.11777111 | K22: =IFERROR(I22-J22,"") -> 0.022097496
A23: 微波小吃(153,154,155) | B23: ='（３）業績構成比'!AK46/1000 -> 22218.965 | C23: =IFERROR(B23/$B$6,"") -> 0.08425073 | D23: 0.089125276 | E23: =IFERROR(C23-D23,"") -> -0.004874546 | G23: 微波小吃(153,154,155) | H23: ='（４）訂單數量構成比'!AK46 -> 750394 | I23: =IFERROR(H23/$B$7,"") -> 0.096540456 | J23: 0.093610705 | K23: =IFERROR(I23-J23,"") -> 0.0029297511
C24: =SUM(C15:C23) -> 1 | D24: =SUM(D15:D23) -> 1 | I24: =SUM(I15:I23) -> 1 | J24: =SUM(J15:J23) -> 1
A26: （５）品群別人時生產性
A27: 品群 | B27: 當月 | C27: 前月 | D27: 差異 | E27: 累計
A28: 18℃-飯糰(061,063) | B28: ='（５-1）品群別人時生產性（18℃-飯糰）'!$C$1 -> 792.17451 | C28: 834.38108 | D28: =B28-C28 -> -42.206564 | E28: =每月數值累積總表!N14/COUNT(每月數值累積總表!B14:M14) -> 794.11388
A29: 18℃-壽司手卷(071,072,075,076) | B29: ='（５-2）品群別人時生產性（18-壽司手卷)'!$C$1 -> 144.15973 | C29: 142.53525 | D29: =B29-C29 -> 1.6244838 | E29: =每月數值累積總表!N15/COUNT(每月數值累積總表!B15:M15) -> 168.32118
A30: 4℃-飯糰(065) | B30: ='（５-3）品群別人時生產性（4℃-飯糰)'!$C$1 -> 222.59953 | C30: 222.12794 | D30: =B30-C30 -> 0.4715885 | E30: =每月數值累積總表!N16/COUNT(每月數值累積總表!B16:M16) -> 241.74759
A31: 4℃-壽司手卷(077) | B31: ='（５-4）品群別人時生產性（4℃-壽司手卷)'!$C$1 -> 152.24309 | C31: 115.07894 | D31: =B31-C31 -> 37.164145 | E31: =每月數值累積總表!N17/COUNT(每月數值累積總表!B17:M17) -> 119.17131
A32: 主食(091,092,093,094,095) | B32: ='（５-5）品群別人時生產性(主食) '!$C$1 -> 90.172954 | C32: 89.027946 | D32: =B32-C32 -> 1.1450083 | E32: =每月數值累積總表!N18/COUNT(每月數值累積總表!B18:M18) -> 86.379555
A33: 便當(083) | B33: ='（５-6）品群別人時生產性(便當)'!$C$1 -> 71.358623 | C33: 72.154394 | D33: =B33-C33 -> -0.79577028 | E33: =每月數值累積總表!N19/COUNT(每月數值累積總表!B19:M19) -> 70.717581
A34: 熱食義麵(122,123,124,126) | B34: ='（５-7）品群別人時生產性(熱食義麵) '!$C$1 -> 78.155524 | C34: 82.547283 | D34: =B34-C34 -> -4.3917594 | E34: =每月數值累積總表!N20/COUNT(每月數值累積總表!B20:M20) -> 80.430495
A35: 季節調理麵(111,112) | B35: ='（５-8）品群別人時生產性(季節調理麵) '!$C$1 -> 121.70792 | C35: 126.04328 | D35: =B35-C35 -> -4.3353547 | E35: =每月數值累積總表!N21/COUNT(每月數值累積總表!B21:M21) -> 124.6714
A36: 微波小吃(153,154,155) | B36: ='（５-9）品群別人時生產性(微波小吃)'!$C$1 -> 151.27705 | C36: 148.12872 | D36: =B36-C36 -> 3.1483307 | E36: =每月數值累積總表!N22/COUNT(每月數值累積總表!B22:M22) -> 156.58706

Sheet 生產管理報表(週) 
A1: 生產管理報表
A3: 月別 | B3: 11 | C3: 週別 | D3: W4 | E3: 工廠 | F3: 晉欣廠
A4: （１）收支狀況 | E4: ※單位：千元 | G4: （２）ＫＰＩ達成進度
A5: 項目 | B5: 當週 | C5: 前週 | D5: 差異 | E5: 累計 | G5: 項目 | H5: KPI | I5: 當週 | J5: 前週 | K5: 累計 | L5: ※補充
A6: 業績金額 | B6: ='（１）收支狀況'!G33/1000 -> 0 | C6: 48568.543 | D6: =B6-C6 -> -48568.543 | E6: ='（１）收支狀況'!H9/1000 -> 263724.31 | G6: 人時性(個/月均) | H6: 366 | I6: ='（２）ＫＰＩ達成進度'!G33 -> 0 | J6: 342.32011 | K6: ='（２）ＫＰＩ達成進度'!H9 -> 337.18177 | L6: 個／MH
A7: 訂單數量 | B7: ='（１）收支狀況'!J33 -> 0 | C7: 1467152 | D7: =B7-C7 -> -1467152 | E7: ='（１）收支狀況'!K9 -> 7772845 | G7: 人時達成率(%/月均) | H7: 0.8 | I7: ='（２）ＫＰＩ達成進度'!J33 -> 0 | J7: 0.93530086 | K7: ='（２）ＫＰＩ達成進度'!K9 -> 0.92126167 | L7: 達成率
A8: 材料費 | B8: ='（１）收支狀況'!M33/1000 -> 0 | C8: 32511.103 | D8: =B8-C8 -> -32511.103 | E8: ='（１）收支狀況'!N9/1000 -> 177945.76 | G8: 半成品-報廢(%) | H8: 0.0025 | I8: ='（２）ＫＰＩ達成進度'!M33 -> 0 | J8: 0.002449927 | K8: ='（２）ＫＰＩ達成進度'!N9 -> 0.0024201878 | L8: 報廢率
A9: 材料費率 | B9: ='（１）收支狀況'!P33 -> 0 | C9: 0.66938601 | D9: =B9-C9 -> -0.66938601 | E9: ='（１）收支狀況'!Q9 -> 0.6747416 | G9: 半成品-超用(%) | H9: 0.0026 | I9: ='（２）ＫＰＩ達成進度'!P33 -> 0 | J9: 0.0022296455 | K9: ='（２）ＫＰＩ達成進度'!Q9 -> 0.0040165064 | L9: 超用率
A10: 勞務成本 | B10: ='（１）收支狀況'!S33/1000 -> 0 | C10: =7059638.28/1000 -> 7059.6383 | D10: =B10-C10 -> -7059.6383 | E10: ='（１）收支狀況'!T9/1000 -> 31544.632 | G10: 固定產線-導入率(%) | H10: 0.8 | I10: 0.917 | J10: 0.917 | K10: 0.917 | L10: 導入率
A11: 勞務費率 | B11: ='（１）收支狀況'!V33 -> 0 | C11: 0.14535413 | D11: =B11-C11 -> -0.14535413 | E11: ='（１）收支狀況'!W9 -> 0.11961215 | G11: 教育訓練-實施率(%) | H11: 1 | I11: ='（２）ＫＰＩ達成進度'!V33 -> 0 | J11: 0.90285714 | K11: ='（２）ＫＰＩ達成進度'!W9 -> 0.58341935 | L11: 實施率
A13: （３）業績構成比 | G13: （４）訂單數量構成比
B14: 當週 | C14: 比例 | D14: 前週 | E14: 差異 | H14: 當週 | I14: 比例 | J14: 前週 | K14: 差異
A15: 18℃-飯糰(061,063) | B15: =SUM('（３）業績構成比'!I35:I41,'（３）業績構成比'!K35:K41)/1000 -> 3666.5456 | C15: =IFERROR(B15/$B$6,"") | D15: 0.18934668 | E15: =IFERROR(C15-D15,"") | G15: 18℃-飯糰(061,063) | H15: =SUM(,'（４）訂單數量構成比'!I35:I41,'（４）訂單數量構成比'!K35:K41) -> 189828 | I15: =IFERROR(H15/$B$7,"") | J15: 0.32807712 | K15: =IFERROR(I15-J15,"")
A16: 18℃-壽司手卷(071,072,075,076) | B16: =SUM('（３）業績構成比'!O35:O41,'（３）業績構成比'!Q35:Q41)/1000 -> 604.51297 | C16: =IFERROR(B16/$B$6,"") | D16: 0.035232688 | E16: =IFERROR(C16-D16,"") | G16: 18℃-壽司手卷(071,072,075,076) | H16: =SUM('（４）訂單數量構成比'!O35:O41,'（４）訂單數量構成比'!Q35:Q41) -> 20650 | I16: =IFERROR(H16/$B$7,"") | J16: 0.046813145 | K16: =IFERROR(I16-J16,"")
A17: 4℃-飯糰(065) | B17: =SUM('（３）業績構成比'!U35:U41)/1000 -> 2644.9825 | C17: =IFERROR(B17/$B$6,"") | D17: 0.090034972 | E17: =IFERROR(C17-D17,"") | G17: 4℃-飯糰(065) | H17: =SUM('（４）訂單數量構成比'!U35:U41) -> 80485 | I17: =IFERROR(H17/$B$7,"") | J17: 0.084512034 | K17: =IFERROR(I17-J17,"")
A18: 4℃-壽司手卷(077) | B18: =SUM('（３）業績構成比'!W35:W41)/1000 -> 258.41465 | C18: =IFERROR(B18/$B$6,"") | D18: 0.011775084 | E18: =IFERROR(C18-D18,"") | G18: 4℃-壽司手卷(077) | H18: =SUM('（４）訂單數量構成比'!W35:W41) -> 8533 | I18: =IFERROR(H18/$B$7,"") | J18: 0.019178654 | K18: =IFERROR(I18-J18,"")
A19: 主食(091,092,093,094,095) | B19: =SUM('（３）業績構成比'!Y35:Y41,'（３）業績構成比'!AA35:AA41)/1000 -> 4974.4863 | C19: =IFERROR(B19/$B$6,"") | D19: 0.2832898 | E19: =IFERROR(C19-D19,"") | G19: 主食(091,092,093,094,095) | H19: =SUM('（４）訂單數量構成比'!Y35:Y41,'（４）訂單數量構成比'!AA35:AA41) -> 131088 | I19: =IFERROR(H19/$B$7,"") | J19: 0.22873431 | K19: =IFERROR(I19-J19,"")
A20: 便當(083) | B20: =SUM('（３）業績構成比'!AE35:AE41)/1000 -> 3604.6295 | C20: =IFERROR(B20/$B$6,"") | D20: 0.15040468 | E20: =IFERROR(C20-D20,"") | G20: 便當(083) | H20: =SUM('（４）訂單數量構成比'!AE35:AE41) -> 61922 | I20: =IFERROR(H20/$B$7,"") | J20: 0.089526511 | K20: =IFERROR(I20-J20,"")
A21: 熱食義麵(122,123,124,126) | B21: =SUM('（３）業績構成比'!AG35:AG41)/1000 -> 2142.0921 | C21: =IFERROR(B21/$B$6,"") | D21: 0.11116644 | E21: =IFERROR(C21-D21,"") | G21: 熱食義麵(122,123,124,126) | H21: =SUM('（４）訂單數量構成比'!AG35:AG41) -> 42664 | I21: =IFERROR(H21/$B$7,"") | J21: 0.073652219 | K21: =IFERROR(I21-J21,"")
A22: 季節調理麵(111,112) | B22: =SUM('（３）業績構成比'!AI35:AI41)/1000 -> 3374.8586 | C22: =IFERROR(B22/$B$6,"") | D22: 0.046912394 | E22: =IFERROR(C22-D22,"") | G22: 季節調理麵(111,112) | H22: =SUM('（４）訂單數量構成比'!AI35:AI41) -> 87650 | I22: =IFERROR(H22/$B$7,"") | J22: 0.041703245 | K22: =IFERROR(I22-J22,"")
A23: 微波小吃(153,154,155) | B23: =SUM('（３）業績構成比'!AK35:AK41)/1000 -> 2024.747 | C23: =IFERROR(B23/$B$6,"") | D23: 0.081837257 | E23: =IFERROR(C23-D23,"") | G23: 微波小吃(153,154,155) | H23: =SUM('（４）訂單數量構成比'!AK35:AK41) -> 68700 | I23: =IFERROR(H23/$B$7,"") | J23: 0.087802763 | K23: =IFERROR(I23-J23,"")
C24: =SUM(C15:C23) -> 0 | D24: =SUM(D15:D23) -> 1 | I24: =SUM(I15:I23) -> 0 | J24: =SUM(J15:J23) -> 1
A26: （５）品群別人時生產性
A27: 品群 | B27: 當週 | C27: 前週 | D27: 差異 | E27: 累計
A28: 18℃-飯糰(061,063) | B28: ='（５-1）品群別人時生產性（18℃-飯糰）'!L147 -> 818.60878 | C28: 773.28751 | D28: =B28-C28 -> 45.321267 | E28: ='（５-1）品群別人時生產性（18℃-飯糰）'!C1 -> 792.17451 | F28: 147
A29: 18℃-壽司手卷(071,072,075,076) | B29: ='（５-2）品群別人時生產性（18-壽司手卷)'!L87 -> 139.65315 | C29: 182.60764 | D29: =B29-C29 -> -42.954489 | E29: ='（５-2）品群別人時生產性（18-壽司手卷)'!C1 -> 144.15973 | F29: 87
A30: 4℃-飯糰(065) | B30: ='（５-3）品群別人時生產性（4℃-飯糰)'!L87 -> 217.42697 | C30: 272.74109 | D30: =B30-C30 -> -55.314115 | E30: ='（５-3）品群別人時生產性（4℃-飯糰)'!C1 -> 222.59953
A31: 4℃-壽司手卷(077) | B31: ='（５-4）品群別人時生產性（4℃-壽司手卷)'!L87 -> 150.71346 | C31: 113.81516 | D31: =B31-C31 -> 36.898298 | E31: ='（５-4）品群別人時生產性（4℃-壽司手卷)'!C1 -> 152.24309
A32: 主食(091,092,093,094,095) | B32: ='（５-5）品群別人時生產性(主食) '!L147 -> 88.564619 | C32: 86.027649 | D32: =B32-C32 -> 2.5369701 | E32: ='（５-5）品群別人時生產性(主食) '!C1 -> 90.172954
A33: 便當(083) | B33: ='（５-6）品群別人時生產性(便當)'!L87 -> 70.867635 | C33: 67.317863 | D33: =B33-C33 -> 3.5497722 | E33: ='（５-6）品群別人時生產性(便當)'!C1 -> 71.358623
A34: 熱食義麵(122,123,124,126) | B34: ='（５-7）品群別人時生產性(熱食義麵) '!L87 -> 78.019854 | C34: 77.43651 | D34: =B34-C34 -> 0.58334388 | E34: ='（５-7）品群別人時生產性(熱食義麵) '!C1 -> 78.155524
A35: 季節調理麵(111,112) | B35: ='（５-8）品群別人時生產性(季節調理麵) '!L87 -> 121.59002 | C35: 121.87281 | D35: =B35-C35 -> -0.28278116 | E35: ='（５-8）品群別人時生產性(季節調理麵) '!C1 -> 121.70792
A36: 微波小吃(153,154,155) | B36: ='（５-9）品群別人時生產性(微波小吃)'!L87 -> 146.53651 | C36: 115.15834 | D36: =B36-C36 -> 31.378163 | E36: ='（５-9）品群別人時生產性(微波小吃)'!C1 -> 151.27705
D37: =SUM(D28:D36) -> 21.716428

Sheet 每月數值累積總表
A5: 項目 | B5: 2026/1月 | C5: 2026/2月 | D5: 2026/3月 | E5: 2026/4月 | F5: 2026/5月 | G5: 2026/6月 | H5: 2026/7月 | I5: 2026/8月 | J5: 2026/9月 | K5: 2026/10月 | L5: 2026/11月 | M5: 2026/12月 | N5: 合計/平均
A6: 業績金額(千元) | B6: 204598.72 | C6: 192546.05 | D6: 236658.24 | E6: 256837.25 | F6: 279180.38 | G6: 274410.13 | H6: ='生產管理報表(月)'!$B6 -> 263724.31 | N6: =SUM(B6:M6) -> 1707955.1
A7: 訂單數量 | B7: 6333014 | C7: 5860836 | D7: 7295467 | E7: 7731298 | F7: 8281649 | G7: 8119475 | H7: ='生產管理報表(月)'!$B7 -> 7772845 | N7: =SUM(B7:M7) -> 51394584
A8: 材料費(千元) | B8: 138760.36 | C8: 127549.68 | D8: 157257.77 | E8: 171758.91 | F8: 183449.3 | G8: 182460.31 | H8: ='生產管理報表(月)'!$B8 -> 177945.76 | N8: =SUM(B8:M8) -> 1139182.1
A9: 勞務成本(千元) | B9: 30102.782 | C9: 30046.481 | D9: 31852.551 | E9: 33551.595 | F9: 33544.634 | G9: 31252.824 | H9: ='生產管理報表(月)'!$B10 -> 31544.632 | N9: =SUM(B9:M9) -> 221895.5
A10: 人時性(個/月均) | B10: 325.42302 | C10: 348.55662 | D10: 353.52749 | E10: 355.30918 | F10: 362.12961 | G10: 364.12856 | H10: ='生產管理報表(月)'!$I6 -> 337.18177 | N10: =SUM(B10:M10) -> 2446.2563
A11: 人時達成率(%/月均) | B11: 0.88947795 | C11: 0.88885114 | D11: 0.96631623 | E11: 0.9707901 | F11: 0.98942517 | G11: 0.99488676 | H11: ='生產管理報表(月)'!$I7 -> 0.92126167 | N11: =SUM(B11:M11) -> 6.621009
A12: 半成品-報廢(%) | B12: 0.0024547774 | C12: 0.002435211 | D12: 0.0024375052 | E12: 0.002430752 | F12: 0.0024235378 | G12: 0.0024197983 | H12: ='生產管理報表(月)'!$I8 -> 0.0024201878 | N12: =SUM(B12:M12) -> 0.01702177
A13: 半成品-超用(%) | B13: 0.0022346306 | C13: 0.0019856446 | D13: 0.0018458045 | E13: 0.0017845321 | F13: 0.0039070494 | G13: 0.0040384937 | H13: ='生產管理報表(月)'!$I9 -> 0.0040165064 | N13: =SUM(B13:M13) -> 0.019812661
A14: 18℃-飯糰(061,063) | B14: 793.68171 | C14: 793.91003 | D14: 775.10369 | E14: 767.22195 | F14: 802.32418 | G14: 834.38108 | H14: ='生產管理報表(月)'!$B28 -> 792.17451 | N14: =SUM(B14:M14) -> 5558.7971
A15: 18℃-壽司手卷(071,072,075,076) | B15: 171.43329 | C15: 188.87834 | D15: 177.92885 | E15: 186.63001 | F15: 166.68277 | G15: 142.53525 | H15: ='生產管理報表(月)'!$B29 -> 144.15973 | N15: =SUM(B15:M15) -> 1178.2482
A16: 4℃-飯糰(065) | B16: 255.36298 | C16: 249.81281 | D16: 259.7814 | E16: 246.49126 | F16: 236.05722 | G16: 222.12794 | H16: ='生產管理報表(月)'!$B30 -> 222.59953 | N16: =SUM(B16:M16) -> 1692.2331
A17: 4℃-壽司手卷(077) | B17: 118.36197 | C17: 122.98264 | D17: 118.7225 | E17: 103.71565 | F17: 103.0944 | G17: 115.07894 | H17: ='生產管理報表(月)'!$B31 -> 152.24309 | N17: =SUM(B17:M17) -> 834.1992
A18: 主食(091,092,093,094,095) | B18: 82.894643 | C18: 82.248072 | D18: 84.21327 | E18: 87.4 | F18: 88.7 | G18: 89.027946 | H18: ='生產管理報表(月)'!$B32 -> 90.172954 | N18: =SUM(B18:M18) -> 604.65689
A19: 便當(083) | B19: 68.391795 | C19: 66.758428 | D19: 71.676669 | E19: 72.067082 | F19: 72.616079 | G19: 72.154394 | H19: ='生產管理報表(月)'!$B33 -> 71.358623 | N19: =SUM(B19:M19) -> 495.02307
A20: 熱食義麵(122,123,124,126) | B20: 70.145845 | C20: 74.884977 | D20: 86.627336 | E20: 84.932134 | F20: 85.720364 | G20: 82.547283 | H20: ='生產管理報表(月)'!$B34 -> 78.155524 | N20: =SUM(B20:M20) -> 563.01346
A21: 季節調理麵(111,112) | B21: 122.33833 | C21: 120.92496 | D21: 124.40029 | E21: 126.33665 | F21: 130.94835 | G21: 126.04328 | H21: ='生產管理報表(月)'!$B35 -> 121.70792 | N21: =SUM(B21:M21) -> 872.69978
A22: 微波小吃(153,154,155) | B22: 124.77438 | C22: 162.89468 | D22: 174.62095 | E22: 176.89316 | F22: 157.5205 | G22: 148.12872 | H22: ='生產管理報表(月)'!$B36 -> 151.27705 | N22: =SUM(B22:M22) -> 1096.1094

Sheet （１）收支狀況
B2: （１）收支狀況
C3: 月份 | D3: 日期 | F3: 營業額(元) | I3: 訂單數量(個) | L3: 材料費(元) | O3: 材料費率（材料費／營業額） | R3: 勞務成本（全廠人事成本） | U3: 勞務費率（勞務成本／營業額）
F4: 日 | G4: 週累積 | H4: 月累積 | I4: 日 | J4: 週累積 | K4: 月累積 | L4: 日 | M4: 週累積 | N4: 月累積 | O4: 日 | P4: 週累積 | Q4: 月平均 | R4: 日 | S4: 週累積 | T4: 月累積 | U4: 日 | V4: 週累積 | W4: 月平均
D9: 46204 | E9: 三 | F9: 8773103 | H9: =SUM(F9:F39) -> 263724306 | I9: 266041 | K9: =SUM(I9:I39) -> 7772845 | L9: 6521226 | N9: =SUM(L9:L39) -> 177945759 | O9: =L9/F9 -> 0.74332035 | Q9: =N9/H9 -> 0.6747416 | R9: 1037983.4 | T9: =SUM(R9:R39) -> 31544632 | U9: =R9/F9 -> 0.11831429 | W9: =T9/H9 -> 0.11961215
D10: =D9+1 -> 46205 | E10: 四 | F10: 8177093 | I10: 250642 | L10: 5803676 | O10: =L10/F10 -> 0.70974807 | R10: 1007943.3 | U10: =R10/F10 -> 0.12326426
D11: =D10+1 -> 46206 | E11: 五 | F11: 7340175 | I11: 225060 | L11: 4734117 | O11: =L11/F11 -> 0.64495969 | R11: 1012657.3 | U11: =R11/F11 -> 0.13796092
D12: =D11+1 -> 46207 | E12: 六 | F12: 8235605 | I12: 244678 | L12: 5628385 | O12: =L12/F12 -> 0.68342095 | R12: 1023634.1 | U12: =R12/F12 -> 0.12429374
D13: =D12+1 -> 46208 | E13: 日 | F13: 9197911 | I13: 275484 | L13: 6061424 | O13: =L13/F13 -> 0.65900007 | R13: 1056786.7 | U13: =R13/F13 -> 0.11489421
D14: =D13+1 -> 46209 | E14: 一 | F14: 9363255 | I14: 277705 | L14: 6157076 | O14: =L14/F14 -> 0.65757859 | R14: 1042989.7 | U14: =R14/F14 -> 0.11139178
D15: =D14+1 -> 46210 | E15: 二 | F15: 10402844 | I15: 299940 | L15: 6702398 | O15: =L15/F15 -> 0.64428516 | R15: 1056838.2 | U15: =R15/F15 -> 0.10159127
D16: =D15+1 -> 46211 | E16: 三 | F16: 9579033 | I16: 281251 | L16: 6361914 | O16: =L16/F16 -> 0.66414992 | R16: 1049236.3 | U16: =R16/F16 -> 0.10953468
D17: =D16+1 -> 46212 | E17: 四 | F17: 9159433 | I17: 269872 | L17: 6160391 | O17: =L17/F17 -> 0.6725734 | R17: 1048394.8 | U17: =R17/F17 -> 0.11446067
D18: =D17+1 -> 46213 | E18: 五 | F18: 7382110 | I18: 221106 | L18: 4945405 | O18: =L18/F18 -> 0.66991754 | R18: 996977.16 | U18: =R18/F18 -> 0.13505314
D19: =D18+1 -> 46214 | E19: 六 | F19: 7919116 | I19: 233330 | L19: 5252637 | O19: =L19/F19 -> 0.66328578 | R19: 1005335.1 | U19: =R19/F19 -> 0.12695043
D20: =D19+1 -> 46215 | E20: 日 | F20: 9570480 | I20: 277272 | L20: 6155234 | O20: =L20/F20 -> 0.64314789 | R20: 1048548.6 | U20: =R20/F20 -> 0.10956072
D21: =D20+1 -> 46216 | E21: 一 | F21: 9554533 | I21: 274460 | L21: 6263212 | O21: =L21/F21 -> 0.65552257 | R21: 1038063.1 | U21: =R21/F21 -> 0.10864614
... D39: =D38+1 -> 46234 | E39: 五 | F39: 7084934 | I39: 211184 | L39: 4712463 | O39: =L39/F39 -> 0.66513859 | R39: 999698.19 | U39: =R39/F39 -> 0.14110198
O40: =L40/F40 -> #DIV/0! | U40: =R40/F40 -> #DIV/0!

Sheet （２）ＫＰＩ達成進度
B1: KPI | C1: 366
B2: （２）ＫＰＩ達成進度
C3: 月份 | D3: 日期 | F3: 人時生產性(個/人) | I3: 人時生產性達成率(%) | L3: 半成品報廢(%) | O3: 半成品超用(%) | R3: 固定產線-導入率(固定產線數/總產線數) | U3: 教育訓練-實施率(進度/計畫)
F4: 日 | G4: 週平均 | H4: 月平均 | I4: 日 | J4: 週平均 | K4: 月平均 | L4: 日 | M4: 週平均 | N4: 月平均 | O4: 日 | P4: 週平均 | Q4: 月平均 | R4: 日 | S4: 週平均 | T4: 月平均 | U4: 日 | V4: 週平均 | W4: 月平均
D9: 46204 | E9: 三 | F9: 364.8 | H9: =AVERAGE(F9:F39) -> 337.18177 | I9: =F9/$C$1 -> 0.99672131 | K9: =AVERAGE(I9:I39) -> 0.92126167 | L9: 0.0024330243 | N9: =AVERAGE(L9:L39) -> 0.0024201878 | O9: 0.0041871246 | Q9: =AVERAGE(O9:O39) -> 0.0040165064 | R9: 0.91666667 | T9: =AVERAGE(R9:R39) -> 0.91666667 | U9: 0.532 | W9: =AVERAGE(U9:U39) -> 0.58341935
D10: =D9+1 -> 46205 | E10: 四 | F10: 362.7 | I10: =F10/$C$1 -> 0.99098361 | L10: 0.0024023279 | O10: 0.0039076528 | R10: 0.91666667 | U10: 0.534
D11: =D10+1 -> 46206 | E11: 五 | F11: 365.8 | I11: =F11/$C$1 -> 0.99945355 | L11: 0.0024222664 | O11: 0.0041228686 | R11: 0.91666667 | U11: 0.536
D12: =D11+1 -> 46207 | E12: 六 | F12: 362.8 | I12: =F12/$C$1 -> 0.99125683 | L12: 0.0024292961 | O12: 0.0040008175 | R12: 0.91666667 | U12: 0.538
D13: =D12+1 -> 46208 | E13: 日 | F13: 368.3 | I13: =F13/$C$1 -> 1.0062842 | L13: 0.0024165581 | O13: 0.0041168916 | R13: 0.91666667 | U13: 0.54
D14: =D13+1 -> 46209 | E14: 一 | F14: 357.2 | I14: =F14/$C$1 -> 0.97595628 | L14: 0.002431182 | O14: 0.0038485231 | R14: 0.91666667 | U14: 0.54
D15: =D14+1 -> 46210 | E15: 二 | F15: 322.35036 | I15: =F15/$C$1 -> 0.88073869 | L15: 0.0024040166 | O15: 0.0038556381 | R15: 0.91666667 | U15: 0.542
D16: =D15+1 -> 46211 | E16: 三 | F16: 320.02862 | I16: =F16/$C$1 -> 0.87439512 | L16: 0.0024062558 | O16: 0.003756309 | R16: 0.91666667 | U16: 0.542
D17: =D16+1 -> 46212 | E17: 四 | F17: 320.9024 | I17: =F17/$C$1 -> 0.87678253 | L17: 0.0024082651 | O17: 0.003873816 | R17: 0.91666667 | U17: 0.544
D18: =D17+1 -> 46213 | E18: 五 | F18: 321.88914 | I18: =F18/$C$1 -> 0.87947854 | L18: 0.0024428605 | O18: 0.0040445005 | R18: 0.91666667 | U18: 0.548
D19: =D18+1 -> 46214 | E19: 六 | F19: 327.04085 | I19: =F19/$C$1 -> 0.89355423 | L19: 0.0024336637 | O19: 0.0040593259 | R19: 0.91666667 | U19: 0.55
D20: =D19+1 -> 46215 | E20: 日 | F20: 326.16637 | I20: =F20/$C$1 -> 0.89116494 | L20: 0.0024191679 | O20: 0.0038031417 | R20: 0.91666667 | U20: 0.56
D21: =D20+1 -> 46216 | E21: 一 | F21: 323.11422 | I21: =F21/$C$1 -> 0.88282573 | L21: 0.0024299257 | O21: 0.0038911987 | R21: 0.91666667 | U21: 0.562
... D39: =D38+1 -> 46234 | E39: 五 | F39: 340.37943 | I39: =F39/$C$1 -> 0.92999843 | L39: 0.0024203802 | O39: 0.0041277675 | R39: 0.91666667 | U39: 0.634

Sheet （３）業績構成比
B2: （3）業績構成比
C3: 月份 | D3: 日期 | F3: 營業額 | I3: 品類業績
I4: 18℃-飯糰 | O4: 18℃-壽司手卷 | U4: 4℃-飯糰 | W4: 4℃-壽司手卷 | Y4: 主食 | AE4: 便當 | AG4: 熱食義麵 | AI4: 季節調理麵 | AK4: 微波小吃
F5: 日 | G5: 週累積 | H5: 月累積 | I5: 一配 | K5: 二配 | M5: 合計 | O5: 一配 | Q5: 二配 | S5: 合計 | U5: 一配 | W5: 一配 | Y5: 一配 | AA5: 二配 | AC5: 合計 | AE5: 一配 | AG5: 一配 | AI5: 一配 | AK5: 一配
I6: 業績(元) | J6: 比例(%) | K6: 業績(元) | L6: 比例(%) | M6: 業績(元) | N6: 比例(%) | O6: 業績(元) | P6: 比例(%) | Q6: 業績(元) | R6: 比例(%) | S6: 業績(元) | T6: 比例(%) | U6: 業績(元) | V6: 比例(%) | W6: 業績(元) | X6: 比例(%) | Y6: 業績(元) | Z6: 比例(%) | AA6: 業績(元) | AB6: 比例(%) | AC6: 業績(元) | AD6: 比例(%) | AE6: 業績(元) | AF6: 比例(%) | AG6: 業績(元) | AH6: 比例(%) | AI6: 業績(元) | AJ6: 比例(%) | AK6: 業績(元) | AL6: 比例(%)
D7: 46204 | E7: 三 | F7: =SUM(M7,S7,U7,W7,AC7,AE7,AG7,AI7,AK7) -> 8773103 | H7: =SUM($F$7:$F$37) -> 263724306 | I7: 585584.43 | J7: =I7/F7 -> 0.066747698 | K7: 926345.85 | L7: =K7/F7 -> 0.1055893 | M7: =SUM(I7+K7) -> 1511930.3 | N7: =M7/F7 -> 0.172337 | O7: 146097.44 | P7: =O7/F7 -> 0.016652881 | R7: =Q7/$F7 -> 0 | S7: =SUM(O7+Q7) -> 146097.44 | T7: =S7/F7 -> 0.016652881 | U7: 1025972.1 | V7: =U7/F7 -> 0.11694518 | W7: 96911.017 | X7: =W7/F7 -> 0.011046379 | Y7: 663881.69 | Z7: =Y7/F7 -> 0.075672392 | AA7: 1059308.2 | AB7: =AA7/$F7 -> 0.12074498 | AC7: =SUM(Y7+AA7) -> 1723189.9 | AD7: =AC7/F7 -> 0.19641737 | AE7: 1371712.6 | AF7: =AE7/F7 -> 0.15635432 | AG7: 751307.6 | AH7: =AG7/F7 -> 0.085637613 | AI7: 1390227.6 | AJ7: =AI7/F7 -> 0.15846475 | AK7: 755754.53 | AL7: =AK7/F7 -> 0.086144496
D8: =D7+1 -> 46205 | E8: 四 | F8: =SUM(M8,S8,U8,W8,AC8,AE8,AG8,AI8,AK8) -> 8177093 | I8: 575114.81 | J8: =I8/F8 -> 0.070332429 | K8: 860849.37 | L8: =K8/F8 -> 0.10527572 | M8: =SUM(I8+K8) -> 1435964.2 | N8: =M8/F8 -> 0.17560815 | O8: 149474.57 | P8: =O8/F8 -> 0.018279671 | R8: =Q8/$F8 -> 0 | S8: =SUM(O8+Q8) -> 149474.57 | T8: =S8/F8 -> 0.018279671 | U8: 925718.71 | V8: =U8/F8 -> 0.11320878 | W8: 86523.696 | X8: =W8/F8 -> 0.010581229 | Y8: 620467.91 | Z8: =Y8/F8 -> 0.075878789 | AA8: 878967.94 | AB8: =AA8/$F8 -> 0.10749149 | AC8: =SUM(Y8+AA8) -> 1499435.8 | AD8: =AC8/F8 -> 0.18337028 | AE8: 1271362.5 | AF8: =AE8/F8 -> 0.15547854 | AG8: 683768.59 | AH8: =AG8/F8 -> 0.083620008 | AI8: 1397996.8 | AJ8: =AI8/F8 -> 0.17096501 | AK8: 726848.14 | AL8: =AK8/F8 -> 0.08888833
D9: =D8+1 -> 46206 | E9: 五 | F9: =SUM(M9,S9,U9,W9,AC9,AE9,AG9,AI9,AK9) -> 7340175 | I9: 502386.01 | J9: =I9/F9 -> 0.068443328 | K9: 791842.53 | L9: =K9/F9 -> 0.10787788 | M9: =SUM(I9+K9) -> 1294228.5 | N9: =M9/F9 -> 0.17632121 | O9: 126093.23 | P9: =O9/F9 -> 0.017178504 | R9: =Q9/$F9 -> 0 | S9: =SUM(O9+Q9) -> 126093.23 | T9: =S9/F9 -> 0.017178504 | U9: 815623.07 | V9: =U9/F9 -> 0.11111766 | W9: 69452.719 | X9: =W9/F9 -> 0.0094619977 | Y9: 570858.45 | Z9: =Y9/F9 -> 0.077771777 | AA9: 988937.62 | AB9: =AA9/$F9 -> 0.13472943 | AC9: =SUM(Y9+AA9) -> 1559796.1 | AD9: =AC9/F9 -> 0.21250121 | AE9: 1023526.6 | AF9: =AE9/F9 -> 0.13944171 | AG9: 487853.51 | AH9: =AG9/F9 -> 0.066463471 | AI9: 1351860.7 | AJ9: =AI9/F9 -> 0.18417282 | AK9: 611740.59 | AL9: =AK9/F9 -> 0.083341417
D10: =D9+1 -> 46207 | E10: 六 | F10: =SUM(M10,S10,U10,W10,AC10,AE10,AG10,AI10,AK10) -> 8235605 | I10: 487575.22 | J10: =I10/F10 -> 0.059203327 | K10: 832130.11 | L10: =K10/F10 -> 0.10104056 | M10: =SUM(I10+K10) -> 1319705.3 | N10: =M10/F10 -> 0.16024388 | O10: 119675.28 | P10: =O10/F10 -> 0.01453145 | R10: =Q10/$F10 -> 0 | S10: =SUM(O10+Q10) -> 119675.28 | T10: =S10/F10 -> 0.01453145 | U10: 950603.24 | V10: =U10/F10 -> 0.11542604 | W10: 82949.303 | X10: =W10/F10 -> 0.010072035 | Y10: 617616.14 | Z10: =Y10/F10 -> 0.074993414 | AA10: 1103588.9 | AB10: =AA10/$F10 -> 0.13400216 | AC10: =SUM(Y10+AA10) -> 1721205 | AD10: =AC10/F10 -> 0.20899558 | AE10: 1240739.6 | AF10: =AE10/F10 -> 0.15065555 | AG10: 607209.44 | AH10: =AG10/F10 -> 0.073729792 | AI10: 1485915.6 | AJ10: =AI10/F10 -> 0.1804258 | AK10: 707602.19 | AL10: =AK10/F10 -> 0.08591988
D11: =D10+1 -> 46208 | E11: 日 | F11: =SUM(M11,S11,U11,W11,AC11,AE11,AG11,AI11,AK11) -> 9197911 | I11: 587245.11 | J11: =I11/F11 -> 0.063845487 | K11: 904227.19 | L11: =K11/F11 -> 0.098307886 | M11: =SUM(I11+K11) -> 1491472.3 | N11: =M11/F11 -> 0.16215337 | O11: 150097.51 | P11: =O11/F11 -> 0.016318653 | R11: =Q11/$F11 -> 0 | S11: =SUM(O11+Q11) -> 150097.51 | T11: =S11/F11 -> 0.016318653 | U11: 1139386.4 | V11: =U11/F11 -> 0.12387447 | W11: 100986.86 | X11: =W11/F11 -> 0.010979326 | Y11: 687503.18 | Z11: =Y11/F11 -> 0.074745579 | AA11: 1142201.5 | AB11: =AA11/$F11 -> 0.12418054 | AC11: =SUM(Y11+AA11) -> 1829704.7 | AD11: =AC11/F11 -> 0.19892612 | AE11: 1461187.4 | AF11: =AE11/F11 -> 0.15886078 | AG11: 747956.2 | AH11: =AG11/F11 -> 0.081318051 | AI11: 1518256 | AJ11: =AI11/F11 -> 0.16506531 | AK11: 758863.64 | AL11: =AK11/F11 -> 0.082503912
D12: =D11+1 -> 46209 | E12: 一 | F12: =SUM(M12,S12,U12,W12,AC12,AE12,AG12,AI12,AK12) -> 9363255 | I12: 582448.09 | J12: =I12/F12 -> 0.062205728 | K12: 893437.27 | L12: =K12/F12 -> 0.095419517 | M12: =SUM(I12+K12) -> 1475885.4 | N12: =M12/F12 -> 0.15762525 | O12: 148647.22 | P12: =O12/F12 -> 0.015875592 | R12: =Q12/$F12 -> 0 | S12: =SUM(O12+Q12) -> 148647.22 | T12: =S12/F12 -> 0.015875592 | U12: 1140636.5 | V12: =U12/F12 -> 0.12182051 | W12: 73225.826 | X12: =W12/F12 -> 0.0078205523 | Y12: 712903.77 | Z12: =Y12/F12 -> 0.076138456 | AA12: 1373132.4 | AB12: =AA12/$F12 -> 0.14665118 | AC12: =SUM(Y12+AA12) -> 2086036.2 | AD12: =AC12/F12 -> 0.22278963 | AE12: 1372438.1 | AF12: =AE12/F12 -> 0.14657703 | AG12: 753905.55 | AH12: =AG12/F12 -> 0.080517464 | AI12: 1504926.4 | AJ12: =AI12/F12 -> 0.16072684 | AK12: 807553.84 | AL12: =AK12/F12 -> 0.086247127
D13: =D12+1 -> 46210 | E13: 二 | F13: =SUM(M13,S13,U13,W13,AC13,AE13,AG13,AI13,AK13) -> 10402844 | I13: 593435.7 | J13: =I13/F13 -> 0.057045525 | K13: 890030.64 | L13: =K13/F13 -> 0.085556473 | M13: =SUM(I13+K13) -> 1483466.3 | N13: =M13/F13 -> 0.142602 | O13: 149791.71 | P13: =O13/F13 -> 0.014399112 | R13: =Q13/$F13 -> 0 | S13: =SUM(O13+Q13) -> 149791.71 | T13: =S13/F13 -> 0.014399112 | U13: 1092598.1 | V13: =U13/F13 -> 0.10502878 | W13: 361990.62 | X13: =W13/F13 -> 0.034797274 | Y13: 683930.26 | Z13: =Y13/F13 -> 0.065744546 | AA13: 1289177 | AB13: =AA13/$F13 -> 0.12392544 | AC13: =SUM(Y13+AA13) -> 1973107.2 | AD13: =AC13/F13 -> 0.18966998 | AE13: 1889345.1 | AF13: =AE13/F13 -> 0.18161814 | AG13: 696363.11 | AH13: =AG13/F13 -> 0.066939686 | AI13: 1944634.6 | AJ13: =AI13/F13 -> 0.18693297 | AK13: 811547.23 | AL13: =AK13/F13 -> 0.078012054
D14: =D13+1 -> 46211 | E14: 三 | F14: =SUM(M14,S14,U14,W14,AC14,AE14,AG14,AI14,AK14) -> 9579033 | I14: 582733.78 | J14: =I14/F14 -> 0.060834301 | K14: 864415.43 | L14: =K14/F14 -> 0.090240364 | M14: =SUM(I14+K14) -> 1447149.2 | N14: =M14/F14 -> 0.15107467 | O14: 149764.58 | P14: =O14/F14 -> 0.015634624 | R14: =Q14/$F14 -> 0 | S14: =SUM(O14+Q14) -> 149764.58 | T14: =S14/F14 -> 0.015634624 | U14: 967320.14 | V14: =U14/F14 -> 0.10098307 | W14: 228848.57 | X14: =W14/F14 -> 0.023890571 | Y14: 662393.12 | Z14: =Y14/F14 -> 0.069150312 | AA14: 1264015.6 | AB14: =AA14/$F14 -> 0.13195649 | AC14: =SUM(Y14+AA14) -> 1926408.7 | AD14: =AC14/F14 -> 0.2011068 | AE14: 1621356.8 | AF14: =AE14/F14 -> 0.16926101 | AG14: 660044.56 | AH14: =AG14/F14 -> 0.068905134 | AI14: 1768129 | AJ14: =AI14/F14 -> 0.18458325 | AK14: 810011.44 | AL14: =AK14/F14 -> 0.084560878
D15: =D14+1 -> 46212 | E15: 四 | F15: =SUM(M15,S15,U15,W15,AC15,AE15,AG15,AI15,AK15) -> 9159433 | I15: 550579.75 | J15: =I15/F15 -> 0.06011068 | K15: 785786.18 | L15: =K15/F15 -> 0.085789828 | M15: =SUM(I15+K15) -> 1336365.9 | N15: =M15/F15 -> 0.14590051 | O15: 146784.78 | P15: =O15/F15 -> 0.016025531 | R15: =Q15/$F15 -> 0 | S15: =SUM(O15+Q15) -> 146784.78 | T15: =S15/F15 -> 0.016025531 | U15: 861554.53 | V15: =U15/F15 -> 0.094061994 | W15: 217569.65 | X15: =W15/F15 -> 0.023753615 | Y15: 678881.24 | Z15: =Y15/F15 -> 0.074118261 | AA15: 1073459.7 | AB15: =AA15/$F15 -> 0.11719718 | AC15: =SUM(Y15+AA15) -> 1752340.9 | AD15: =AC15/F15 -> 0.19131544 | AE15: 1585947.8 | AF15: =AE15/F15 -> 0.17314912 | AG15: 741403.82 | AH15: =AG15/F15 -> 0.080944292 | AI15: 1652100.5 | AJ15: =AI15/F15 -> 0.18037148 | AK15: 865365.08 | AL15: =AK15/F15 -> 0.094478018
D16: =D15+1 -> 46213 | E16: 五 | F16: =SUM(M16,S16,U16,W16,AC16,AE16,AG16,AI16,AK16) -> 7382110 | I16: 460120.37 | J16: =I16/F16 -> 0.062329114 | K16: 709347.8 | L16: =K16/F16 -> 0.096090116 | M16: =SUM(I16+K16) -> 1169468.2 | N16: =M16/F16 -> 0.15841923 | O16: 121775.96 | P16: =O16/F16 -> 0.016496092 | R16: =Q16/$F16 -> 0 | S16: =SUM(O16+Q16) -> 121775.96 | T16: =S16/F16 -> 0.016496092 | U16: 741304.92 | V16: =U16/F16 -> 0.10041911 | W16: 88855.566 | X16: =W16/F16 -> 0.012036608 | Y16: 575865.51 | Z16: =Y16/F16 -> 0.078008254 | AA16: 956824.03 | AB16: =AA16/$F16 -> 0.12961389 | AC16: =SUM(Y16+AA16) -> 1532689.5 | AD16: =AC16/F16 -> 0.20762215 | AE16: 1241395.9 | AF16: =AE16/F16 -> 0.16816275 | AG16: 517502.6 | AH16: =AG16/F16 -> 0.07010226 | AI16: 1355671.6 | AJ16: =AI16/F16 -> 0.18364283 | AK16: 613445.79 | AL16: =AK16/F16 -> 0.083098977
D17: =D16+1 -> 46214 | E17: 六 | F17: =SUM(M17,S17,U17,W17,AC17,AE17,AG17,AI17,AK17) -> 7919116 | I17: 433945.27 | J17: =I17/F17 -> 0.054797186 | K17: 777548.26 | L17: =K17/F17 -> 0.098186244 | M17: =SUM(I17+K17) -> 1211493.5 | N17: =M17/F17 -> 0.15298343 | O17: 114353.47 | P17: =O17/F17 -> 0.014440182 | R17: =Q17/$F17 -> 0 | S17: =SUM(O17+Q17) -> 114353.47 | T17: =S17/F17 -> 0.014440182 | U17: 737706.68 | V17: =U17/F17 -> 0.093155181 | W17: 123313.18 | X17: =W17/F17 -> 0.015571584 | Y17: 624159.75 | Z17: =Y17/F17 -> 0.078816847 | AA17: 1033867.7 | AB17: =AA17/$F17 -> 0.13055342 | AC17: =SUM(Y17+AA17) -> 1658027.5 | AD17: =AC17/F17 -> 0.20937027 | AE17: 1389337.1 | AF17: =AE17/F17 -> 0.17544093 | AG17: 592446.52 | AH17: =AG17/F17 -> 0.074812203 | AI17: 1475253.5 | AJ17: =AI17/F17 -> 0.18629017 | AK17: 617184.58 | AL17: =AK17/F17 -> 0.077936045
D18: =D17+1 -> 46215 | E18: 日 | F18: =SUM(M18,S18,U18,W18,AC18,AE18,AG18,AI18,AK18) -> 9570480 | I18: 545372.17 | J18: =I18/F18 -> 0.056984829 | K18: 839966.68 | L18: =K18/F18 -> 0.08776641 | M18: =SUM(I18+K18) -> 1385338.8 | N18: =M18/F18 -> 0.14475124 | O18: 149015.17 | P18: =O18/F18 -> 0.015570292 | R18: =Q18/$F18 -> 0 | S18: =SUM(O18+Q18) -> 149015.17 | T18: =S18/F18 -> 0.015570292 | U18: 922765.74 | V18: =U18/F18 -> 0.096417916 | W18: 230490.71 | X18: =W18/F18 -> 0.024083506 | Y18: 730263.05 | Z18: =Y18/F18 -> 0.076303701 | AA18: 1217729 | AB18: =AA18/$F18 -> 0.12723802 | AC18: =SUM(Y18+AA18) -> 1947992 | AD18: =AC18/F18 -> 0.20354173 | AE18: 1830222.1 | AF18: =AE18/F18 -> 0.19123618 | AG18: 757703.6 | AH18: =AG18/F18 -> 0.079170909 | AI18: 1633188 | AJ18: =AI18/F18 -> 0.1706485 | AK18: 713763.81 | AL18: =AK18/F18 -> 0.07457973
D19: =D18+1 -> 46216 | E19: 一 | F19: =SUM(M19,S19,U19,W19,AC19,AE19,AG19,AI19,AK19) -> 9554533 | I19: 529486.83 | J19: =I19/F19 -> 0.055417343 | K19: 814268.37 | L19: =K19/F19 -> 0.085223252 | M19: =SUM(I19+K19) -> 1343755.2 | N19: =M19/F19 -> 0.14064059 | O19: 143809.3 | P19: =O19/F19 -> 0.015051421 | R19: =Q19/$F19 -> 0 | S19: =SUM(O19+Q19) -> 143809.3 | T19: =S19/F19 -> 0.015051421 | U19: 962800.35 | V19: =U19/F19 -> 0.10076896 | W19: 199074.14 | X19: =W19/F19 -> 0.02083557 | Y19: 763056.3 | Z19: =Y19/F19 -> 0.079863275 | AA19: 1498349.2 | AB19: =AA19/$F19 -> 0.15682076 | AC19: =SUM(Y19+AA19) -> 2261405.5 | AD19: =AC19/F19 -> 0.23668404 | AE19: 1661603 | AF19: =AE19/F19 -> 0.1739073 | AG19: 759555.4 | AH19: =AG19/F19 -> 0.079496863 | AI19: 1428891.9 | AJ19: =AI19/F19 -> 0.1495512 | AK19: 793638.19 | AL19: =AK19/F19 -> 0.083064049
... D37: =D36+1 -> 46234 | E37: 五 | F37: =SUM(M37,S37,U37,W37,AC37,AE37,AG37,AI37,AK37) -> 7084934 | I37: 481892.85 | J37: =I37/F37 -> 0.068016561 | K37: 635062.51 | L37: =K37/F37 -> 0.089635629 | M37: =SUM(I37+K37) -> 1116955.4 | N37: =M37/F37 -> 0.15765219 | O37: 179741.44 | P37: =O37/F37 -> 0.025369529 | R37: =Q37/$F37 -> 0 | S37: =SUM(O37+Q37) -> 179741.44 | T37: =S37/F37 -> 0.025369529 | U37: 777229.12 | V37: =U37/F37 -> 0.10970167 | W37: 68175.969 | X37: =W37/F37 -> 0.0096226681 | Y37: 545390.3 | Z37: =Y37/F37 -> 0.076978882 | AA37: 961827.26 | AB37: =AA37/$F37 -> 0.1357567 | AC37: =SUM(Y37+AA37) -> 1507217.6 | AD37: =AC37/F37 -> 0.21273558 | AE37: 1019224 | AF37: =AE37/F37 -> 0.14385793 | AG37: 668505.43 | AH37: =AG37/F37 -> 0.094355915 | AI37: 1151947.4 | AJ37: =AI37/F37 -> 0.16259112 | AK37: 595937.81 | AL37: =AK37/F37 -> 0.084113389
J38: =I38/F38 -> #DIV/0! | L38: =K38/F38 -> #DIV/0! | M38: =SUM(I38+K38) -> 0 | N38: =M38/F38 -> #DIV/0! | P38: =O38/F38 -> #DIV/0! | R38: =Q38/$F38 -> #DIV/0! | S38: =SUM(O38+Q38) -> 0 | T38: =S38/F38 -> #DIV/0! | V38: =U38/F38 -> #DIV/0! | X38: =W38/F38 -> #DIV/0! | Z38: =Y38/F38 -> #DIV/0! | AB38: =AA38/$F38 -> #DIV/0! | AC38: =SUM(Y38+AA38) -> 0 | AD38: =AC38/F38 -> #DIV/0! | AF38: =AE38/F38 -> #DIV/0! | AH38: =AG38/F38 -> #DIV/0! | AJ38: =AI38/F38 -> #DIV/0! | AL38: =AK38/F38 -> #DIV/0!
J39: =I39/F39 -> #DIV/0! | L39: =K39/F39 -> #DIV/0! | M39: =SUM(I39+K39) -> 0 | N39: =M39/F39 -> #DIV/0! | P39: =O39/F39 -> #DIV/0! | R39: =Q39/$F39 -> #DIV/0! | S39: =SUM(O39+Q39) -> 0 | T39: =S39/F39 -> #DIV/0! | V39: =U39/F39 -> #DIV/0! | X39: =W39/F39 -> #DIV/0! | Z39: =Y39/F39 -> #DIV/0! | AB39: =AA39/$F39 -> #DIV/0! | AC39: =SUM(Y39+AA39) -> 0 | AD39: =AC39/F39 -> #DIV/0! | AF39: =AE39/F39 -> #DIV/0! | AH39: =AG39/F39 -> #DIV/0! | AJ39: =AI39/F39 -> #DIV/0! | AL39: =AK39/F39 -> #DIV/0!
J40: =I40/F40 -> #DIV/0! | L40: =K40/F40 -> #DIV/0! | M40: =SUM(I40+K40) -> 0 | N40: =M40/F40 -> #DIV/0! | P40: =O40/F40 -> #DIV/0! | R40: =Q40/$F40 -> #DIV/0! | S40: =SUM(O40+Q40) -> 0 | T40: =S40/F40 -> #DIV/0! | V40: =U40/F40 -> #DIV/0! | X40: =W40/F40 -> #DIV/0! | Z40: =Y40/F40 -> #DIV/0! | AB40: =AA40/$F40 -> #DIV/0! | AC40: =SUM(Y40+AA40) -> 0 | AD40: =AC40/F40 -> #DIV/0! | AF40: =AE40/F40 -> #DIV/0! | AH40: =AG40/F40 -> #DIV/0! | AJ40: =AI40/F40 -> #DIV/0! | AL40: =AK40/F40 -> #DIV/0!
J41: =I41/F41 -> #DIV/0! | L41: =K41/F41 -> #DIV/0! | M41: =SUM(I41+K41) -> 0 | N41: =M41/F41 -> #DIV/0! | P41: =O41/F41 -> #DIV/0! | R41: =Q41/$F41 -> #DIV/0! | S41: =SUM(O41+Q41) -> 0 | T41: =S41/F41 -> #DIV/0! | V41: =U41/F41 -> #DIV/0! | X41: =W41/F41 -> #DIV/0! | Z41: =Y41/F41 -> #DIV/0! | AB41: =AA41/$F41 -> #DIV/0! | AC41: =SUM(Y41+AA41) -> 0 | AD41: =AC41/F41 -> #DIV/0! | AF41: =AE41/F41 -> #DIV/0! | AH41: =AG41/F41 -> #DIV/0! | AJ41: =AI41/F41 -> #DIV/0! | AL41: =AK41/F41 -> #DIV/0!
J42: =I42/F42 -> #DIV/0! | L42: =K42/F42 -> #DIV/0! | M42: =SUM(I42+K42) -> 0 | N42: =M42/F42 -> #DIV/0! | P42: =O42/F42 -> #DIV/0! | R42: =Q42/$F42 -> #DIV/0! | S42: =SUM(O42+Q42) -> 0 | T42: =S42/F42 -> #DIV/0! | V42: =U42/F42 -> #DIV/0! | X42: =W42/F42 -> #DIV/0! | Z42: =Y42/F42 -> #DIV/0! | AB42: =AA42/$F42 -> #DIV/0! | AC42: =SUM(Y42+AA42) -> 0 | AD42: =AC42/F42 -> #DIV/0! | AF42: =AE42/F42 -> #DIV/0! | AH42: =AG42/F42 -> #DIV/0! | AJ42: =AI42/F42 -> #DIV/0! | AL42: =AK42/F42 -> #DIV/0!
J43: =I43/F43 -> #DIV/0! | L43: =K43/F43 -> #DIV/0! | M43: =SUM(I43+K43) -> 0 | N43: =M43/F43 -> #DIV/0! | P43: =O43/F43 -> #DIV/0! | R43: =Q43/$F43 -> #DIV/0! | S43: =SUM(O43+Q43) -> 0 | T43: =S43/F43 -> #DIV/0! | V43: =U43/F43 -> #DIV/0! | X43: =W43/F43 -> #DIV/0! | Z43: =Y43/F43 -> #DIV/0! | AB43: =AA43/$F43 -> #DIV/0! | AC43: =SUM(Y43+AA43) -> 0 | AD43: =AC43/F43 -> #DIV/0! | AF43: =AE43/F43 -> #DIV/0! | AH43: =AG43/F43 -> #DIV/0! | AJ43: =AI43/F43 -> #DIV/0! | AL43: =AK43/F43 -> #DIV/0!
J44: =I44/F44 -> #DIV/0! | L44: =K44/F44 -> #DIV/0! | M44: =SUM(I44+K44) -> 0 | N44: =M44/F44 -> #DIV/0! | P44: =O44/F44 -> #DIV/0! | R44: =Q44/$F44 -> #DIV/0! | S44: =SUM(O44+Q44) -> 0 | T44: =S44/F44 -> #DIV/0! | V44: =U44/F44 -> #DIV/0! | X44: =W44/F44 -> #DIV/0! | Z44: =Y44/F44 -> #DIV/0! | AB44: =AA44/$F44 -> #DIV/0! | AC44: =SUM(Y44+AA44) -> 0 | AD44: =AC44/F44 -> #DIV/0! | AF44: =AE44/F44 -> #DIV/0! | AH44: =AG44/F44 -> #DIV/0! | AJ44: =AI44/F44 -> #DIV/0! | AL44: =AK44/F44 -> #DIV/0!
J45: =I45/F45 -> #DIV/0! | L45: =K45/F45 -> #DIV/0! | M45: =SUM(I45+K45) -> 0 | N45: =M45/F45 -> #DIV/0! | P45: =O45/F45 -> #DIV/0! | R45: =Q45/$F45 -> #DIV/0! | S45: =SUM(O45+Q45) -> 0 | T45: =S45/F45 -> #DIV/0! | V45: =U45/F45 -> #DIV/0! | X45: =W45/F45 -> #DIV/0! | Z45: =Y45/F45 -> #DIV/0! | AB45: =AA45/$F45 -> #DIV/0! | AC45: =SUM(Y45+AA45) -> 0 | AD45: =AC45/F45 -> #DIV/0! | AF45: =AE45/F45 -> #DIV/0! | AH45: =AG45/F45 -> #DIV/0! | AJ45: =AI45/F45 -> #DIV/0! | AL45: =AK45/F45 -> #DIV/0!
I46: =SUM(I7:I45) -> 17316600 | J46: =I46/$H$7 -> 0.065661752 | K46: =SUM(K7:K45) -> 23973853 | L46: =K46/$H$7 -> 0.090904983 | M46: =SUM(M7:M45) -> 41290454 | N46: =M46/$H$7 -> 0.15656673 | O46: =SUM(O7:O45) -> 5040458.8 | P46: =O46/$H$7 -> 0.019112606 | Q46: =SUM(Q7:Q45) -> 0 | R46: =Q46/$H$7 -> 0 | S46: =SUM(S7:S45) -> 5040458.8 | T46: =S46/$H$7 -> 0.019112606 | U46: =SUM(U7:U45) -> 28134506 | V46: =U46/$H$7 -> 0.10668151 | W46: =SUM(W7:W45) -> 3984301.7 | X46: =W46/$H$7 -> 0.015107829 | Y46: =SUM(Y7:Y45) -> 20387439 | Z46: =Y46/$H$7 -> 0.077305877 | AA46: =SUM(AA7:AA45) -> 35897681 | AB46: =AA46/$H$7 -> 0.13611821 | AC46: =SUM(AC7:AC45) -> 56285119 | AD46: =AC46/$H$7 -> 0.21342409 | AE46: =SUM(AE7:AE45) -> 42995922 | AF46: =AE46/$H$7 -> 0.1630336 | AG46: =SUM(AG7:AG45) -> 22151653 | AH46: =AG46/$H$7 -> 0.083995491 | AI46: =SUM(AI7:AI45) -> 41622926 | AJ46: =AI46/$H$7 -> 0.15782742 | AK46: =SUM(AK7:AK45) -> 22218965 | AL46: =AK46/$H$7 -> 0.08425073
M47: =M46 -> 41290454 | S47: =S46 -> 5040458.8 | U47: =U46 -> 28134506 | W47: =W46 -> 3984301.7 | AC47: =AC46 -> 56285119 | AE47: =AE46 -> 42995922 | AG47: =AG46 -> 22151653 | AI47: =AI46 -> 41622926 | AK47: =AK46 -> 22218965

Sheet （４）訂單數量構成比
B2: （4）訂單數量構成比
C3: 月份 | D3: 日期 | F3: 訂單量 | I3: 品類訂單量
I4: 18℃-飯糰 | O4: 18℃-壽司手卷 | U4: 4℃-飯糰 | W4: 4℃-壽司手卷 | Y4: 主食 | AE4: 便當 | AG4: 熱食義麵 | AI4: 季節調理麵 | AK4: 微波小吃
F5: 日 | G5: 週累積 | H5: 月累積 | I5: 一配 | K5: 二配 | M5: 合計 | O5: 一配 | Q5: 二配 | S5: 合計 | U5: 一配 | W5: 一配 | Y5: 一配 | AA5: 二配 | AC5: 合計 | AE5: 一配 | AG5: 一配 | AI5: 一配 | AK5: 一配
I6: 訂單數 | J6: 比例(%) | K6: 訂單數 | L6: 比例(%) | M6: 訂單數 | N6: 比例(%) | O6: 訂單數 | P6: 比例(%) | Q6: 訂單數 | R6: 比例(%) | S6: 訂單數 | T6: 比例(%) | U6: 訂單數 | V6: 比例(%) | W6: 訂單數 | X6: 比例(%) | Y6: 訂單數 | Z6: 比例(%) | AA6: 訂單數 | AB6: 比例(%) | AC6: 訂單數 | AD6: 比例(%) | AE6: 訂單數 | AF6: 比例(%) | AG6: 訂單數 | AH6: 比例(%) | AI6: 訂單數 | AJ6: 比例(%) | AK6: 訂單數 | AL6: 比例(%)
D7: 46204 | E7: 三 | F7: =SUM(M7,S7,U7,W7,AC7,AE7,AG7,AI7,AK7) -> 266041 | H7: =SUM($F$7:$F$37) -> 7772845 | I7: 30799 | J7: =I7/F7 -> 0.11576787 | K7: 48363 | L7: =K7/F7 -> 0.18178777 | M7: =SUM(I7+K7) -> 79162 | N7: =M7/F7 -> 0.29755564 | O7: 5051 | P7: =O7/F7 -> 0.018985795 | R7: =Q7/F7 -> 0 | S7: =SUM(O7+Q7) -> 5051 | T7: =S7/F7 -> 0.018985795 | U7: 31085 | V7: =U7/F7 -> 0.11684289 | W7: 4955 | X7: =W7/F7 -> 0.018624949 | Y7: 24565 | Z7: =Y7/F7 -> 0.092335392 | AA7: 20001 | AB7: =AA7/F7 -> 0.075180141 | AC7: =SUM(Y7+AA7) -> 44566 | AD7: =AC7/F7 -> 0.16751553 | AE7: 23645 | AF7: =AE7/F7 -> 0.088877278 | AG7: 15204 | AH7: =AG7/F7 -> 0.057149086 | AI7: 36664 | AJ7: =AI7/F7 -> 0.13781334 | AK7: 25709 | AL7: =AK7/F7 -> 0.096635481
D8: =D7+1 -> 46205 | E8: 四 | F8: =SUM(M8,S8,U8,W8,AC8,AE8,AG8,AI8,AK8) -> 250642 | I8: 30282 | J8: =I8/F8 -> 0.12081774 | K8: 45042 | L8: =K8/F8 -> 0.17970651 | M8: =SUM(I8+K8) -> 75324 | N8: =M8/F8 -> 0.30052425 | O8: 5158 | P8: =O8/F8 -> 0.020579153 | R8: =Q8/F8 -> 0 | S8: =SUM(O8+Q8) -> 5158 | T8: =S8/F8 -> 0.020579153 | U8: 28211 | V8: =U8/F8 -> 0.11255496 | W8: 4424 | X8: =W8/F8 -> 0.017650673 | Y8: 23481 | Z8: =Y8/F8 -> 0.093683421 | AA8: 16614 | AB8: =AA8/F8 -> 0.066285778 | AC8: =SUM(Y8+AA8) -> 40095 | AD8: =AC8/F8 -> 0.1599692 | AE8: 21867 | AF8: =AE8/F8 -> 0.087243958 | AG8: 13965 | AH8: =AG8/F8 -> 0.055716919 | AI8: 36867 | AJ8: =AI8/F8 -> 0.14709027 | AK8: 24731 | AL8: =AK8/F8 -> 0.098670614
D9: =D8+1 -> 46206 | E9: 五 | F9: =SUM(M9,S9,U9,W9,AC9,AE9,AG9,AI9,AK9) -> 225060 | I9: 26488 | J9: =I9/F9 -> 0.11769306 | K9: 41510 | L9: =K9/F9 -> 0.1844397 | M9: =SUM(I9+K9) -> 67998 | N9: =M9/F9 -> 0.30213276 | O9: 4366 | P9: =O9/F9 -> 0.019399271 | R9: =Q9/F9 -> 0 | S9: =SUM(O9+Q9) -> 4366 | T9: =S9/F9 -> 0.019399271 | U9: 24706 | V9: =U9/F9 -> 0.10977517 | W9: 3552 | X9: =W9/F9 -> 0.015782458 | Y9: 21695 | Z9: =Y9/F9 -> 0.096396516 | AA9: 18698 | AB9: =AA9/F9 -> 0.083080068 | AC9: =SUM(Y9+AA9) -> 40393 | AD9: =AC9/F9 -> 0.17947658 | AE9: 17683 | AF9: =AE9/F9 -> 0.078570159 | AG9: 10006 | AH9: =AG9/F9 -> 0.044459255 | AI9: 35581 | AJ9: =AI9/F9 -> 0.15809562 | AK9: 20775 | AL9: =AK9/F9 -> 0.092308718
D10: =D9+1 -> 46207 | E10: 六 | F10: =SUM(M10,S10,U10,W10,AC10,AE10,AG10,AI10,AK10) -> 244678 | I10: 25810 | J10: =I10/F10 -> 0.10548558 | K10: 43807 | L10: =K10/F10 -> 0.17903939 | M10: =SUM(I10+K10) -> 69617 | N10: =M10/F10 -> 0.28452497 | O10: 4139 | P10: =O10/F10 -> 0.01691611 | R10: =Q10/F10 -> 0 | S10: =SUM(O10+Q10) -> 4139 | T10: =S10/F10 -> 0.01691611 | U10: 28764 | V10: =U10/F10 -> 0.11755859 | W10: 4242 | X10: =W10/F10 -> 0.017337072 | Y10: 20098 | Z10: =Y10/F10 -> 0.082140609 | AA10: 20867 | AB10: =AA10/F10 -> 0.085283515 | AC10: =SUM(Y10+AA10) -> 40965 | AD10: =AC10/F10 -> 0.16742412 | AE10: 21388 | AF10: =AE10/F10 -> 0.087412845 | AG10: 12423 | AH10: =AG10/F10 -> 0.050772852 | AI10: 39278 | AJ10: =AI10/F10 -> 0.16052935 | AK10: 23862 | AL10: =AK10/F10 -> 0.097524093
D11: =D10+1 -> 46208 | E11: 日 | F11: =SUM(M11,S11,U11,W11,AC11,AE11,AG11,AI11,AK11) -> 275484 | I11: 31053 | J11: =I11/F11 -> 0.11272161 | K11: 47550 | L11: =K11/F11 -> 0.17260531 | M11: =SUM(I11+K11) -> 78603 | N11: =M11/F11 -> 0.28532692 | O11: 5189 | P11: =O11/F11 -> 0.01883594 | R11: =Q11/F11 -> 0 | S11: =SUM(O11+Q11) -> 5189 | T11: =S11/F11 -> 0.01883594 | U11: 34498 | V11: =U11/F11 -> 0.12522687 | W11: 5164 | X11: =W11/F11 -> 0.01874519 | Y11: 23893 | Z11: =Y11/F11 -> 0.08673099 | AA11: 21595 | AB11: =AA11/F11 -> 0.078389308 | AC11: =SUM(Y11+AA11) -> 45488 | AD11: =AC11/F11 -> 0.1651203 | AE11: 25274 | AF11: =AE11/F11 -> 0.091743985 | AG11: 15287 | AH11: =AG11/F11 -> 0.055491426 | AI11: 40194 | AJ11: =AI11/F11 -> 0.14590321 | AK11: 25787 | AL11: =AK11/F11 -> 0.093606162
D12: =D11+1 -> 46209 | E12: 一 | F12: =SUM(M12,S12,U12,W12,AC12,AE12,AG12,AI12,AK12) -> 277705 | I12: 30810 | J12: =I12/F12 -> 0.11094507 | K12: 46954 | L12: =K12/F12 -> 0.1690787 | M12: =SUM(I12+K12) -> 77764 | N12: =M12/F12 -> 0.28002377 | O12: 5140 | P12: =O12/F12 -> 0.018508849 | R12: =Q12/F12 -> 0 | S12: =SUM(O12+Q12) -> 5140 | T12: =S12/F12 -> 0.018508849 | U12: 34501 | V12: =U12/F12 -> 0.12423615 | W12: 3744 | X12: =W12/F12 -> 0.013481932 | Y12: 24268 | Z12: =Y12/F12 -> 0.087387696 | AA12: 25885 | AB12: =AA12/F12 -> 0.093210421 | AC12: =SUM(Y12+AA12) -> 50153 | AD12: =AC12/F12 -> 0.18059812 | AE12: 23823 | AF12: =AE12/F12 -> 0.085785276 | AG12: 15413 | AH12: =AG12/F12 -> 0.055501341 | AI12: 39832 | AJ12: =AI12/F12 -> 0.14343278 | AK12: 27335 | AL12: =AK12/F12 -> 0.098431789
D13: =D12+1 -> 46210 | E13: 二 | F13: =SUM(M13,S13,U13,W13,AC13,AE13,AG13,AI13,AK13) -> 299940 | I13: 31385 | J13: =I13/F13 -> 0.10463759 | K13: 46625 | L13: =K13/F13 -> 0.15544776 | M13: =SUM(I13+K13) -> 78010 | N13: =M13/F13 -> 0.26008535 | O13: 5185 | P13: =O13/F13 -> 0.017286791 | R13: =Q13/F13 -> 0 | S13: =SUM(O13+Q13) -> 5185 | T13: =S13/F13 -> 0.017286791 | U13: 33107 | V13: =U13/F13 -> 0.11037874 | W13: 11009 | X13: =W13/F13 -> 0.036704007 | Y13: 24596 | Z13: =Y13/F13 -> 0.082003067 | AA13: 24316 | AB13: =AA13/F13 -> 0.081069547 | AC13: =SUM(Y13+AA13) -> 48912 | AD13: =AC13/F13 -> 0.16307261 | AE13: 31543 | AF13: =AE13/F13 -> 0.10516437 | AG13: 14226 | AH13: =AG13/F13 -> 0.047429486 | AI13: 50502 | AJ13: =AI13/F13 -> 0.16837367 | AK13: 27446 | AL13: =AK13/F13 -> 0.091504968
D14: =D13+1 -> 46211 | E14: 三 | F14: =SUM(M14,S14,U14,W14,AC14,AE14,AG14,AI14,AK14) -> 281251 | I14: 30846 | J14: =I14/F14 -> 0.10967428 | K14: 45332 | L14: =K14/F14 -> 0.16117987 | M14: =SUM(I14+K14) -> 76178 | N14: =M14/F14 -> 0.27085415 | O14: 5180 | P14: =O14/F14 -> 0.018417712 | R14: =Q14/F14 -> 0 | S14: =SUM(O14+Q14) -> 5180 | T14: =S14/F14 -> 0.018417712 | U14: 29243 | V14: =U14/F14 -> 0.10397474 | W14: 7605 | X14: =W14/F14 -> 0.027039904 | Y14: 24759 | Z14: =Y14/F14 -> 0.088031687 | AA14: 23840 | AB14: =AA14/F14 -> 0.084764143 | AC14: =SUM(Y14+AA14) -> 48599 | AD14: =AC14/F14 -> 0.17279583 | AE14: 27372 | AF14: =AE14/F14 -> 0.097322321 | AG14: 13493 | AH14: =AG14/F14 -> 0.047974941 | AI14: 46093 | AJ14: =AI14/F14 -> 0.16388564 | AK14: 27488 | AL14: =AK14/F14 -> 0.097734764
D15: =D14+1 -> 46212 | E15: 四 | F15: =SUM(M15,S15,U15,W15,AC15,AE15,AG15,AI15,AK15) -> 269872 | I15: 29074 | J15: =I15/F15 -> 0.10773255 | K15: 41191 | L15: =K15/F15 -> 0.15263162 | M15: =SUM(I15+K15) -> 70265 | N15: =M15/F15 -> 0.26036417 | O15: 5078 | P15: =O15/F15 -> 0.018816328 | R15: =Q15/F15 -> 0 | S15: =SUM(O15+Q15) -> 5078 | T15: =S15/F15 -> 0.018816328 | U15: 26242 | V15: =U15/F15 -> 0.097238691 | W15: 7555 | X15: =W15/F15 -> 0.027994753 | Y15: 26089 | Z15: =Y15/F15 -> 0.096671755 | AA15: 20289 | AB15: =AA15/F15 -> 0.075180085 | AC15: =SUM(Y15+AA15) -> 46378 | AD15: =AC15/F15 -> 0.17185184 | AE15: 26647 | AF15: =AE15/F15 -> 0.098739402 | AG15: 15152 | AH15: =AG15/F15 -> 0.056145135 | AI15: 43111 | AJ15: =AI15/F15 -> 0.1597461 | AK15: 29444 | AL15: =AK15/F15 -> 0.10910358
D16: =D15+1 -> 46213 | E16: 五 | F16: =SUM(M16,S16,U16,W16,AC16,AE16,AG16,AI16,AK16) -> 221106 | I16: 24363 | J16: =I16/F16 -> 0.11018697 | K16: 37252 | L16: =K16/F16 -> 0.16848028 | M16: =SUM(I16+K16) -> 61615 | N16: =M16/F16 -> 0.27866725 | O16: 4218 | P16: =O16/F16 -> 0.019076823 | R16: =Q16/F16 -> 0 | S16: =SUM(O16+Q16) -> 4218 | T16: =S16/F16 -> 0.019076823 | U16: 22465 | V16: =U16/F16 -> 0.10160285 | W16: 3234 | X16: =W16/F16 -> 0.014626469 | Y16: 23399 | Z16: =Y16/F16 -> 0.10582707 | AA16: 18132 | AB16: =AA16/F16 -> 0.082005916 | AC16: =SUM(Y16+AA16) -> 41531 | AD16: =AC16/F16 -> 0.18783299 | AE16: 21121 | AF16: =AE16/F16 -> 0.095524319 | AG16: 10563 | AH16: =AG16/F16 -> 0.047773466 | AI16: 35531 | AJ16: =AI16/F16 -> 0.16069668 | AK16: 20828 | AL16: =AK16/F16 -> 0.094199162
D17: =D16+1 -> 46214 | E17: 六 | F17: =SUM(M17,S17,U17,W17,AC17,AE17,AG17,AI17,AK17) -> 233330 | I17: 23194 | J17: =I17/F17 -> 0.099404277 | K17: 40889 | L17: =K17/F17 -> 0.17524107 | M17: =SUM(I17+K17) -> 64083 | N17: =M17/F17 -> 0.27464535 | O17: 3957 | P17: =O17/F17 -> 0.016958814 | R17: =Q17/F17 -> 0 | S17: =SUM(O17+Q17) -> 3957 | T17: =S17/F17 -> 0.016958814 | U17: 21974 | V17: =U17/F17 -> 0.094175631 | W17: 4725 | X17: =W17/F17 -> 0.020250289 | Y17: 23874 | Z17: =Y17/F17 -> 0.1023186 | AA17: 19591 | AB17: =AA17/F17 -> 0.083962628 | AC17: =SUM(Y17+AA17) -> 43465 | AD17: =AC17/F17 -> 0.18628123 | AE17: 23515 | AF17: =AE17/F17 -> 0.10078001 | AG17: 12094 | AH17: =AG17/F17 -> 0.051832169 | AI17: 38679 | AJ17: =AI17/F17 -> 0.16576951 | AK17: 20838 | AL17: =AK17/F17 -> 0.08930699
D18: =D17+1 -> 46215 | E18: 日 | F18: =SUM(M18,S18,U18,W18,AC18,AE18,AG18,AI18,AK18) -> 277272 | I18: 29004 | J18: =I18/F18 -> 0.10460486 | K18: 44094 | L18: =K18/F18 -> 0.15902796 | M18: =SUM(I18+K18) -> 73098 | N18: =M18/F18 -> 0.26363282 | O18: 5159 | P18: =O18/F18 -> 0.018606278 | R18: =Q18/F18 -> 0 | S18: =SUM(O18+Q18) -> 5159 | T18: =S18/F18 -> 0.018606278 | U18: 27419 | V18: =U18/F18 -> 0.098888456 | W18: 7599 | X18: =W18/F18 -> 0.027406301 | Y18: 27686 | Z18: =Y18/F18 -> 0.099851409 | AA18: 23091 | AB18: =AA18/F18 -> 0.083279235 | AC18: =SUM(Y18+AA18) -> 50777 | AD18: =AC18/F18 -> 0.18313064 | AE18: 31015 | AF18: =AE18/F18 -> 0.11185767 | AG18: 15442 | AH18: =AG18/F18 -> 0.055692605 | AI18: 42764 | AJ18: =AI18/F18 -> 0.15423122 | AK18: 23999 | AL18: =AK18/F18 -> 0.086553998
D19: =D18+1 -> 46216 | E19: 一 | F19: =SUM(M19,S19,U19,W19,AC19,AE19,AG19,AI19,AK19) -> 274460 | I19: 28132 | J19: =I19/F19 -> 0.10249945 | K19: 42677 | L19: =K19/F19 -> 0.15549443 | M19: =SUM(I19+K19) -> 70809 | N19: =M19/F19 -> 0.25799388 | O19: 4976 | P19: =O19/F19 -> 0.018130146 | R19: =Q19/F19 -> 0 | S19: =SUM(O19+Q19) -> 4976 | T19: =S19/F19 -> 0.018130146 | U19: 28620 | V19: =U19/F19 -> 0.10427749 | W19: 6824 | X19: =W19/F19 -> 0.024863368 | Y19: 27054 | Z19: =Y19/F19 -> 0.098571741 | AA19: 28320 | AB19: =AA19/F19 -> 0.10318443 | AC19: =SUM(Y19+AA19) -> 55374 | AD19: =AC19/F19 -> 0.20175618 | AE19: 28265 | AF19: =AE19/F19 -> 0.10298404 | AG19: 15507 | AH19: =AG19/F19 -> 0.056500036 | AI19: 37505 | AJ19: =AI19/F19 -> 0.13665015 | AK19: 26580 | AL19: =AK19/F19 -> 0.096844713
... D37: =D36+1 -> 46234 | E37: 五 | F37: =SUM(M37,S37,U37,W37,AC37,AE37,AG37,AI37,AK37) -> 211184 | I37: 24286 | J37: =I37/F37 -> 0.11499924 | K37: 33754 | L37: =K37/F37 -> 0.15983218 | M37: =SUM(I37+K37) -> 58040 | N37: =M37/F37 -> 0.27483143 | O37: 6143 | P37: =O37/F37 -> 0.029088378 | R37: =Q37/F37 -> 0 | S37: =SUM(O37+Q37) -> 6143 | T37: =S37/F37 -> 0.029088378 | U37: 23700 | V37: =U37/F37 -> 0.11222441 | W37: 2220 | X37: =W37/F37 -> 0.01051216 | Y37: 22188 | Z37: =Y37/F37 -> 0.10506478 | AA37: 18084 | AB37: =AA37/F37 -> 0.085631487 | AC37: =SUM(Y37+AA37) -> 40272 | AD37: =AC37/F37 -> 0.19069626 | AE37: 17553 | AF37: =AE37/F37 -> 0.083117092 | AG37: 13238 | AH37: =AG37/F37 -> 0.062684673 | AI37: 29849 | AJ37: =AI37/F37 -> 0.1413412 | AK37: 20169 | AL37: =AK37/F37 -> 0.095504394
I46: =SUM(I7:I45) -> 885235 | J46: =I46/$H$7 -> 0.11388816 | K46: =SUM(K7:K45) -> 1261291 | L46: =K46/$H$7 -> 0.1622689 | M46: =SUM(M7:M45) -> 2146526 | N46: =M46/$H$7 -> 0.27615706 | O46: =SUM(O7:O45) -> 173357 | P46: =O46/$H$7 -> 0.022302902 | Q46: =SUM(Q7:Q45) -> 0 | R46: =Q46/$H$7 -> 0 | S46: =SUM(S7:S45) -> 173357 | T46: =S46/$H$7 -> 0.022302902 | U46: =SUM(U7:U45) -> 858013 | V46: =U46/$H$7 -> 0.11038597 | W46: =SUM(W7:W45) -> 142429 | X46: =W46/$H$7 -> 0.018323921 | Y46: =SUM(Y7:Y45) -> 756326 | Z46: =Y46/$H$7 -> 0.097303626 | AA46: =SUM(AA7:AA45) -> 676516 | AB46: =AA46/$H$7 -> 0.087035828 | AC46: =SUM(AC7:AC45) -> 1432842 | AD46: =AC46/$H$7 -> 0.18433945 | AE46: =SUM(AE7:AE45) -> 734871 | AF46: =AE46/$H$7 -> 0.094543375 | AG46: =SUM(AG7:AG45) -> 447236 | AH46: =AG46/$H$7 -> 0.057538263 | AI46: =SUM(AI7:AI45) -> 1087177 | AJ46: =AI46/$H$7 -> 0.13986861 | AK46: =SUM(AK7:AK45) -> 750394 | AL46: =AK46/$H$7 -> 0.096540456
M47: =M46 -> 2146526 | S47: =S46 -> 173357 | U47: =U46 -> 858013 | W47: =W46 -> 142429 | AC47: =AC46 -> 1432842 | AE47: =AE46 -> 734871 | AG47: =AG46 -> 447236 | AI47: =AI46 -> 1087177 | AK47: =AK46 -> 750394

Sheet （５-1）品群別人時生產性（18℃-飯糰）
B1: 月平均人時性 | C1: =AVERAGE(L7,L42,L77,L112,L147,L182) -> 792.17451
B2: 產線配置圖－每週更新 | N2: 資料繳交 | O2: 日期 | U2: 46204 | Z2: =U2+1 -> 46205 | AE2: =Z2+1 -> 46206 | AJ2: =AE2+1 -> 46207 | AO2: =AJ2+1 -> 46208 | AT2: =AO2+1 -> 46209
P3: 二 | U3: 三 | Z3: 四 | AE3: 五 | AJ3: 六 | AO3: 日 | AT3: 一
B4: 品群 | C4: 商品名稱 | E4: 計畫 | H4: 平均人時性 | I4: 實績 | L4: 平均人時性 | M4: 排名 | O4: 日報 | P4: 實際 | T4: 平均人時性 | U4: 實際 | Y4: 平均人時性 | Z4: 實際 | AD4: 平均人時性 | AE4: 實際 | AI4: 平均人時性 | AJ4: 實際 | AN4: 平均人時性 | AO4: 實際 | AS4: 平均人時性 | AT4: 實際 | AX4: 平均人時性
E5: 產線配置圖 | I5: 產線配置圖 | P5: 生產實績 | U5: 生產實績 | Z5: 生產實績 | AE5: 生產實績 | AJ5: 生產實績 | AO5: 生產實績 | AT5: 生產實績
E6: 人數 | F6: 產能／時 | G6: 人時性 | I6: 人數 | J6: 產能／時 | K6: 人時性 | P6: 人數 | Q6: 產能／時 | R6: 人時性 | S6: 排名 | U6: 人數 | V6: 產能／時 | W6: 人時性 | X6: 排名 | Z6: 人數 | AA6: 產能／時 | AB6: 人時性 | AC6: 排名 | AE6: 人數 | AF6: 產能／時 | AG6: 人時性 | AH6: 排名 | AJ6: 人數 | AK6: 產能／時 | AL6: 人時性 | AM6: 排名 | AO6: 人數 | AP6: 產能／時 | AQ6: 人時性 | AR6: 排名 | AT6: 人數 | AU6: 產能／時 | AV6: 人時性 | AW6: 排名
B7: 18℃-飯糰 | C7: 1 | D7: 經典肉鬆飯糰 | E7: 3 | F7: 3200 | G7: 1066.6667 | H7: =AVERAGE(G7:G36) -> 779.47531 | I7: =IFERROR(AVERAGE(P7,U7,Z7,AE7,AJ7,AO7,AT7),"-") -> 3 | J7: =IFERROR(AVERAGE(Q7,V7,AA7,AF7,AK7,AP7,AU7),"-") -> 3183.0634 | K7: =IFERROR(AVERAGE(R7,W7,AB7,AG7,AL7,AQ7,AV7),"-") -> 1061.0211 | L7: =IFERROR(AVERAGE(K7:K36),"-") -> 784.29241 | M7: 1 | U7: 3 | V7: 3176.6667 | W7: 1058.8889 | X7: 4 | Y7: 787.11647 | Z7: 3 | AA7: 3194.1818 | AB7: 1064.7273 | AC7: 1 | AD7: 785.90307 | AE7: 3 | AF7: 3195.3191 | AG7: 1065.1064 | AH7: 3 | AI7: 786.14849 | AJ7: 3 | AK7: 3190.2128 | AL7: 1063.4043 | AM7: 1 | AN7: 778.97211 | AO7: 3 | AP7: 3150 | AQ7: 1050 | AR7: 3 | AS7: 787.0862 | AT7: 3 | AU7: 3192 | AV7: 1064 | AW7: 3 | AX7: 780.52811 | AZ7: =RANK(AX7, $K$7:AX$36) -> #VALUE! | BB7: =RANK(BA7, BA$7:BA$36) -> #N/A
C8: 2 | D8: 蔬食鮪魚飯糰 | E8: 3 | F8: 3200 | G8: 1066.6667 | I8: =IFERROR(AVERAGE(P8,U8,Z8,AE8,AJ8,AO8,AT8),"-") -> 3 | J8: =IFERROR(AVERAGE(Q8,V8,AA8,AF8,AK8,AP8,AU8),"-") -> 3121.4709 | K8: =IFERROR(AVERAGE(R8,W8,AB8,AG8,AL8,AQ8,AV8),"-") -> 1040.4903 | M8: 5 | U8: 3 | V8: 3200 | W8: 1066.6667 | X8: 1 | Z8: 3 | AA8: 3133.3333 | AB8: 1044.4444 | AC8: 6 | AE8: 3 | AF8: 3021.1765 | AG8: 1007.0588 | AH8: 8 | AJ8: 3 | AK8: 3188 | AL8: 1062.6667 | AM8: 4 | AO8: 3 | AP8: 3110.5263 | AQ8: 1036.8421 | AR8: 7 | AT8: 3 | AU8: 3075.7895 | AV8: 1025.2632 | AW8: 8 | AZ8: =RANK(AX8, $K$7:AX$36) -> #VALUE! | BB8: =RANK(BA8, BA$7:BA$36) -> #N/A
C9: 3 | D9: 北海道秋鮭親子飯糰 | E9: 4 | F9: 3200 | G9: 800 | I9: =IFERROR(AVERAGE(P9,U9,Z9,AE9,AJ9,AO9,AT9),"-") -> 4 | J9: =IFERROR(AVERAGE(Q9,V9,AA9,AF9,AK9,AP9,AU9),"-") -> 3095.8585 | K9: =IFERROR(AVERAGE(R9,W9,AB9,AG9,AL9,AQ9,AV9),"-") -> 773.96463 | M9: 14 | U9: 4 | V9: 3131.25 | W9: 782.8125 | X9: 16 | Z9: 4 | AA9: 3086.25 | AB9: 771.5625 | AC9: 16 | AE9: 4 | AF9: 3064.2857 | AG9: 766.07143 | AH9: 16 | AJ9: 4 | AK9: 3124.6154 | AL9: 781.15385 | AM9: 15 | AO9: 4 | AP9: 3123.75 | AQ9: 780.9375 | AR9: 18 | AT9: 4 | AU9: 3045 | AV9: 761.25 | AW9: 16 | AZ9: =RANK(AX9, $K$7:AX$36) -> #VALUE! | BB9: =RANK(BA9, BA$7:BA$36) -> #N/A
C10: 4 | D10: 鮪魚飯糰 | E10: 3 | F10: 3200 | G10: 1066.6667 | I10: =IFERROR(AVERAGE(P10,U10,Z10,AE10,AJ10,AO10,AT10),"-") -> 3 | J10: =IFERROR(AVERAGE(Q10,V10,AA10,AF10,AK10,AP10,AU10),"-") -> 3180.083 | K10: =IFERROR(AVERAGE(R10,W10,AB10,AG10,AL10,AQ10,AV10),"-") -> 1060.0277 | M10: 6 | U10: 3 | V10: 3185.7831 | W10: 1061.9277 | X10: 2 | Z10: 3 | AA10: 3174.0741 | AB10: 1058.0247 | AC10: 2 | AE10: 3 | AF10: 3179.1667 | AG10: 1059.7222 | AH10: 4 | AJ10: 3 | AK10: 3188.4507 | AL10: 1062.8169 | AM10: 3 | AO10: 3 | AP10: 3173.0233 | AQ10: 1057.6744 | AR10: 1 | AT10: 3 | AU10: 3180 | AV10: 1060 | AW10: 4 | AZ10: =RANK(AX10, $K$7:AX$36) -> #VALUE! | BB10: =RANK(BA10, BA$7:BA$36) -> #N/A
C11: 5 | D11: 贅沢鮭魚肚飯糰 | E11: 4 | F11: 3200 | G11: 800 | I11: =IFERROR(AVERAGE(P11,U11,Z11,AE11,AJ11,AO11,AT11),"-") -> 4 | J11: =IFERROR(AVERAGE(Q11,V11,AA11,AF11,AK11,AP11,AU11),"-") -> 3132.7043 | K11: =IFERROR(AVERAGE(R11,W11,AB11,AG11,AL11,AQ11,AV11),"-") -> 783.17608 | M11: 12 | U11: 4 | V11: 3125 | W11: 781.25 | X11: 17 | Z11: 4 | AA11: 3153.913 | AB11: 788.47826 | AC11: 14 | AE11: 4 | AF11: 3108.5714 | AG11: 777.14286 | AH11: 15 | AJ11: 4 | AK11: 3145.2632 | AL11: 786.31579 | AM11: 14 | AO11: 4 | AP11: 3133.0435 | AQ11: 783.26087 | AR11: 17 | AT11: 4 | AU11: 3130.4348 | AV11: 782.6087 | AW11: 15 | AZ11: =RANK(AX11, $K$7:AX$36) -> #VALUE! | BB11: =RANK(BA11, BA$7:BA$36) -> #N/A
C12: 6 | D12: 熟成紅鮭飯糰 | E12: 4 | F12: 3200 | G12: 800 | I12: =IFERROR(AVERAGE(P12,U12,Z12,AE12,AJ12,AO12,AT12),"-") -> 4 | J12: =IFERROR(AVERAGE(Q12,V12,AA12,AF12,AK12,AP12,AU12),"-") -> 3099.6667 | K12: =IFERROR(AVERAGE(R12,W12,AB12,AG12,AL12,AQ12,AV12),"-") -> 774.91667 | M12: 11 | U12: 4 | V12: 3195 | W12: 798.75 | X12: 13 | Z12: 4 | AA12: 3085 | AB12: 771.25 | AC12: 17 | AE12: 4 | AF12: 2964 | AG12: 741 | AH12: 18 | AJ12: 4 | AK12: 2934 | AL12: 733.5 | AM12: 18 | AO12: 4 | AP12: 3212.7273 | AQ12: 803.18182 | AR12: 14 | AT12: 4 | AU12: 3207.2727 | AV12: 801.81818 | AW12: 13 | AZ12: =RANK(AX12, $K$7:AX$36) -> #VALUE! | BB12: =RANK(BA12, BA$7:BA$36) -> #N/A
C13: 7 | D13: 壹號醬炙烤牛飯糰 | E13: 4 | F13: 2800 | G13: 700 | I13: =IFERROR(AVERAGE(P13,U13,Z13,AE13,AJ13,AO13,AT13),"-") -> 4 | J13: =IFERROR(AVERAGE(Q13,V13,AA13,AF13,AK13,AP13,AU13),"-") -> 3037.0455 | K13: =IFERROR(AVERAGE(R13,W13,AB13,AG13,AL13,AQ13,AV13),"-") -> 759.26136 | M13: 10 | U13: 4 | V13: 2967.6923 | W13: 741.92308 | X13: 18 | Z13: 4 | AA13: 3150 | AB13: 787.5 | AC13: 15 | AE13: 4 | AF13: 3038.1818 | AG13: 759.54545 | AH13: 17 | AJ13: 4 | AK13: 2929.0909 | AL13: 732.27273 | AM13: 19 | AO13: 4 | AP13: 3165 | AQ13: 791.25 | AR13: 16 | AT13: 4 | AU13: 2972.3077 | AV13: 743.07692 | AW13: 18 | AZ13: =RANK(AX13, $K$7:AX$36) -> #VALUE! | BB13: =RANK(BA13, BA$7:BA$36) -> #N/A
C14: 8 | D14: 明太子龍蝦風味沙拉飯糰 | E14: 3 | F14: 3200 | G14: 1066.6667 | I14: =IFERROR(AVERAGE(P14,U14,Z14,AE14,AJ14,AO14,AT14),"-") -> 3 | J14: =IFERROR(AVERAGE(Q14,V14,AA14,AF14,AK14,AP14,AU14),"-") -> 3143.4759 | K14: =IFERROR(AVERAGE(R14,W14,AB14,AG14,AL14,AQ14,AV14),"-") -> 1047.8253 | M14: 3 | U14: 3 | V14: 3171.7241 | W14: 1057.2414 | X14: 5 | Z14: 3 | AA14: 3097.2414 | AB14: 1032.4138 | AC14: 7 | AE14: 3 | AF14: 3163.2 | AG14: 1054.4 | AH14: 5 | AJ14: 3 | AK14: 3108 | AL14: 1036 | AM14: 6 | AO14: 3 | AP14: 3120 | AQ14: 1040 | AR14: 6 | AT14: 3 | AU14: 3200.6897 | AV14: 1066.8966 | AW14: 1 | AZ14: =RANK(AX14, $K$7:AX$36) -> #VALUE! | BB14: =RANK(BA14, BA$7:BA$36) -> #N/A
C15: 9 | D15: 鹽蔥燒肉飯糰 | E15: 3 | F15: 2800 | G15: 933.33333 | I15: =IFERROR(AVERAGE(P15,U15,Z15,AE15,AJ15,AO15,AT15),"-") -> 3 | J15: =IFERROR(AVERAGE(Q15,V15,AA15,AF15,AK15,AP15,AU15),"-") -> 3096.7477 | K15: =IFERROR(AVERAGE(R15,W15,AB15,AG15,AL15,AQ15,AV15),"-") -> 1032.2492 | M15: 2 | U15: 3 | V15: 3016.875 | W15: 1005.625 | X15: 9 | Z15: 3 | AA15: 3094 | AB15: 1031.3333 | AC15: 8 | AE15: 3 | AF15: 3113.3333 | AG15: 1037.7778 | AH15: 7 | AJ15: 3 | AK15: 3096.9231 | AL15: 1032.3077 | AM15: 7 | AO15: 3 | AP15: 3141.2903 | AQ15: 1047.0968 | AR15: 5 | AT15: 3 | AU15: 3118.0645 | AV15: 1039.3548 | AW15: 7 | AZ15: =RANK(AX15, $K$7:AX$36) -> #VALUE! | BB15: =RANK(BA15, BA$7:BA$36) -> #N/A
C16: 10 | D16: 雞肉飯飯糰 | E16: 4 | F16: 2800 | G16: 700 | I16: =IFERROR(AVERAGE(P16,U16,Z16,AE16,AJ16,AO16,AT16),"-") -> 4 | J16: =IFERROR(AVERAGE(Q16,V16,AA16,AF16,AK16,AP16,AU16),"-") -> 3174.6138 | K16: =IFERROR(AVERAGE(R16,W16,AB16,AG16,AL16,AQ16,AV16),"-") -> 793.65344 | M16: 13 | U16: 4 | V16: 3146.6667 | W16: 786.66667 | X16: 15 | Z16: 4 | AA16: 3198.1132 | AB16: 799.5283 | AC16: 13 | AE16: 4 | AF16: 3141.25 | AG16: 785.3125 | AH16: 14 | AJ16: 4 | AK16: 3200.4255 | AL16: 800.10638 | AM16: 13 | AO16: 4 | AP16: 3172.5 | AQ16: 793.125 | AR16: 15 | AT16: 4 | AU16: 3188.7273 | AV16: 797.18182 | AW16: 14 | AZ16: =RANK(AX16, $K$7:AX$36) -> #VALUE! | BB16: =RANK(BA16, BA$7:BA$36) -> #N/A
C17: 11 | D17: 碳烤燒肉飯飯糰(區) | E17: 4 | F17: 2800 | G17: 700 | I17: =IFERROR(AVERAGE(P17,U17,Z17,AE17,AJ17,AO17,AT17),"-") -> 4 | J17: =IFERROR(AVERAGE(Q17,V17,AA17,AF17,AK17,AP17,AU17),"-") -> 2786.8214 | K17: =IFERROR(AVERAGE(R17,W17,AB17,AG17,AL17,AQ17,AV17),"-") -> 696.70536 | M17: 19 | U17: 4 | V17: 2791.4286 | W17: 697.85714 | X17: 20 | Z17: 4 | AA17: 2781.2903 | AB17: 695.32258 | AC17: 21 | AE17: 4 | AF17: 2794.9091 | AG17: 698.72727 | AH17: 20 | AJ17: 4 | AK17: 2760 | AL17: 690 | AM17: 21 | AO17: 4 | AP17: 2797.8462 | AQ17: 699.46154 | AR17: 19 | AT17: 4 | AU17: 2795.4545 | AV17: 698.86364 | AW17: 20 | AZ17: =RANK(AX17, $K$7:AX$36) -> #VALUE! | BB17: =RANK(BA17, BA$7:BA$36) -> #N/A
C18: 12 | D18: 二配芝麻香鬆飯糰 | E18: 4 | F18: 2800 | G18: 700 | I18: =IFERROR(AVERAGE(P18,U18,Z18,AE18,AJ18,AO18,AT18),"-") -> 4 | J18: =IFERROR(AVERAGE(Q18,V18,AA18,AF18,AK18,AP18,AU18),"-") -> 2760 | K18: =IFERROR(AVERAGE(R18,W18,AB18,AG18,AL18,AQ18,AV18),"-") -> 690 | M18: 20 | U18: 4 | V18: 2529.6 | W18: 632.4 | X18: 22 | Z18: 4 | AA18: 2982 | AB18: 745.5 | AC18: 20 | AE18: 4 | AF18: 2850 | AG18: 712.5 | AH18: 19 | AJ18: 4 | AK18: 3036 | AL18: 759 | AM18: 17 | AO18: 4 | AP18: 2568 | AQ18: 642 | AR18: 22 | AT18: 4 | AU18: 2594.4 | AV18: 648.6 | AW18: 22 | AZ18: =RANK(AX18, $K$7:AX$36) -> #VALUE! | BB18: =RANK(BA18, BA$7:BA$36) -> #N/A
C19: 13 | D19: 二配三杯醬爆菇菇飯糰 | E19: 3 | F19: 2800 | G19: 933.33333 | I19: =IFERROR(AVERAGE(P19,U19,Z19,AE19,AJ19,AO19,AT19),"-") -> 3 | J19: =IFERROR(AVERAGE(Q19,V19,AA19,AF19,AK19,AP19,AU19),"-") -> 2925.2 | K19: =IFERROR(AVERAGE(R19,W19,AB19,AG19,AL19,AQ19,AV19),"-") -> 975.06667 | M19: 8 | U19: 3 | V19: 3091.2 | W19: 1030.4 | X19: 8 | Z19: 3 | AA19: 2870.4 | AB19: 956.8 | AC19: 10 | AE19: 3 | AF19: 2697.6 | AG19: 899.2 | AH19: 12 | AJ19: 3 | AK19: 2800.8 | AL19: 933.6 | AM19: 10 | AO19: 3 | AP19: 3064.8 | AQ19: 1021.6 | AR19: 8 | AT19: 3 | AU19: 3026.4 | AV19: 1008.8 | AW19: 9 | AZ19: =RANK(AX19, $K$7:AX$36) -> #VALUE! | BB19: =RANK(BA19, BA$7:BA$36) -> #N/A
... C29: 23 | D29: 椒鹽檸檬鯖魚飯糰 | E29: 3 | F29: 3200 | G29: 1066.6667 | I29: =IFERROR(AVERAGE(P29,U29,Z29,AE29,AJ29,AO29,AT29),"-") -> 3 | J29: =IFERROR(AVERAGE(Q29,V29,AA29,AF29,AK29,AP29,AU29),"-") -> 3156.2347 | K29: =IFERROR(AVERAGE(R29,W29,AB29,AG29,AL29,AQ29,AV29),"-") -> 1052.0782 | M29: 4 | U29: 3 | V29: 3126.2069 | W29: 1042.069 | X29: 7 | Z29: 3 | AA29: 3165 | AB29: 1055 | AC29: 3 | AE29: 3 | AF29: 3127.5 | AG29: 1042.5 | AH29: 6 | AJ29: 3 | AK29: 3147.2727 | AL29: 1049.0909 | AM29: 5 | AO29: 3 | AP29: 3171.4286 | AQ29: 1057.1429 | AR29: 2 | AT29: 3 | AU29: 3200 | AV29: 1066.6667 | AW29: 2 | AZ29: =RANK(AX29, $K$7:AX$36) -> #VALUE! | BB29: =RANK(BA29, BA$7:BA$36) -> #N/A
C30: 24 | D30: 明太子生鮭飯糰(區) | E30: 3 | F30: 3200 | G30: 1066.6667 | I30: =IFERROR(AVERAGE(P30,U30,Z30,AE30,AJ30,AO30,AT30),"-") -> 3 | J30: =IFERROR(AVERAGE(Q30,V30,AA30,AF30,AK30,AP30,AU30),"-") -> 2959.8935 | K30: =IFERROR(AVERAGE(R30,W30,AB30,AG30,AL30,AQ30,AV30),"-") -> 986.63115 | M30: #VALUE! | U30: 3 | V30: 2946 | W30: 982 | X30: 10 | Z30: 3 | AA30: 2953.8462 | AB30: 984.61538 | AC30: 9 | AE30: 3 | AF30: 2932.9412 | AG30: 977.64706 | AH30: 10 | AJ30: 3 | AK30: 2952.7273 | AL30: 984.24242 | AM30: 9 | AO30: 3 | AP30: 2998.4615 | AQ30: 999.48718 | AR30: 9 | AT30: 3 | AU30: 2975.3846 | AV30: 991.79487 | AW30: 10 | AZ30: =RANK(AX30, $K$7:AX$36) -> #VALUE! | BB30: =RANK(BA30, BA$7:BA$36) -> #N/A
C31: 25 | D31: 二配大飯糰泡菜鮪魚 | E31: 4 | F31: 2200 | G31: 550 | I31: =IFERROR(AVERAGE(P31,U31,Z31,AE31,AJ31,AO31,AT31),"-") -> 4 | J31: =IFERROR(AVERAGE(Q31,V31,AA31,AF31,AK31,AP31,AU31),"-") -> 2209.0696 | K31: =IFERROR(AVERAGE(R31,W31,AB31,AG31,AL31,AQ31,AV31),"-") -> 552.26741 | M31: #VALUE! | U31: 4 | V31: 2157.3333 | W31: 539.33333 | X31: 23 | Z31: 4 | AA31: 2167.5 | AB31: 541.875 | AC31: 23 | AE31: 4 | AF31: 2172.8571 | AG31: 543.21429 | AH31: 23 | AJ31: 4 | AK31: 2213.4545 | AL31: 553.36364 | AM31: 23 | AO31: 4 | AP31: 2331.2727 | AQ31: 582.81818 | AR31: 23 | AT31: 4 | AU31: 2212 | AV31: 553 | AW31: 23 | AZ31: =RANK(AX31, $K$7:AX$36) -> #VALUE! | BB31: =RANK(BA31, BA$7:BA$36) -> #N/A
C32: 26 | D32: 二配鮭魚毛豆炊飯飯糰 | E32: 5 | F32: 2200 | G32: 333.33333 | I32: =IFERROR(AVERAGE(P32,U32,Z32,AE32,AJ32,AO32,AT32),"-") -> 5 | J32: =IFERROR(AVERAGE(Q32,V32,AA32,AF32,AK32,AP32,AU32),"-") -> 1966.8349 | K32: =IFERROR(AVERAGE(R32,W32,AB32,AG32,AL32,AQ32,AV32),"-") -> 393.36699 | M32: #VALUE! | U32: 5 | V32: 1966.1538 | W32: 393.23077 | X32: 25 | Z32: 5 | AA32: 1956 | AB32: 391.2 | AC32: 25 | AE32: 5 | AF32: 1948.125 | AG32: 389.625 | AH32: 25 | AJ32: 5 | AK32: 1985 | AL32: 397 | AM32: 24 | AO32: 5 | AP32: 1936.5 | AQ32: 387.3 | AR32: 25 | AT32: 5 | AU32: 2009.2308 | AV32: 401.84615 | AW32: 24 | AZ32: =RANK(AX32, $K$7:AX$36) -> #VALUE! | BB32: =RANK(BA32, BA$7:BA$36) -> #N/A
C33: 27 | D33: 二配柚香雞胸五穀飯糰 | E33: 5 | F33: 2200 | G33: 333.33333 | I33: =IFERROR(AVERAGE(P33,U33,Z33,AE33,AJ33,AO33,AT33),"-") -> 5 | J33: =IFERROR(AVERAGE(Q33,V33,AA33,AF33,AK33,AP33,AU33),"-") -> 1975.4082 | K33: =IFERROR(AVERAGE(R33,W33,AB33,AG33,AL33,AQ33,AV33),"-") -> 395.08164 | M33: #VALUE! | U33: 5 | V33: 1998.9474 | W33: 399.78947 | X33: 24 | Z33: 5 | AA33: 1984.3902 | AB33: 396.87805 | AC33: 24 | AE33: 5 | AF33: 2002.1053 | AG33: 400.42105 | AH33: 24 | AJ33: 5 | AK33: 1966.2857 | AL33: 393.25714 | AM33: 25 | AO33: 5 | AP33: 1954.0541 | AQ33: 390.81081 | AR33: 24 | AT33: 5 | AU33: 1946.6667 | AV33: 389.33333 | AW33: 25 | AZ33: =RANK(AX33, $K$7:AX$36) -> #VALUE! | BB33: =RANK(BA33, BA$7:BA$36) -> #N/A
C34: 28 | I34: =IFERROR(AVERAGE(P34,U34,Z34,AE34,AJ34,AO34,AT34),"-") -> - | J34: =IFERROR(AVERAGE(Q34,V34,AA34,AF34,AK34,AP34,AU34),"-") -> - | K34: =IFERROR(AVERAGE(R34,W34,AB34,AG34,AL34,AQ34,AV34),"-") -> - | M34: #VALUE! | X34: #VALUE! | AC34: #VALUE! | AH34: #VALUE! | AM34: #VALUE! | AR34: #VALUE! | AW34: #VALUE! | AZ34: =RANK(AX34, $K$7:AX$36) -> #VALUE! | BB34: =RANK(BA34, BA$7:BA$36) -> #N/A
C35: 29 | I35: =IFERROR(AVERAGE(P35,U35,Z35,AE35,AJ35,AO35,AT35),"-") -> - | J35: =IFERROR(AVERAGE(Q35,V35,AA35,AF35,AK35,AP35,AU35),"-") -> - | K35: =IFERROR(AVERAGE(R35,W35,AB35,AG35,AL35,AQ35,AV35),"-") -> - | M35: #VALUE! | X35: #VALUE! | AC35: #VALUE! | AH35: #VALUE! | AM35: #VALUE! | AR35: #VALUE! | AW35: #VALUE! | AZ35: =RANK(AX35, $K$7:AX$36) -> #VALUE! | BB35: =RANK(BA35, BA$7:BA$36) -> #N/A
C36: 30 | I36: =IFERROR(AVERAGE(P36,U36,Z36,AE36,AJ36,AO36,AT36),"-") -> - | J36: =IFERROR(AVERAGE(Q36,V36,AA36,AF36,AK36,AP36,AU36),"-") -> - | K36: =IFERROR(AVERAGE(R36,W36,AB36,AG36,AL36,AQ36,AV36),"-") -> - | M36: #VALUE! | X36: #VALUE! | AC36: #VALUE! | AH36: #VALUE! | AM36: #VALUE! | AR36: #VALUE! | AW36: #VALUE! | AZ36: =RANK(AX36, $K$7:AX$36) -> #VALUE! | BB36: =RANK(BA36, BA$7:BA$36) -> #N/A
B37: 產線配置圖－每週更新 | N37: 資料繳交 | O37: 日期 | P37: =AT2+1 -> 46210 | U37: =P37+1 -> 46211 | Z37: =U37+1 -> 46212 | AE37: =Z37+1 -> 46213 | AJ37: =AE37+1 -> 46214 | AO37: =AJ37+1 -> 46215 | AT37: =AO37+1 -> 46216
P38: 二 | U38: 三 | Z38: 四 | AE38: 五 | AJ38: 六 | AO38: 日 | AT38: 一
B39: 品群 | C39: 商品名稱 | E39: 計畫 | H39: 平均人時性 | I39: 實績 | L39: 平均人時性 | M39: 排名 | O39: 日報 | P39: 實際 | T39: 平均人時性 | U39: 實際 | Y39: 平均人時性 | Z39: 實際 | AD39: 平均人時性 | AE39: 實際 | AI39: 平均人時性 | AJ39: 實際 | AN39: 平均人時性 | AO39: 實際 | AS39: 平均人時性 | AT39: 實際 | AX39: 平均人時性
E40: 產線配置圖 | I40: 產線配置圖 | P40: 生產實績 | U40: 生產實績 | Z40: 生產實績 | AE40: 生產實績 | AJ40: 生產實績 | AO40: 生產實績 | AT40: 生產實績
E41: 人數 | F41: 產能／時 | G41: 人時性 | I41: 人數 | J41: 產能／時 | K41: 人時性 | P41: 人數 | Q41: 產能／時 | R41: 人時性 | S41: 排名 | U41: 人數 | V41: 產能／時 | W41: 人時性 | X41: 排名 | Z41: 人數 | AA41: 產能／時 | AB41: 人時性 | AC41: 排名 | AE41: 人數 | AF41: 產能／時 | AG41: 人時性 | AH41: 排名 | AJ41: 人數 | AK41: 產能／時 | AL41: 人時性 | AM41: 排名 | AO41: 人數 | AP41: 產能／時 | AQ41: 人時性 | AR41: 排名 | AT41: 人數 | AU41: 產能／時 | AV41: 人時性 | AW41: 排名
B42: 18℃-飯糰 | C42: 1 | D42: 經典肉鬆飯糰 | E42: 3 | F42: 3200 | G42: 1066.6667 | H42: =AVERAGE(G42:G71) -> 773.55769 | I42: =IFERROR(AVERAGE(P42,U42,Z42,AE42,AJ42,AO42,AT42),"-") -> 3 | J42: =IFERROR(AVERAGE(Q42,V42,AA42,AF42,AK42,AP42,AU42),"-") -> 3195.7688 | K42: =IFERROR(AVERAGE(R42,W42,AB42,AG42,AL42,AQ42,AV42),"-") -> 1065.2563 | L42: =IFERROR(AVERAGE(K42:K71),"-") -> 777.29419 | M42: =RANK(K42, K$42:$K$71) -> 2 | P42: 3 | Q42: 3368.4211 | R42: 1122.807 | S42: =RANK(R42, R$42:R$71) -> 1 | T42: =AVERAGE(R42:R71) -> 776.35029 | U42: 3 | V42: 3157.0909 | W42: 1052.3636 | X42: =RANK(W42, W$42:W$71) -> 3 | Y42: =AVERAGE(W42:W71) -> 774.17664 | Z42: 3 | AA42: 3158.8235 | AB42: 1052.9412 | AC42: =RANK(AB42, AB$42:AB$71) -> 3 | AD42: =AVERAGE(AB42:AB71) -> 773.25303 | AE42: 3 | AF42: 3175.9091 | AG42: 1058.6364 | AH42: =RANK(AG42, AG$42:AG$71) -> 5 | AI42: =AVERAGE(AG42:AG71) -> 776.53225 | AJ42: 3 | AK42: 3141.3333 | AL42: 1047.1111 | AM42: =RANK(AL42, AL$42:AL$71) -> 4 | AN42: =AVERAGE(AL42:AL71) -> 778.63734 | AO42: 3 | AP42: 3161.1111 | AQ42: 1053.7037 | AR42: =RANK(AQ42, AQ$42:AQ$71) -> 3 | AS42: =AVERAGE(AQ42:AQ71) -> 780.44223 | AT42: 3 | AU42: 3207.6923 | AV42: 1069.2308 | AW42: =RANK(AV42, AV$42:AV$71) -> 1 | AX42: =AVERAGE(AV42:AV71) -> 781.66758 | AZ42: =RANK(AY42, AY$42:AY$71) -> #N/A | BA42: =AVERAGE(AY42:AY71) -> #DIV/0!
C43: 2 | D43: 蔬食鮪魚飯糰 | E43: 3 | F43: 3200 | G43: 1066.6667 | I43: =IFERROR(AVERAGE(P43,U43,Z43,AE43,AJ43,AO43,AT43),"-") -> 3 | J43: =IFERROR(AVERAGE(Q43,V43,AA43,AF43,AK43,AP43,AU43),"-") -> 3145.3985 | K43: =IFERROR(AVERAGE(R43,W43,AB43,AG43,AL43,AQ43,AV43),"-") -> 1048.4662 | M43: =RANK(K43, K$42:$K$71) -> 3 | P43: 3 | Q43: 3148.4211 | R43: 1049.4737 | S43: =RANK(R43, R$42:R$71) -> 3 | U43: 3 | V43: 3097.8947 | W43: 1032.6316 | X43: =RANK(W43, W$42:W$71) -> 7 | Z43: 3 | AA43: 3153.3333 | AB43: 1051.1111 | AC43: =RANK(AB43, AB$42:AB$71) -> 4 | AE43: 3 | AF43: 3188 | AG43: 1062.6667 | AH43: =RANK(AG43, AG$42:AG$71) -> 3 | AJ43: 3 | AK43: 3128.5714 | AL43: 1042.8571 | AM43: =RANK(AL43, AL$42:AL$71) -> 7 | AO43: 3 | AP43: 3153.3333 | AQ43: 1051.1111 | AR43: =RANK(AQ43, AQ$42:AQ$71) -> 5 | AT43: 3 | AU43: 3148.2353 | AV43: 1049.4118 | AW43: =RANK(AV43, AV$42:AV$71) -> 6 | AZ43: =RANK(AY43, AY$42:AY$71) -> #N/A
C44: 3 | D44: 北海道秋鮭親子飯糰 | E44: 4 | F44: 3200 | G44: 800 | I44: =IFERROR(AVERAGE(P44,U44,Z44,AE44,AJ44,AO44,AT44),"-") -> 4 | J44: =IFERROR(AVERAGE(Q44,V44,AA44,AF44,AK44,AP44,AU44),"-") -> 3087.0278 | K44: =IFERROR(AVERAGE(R44,W44,AB44,AG44,AL44,AQ44,AV44),"-") -> 771.75696 | M44: =RANK(K44, K$42:$K$71) -> 15 | P44: 4 | Q44: 3060 | R44: 765 | S44: =RANK(R44, R$42:R$71) -> 15 | U44: 4 | V44: 3045 | W44: 761.25 | X44: =RANK(W44, W$42:W$71) -> 16 | Z44: 4 | AA44: 3024 | AB44: 756 | AC44: =RANK(AB44, AB$42:AB$71) -> 15 | AE44: 4 | AF44: 3135 | AG44: 783.75 | AH44: =RANK(AG44, AG$42:AG$71) -> 14 | AJ44: 4 | AK44: 3070.9091 | AL44: 767.72727 | AM44: =RANK(AL44, AL$42:AL$71) -> 15 | AO44: 4 | AP44: 3180 | AQ44: 795 | AR44: =RANK(AQ44, AQ$42:AQ$71) -> 13 | AT44: 4 | AU44: 3094.2857 | AV44: 773.57143 | AW44: =RANK(AV44, AV$42:AV$71) -> 15 | AZ44: =RANK(AY44, AY$42:AY$71) -> #N/A
C45: 4 | D45: 鮪魚飯糰 | E45: 3 | F45: 3200 | G45: 1066.6667 | I45: =IFERROR(AVERAGE(P45,U45,Z45,AE45,AJ45,AO45,AT45),"-") -> 3 | J45: =IFERROR(AVERAGE(Q45,V45,AA45,AF45,AK45,AP45,AU45),"-") -> 3196.5981 | K45: =IFERROR(AVERAGE(R45,W45,AB45,AG45,AL45,AQ45,AV45),"-") -> 1065.5327 | M45: =RANK(K45, K$42:$K$71) -> 1 | P45: 3 | Q45: 3184.8276 | R45: 1061.6092 | S45: =RANK(R45, R$42:R$71) -> 2 | U45: 3 | V45: 3193.2558 | W45: 1064.4186 | X45: =RANK(W45, W$42:W$71) -> 1 | Z45: 3 | AA45: 3211.8987 | AB45: 1070.6329 | AC45: =RANK(AB45, AB$42:AB$71) -> 1 | AE45: 3 | AF45: 3197.0149 | AG45: 1065.6716 | AH45: =RANK(AG45, AG$42:AG$71) -> 2 | AJ45: 3 | AK45: 3199.7015 | AL45: 1066.5672 | AM45: =RANK(AL45, AL$42:AL$71) -> 2 | AO45: 3 | AP45: 3200.4878 | AQ45: 1066.8293 | AR45: =RANK(AQ45, AQ$42:AQ$71) -> 1 | AT45: 3 | AU45: 3189 | AV45: 1063 | AW45: =RANK(AV45, AV$42:AV$71) -> 3 | AZ45: =RANK(AY45, AY$42:AY$71) -> #N/A
C46: 5 | D46: 贅沢鮭魚肚飯糰 | E46: 4 | F46: 3200 | G46: 800 | I46: =IFERROR(AVERAGE(P46,U46,Z46,AE46,AJ46,AO46,AT46),"-") -> 4 | J46: =IFERROR(AVERAGE(Q46,V46,AA46,AF46,AK46,AP46,AU46),"-") -> 3088.6541 | K46: =IFERROR(AVERAGE(R46,W46,AB46,AG46,AL46,AQ46,AV46),"-") -> 772.16353 | M46: =RANK(K46, K$42:$K$71) -> 14 | P46: 4 | Q46: 3095 | R46: 773.75 | S46: =RANK(R46, R$42:R$71) -> 14 | U46: 4 | V46: 3070 | W46: 767.5 | X46: =RANK(W46, W$42:W$71) -> 14 | Z46: 4 | AA46: 3092.7273 | AB46: 773.18182 | AC46: =RANK(AB46, AB$42:AB$71) -> 13 | AE46: 4 | AF46: 3066.3158 | AG46: 766.57895 | AH46: =RANK(AG46, AG$42:AG$71) -> 15 | AJ46: 4 | AK46: 3056.25 | AL46: 764.0625 | AM46: =RANK(AL46, AL$42:AL$71) -> 16 | AO46: 4 | AP46: 3054.2857 | AQ46: 763.57143 | AR46: =RANK(AQ46, AQ$42:AQ$71) -> 16 | AT46: 4 | AU46: 3186 | AV46: 796.5 | AW46: =RANK(AV46, AV$42:AV$71) -> 14 | AZ46: =RANK(AY46, AY$42:AY$71) -> #N/A
C47: 6 | D47: 熟成紅鮭飯糰 | E47: 4 | F47: 3200 | G47: 800 | I47: =IFERROR(AVERAGE(P47,U47,Z47,AE47,AJ47,AO47,AT47),"-") -> 4 | J47: =IFERROR(AVERAGE(Q47,V47,AA47,AF47,AK47,AP47,AU47),"-") -> 3105.7245 | K47: =IFERROR(AVERAGE(R47,W47,AB47,AG47,AL47,AQ47,AV47),"-") -> 776.43112 | M47: =RANK(K47, K$42:$K$71) -> 13 | P47: 4 | Q47: 3160 | R47: 790 | S47: =RANK(R47, R$42:R$71) -> 12 | U47: 4 | V47: 3185.4545 | W47: 796.36364 | X47: =RANK(W47, W$42:W$71) -> 12 | Z47: 4 | AA47: 2994.5455 | AB47: 748.63636 | AC47: =RANK(AB47, AB$42:AB$71) -> 16 | AE47: 4 | AF47: 3187.5 | AG47: 796.875 | AH47: =RANK(AG47, AG$42:AG$71) -> 12 | AJ47: 4 | AK47: 3128.5714 | AL47: 782.14286 | AM47: =RANK(AL47, AL$42:AL$71) -> 14 | AO47: 4 | AP47: 3102 | AQ47: 775.5 | AR47: =RANK(AQ47, AQ$42:AQ$71) -> 14 | AT47: 4 | AU47: 2982 | AV47: 745.5 | AW47: =RANK(AV47, AV$42:AV$71) -> 17 | AZ47: =RANK(AY47, AY$42:AY$71) -> #N/A
C48: 7 | D48: 壹號醬炙烤牛飯糰 | E48: 4 | F48: 2800 | G48: 700 | I48: =IFERROR(AVERAGE(P48,U48,Z48,AE48,AJ48,AO48,AT48),"-") -> 4 | J48: =IFERROR(AVERAGE(Q48,V48,AA48,AF48,AK48,AP48,AU48),"-") -> 3014.7504 | K48: =IFERROR(AVERAGE(R48,W48,AB48,AG48,AL48,AQ48,AV48),"-") -> 753.6876 | M48: =RANK(K48, K$42:$K$71) -> 16 | P48: 4 | Q48: 2995.7143 | R48: 748.92857 | S48: =RANK(R48, R$42:R$71) -> 16 | U48: 4 | V48: 3055.3846 | W48: 763.84615 | X48: =RANK(W48, W$42:W$71) -> 15 | Z48: 4 | AA48: 2986.1538 | AB48: 746.53846 | AC48: =RANK(AB48, AB$42:AB$71) -> 17 | AE48: 4 | AF48: 2916 | AG48: 729 | AH48: =RANK(AG48, AG$42:AG$71) -> 17 | AJ48: 4 | AK48: 3160 | AL48: 790 | AM48: =RANK(AL48, AL$42:AL$71) -> 12 | AO48: 4 | AP48: 3045 | AQ48: 761.25 | AR48: =RANK(AQ48, AQ$42:AQ$71) -> 17 | AT48: 4 | AU48: 2945 | AV48: 736.25 | AW48: =RANK(AV48, AV$42:AV$71) -> 19 | AZ48: =RANK(AY48, AY$42:AY$71) -> #N/A
C49: 8 | D49: 明太子龍蝦風味沙拉飯糰 | E49: 3 | F49: 3200 | G49: 1066.6667 | I49: =IFERROR(AVERAGE(P49,U49,Z49,AE49,AJ49,AO49,AT49),"-") -> 3 | J49: =IFERROR(AVERAGE(Q49,V49,AA49,AF49,AK49,AP49,AU49),"-") -> 3134.9265 | K49: =IFERROR(AVERAGE(R49,W49,AB49,AG49,AL49,AQ49,AV49),"-") -> 1044.9755 | M49: =RANK(K49, K$42:$K$71) -> 5 | P49: 3 | Q49: 3100.6452 | R49: 1033.5484 | S49: =RANK(R49, R$42:R$71) -> 7 | U49: 3 | V49: 3110 | W49: 1036.6667 | X49: =RANK(W49, W$42:W$71) -> 5 | Z49: 3 | AA49: 3111.4286 | AB49: 1037.1429 | AC49: =RANK(AB49, AB$42:AB$71) -> 6 | AE49: 3 | AF49: 3159.1304 | AG49: 1053.0435 | AH49: =RANK(AG49, AG$42:AG$71) -> 6 | AJ49: 3 | AK49: 3133.0435 | AL49: 1044.3478 | AM49: =RANK(AL49, AL$42:AL$71) -> 6 | AO49: 3 | AP49: 3143.5714 | AQ49: 1047.8571 | AR49: =RANK(AQ49, AQ$42:AQ$71) -> 7 | AT49: 3 | AU49: 3186.6667 | AV49: 1062.2222 | AW49: =RANK(AV49, AV$42:AV$71) -> 4 | AZ49: =RANK(AY49, AY$42:AY$71) -> #N/A
C50: 9 | D50: 鹽蔥燒肉飯糰 | E50: 3 | F50: 2800 | G50: 933.33333 | I50: =IFERROR(AVERAGE(P50,U50,Z50,AE50,AJ50,AO50,AT50),"-") -> 3 | J50: =IFERROR(AVERAGE(Q50,V50,AA50,AF50,AK50,AP50,AU50),"-") -> 3130.8414 | K50: =IFERROR(AVERAGE(R50,W50,AB50,AG50,AL50,AQ50,AV50),"-") -> 1043.6138 | M50: =RANK(K50, K$42:$K$71) -> 7 | P50: 3 | Q50: 3120 | R50: 1040 | S50: =RANK(R50, R$42:R$71) -> 5 | U50: 3 | V50: 3106.875 | W50: 1035.625 | X50: =RANK(W50, W$42:W$71) -> 6 | Z50: 3 | AA50: 3128.2759 | AB50: 1042.7586 | AC50: =RANK(AB50, AB$42:AB$71) -> 5 | AE50: 3 | AF50: 3079.2 | AG50: 1026.4 | AH50: =RANK(AG50, AG$42:AG$71) -> 8 | AJ50: 3 | AK50: 3135.6522 | AL50: 1045.2174 | AM50: =RANK(AL50, AL$42:AL$71) -> 5 | AO50: 3 | AP50: 3155.1724 | AQ50: 1051.7241 | AR50: =RANK(AQ50, AQ$42:AQ$71) -> 4 | AT50: 3 | AU50: 3190.7143 | AV50: 1063.5714 | AW50: =RANK(AV50, AV$42:AV$71) -> 2 | AZ50: =RANK(AY50, AY$42:AY$71) -> #N/A
C51: 10 | D51: 雞肉飯飯糰 | E51: 4 | F51: 2800 | G51: 700 | I51: =IFERROR(AVERAGE(P51,U51,Z51,AE51,AJ51,AO51,AT51),"-") -> 4 | J51: =IFERROR(AVERAGE(Q51,V51,AA51,AF51,AK51,AP51,AU51),"-") -> 3178.0713 | K51: =IFERROR(AVERAGE(R51,W51,AB51,AG51,AL51,AQ51,AV51),"-") -> 794.51782 | M51: =RANK(K51, K$42:$K$71) -> 12 | P51: 4 | Q51: 3147.3684 | R51: 786.84211 | S51: =RANK(R51, R$42:R$71) -> 13 | U51: 4 | V51: 3146.7857 | W51: 786.69643 | X51: =RANK(W51, W$42:W$71) -> 13 | Z51: 4 | AA51: 3258.8235 | AB51: 814.70588 | AC51: =RANK(AB51, AB$42:AB$71) -> 12 | AE51: 4 | AF51: 3166.6667 | AG51: 791.66667 | AH51: =RANK(AG51, AG$42:AG$71) -> 13 | AJ51: 4 | AK51: 3154.0909 | AL51: 788.52273 | AM51: =RANK(AL51, AL$42:AL$71) -> 13 | AO51: 4 | AP51: 3184.5283 | AQ51: 796.13208 | AR51: =RANK(AQ51, AQ$42:AQ$71) -> 12 | AT51: 4 | AU51: 3188.2353 | AV51: 797.05882 | AW51: =RANK(AV51, AV$42:AV$71) -> 13 | AZ51: =RANK(AY51, AY$42:AY$71) -> #N/A
C52: 11 | D52: 碳烤燒肉飯飯糰(區) | E52: 4 | F52: 2800 | G52: 700 | I52: =IFERROR(AVERAGE(P52,U52,Z52,AE52,AJ52,AO52,AT52),"-") -> 4 | J52: =IFERROR(AVERAGE(Q52,V52,AA52,AF52,AK52,AP52,AU52),"-") -> 2776.814 | K52: =IFERROR(AVERAGE(R52,W52,AB52,AG52,AL52,AQ52,AV52),"-") -> 694.20349 | M52: =RANK(K52, K$42:$K$71) -> 20 | P52: 4 | Q52: 2790.9091 | R52: 697.72727 | S52: =RANK(R52, R$42:R$71) -> 18 | U52: 4 | V52: 2760.8955 | W52: 690.22388 | X52: =RANK(W52, W$42:W$71) -> 19 | Z52: 4 | AA52: 2767.619 | AB52: 691.90476 | AC52: =RANK(AB52, AB$42:AB$71) -> 19 | AE52: 4 | AF52: 2793.3333 | AG52: 698.33333 | AH52: =RANK(AG52, AG$42:AG$71) -> 19 | AJ52: 4 | AK52: 2767.9245 | AL52: 691.98113 | AM52: =RANK(AL52, AL$42:AL$71) -> 19 | AO52: 4 | AP52: 2782.5 | AQ52: 695.625 | AR52: =RANK(AQ52, AQ$42:AQ$71) -> 20 | AT52: 4 | AU52: 2774.5161 | AV52: 693.62903 | AW52: =RANK(AV52, AV$42:AV$71) -> 21 | AZ52: =RANK(AY52, AY$42:AY$71) -> #N/A
C53: 12 | D53: 鮭魚奶油醬油飯糰 | E53: 3 | F53: 2800 | G53: 933.33333 | I53: =IFERROR(AVERAGE(P53,U53,Z53,AE53,AJ53,AO53,AT53),"-") -> 3 | J53: =IFERROR(AVERAGE(Q53,V53,AA53,AF53,AK53,AP53,AU53),"-") -> 2751.6102 | K53: =IFERROR(AVERAGE(R53,W53,AB53,AG53,AL53,AQ53,AV53),"-") -> 917.20339 | M53: =RANK(K53, K$42:$K$71) -> 11 | P53: 3 | Q53: 2751.6667 | R53: 917.22222 | S53: =RANK(R53, R$42:R$71) -> 11 | U53: 3 | V53: 2745.7895 | W53: 915.26316 | X53: =RANK(W53, W$42:W$71) -> 11 | Z53: 3 | AA53: 2772 | AB53: 924 | AC53: =RANK(AB53, AB$42:AB$71) -> 10 | AE53: 3 | AF53: 2734 | AG53: 911.33333 | AH53: =RANK(AG53, AG$42:AG$71) -> 11 | AJ53: 3 | AK53: 2734.2857 | AL53: 911.42857 | AM53: =RANK(AL53, AL$42:AL$71) -> 11 | AO53: 3 | AP53: 2788.2353 | AQ53: 929.41176 | AR53: =RANK(AQ53, AQ$42:AQ$71) -> 11 | AT53: 3 | AU53: 2735.2941 | AV53: 911.76471 | AW53: =RANK(AV53, AV$42:AV$71) -> 11 | AZ53: =RANK(AY53, AY$42:AY$71) -> #N/A
C54: 13 | D54: 煙燻培根飯糰(區) | E54: 4 | F54: 2800 | G54: 700 | I54: =IFERROR(AVERAGE(P54,U54,Z54,AE54,AJ54,AO54,AT54),"-") -> 4 | J54: =IFERROR(AVERAGE(Q54,V54,AA54,AF54,AK54,AP54,AU54),"-") -> 2714.4163 | K54: =IFERROR(AVERAGE(R54,W54,AB54,AG54,AL54,AQ54,AV54),"-") -> 678.60406 | M54: =RANK(K54, K$42:$K$71) -> 21 | P54: 4 | Q54: 2741.0526 | R54: 685.26316 | S54: =RANK(R54, R$42:R$71) -> 21 | U54: 4 | V54: 2671.5789 | W54: 667.89474 | X54: =RANK(W54, W$42:W$71) -> 21 | Z54: 4 | AA54: 2756.6667 | AB54: 689.16667 | AC54: =RANK(AB54, AB$42:AB$71) -> 20 | AE54: 4 | AF54: 2624 | AG54: 656 | AH54: =RANK(AG54, AG$42:AG$71) -> 21 | AJ54: 4 | AK54: 2618.5714 | AL54: 654.64286 | AM54: =RANK(AL54, AL$42:AL$71) -> 21 | AO54: 4 | AP54: 2795.2941 | AQ54: 698.82353 | AR54: =RANK(AQ54, AQ$42:AQ$71) -> 19 | AT54: 4 | AU54: 2793.75 | AV54: 698.4375 | AW54: =RANK(AV54, AV$42:AV$71) -> 20 | AZ54: =RANK(AY54, AY$42:AY$71) -> #N/A
... C67: 26 | D67: 二配溏心蛋五目飯糰 | E67: 12 | F67: 1500 | G67: 125 | I67: =IFERROR(AVERAGE(P67,U67,Z67,AE67,AJ67,AO67,AT67),"-") -> 10.285714 | J67: =IFERROR(AVERAGE(Q67,V67,AA67,AF67,AK67,AP67,AU67),"-") -> 976.95632 | K67: =IFERROR(AVERAGE(R67,W67,AB67,AG67,AL67,AQ67,AV67),"-") -> 95.287469 | M67: =RANK(K67, K$42:$K$71) -> 26 | P67: 10 | Q67: 936.52174 | R67: 93.652174 | S67: =RANK(R67, R$42:R$71) -> 26 | U67: 10 | V67: 968.57143 | W67: 96.857143 | X67: =RANK(W67, W$42:W$71) -> 26 | Z67: 10 | AA67: 985.26316 | AB67: 98.526316 | AC67: =RANK(AB67, AB$42:AB$71) -> 26 | AE67: 10 | AF67: 969.23077 | AG67: 96.923077 | AH67: =RANK(AG67, AG$42:AG$71) -> 26 | AJ67: 10 | AK67: 1011.4286 | AL67: 101.14286 | AM67: =RANK(AL67, AL$42:AL$71) -> 26 | AO67: 12 | AP67: 1011.4286 | AQ67: 84.285714 | AR67: =RANK(AQ67, AQ$42:AQ$71) -> 26 | AT67: 10 | AU67: 956.25 | AV67: 95.625 | AW67: =RANK(AV67, AV$42:AV$71) -> 26 | AZ67: =RANK(AY67, AY$42:AY$71) -> #N/A
C68: 27 | I68: =IFERROR(AVERAGE(P68,U68,Z68,AE68,AJ68,AO68,AT68),"-") -> - | J68: =IFERROR(AVERAGE(Q68,V68,AA68,AF68,AK68,AP68,AU68),"-") -> - | K68: =IFERROR(AVERAGE(R68,W68,AB68,AG68,AL68,AQ68,AV68),"-") -> - | M68: =RANK(K68, K$42:$K$71) -> #VALUE! | S68: =RANK(R68, R$42:R$71) -> #N/A | X68: =RANK(W68, W$42:W$71) -> #N/A | AC68: =RANK(AB68, AB$42:AB$71) -> #N/A | AH68: =RANK(AG68, AG$42:AG$71) -> #N/A | AM68: =RANK(AL68, AL$42:AL$71) -> #N/A | AR68: =RANK(AQ68, AQ$42:AQ$71) -> #N/A | AW68: =RANK(AV68, AV$42:AV$71) -> #N/A | AZ68: =RANK(AY68, AY$42:AY$71) -> #N/A
C69: 28 | I69: =IFERROR(AVERAGE(P69,U69,Z69,AE69,AJ69,AO69,AT69),"-") -> - | J69: =IFERROR(AVERAGE(Q69,V69,AA69,AF69,AK69,AP69,AU69),"-") -> - | K69: =IFERROR(AVERAGE(R69,W69,AB69,AG69,AL69,AQ69,AV69),"-") -> - | M69: =RANK(K69, K$42:$K$71) -> #VALUE! | S69: =RANK(R69, R$42:R$71) -> #N/A | X69: =RANK(W69, W$42:W$71) -> #N/A | AC69: =RANK(AB69, AB$42:AB$71) -> #N/A | AH69: =RANK(AG69, AG$42:AG$71) -> #N/A | AM69: =RANK(AL69, AL$42:AL$71) -> #N/A | AR69: =RANK(AQ69, AQ$42:AQ$71) -> #N/A | AW69: =RANK(AV69, AV$42:AV$71) -> #N/A | AZ69: =RANK(AY69, AY$42:AY$71) -> #N/A
C70: 29 | I70: =IFERROR(AVERAGE(P70,U70,Z70,AE70,AJ70,AO70,AT70),"-") -> - | J70: =IFERROR(AVERAGE(Q70,V70,AA70,AF70,AK70,AP70,AU70),"-") -> - | K70: =IFERROR(AVERAGE(R70,W70,AB70,AG70,AL70,AQ70,AV70),"-") -> - | M70: =RANK(K70, K$42:$K$71) -> #VALUE! | S70: =RANK(R70, R$42:R$71) -> #N/A | X70: =RANK(W70, W$42:W$71) -> #N/A | AC70: =RANK(AB70, AB$42:AB$71) -> #N/A | AH70: =RANK(AG70, AG$42:AG$71) -> #N/A | AM70: =RANK(AL70, AL$42:AL$71) -> #N/A | AR70: =RANK(AQ70, AQ$42:AQ$71) -> #N/A | AW70: =RANK(AV70, AV$42:AV$71) -> #N/A | AZ70: =RANK(AY70, AY$42:AY$71) -> #N/A
C71: 30 | I71: =IFERROR(AVERAGE(P71,U71,Z71,AE71,AJ71,AO71,AT71),"-") -> - | J71: =IFERROR(AVERAGE(Q71,V71,AA71,AF71,AK71,AP71,AU71),"-") -> - | K71: =IFERROR(AVERAGE(R71,W71,AB71,AG71,AL71,AQ71,AV71),"-") -> - | M71: =RANK(K71, K$42:$K$71) -> #VALUE! | S71: =RANK(R71, R$42:R$71) -> #N/A | X71: =RANK(W71, W$42:W$71) -> #N/A | AC71: =RANK(AB71, AB$42:AB$71) -> #N/A | AH71: =RANK(AG71, AG$42:AG$71) -> #N/A | AM71: =RANK(AL71, AL$42:AL$71) -> #N/A | AR71: =RANK(AQ71, AQ$42:AQ$71) -> #N/A | AW71: =RANK(AV71, AV$42:AV$71) -> #N/A | AZ71: =RANK(AY71, AY$42:AY$71) -> #N/A
B72: 產線配置圖－每週更新 | N72: 資料繳交 | O72: 日期 | P72: =P37+7 -> 46217 | U72: =P72+1 -> 46218 | Z72: =U72+1 -> 46219 | AE72: =Z72+1 -> 46220 | AJ72: =AE72+1 -> 46221 | AO72: =AJ72+1 -> 46222 | AT72: =AO72+1 -> 46223
P73: 二 | U73: 三 | Z73: 四 | AE73: 五 | AJ73: 六 | AO73: 日 | AT73: 一
B74: 品群 | C74: 商品名稱 | E74: 計畫 | H74: 平均人時性 | I74: 實績 | L74: 平均人時性 | M74: 排名 | O74: 日報 | P74: 實際 | T74: 平均人時性 | U74: 實際 | Y74: 平均人時性 | Z74: 實際 | AD74: 平均人時性 | AE74: 實際 | AI74: 平均人時性 | AJ74: 實際 | AN74: 平均人時性 | AO74: 實際 | AS74: 平均人時性 | AT74: 實際 | AX74: 平均人時性
E75: 產線配置圖 | I75: 產線配置圖 | P75: 生產實績 | U75: 生產實績 | Z75: 生產實績 | AE75: 生產實績 | AJ75: 生產實績 | AO75: 生產實績 | AT75: 生產實績
E76: 人數 | F76: 產能／時 | G76: 人時性 | I76: 人數 | J76: 產能／時 | K76: 人時性 | P76: 人數 | Q76: 產能／時 | R76: 人時性 | S76: 排名 | U76: 人數 | V76: 產能／時 | W76: 人時性 | X76: 排名 | Z76: 人數 | AA76: 產能／時 | AB76: 人時性 | AC76: 排名 | AE76: 人數 | AF76: 產能／時 | AG76: 人時性 | AH76: 排名 | AJ76: 人數 | AK76: 產能／時 | AL76: 人時性 | AM76: 排名 | AO76: 人數 | AP76: 產能／時 | AQ76: 人時性 | AR76: 排名 | AT76: 人數 | AU76: 產能／時 | AV76: 人時性 | AW76: 排名
B77: 18℃-飯糰 | C77: 1 | D77: 經典肉鬆飯糰 | E77: 3 | F77: 3200 | G77: 1066.6667 | H77: =AVERAGE(G77:G106) -> 763.30128 | I77: =IFERROR(AVERAGE(P77,U77,Z77,AE77,AJ77,AO77,AT77),"-") -> 3 | J77: =IFERROR(AVERAGE(Q77,V77,AA77,AF77,AK77,AP77,AU77),"-") -> 3199.7759 | K77: =IFERROR(AVERAGE(R77,W77,AB77,AG77,AL77,AQ77,AV77),"-") -> 1066.592 | L77: =IFERROR(AVERAGE(K77:K106),"-") -> 777.47147 | M77: =RANK(K77, K$77:$K$106) -> 1 | P77: 3 | Q77: 3169.8113 | R77: 1056.6038 | S77: 3 | T77: 773.88673 | U77: 3 | V77: 3186 | W77: 1062 | X77: 3 | Y77: 776.67758 | Z77: 3 | AA77: 3252.5 | AB77: 1084.1667 | AC77: 3 | AD77: 799.34843 | AE77: 3 | AF77: 3150.6667 | AG77: 1050.2222 | AH77: 4 | AI77: 766.76504 | AJ77: 3 | AK77: 3144.5455 | AL77: 1048.1818 | AM77: 4 | AN77: 767.21258 | AO77: 3 | AP77: 3197.3077 | AQ77: 1065.7692 | AR77: 1 | AS77: 759.39202 | AT77: 3 | AU77: 3297.6 | AV77: 1099.2 | AW77: 3 | AX77: 799.01792 | AZ77: =RANK(AY77, AY$77:AY$106) -> #N/A | BA77: =AVERAGE(AY77:AY106) -> #DIV/0!
C78: 2 | D78: 蔬食鮪魚飯糰 | E78: 3 | F78: 3200 | G78: 1066.6667 | I78: =IFERROR(AVERAGE(P78,U78,Z78,AE78,AJ78,AO78,AT78),"-") -> 3 | J78: =IFERROR(AVERAGE(Q78,V78,AA78,AF78,AK78,AP78,AU78),"-") -> 3148.6191 | K78: =IFERROR(AVERAGE(R78,W78,AB78,AG78,AL78,AQ78,AV78),"-") -> 1049.5397 | M78: =RANK(K78, K$77:$K$106) -> 6 | P78: 3 | Q78: 3052.9412 | R78: 1017.6471 | S78: 7 | U78: 3 | V78: 3138.75 | W78: 1046.25 | X78: 6 | Z78: 3 | AA78: 3344 | AB78: 1114.6667 | AC78: 1 | AE78: 3 | AF78: 3201.4286 | AG78: 1067.1429 | AH78: 1 | AJ78: 3 | AK78: 3025.7143 | AL78: 1008.5714 | AM78: 8 | AO78: 3 | AP78: 3060 | AQ78: 1020 | AR78: 6 | AT78: 3 | AU78: 3217.5 | AV78: 1072.5 | AW78: 6 | AZ78: =RANK(AY78, AY$77:AY$106) -> #N/A
C79: 3 | D79: 北海道秋鮭親子飯糰 | E79: 4 | F79: 3200 | G79: 800 | I79: =IFERROR(AVERAGE(P79,U79,Z79,AE79,AJ79,AO79,AT79),"-") -> 4 | J79: =IFERROR(AVERAGE(Q79,V79,AA79,AF79,AK79,AP79,AU79),"-") -> 3176.8145 | K79: =IFERROR(AVERAGE(R79,W79,AB79,AG79,AL79,AQ79,AV79),"-") -> 794.20362 | M79: =RANK(K79, K$77:$K$106) -> 13 | P79: 4 | Q79: 3077.1429 | R79: 769.28571 | S79: 16 | U79: 4 | V79: 3034.2857 | W79: 758.57143 | X79: 16 | Z79: 4 | AA79: 3340 | AB79: 835 | AC79: 13 | AE79: 4 | AF79: 2994.5455 | AG79: 748.63636 | AH79: 16 | AJ79: 4 | AK79: 3204 | AL79: 801 | AM79: 11 | AO79: 4 | AP79: 3135 | AQ79: 783.75 | AR79: 14 | AT79: 4 | AU79: 3452.7273 | AV79: 863.18182 | AW79: 12 | AZ79: =RANK(AY79, AY$77:AY$106) -> #N/A
C80: 4 | D80: 鮪魚飯糰 | E80: 3 | F80: 3200 | G80: 1066.6667 | I80: =IFERROR(AVERAGE(P80,U80,Z80,AE80,AJ80,AO80,AT80),"-") -> 3 | J80: =IFERROR(AVERAGE(Q80,V80,AA80,AF80,AK80,AP80,AU80),"-") -> 3190.3199 | K80: =IFERROR(AVERAGE(R80,W80,AB80,AG80,AL80,AQ80,AV80),"-") -> 1063.44 | M80: =RANK(K80, K$77:$K$106) -> 2 | P80: 3 | Q80: 3197.9221 | R80: 1065.974 | S80: 1 | U80: 3 | V80: 3192.8 | W80: 1064.2667 | X80: 2 | Z80: 3 | AA80: 3208.3333 | AB80: 1069.4444 | AC80: 5 | AE80: 3 | AF80: 3168.9231 | AG80: 1056.3077 | AH80: 3 | AJ80: 3 | AK80: 3178.0952 | AL80: 1059.3651 | AM80: 2 | AO80: 3 | AP80: 3171.4286 | AQ80: 1057.1429 | AR80: 4 | AT80: 3 | AU80: 3214.7368 | AV80: 1071.5789 | AW80: 7 | AZ80: =RANK(AY80, AY$77:AY$106) -> #N/A
C81: 5 | D81: 贅沢鮭魚肚飯糰 | E81: 4 | F81: 3200 | G81: 800 | I81: =IFERROR(AVERAGE(P81,U81,Z81,AE81,AJ81,AO81,AT81),"-") -> 4 | J81: =IFERROR(AVERAGE(Q81,V81,AA81,AF81,AK81,AP81,AU81),"-") -> 3187.2066 | K81: =IFERROR(AVERAGE(R81,W81,AB81,AG81,AL81,AQ81,AV81),"-") -> 796.80165 | M81: =RANK(K81, K$77:$K$106) -> 11 | P81: 4 | Q81: 3077.1429 | R81: 769.28571 | S81: 17 | U81: 4 | V81: 3159 | W81: 789.75 | X81: 14 | Z81: 4 | AA81: 3360 | AB81: 840 | AC81: 12 | AE81: 4 | AF81: 3105.8824 | AG81: 776.47059 | AH81: 14 | AJ81: 4 | AK81: 3140 | AL81: 785 | AM81: 15 | AO81: 4 | AP81: 3148.4211 | AQ81: 787.10526 | AR81: 13 | AT81: 4 | AU81: 3320 | AV81: 830 | AW81: 13 | AZ81: =RANK(AY81, AY$77:AY$106) -> #N/A
C82: 6 | D82: 熟成紅鮭飯糰 | E82: 4 | F82: 3200 | G82: 800 | I82: =IFERROR(AVERAGE(P82,U82,Z82,AE82,AJ82,AO82,AT82),"-") -> 4 | J82: =IFERROR(AVERAGE(Q82,V82,AA82,AF82,AK82,AP82,AU82),"-") -> 3129.2279 | K82: =IFERROR(AVERAGE(R82,W82,AB82,AG82,AL82,AQ82,AV82),"-") -> 782.30697 | M82: =RANK(K82, K$77:$K$106) -> 15 | P82: 4 | Q82: 3220 | R82: 805 | S82: 12 | U82: 4 | V82: 3114 | W82: 778.5 | X82: 15 | Z82: 4 | AA82: 2986.6667 | AB82: 746.66667 | AC82: 18 | AE82: 4 | AF82: 3051.4286 | AG82: 762.85714 | AH82: 15 | AJ82: 4 | AK82: 2785.7143 | AL82: 696.42857 | AM82: 18 | AO82: 4 | AP82: 3232.5 | AQ82: 808.125 | AR82: 11 | AT82: 4 | AU82: 3514.2857 | AV82: 878.57143 | AW82: 11 | AZ82: =RANK(AY82, AY$77:AY$106) -> #N/A
C83: 7 | D83: 壹號醬炙烤牛飯糰 | E83: 4 | F83: 2800 | G83: 700 | I83: =IFERROR(AVERAGE(P83,U83,Z83,AE83,AJ83,AO83,AT83),"-") -> 4 | J83: =IFERROR(AVERAGE(Q83,V83,AA83,AF83,AK83,AP83,AU83),"-") -> 3175.3961 | K83: =IFERROR(AVERAGE(R83,W83,AB83,AG83,AL83,AQ83,AV83),"-") -> 793.84903 | M83: =RANK(K83, K$77:$K$106) -> 14 | P83: 4 | Q83: 3152.7273 | R83: 788.18182 | S83: 14 | U83: 4 | V83: 3174.5455 | W83: 793.63636 | X83: 12 | Z83: 4 | AA83: 3440 | AB83: 860 | AC83: 11 | AE83: 4 | AF83: 3150 | AG83: 787.5 | AH83: 13 | AJ83: 4 | AK83: 2992.5 | AL83: 748.125 | AM83: 16 | AO83: 4 | AP83: 3078 | AQ83: 769.5 | AR83: 16 | AT83: 4 | AU83: 3240 | AV83: 810 | AW83: 14 | AZ83: =RANK(AY83, AY$77:AY$106) -> #N/A
C84: 8 | D84: 明太子龍蝦風味沙拉飯糰 | E84: 3 | F84: 3200 | G84: 1066.6667 | I84: =IFERROR(AVERAGE(P84,U84,Z84,AE84,AJ84,AO84,AT84),"-") -> 3 | J84: =IFERROR(AVERAGE(Q84,V84,AA84,AF84,AK84,AP84,AU84),"-") -> 3182.9374 | K84: =IFERROR(AVERAGE(R84,W84,AB84,AG84,AL84,AQ84,AV84),"-") -> 1060.9791 | M84: =RANK(K84, K$77:$K$106) -> 3 | P84: 3 | Q84: 3166.6667 | R84: 1055.5556 | S84: 4 | U84: 3 | V84: 3142.2222 | W84: 1047.4074 | X84: 5 | Z84: 3 | AA84: 3204 | AB84: 1068 | AC84: 6 | AE84: 3 | AF84: 3193.6364 | AG84: 1064.5455 | AH84: 2 | AJ84: 3 | AK84: 3103.6364 | AL84: 1034.5455 | AM84: 6 | AO84: 3 | AP84: 3180 | AQ84: 1060 | AR84: 2 | AT84: 3 | AU84: 3290.4 | AV84: 1096.8 | AW84: 4 | AZ84: =RANK(AY84, AY$77:AY$106) -> #N/A
C85: 9 | D85: 鹽蔥燒肉飯糰 | E85: 3 | F85: 2800 | G85: 933.33333 | I85: =IFERROR(AVERAGE(P85,U85,Z85,AE85,AJ85,AO85,AT85),"-") -> 3 | J85: =IFERROR(AVERAGE(Q85,V85,AA85,AF85,AK85,AP85,AU85),"-") -> 3159.5519 | K85: =IFERROR(AVERAGE(R85,W85,AB85,AG85,AL85,AQ85,AV85),"-") -> 1053.184 | M85: =RANK(K85, K$77:$K$106) -> 5 | P85: 3 | Q85: 3177.8571 | R85: 1059.2857 | S85: 2 | U85: 3 | V85: 3093.1034 | W85: 1031.0345 | X85: 8 | Z85: 3 | AA85: 3203.0769 | AB85: 1067.6923 | AC85: 7 | AE85: 3 | AF85: 3095 | AG85: 1031.6667 | AH85: 5 | AJ85: 3 | AK85: 3067.8261 | AL85: 1022.6087 | AM85: 7 | AO85: 3 | AP85: 3180 | AQ85: 1060 | AR85: 2 | AT85: 3 | AU85: 3300 | AV85: 1100 | AW85: 2 | AZ85: =RANK(AY85, AY$77:AY$106) -> #N/A
C86: 10 | D86: 雞肉飯飯糰 | E86: 4 | F86: 2800 | G86: 700 | I86: =IFERROR(AVERAGE(P86,U86,Z86,AE86,AJ86,AO86,AT86),"-") -> 4 | J86: =IFERROR(AVERAGE(Q86,V86,AA86,AF86,AK86,AP86,AU86),"-") -> 3185.5111 | K86: =IFERROR(AVERAGE(R86,W86,AB86,AG86,AL86,AQ86,AV86),"-") -> 796.37777 | M86: =RANK(K86, K$77:$K$106) -> 12 | P86: 4 | Q86: 3146.4 | R86: 786.6 | S86: 15 | U86: 4 | V86: 3162.5 | W86: 790.625 | X86: 13 | Z86: 4 | AA86: 3267.3913 | AB86: 816.84783 | AC86: 14 | AE86: 4 | AF86: 3163.6364 | AG86: 790.90909 | AH86: 12 | AJ86: 4 | AK86: 3170 | AL86: 792.5 | AM86: 14 | AO86: 4 | AP86: 3152.4 | AQ86: 788.1 | AR86: 12 | AT86: 4 | AU86: 3236.25 | AV86: 809.0625 | AW86: 16 | AZ86: =RANK(AY86, AY$77:AY$106) -> #N/A
C87: 11 | D87: 碳烤燒肉飯飯糰(區) | E87: 4 | F87: 2800 | G87: 700 | I87: =IFERROR(AVERAGE(P87,U87,Z87,AE87,AJ87,AO87,AT87),"-") -> 4 | J87: =IFERROR(AVERAGE(Q87,V87,AA87,AF87,AK87,AP87,AU87),"-") -> 2776.6322 | K87: =IFERROR(AVERAGE(R87,W87,AB87,AG87,AL87,AQ87,AV87),"-") -> 694.15804 | M87: =RANK(K87, K$77:$K$106) -> 20 | P87: 4 | Q87: 2760 | R87: 690 | S87: 20 | U87: 4 | V87: 2777.2881 | W87: 694.32203 | X87: 20 | Z87: 4 | AA87: 2811.4286 | AB87: 702.85714 | AC87: 20 | AE87: 4 | AF87: 2764.7059 | AG87: 691.17647 | AH87: 20 | AJ87: 4 | AK87: 2762.3077 | AL87: 690.57692 | AM87: 19 | AO87: 4 | AP87: 2759 | AQ87: 689.75 | AR87: 18 | AT87: 4 | AU87: 2801.6949 | AV87: 700.42373 | AW87: 21 | AZ87: =RANK(AY87, AY$77:AY$106) -> #N/A
C88: 12 | D88: 鮭魚奶油醬油飯糰 | E88: 3 | F88: 2800 | G88: 933.33333 | I88: =IFERROR(AVERAGE(P88,U88,Z88,AE88,AJ88,AO88,AT88),"-") -> 3 | J88: =IFERROR(AVERAGE(Q88,V88,AA88,AF88,AK88,AP88,AU88),"-") -> 2803.332 | K88: =IFERROR(AVERAGE(R88,W88,AB88,AG88,AL88,AQ88,AV88),"-") -> 934.44401 | M88: =RANK(K88, K$77:$K$106) -> 10 | P88: 3 | Q88: 2788.2353 | R88: 929.41176 | S88: 10 | U88: 3 | V88: 2799.375 | W88: 933.125 | X88: 10 | Z88: 3 | AA88: 2862 | AB88: 954 | AC88: 10 | AE88: 3 | AF88: 2732.1429 | AG88: 910.71429 | AH88: 10 | AJ88: 3 | AK88: 2794.6154 | AL88: 931.53846 | AM88: 10 | AO88: 3 | AP88: 2784.375 | AQ88: 928.125 | AR88: 9 | AT88: 3 | AU88: 2862.5806 | AV88: 954.19355 | AW88: 9 | AZ88: =RANK(AY88, AY$77:AY$106) -> #N/A
C89: 13 | D89: 煙燻培根飯糰(區) | E89: 4 | F89: 2800 | G89: 700 | I89: =IFERROR(AVERAGE(P89,U89,Z89,AE89,AJ89,AO89,AT89),"-") -> 4 | J89: =IFERROR(AVERAGE(Q89,V89,AA89,AF89,AK89,AP89,AU89),"-") -> 2763.5997 | K89: =IFERROR(AVERAGE(R89,W89,AB89,AG89,AL89,AQ89,AV89),"-") -> 690.89992 | M89: =RANK(K89, K$77:$K$106) -> 21 | P89: 4 | Q89: 2707.5 | R89: 676.875 | S89: 21 | U89: 4 | V89: 2692.5 | W89: 673.125 | X89: 21 | Z89: 4 | AA89: 2931.4286 | AB89: 732.85714 | AC89: 19 | AE89: 4 | AF89: 2681.5385 | AG89: 670.38462 | AH89: 21 | AJ89: 4 | AK89: 2675 | AL89: 668.75 | AM89: 20 | AO89: 4 | AP89: 2648 | AQ89: 662 | AR89: 20 | AT89: 4 | AU89: 3009.2308 | AV89: 752.30769 | AW89: 19 | AZ89: =RANK(AY89, AY$77:AY$106) -> #N/A
... C102: 26 | D102: 筋子銀鮭飯糰 | E102: 4 | F102: 3200 | G102: 800 | I102: =IFERROR(AVERAGE(P102,U102,Z102,AE102,AJ102,AO102,AT102),"-") -> 4 | J102: =IFERROR(AVERAGE(Q102,V102,AA102,AF102,AK102,AP102,AU102),"-") -> 3067.1682 | K102: =IFERROR(AVERAGE(R102,W102,AB102,AG102,AL102,AQ102,AV102),"-") -> 766.79205 | M102: =RANK(K102, K$77:$K$106) -> 16 | P102: 4 | Q102: 3180 | R102: 795 | S102: 13 | U102: 4 | V102: 3180 | W102: 795 | X102: 11 | Z102: 4 | AA102: 3216.5854 | AB102: 804.14634 | AC102: 15 | AE102: 4 | AF102: 3216.5854 | AG102: 804.14634 | AH102: 11 | AJ102: 4 | AK102: 3192.2449 | AL102: 798.06122 | AM102: 12 | AO102: 4 | AP102: 2244.7619 | AQ102: 561.19048 | AR102: 22 | AT102: 4 | AU102: 3240 | AV102: 810 | AW102: 15 | AZ102: =RANK(AY102, AY$77:AY$106) -> #N/A
C103: 27 | I103: =IFERROR(AVERAGE(P103,U103,Z103,AE103,AJ103,AO103,AT103),"-") -> - | J103: =IFERROR(AVERAGE(Q103,V103,AA103,AF103,AK103,AP103,AU103),"-") -> - | K103: =IFERROR(AVERAGE(R103,W103,AB103,AG103,AL103,AQ103,AV103),"-") -> - | M103: =RANK(K103, K$77:$K$106) -> #VALUE! | S103: #VALUE! | X103: #VALUE! | AC103: #VALUE! | AH103: #VALUE! | AM103: #VALUE! | AR103: #VALUE! | AW103: #VALUE! | AZ103: =RANK(AY103, AY$77:AY$106) -> #N/A
C104: 28 | I104: =IFERROR(AVERAGE(P104,U104,Z104,AE104,AJ104,AO104,AT104),"-") -> - | J104: =IFERROR(AVERAGE(Q104,V104,AA104,AF104,AK104,AP104,AU104),"-") -> - | K104: =IFERROR(AVERAGE(R104,W104,AB104,AG104,AL104,AQ104,AV104),"-") -> - | M104: =RANK(K104, K$77:$K$106) -> #VALUE! | S104: #VALUE! | X104: #VALUE! | AC104: #VALUE! | AH104: #VALUE! | AM104: #VALUE! | AR104: #VALUE! | AW104: #VALUE! | AZ104: =RANK(AY104, AY$77:AY$106) -> #N/A
C105: 29 | I105: =IFERROR(AVERAGE(P105,U105,Z105,AE105,AJ105,AO105,AT105),"-") -> - | J105: =IFERROR(AVERAGE(Q105,V105,AA105,AF105,AK105,AP105,AU105),"-") -> - | K105: =IFERROR(AVERAGE(R105,W105,AB105,AG105,AL105,AQ105,AV105),"-") -> - | M105: =RANK(K105, K$77:$K$106) -> #VALUE! | S105: #VALUE! | X105: #VALUE! | AC105: #VALUE! | AH105: #VALUE! | AM105: #VALUE! | AR105: #VALUE! | AW105: #VALUE! | AZ105: =RANK(AY105, AY$77:AY$106) -> #N/A
C106: 30 | I106: =IFERROR(AVERAGE(P106,U106,Z106,AE106,AJ106,AO106,AT106),"-") -> - | J106: =IFERROR(AVERAGE(Q106,V106,AA106,AF106,AK106,AP106,AU106),"-") -> - | K106: =IFERROR(AVERAGE(R106,W106,AB106,AG106,AL106,AQ106,AV106),"-") -> - | M106: =RANK(K106, K$77:$K$106) -> #VALUE! | S106: #VALUE! | X106: #VALUE! | AC106: #VALUE! | AH106: #VALUE! | AM106: #VALUE! | AR106: #VALUE! | AW106: #VALUE! | AZ106: =RANK(AY106, AY$77:AY$106) -> #N/A
B107: 產線配置圖－每週更新 | N107: 資料繳交 | O107: 日期 | P107: =P72+7 -> 46224 | U107: =P107+1 -> 46225 | Z107: =U107+1 -> 46226 | AE107: =Z107+1 -> 46227 | AJ107: =AE107+1 -> 46228 | AO107: =AJ107+1 -> 46229 | AT107: =AO107+1 -> 46230
P108: 二 | U108: 三 | Z108: 四 | AE108: 五 | AJ108: 六 | AO108: 日 | AT108: 一
B109: 品群 | C109: 商品名稱 | E109: 計畫 | H109: 平均人時性 | I109: 實績 | L109: 平均人時性 | M109: 排名 | O109: 日報 | P109: 實際 | T109: 平均人時性 | U109: 實際 | Y109: 平均人時性 | Z109: 實際 | AD109: 平均人時性 | AE109: 實際 | AI109: 平均人時性 | AJ109: 實際 | AN109: 平均人時性 | AO109: 實際 | AS109: 平均人時性 | AT109: 實際 | AX109: 平均人時性
E110: 產線配置圖 | I110: 產線配置圖 | P110: 生產實績 | U110: 生產實績 | Z110: 生產實績 | AE110: 生產實績 | AJ110: 生產實績 | AO110: 生產實績 | AT110: 生產實績
E111: 人數 | F111: 產能／時 | G111: 人時性 | I111: 人數 | J111: 產能／時 | K111: 人時性 | P111: 人數 | Q111: 產能／時 | R111: 人時性 | S111: 排名 | U111: 人數 | V111: 產能／時 | W111: 人時性 | X111: 排名 | Z111: 人數 | AA111: 產能／時 | AB111: 人時性 | AC111: 排名 | AE111: 人數 | AF111: 產能／時 | AG111: 人時性 | AH111: 排名 | AJ111: 人數 | AK111: 產能／時 | AL111: 人時性 | AM111: 排名 | AO111: 人數 | AP111: 產能／時 | AQ111: 人時性 | AR111: 排名 | AT111: 人數 | AU111: 產能／時 | AV111: 人時性 | AW111: 排名
B112: 18℃-飯糰 | C112: 1 | D112: 經典肉鬆飯糰 | E112: 3 | F112: 3200 | G112: 1066.6667 | H112: =AVERAGE(G112:G141) -> 788.83333 | I112: =IFERROR(AVERAGE(P112,U112,Z112,AE112,AJ112,AO112,AT112),"-") -> 3 | J112: =IFERROR(AVERAGE(Q112,V112,AA112,AF112,AK112,AP112,AU112),"-") -> 3207.0316 | K112: =IFERROR(AVERAGE(R112,W112,AB112,AG112,AL112,AQ112,AV112),"-") -> 1069.0105 | L112: =IFERROR(AVERAGE(K112:K141),"-") -> 803.20571 | M112: =RANK(K112, K$112:$K$141) -> 1 | P112: 3 | Q112: 3193.8462 | R112: 1064.6154 | S112: =RANK(R112, R$112:R$141) -> 2 | T112: =AVERAGE(R112:R141) -> 801.46743 | U112: 3 | V112: 3178.8235 | W112: 1059.6078 | X112: =RANK(W112, W$112:W$141) -> 2 | Y112: =AVERAGE(W112:W141) -> 765.39018 | Z112: 3 | AA112: 3243.5294 | AB112: 1081.1765 | AC112: =RANK(AB112, AB$112:AB$141) -> 5 | AD112: =AVERAGE(AB112:AB141) -> 831.49451 | AE112: 3 | AF112: 3252.5581 | AG112: 1084.186 | AH112: =RANK(AG112, AG$112:AG$141) -> 5 | AI112: =AVERAGE(AG112:AG141) -> 820.89822 | AJ112: 3 | AK112: 3145.3333 | AL112: 1048.4444 | AM112: =RANK(AL112, AL$112:AL$141) -> 3 | AN112: =AVERAGE(AL112:AL141) -> 795.65779 | AO112: 3 | AP112: 3261.9231 | AQ112: 1087.3077 | AR112: =RANK(AQ112, AQ$112:AQ$141) -> 3 | AS112: =AVERAGE(AQ112:AQ141) -> 824.35866 | AT112: 3 | AU112: 3173.2075 | AV112: 1057.7358 | AW112: =RANK(AV112, AV$112:AV$141) -> 3 | AX112: =AVERAGE(AV112:AV141) -> 783.17317 | AZ112: =RANK(AY112, AY$112:AY$141) -> #N/A | BA112: =AVERAGE(AY112:AY141) -> #DIV/0!
C113: 2 | D113: 蔬食鮪魚飯糰 | E113: 3 | F113: 3200 | G113: 1066.6667 | I113: =IFERROR(AVERAGE(P113,U113,Z113,AE113,AJ113,AO113,AT113),"-") -> 3 | J113: =IFERROR(AVERAGE(Q113,V113,AA113,AF113,AK113,AP113,AU113),"-") -> 3164.4638 | K113: =IFERROR(AVERAGE(R113,W113,AB113,AG113,AL113,AQ113,AV113),"-") -> 1054.8213 | M113: =RANK(K113, K$112:$K$141) -> 6 | P113: 3 | Q113: 3046.6667 | R113: 1015.5556 | S113: =RANK(R113, R$112:R$141) -> 8 | U113: 3 | V113: 3155.2941 | W113: 1051.7647 | X113: =RANK(W113, W$112:W$141) -> 3 | Z113: 3 | AA113: 3255 | AB113: 1085 | AC113: =RANK(AB113, AB$112:AB$141) -> 2 | AE113: 3 | AF113: 3240 | AG113: 1080 | AH113: =RANK(AG113, AG$112:AG$141) -> 6 | AJ113: 3 | AK113: 3004.2857 | AL113: 1001.4286 | AM113: =RANK(AL113, AL$112:AL$141) -> 7 | AO113: 3 | AP113: 3247.5 | AQ113: 1082.5 | AR113: =RANK(AQ113, AQ$112:AQ$141) -> 4 | AT113: 3 | AU113: 3202.5 | AV113: 1067.5 | AW113: =RANK(AV113, AV$112:AV$141) -> 1 | AZ113: =RANK(AY113, AY$112:AY$141) -> #N/A
C114: 3 | D114: 北海道秋鮭親子飯糰 | E114: 4 | F114: 3200 | G114: 800 | I114: =IFERROR(AVERAGE(P114,U114,Z114,AE114,AJ114,AO114,AT114),"-") -> 4 | J114: =IFERROR(AVERAGE(Q114,V114,AA114,AF114,AK114,AP114,AU114),"-") -> 3206.7143 | K114: =IFERROR(AVERAGE(R114,W114,AB114,AG114,AL114,AQ114,AV114),"-") -> 801.67857 | M114: =RANK(K114, K$112:$K$141) -> 14 | P114: 4 | Q114: 3137.1429 | R114: 784.28571 | S114: =RANK(R114, R$112:R$141) -> 15 | U114: 4 | V114: 3042.8571 | W114: 760.71429 | X114: =RANK(W114, W$112:W$141) -> 15 | Z114: 4 | AA114: 3460 | AB114: 865 | AC114: =RANK(AB114, AB$112:AB$141) -> 12 | AE114: 4 | AF114: 3306 | AG114: 826.5 | AH114: =RANK(AG114, AG$112:AG$141) -> 13 | AJ114: 4 | AK114: 3186 | AL114: 796.5 | AM114: =RANK(AL114, AL$112:AL$141) -> 12 | AO114: 4 | AP114: 3250 | AQ114: 812.5 | AR114: =RANK(AQ114, AQ$112:AQ$141) -> 15 | AT114: 4 | AU114: 3065 | AV114: 766.25 | AW114: =RANK(AV114, AV$112:AV$141) -> 17 | AZ114: =RANK(AY114, AY$112:AY$141) -> #N/A
C115: 4 | D115: 鮪魚飯糰 | E115: 3 | F115: 3200 | G115: 1066.6667 | I115: =IFERROR(AVERAGE(P115,U115,Z115,AE115,AJ115,AO115,AT115),"-") -> 3 | J115: =IFERROR(AVERAGE(Q115,V115,AA115,AF115,AK115,AP115,AU115),"-") -> 3204.304 | K115: =IFERROR(AVERAGE(R115,W115,AB115,AG115,AL115,AQ115,AV115),"-") -> 1068.1013 | M115: =RANK(K115, K$112:$K$141) -> 3 | P115: 3 | Q115: 3173.6842 | R115: 1057.8947 | S115: =RANK(R115, R$112:R$141) -> 5 | U115: 3 | V115: 3202.4 | W115: 1067.4667 | X115: =RANK(W115, W$112:W$141) -> 1 | Z115: 3 | AA115: 3244.1096 | AB115: 1081.3699 | AC115: =RANK(AB115, AB$112:AB$141) -> 4 | AE115: 3 | AF115: 3216.9231 | AG115: 1072.3077 | AH115: =RANK(AG115, AG$112:AG$141) -> 7 | AJ115: 3 | AK115: 3164.0625 | AL115: 1054.6875 | AM115: =RANK(AL115, AL$112:AL$141) -> 2 | AO115: 3 | AP115: 3226.9231 | AQ115: 1075.641 | AR115: =RANK(AQ115, AQ$112:AQ$141) -> 5 | AT115: 3 | AU115: 3202.0253 | AV115: 1067.3418 | AW115: =RANK(AV115, AV$112:AV$141) -> 2 | AZ115: =RANK(AY115, AY$112:AY$141) -> #N/A
C116: 5 | D116: 贅沢鮭魚肚飯糰 | E116: 4 | F116: 3200 | G116: 800 | I116: =IFERROR(AVERAGE(P116,U116,Z116,AE116,AJ116,AO116,AT116),"-") -> 4 | J116: =IFERROR(AVERAGE(Q116,V116,AA116,AF116,AK116,AP116,AU116),"-") -> 3212.2836 | K116: =IFERROR(AVERAGE(R116,W116,AB116,AG116,AL116,AQ116,AV116),"-") -> 803.07089 | M116: =RANK(K116, K$112:$K$141) -> 12 | P116: 4 | Q116: 3210 | R116: 802.5 | S116: =RANK(R116, R$112:R$141) -> 12 | U116: 4 | V116: 3117.1429 | W116: 779.28571 | X116: =RANK(W116, W$112:W$141) -> 13 | Z116: 4 | AA116: 3221.0526 | AB116: 805.26316 | AC116: =RANK(AB116, AB$112:AB$141) -> 16 | AE116: 4 | AF116: 3330 | AG116: 832.5 | AH116: =RANK(AG116, AG$112:AG$141) -> 12 | AJ116: 4 | AK116: 3172 | AL116: 793 | AM116: =RANK(AL116, AL$112:AL$141) -> 13 | AO116: 4 | AP116: 3268.4211 | AQ116: 817.10526 | AR116: =RANK(AQ116, AQ$112:AQ$141) -> 14 | AT116: 4 | AU116: 3167.3684 | AV116: 791.84211 | AW116: =RANK(AV116, AV$112:AV$141) -> 13 | AZ116: =RANK(AY116, AY$112:AY$141) -> #N/A
C117: 6 | D117: 熟成紅鮭飯糰 | E117: 4 | F117: 3200 | G117: 800 | I117: =IFERROR(AVERAGE(P117,U117,Z117,AE117,AJ117,AO117,AT117),"-") -> 4 | J117: =IFERROR(AVERAGE(Q117,V117,AA117,AF117,AK117,AP117,AU117),"-") -> 3182.7857 | K117: =IFERROR(AVERAGE(R117,W117,AB117,AG117,AL117,AQ117,AV117),"-") -> 795.69643 | M117: =RANK(K117, K$112:$K$141) -> 16 | P117: 4 | Q117: 2958 | R117: 739.5 | S117: =RANK(R117, R$112:R$141) -> 17 | U117: 4 | V117: 3024 | W117: 756 | X117: =RANK(W117, W$112:W$141) -> 16 | Z117: 4 | AA117: 3592.5 | AB117: 898.125 | AC117: =RANK(AB117, AB$112:AB$141) -> 11 | AE117: 4 | AF117: 3248.5714 | AG117: 812.14286 | AH117: =RANK(AG117, AG$112:AG$141) -> 14 | AJ117: 4 | AK117: 2871.4286 | AL117: 717.85714 | AM117: =RANK(AL117, AL$112:AL$141) -> 19 | AO117: 4 | AP117: 3352.5 | AQ117: 838.125 | AR117: =RANK(AQ117, AQ$112:AQ$141) -> 13 | AT117: 4 | AU117: 3232.5 | AV117: 808.125 | AW117: =RANK(AV117, AV$112:AV$141) -> 11 | AZ117: =RANK(AY117, AY$112:AY$141) -> #N/A
C118: 7 | D118: 壹號醬炙烤牛飯糰 | E118: 4 | F118: 2800 | G118: 700 | I118: =IFERROR(AVERAGE(P118,U118,Z118,AE118,AJ118,AO118,AT118),"-") -> 4 | J118: =IFERROR(AVERAGE(Q118,V118,AA118,AF118,AK118,AP118,AU118),"-") -> 3260.6905 | K118: =IFERROR(AVERAGE(R118,W118,AB118,AG118,AL118,AQ118,AV118),"-") -> 815.17262 | M118: =RANK(K118, K$112:$K$141) -> 11 | P118: 4 | Q118: 3222 | R118: 805.5 | S118: =RANK(R118, R$112:R$141) -> 11 | U118: 4 | V118: 3072 | W118: 768 | X118: =RANK(W118, W$112:W$141) -> 14 | Z118: 4 | AA118: 3400 | AB118: 850 | AC118: =RANK(AB118, AB$112:AB$141) -> 13 | AE118: 4 | AF118: 3540 | AG118: 885 | AH118: =RANK(AG118, AG$112:AG$141) -> 10 | AJ118: 4 | AK118: 2962.5 | AL118: 740.625 | AM118: =RANK(AL118, AL$112:AL$141) -> 17 | AO118: 4 | AP118: 3555 | AQ118: 888.75 | AR118: =RANK(AQ118, AQ$112:AQ$141) -> 11 | AT118: 4 | AU118: 3073.3333 | AV118: 768.33333 | AW118: =RANK(AV118, AV$112:AV$141) -> 15 | AZ118: =RANK(AY118, AY$112:AY$141) -> #N/A
C119: 8 | D119: 明太子龍蝦風味沙拉飯糰 | E119: 3 | F119: 3200 | G119: 1066.6667 | I119: =IFERROR(AVERAGE(P119,U119,Z119,AE119,AJ119,AO119,AT119),"-") -> 3 | J119: =IFERROR(AVERAGE(Q119,V119,AA119,AF119,AK119,AP119,AU119),"-") -> 3181.4552 | K119: =IFERROR(AVERAGE(R119,W119,AB119,AG119,AL119,AQ119,AV119),"-") -> 1060.4851 | M119: =RANK(K119, K$112:$K$141) -> 4 | P119: 3 | Q119: 3177.6923 | R119: 1059.2308 | S119: =RANK(R119, R$112:R$141) -> 4 | U119: 3 | V119: 3120 | W119: 1040 | X119: =RANK(W119, W$112:W$141) -> 5 | Z119: 3 | AA119: 3225.6 | AB119: 1075.2 | AC119: =RANK(AB119, AB$112:AB$141) -> 6 | AE119: 3 | AF119: 3317.1429 | AG119: 1105.7143 | AH119: =RANK(AG119, AG$112:AG$141) -> 3 | AJ119: 3 | AK119: 3098.1818 | AL119: 1032.7273 | AM119: =RANK(AL119, AL$112:AL$141) -> 6 | AO119: 3 | AP119: 3220.8 | AQ119: 1073.6 | AR119: =RANK(AQ119, AQ$112:AQ$141) -> 6 | AT119: 3 | AU119: 3110.7692 | AV119: 1036.9231 | AW119: =RANK(AV119, AV$112:AV$141) -> 5 | AZ119: =RANK(AY119, AY$112:AY$141) -> #N/A
C120: 9 | D120: 鹽蔥燒肉飯糰 | E120: 3 | F120: 2800 | G120: 933.33333 | I120: =IFERROR(AVERAGE(P120,U120,Z120,AE120,AJ120,AO120,AT120),"-") -> 3 | J120: =IFERROR(AVERAGE(Q120,V120,AA120,AF120,AK120,AP120,AU120),"-") -> 3204.5862 | K120: =IFERROR(AVERAGE(R120,W120,AB120,AG120,AL120,AQ120,AV120),"-") -> 1068.1954 | M120: =RANK(K120, K$112:$K$141) -> 2 | P120: 3 | Q120: 3190.7143 | R120: 1063.5714 | S120: =RANK(R120, R$112:R$141) -> 3 | U120: 3 | V120: 3117.8571 | W120: 1039.2857 | X120: =RANK(W120, W$112:W$141) -> 6 | Z120: 3 | AA120: 3253.8462 | AB120: 1084.6154 | AC120: =RANK(AB120, AB$112:AB$141) -> 3 | AE120: 3 | AF120: 3339.1304 | AG120: 1113.0435 | AH120: =RANK(AG120, AG$112:AG$141) -> 2 | AJ120: 3 | AK120: 3180 | AL120: 1060 | AM120: =RANK(AL120, AL$112:AL$141) -> 1 | AO120: 3 | AP120: 3215.5556 | AQ120: 1071.8519 | AR120: =RANK(AQ120, AQ$112:AQ$141) -> 7 | AT120: 3 | AU120: 3135 | AV120: 1045 | AW120: =RANK(AV120, AV$112:AV$141) -> 4 | AZ120: =RANK(AY120, AY$112:AY$141) -> #N/A
C121: 10 | D121: 雞肉飯飯糰 | E121: 4 | F121: 2800 | G121: 700 | I121: =IFERROR(AVERAGE(P121,U121,Z121,AE121,AJ121,AO121,AT121),"-") -> 4 | J121: =IFERROR(AVERAGE(Q121,V121,AA121,AF121,AK121,AP121,AU121),"-") -> 3207.794 | K121: =IFERROR(AVERAGE(R121,W121,AB121,AG121,AL121,AQ121,AV121),"-") -> 801.94851 | M121: =RANK(K121, K$112:$K$141) -> 13 | P121: 4 | Q121: 3191.0204 | R121: 797.7551 | S121: =RANK(R121, R$112:R$141) -> 13 | U121: 4 | V121: 3161.6327 | W121: 790.40816 | X121: =RANK(W121, W$112:W$141) -> 12 | Z121: 4 | AA121: 3248.9362 | AB121: 812.23404 | AC121: =RANK(AB121, AB$112:AB$141) -> 15 | AE121: 4 | AF121: 3224.6512 | AG121: 806.16279 | AH121: =RANK(AG121, AG$112:AG$141) -> 16 | AJ121: 4 | AK121: 3186.9767 | AL121: 796.74419 | AM121: =RANK(AL121, AL$112:AL$141) -> 11 | AO121: 4 | AP121: 3248.4 | AQ121: 812.1 | AR121: =RANK(AQ121, AQ$112:AQ$141) -> 16 | AT121: 4 | AU121: 3192.9412 | AV121: 798.23529 | AW121: =RANK(AV121, AV$112:AV$141) -> 12 | AZ121: =RANK(AY121, AY$112:AY$141) -> #N/A
C122: 11 | D122: 碳烤燒肉飯飯糰(區) | E122: 4 | F122: 2800 | G122: 700 | I122: =IFERROR(AVERAGE(P122,U122,Z122,AE122,AJ122,AO122,AT122),"-") -> 4 | J122: =IFERROR(AVERAGE(Q122,V122,AA122,AF122,AK122,AP122,AU122),"-") -> 2845.8047 | K122: =IFERROR(AVERAGE(R122,W122,AB122,AG122,AL122,AQ122,AV122),"-") -> 711.45117 | M122: =RANK(K122, K$112:$K$141) -> 20 | P122: 4 | Q122: 2767.1186 | R122: 691.77966 | S122: =RANK(R122, R$112:R$141) -> 19 | U122: 4 | V122: 2799.3103 | W122: 699.82759 | X122: =RANK(W122, W$112:W$141) -> 19 | Z122: 4 | AA122: 2817.8947 | AB122: 704.47368 | AC122: =RANK(AB122, AB$112:AB$141) -> 21 | AE122: 4 | AF122: 2840.4 | AG122: 710.1 | AH122: =RANK(AG122, AG$112:AG$141) -> 21 | AJ122: 4 | AK122: 2790 | AL122: 697.5 | AM122: =RANK(AL122, AL$112:AL$141) -> 20 | AO122: 4 | AP122: 2835 | AQ122: 708.75 | AR122: =RANK(AQ122, AQ$112:AQ$141) -> 20 | AT122: 4 | AU122: 3070.9091 | AV122: 767.72727 | AW122: =RANK(AV122, AV$112:AV$141) -> 16 | AZ122: =RANK(AY122, AY$112:AY$141) -> #N/A
C123: 12 | D123: 鮭魚奶油醬油飯糰 | E123: 3 | F123: 2800 | G123: 933.33333 | I123: =IFERROR(AVERAGE(P123,U123,Z123,AE123,AJ123,AO123,AT123),"-") -> 3 | J123: =IFERROR(AVERAGE(Q123,V123,AA123,AF123,AK123,AP123,AU123),"-") -> 2801.2303 | K123: =IFERROR(AVERAGE(R123,W123,AB123,AG123,AL123,AQ123,AV123),"-") -> 933.74345 | M123: =RANK(K123, K$112:$K$141) -> 10 | P123: 3 | Q123: 2797.5 | R123: 932.5 | S123: =RANK(R123, R$112:R$141) -> 10 | U123: 3 | V123: 2718.1818 | W123: 906.06061 | X123: =RANK(W123, W$112:W$141) -> 8 | Z123: 3 | AA123: 2868 | AB123: 956 | AC123: =RANK(AB123, AB$112:AB$141) -> 10 | AE123: 3 | AF123: 2868.8889 | AG123: 956.2963 | AH123: =RANK(AG123, AG$112:AG$141) -> 9 | AJ123: 3 | AK123: 2766.6667 | AL123: 922.22222 | AM123: =RANK(AL123, AL$112:AL$141) -> 10 | AO123: 3 | AP123: 2810.625 | AQ123: 936.875 | AR123: =RANK(AQ123, AQ$112:AQ$141) -> 9 | AT123: 3 | AU123: 2778.75 | AV123: 926.25 | AW123: =RANK(AV123, AV$112:AV$141) -> 9 | AZ123: =RANK(AY123, AY$112:AY$141) -> #N/A
C124: 13 | D124: 煙燻培根飯糰(區) | E124: 4 | F124: 2800 | G124: 700 | I124: =IFERROR(AVERAGE(P124,U124,Z124,AE124,AJ124,AO124,AT124),"-") -> 4 | J124: =IFERROR(AVERAGE(Q124,V124,AA124,AF124,AK124,AP124,AU124),"-") -> 2689.8875 | K124: =IFERROR(AVERAGE(R124,W124,AB124,AG124,AL124,AQ124,AV124),"-") -> 672.47187 | M124: =RANK(K124, K$112:$K$141) -> 21 | P124: 4 | Q124: 2724.7059 | R124: 681.17647 | S124: =RANK(R124, R$112:R$141) -> 20 | U124: 4 | V124: 2655 | W124: 663.75 | X124: =RANK(W124, W$112:W$141) -> 20 | Z124: 4 | AA124: 2884.2857 | AB124: 721.07143 | AC124: =RANK(AB124, AB$112:AB$141) -> 20 | AE124: 4 | AF124: 2989.0909 | AG124: 747.27273 | AH124: =RANK(AG124, AG$112:AG$141) -> 19 | AJ124: 4 | AK124: 2787.2727 | AL124: 696.81818 | AM124: =RANK(AL124, AL$112:AL$141) -> 21 | AO124: 4 | AP124: 2892.8571 | AQ124: 723.21429 | AR124: =RANK(AQ124, AQ$112:AQ$141) -> 19 | AT124: 4 | AU124: 1896 | AV124: 474 | AW124: =RANK(AV124, AV$112:AV$141) -> 22 | AZ124: =RANK(AY124, AY$112:AY$141) -> #N/A
... C136: 25 | D136: 二配兩粒飯糰(鮪魚.焦糖鮭魚) | E136: 8 | F136: 1500 | G136: 187.5 | I136: =IFERROR(AVERAGE(P136,U136,Z136,AE136,AJ136,AO136,AT136),"-") -> 12 | J136: =IFERROR(AVERAGE(Q136,V136,AA136,AF136,AK136,AP136,AU136),"-") -> 1432.798 | K136: =IFERROR(AVERAGE(R136,W136,AB136,AG136,AL136,AQ136,AV136),"-") -> 119.39983 | M136: =RANK(K136, K$112:$K$141) -> 25 | P136: 12 | Q136: 1520.4 | R136: 126.7 | S136: =RANK(R136, R$112:R$141) -> 25 | U136: 12 | V136: 1413.9623 | W136: 117.83019 | X136: =RANK(W136, W$112:W$141) -> 25 | Z136: 12 | AA136: 1422 | AB136: 118.5 | AC136: =RANK(AB136, AB$112:AB$141) -> 25 | AE136: 12 | AF136: 1385 | AG136: 115.41667 | AH136: =RANK(AG136, AG$112:AG$141) -> 25 | AJ136: 12 | AK136: 1538.75 | AL136: 128.22917 | AM136: =RANK(AL136, AL$112:AL$141) -> 25 | AO136: 12 | AP136: 1349.4737 | AQ136: 112.45614 | AR136: =RANK(AQ136, AQ$112:AQ$141) -> 25 | AT136: 12 | AU136: 1400 | AV136: 116.66667 | AW136: =RANK(AV136, AV$112:AV$141) -> 25 | AZ136: =RANK(AY136, AY$112:AY$141) -> #N/A
C137: 26 | I137: =IFERROR(AVERAGE(P137,U137,Z137,AE137,AJ137,AO137,AT137),"-") -> - | J137: =IFERROR(AVERAGE(Q137,V137,AA137,AF137,AK137,AP137,AU137),"-") -> - | K137: =IFERROR(AVERAGE(R137,W137,AB137,AG137,AL137,AQ137,AV137),"-") -> - | M137: =RANK(K137, K$112:$K$141) -> #VALUE! | S137: =RANK(R137, R$112:R$141) -> #N/A | X137: =RANK(W137, W$112:W$141) -> #N/A | AC137: =RANK(AB137, AB$112:AB$141) -> #N/A | AH137: =RANK(AG137, AG$112:AG$141) -> #N/A | AM137: =RANK(AL137, AL$112:AL$141) -> #N/A | AR137: =RANK(AQ137, AQ$112:AQ$141) -> #N/A | AW137: =RANK(AV137, AV$112:AV$141) -> #N/A | AZ137: =RANK(AY137, AY$112:AY$141) -> #N/A
C138: 27 | I138: =IFERROR(AVERAGE(P138,U138,Z138,AE138,AJ138,AO138,AT138),"-") -> - | J138: =IFERROR(AVERAGE(Q138,V138,AA138,AF138,AK138,AP138,AU138),"-") -> - | K138: =IFERROR(AVERAGE(R138,W138,AB138,AG138,AL138,AQ138,AV138),"-") -> - | M138: =RANK(K138, K$112:$K$141) -> #VALUE! | S138: =RANK(R138, R$112:R$141) -> #N/A | X138: =RANK(W138, W$112:W$141) -> #N/A | AC138: =RANK(AB138, AB$112:AB$141) -> #N/A | AH138: =RANK(AG138, AG$112:AG$141) -> #N/A | AM138: =RANK(AL138, AL$112:AL$141) -> #N/A | AR138: =RANK(AQ138, AQ$112:AQ$141) -> #N/A | AW138: =RANK(AV138, AV$112:AV$141) -> #N/A | AZ138: =RANK(AY138, AY$112:AY$141) -> #N/A
C139: 28 | I139: =IFERROR(AVERAGE(P139,U139,Z139,AE139,AJ139,AO139,AT139),"-") -> - | J139: =IFERROR(AVERAGE(Q139,V139,AA139,AF139,AK139,AP139,AU139),"-") -> - | K139: =IFERROR(AVERAGE(R139,W139,AB139,AG139,AL139,AQ139,AV139),"-") -> - | M139: =RANK(K139, K$112:$K$141) -> #VALUE! | S139: =RANK(R139, R$112:R$141) -> #N/A | X139: =RANK(W139, W$112:W$141) -> #N/A | AC139: =RANK(AB139, AB$112:AB$141) -> #N/A | AH139: =RANK(AG139, AG$112:AG$141) -> #N/A | AM139: =RANK(AL139, AL$112:AL$141) -> #N/A | AR139: =RANK(AQ139, AQ$112:AQ$141) -> #N/A | AW139: =RANK(AV139, AV$112:AV$141) -> #N/A | AZ139: =RANK(AY139, AY$112:AY$141) -> #N/A
C140: 29 | I140: =IFERROR(AVERAGE(P140,U140,Z140,AE140,AJ140,AO140,AT140),"-") -> - | J140: =IFERROR(AVERAGE(Q140,V140,AA140,AF140,AK140,AP140,AU140),"-") -> - | K140: =IFERROR(AVERAGE(R140,W140,AB140,AG140,AL140,AQ140,AV140),"-") -> - | M140: =RANK(K140, K$112:$K$141) -> #VALUE! | S140: =RANK(R140, R$112:R$141) -> #N/A | X140: =RANK(W140, W$112:W$141) -> #N/A | AC140: =RANK(AB140, AB$112:AB$141) -> #N/A | AH140: =RANK(AG140, AG$112:AG$141) -> #N/A | AM140: =RANK(AL140, AL$112:AL$141) -> #N/A | AR140: =RANK(AQ140, AQ$112:AQ$141) -> #N/A | AW140: =RANK(AV140, AV$112:AV$141) -> #N/A | AZ140: =RANK(AY140, AY$112:AY$141) -> #N/A
C141: 30 | I141: =IFERROR(AVERAGE(P141,U141,Z141,AE141,AJ141,AO141,AT141),"-") -> - | J141: =IFERROR(AVERAGE(Q141,V141,AA141,AF141,AK141,AP141,AU141),"-") -> - | K141: =IFERROR(AVERAGE(R141,W141,AB141,AG141,AL141,AQ141,AV141),"-") -> - | M141: =RANK(K141, K$112:$K$141) -> #VALUE! | S141: =RANK(R141, R$112:R$141) -> #N/A | X141: =RANK(W141, W$112:W$141) -> #N/A | AC141: =RANK(AB141, AB$112:AB$141) -> #N/A | AH141: =RANK(AG141, AG$112:AG$141) -> #N/A | AM141: =RANK(AL141, AL$112:AL$141) -> #N/A | AR141: =RANK(AQ141, AQ$112:AQ$141) -> #N/A | AW141: =RANK(AV141, AV$112:AV$141) -> #N/A | AZ141: =RANK(AY141, AY$112:AY$141) -> #N/A
B142: 產線配置圖－每週更新 | N142: 資料繳交 | O142: 日期 | P142: =P107+7 -> 46231 | U142: =P142+1 -> 46232 | Z142: =U142+1 -> 46233 | AE142: =Z142+1 -> 46234
P143: 二 | U143: 三 | Z143: 四 | AE143: 五 | AJ143: 六 | AO143: 日 | AT143: 一
B144: 品群 | C144: 商品名稱 | E144: 計畫 | H144: 平均人時性 | I144: 實績 | L144: 平均人時性 | M144: 排名 | O144: 日報 | P144: 實際 | T144: 平均人時性 | U144: 實際 | Y144: 平均人時性 | Z144: 實際 | AD144: 平均人時性 | AE144: 實際 | AI144: 平均人時性 | AJ144: 實際 | AN144: 平均人時性 | AO144: 實際 | AS144: 平均人時性 | AT144: 實際 | AX144: 平均人時性
...

Sheet （５-2）品群別人時生產性（18-壽司手卷)
B1: 月平均人時性 | C1: =AVERAGE(L7,L27,L47,L87,L87,L107) -> 144.15973
B2: 產線配置圖－每週更新 | N2: 資料繳交 | O2: 日期 | U2: 46204 | Z2: =U2+1 -> 46205 | AE2: =Z2+1 -> 46206 | AJ2: =AE2+1 -> 46207 | AO2: =AJ2+1 -> 46208 | AT2: =AO2+1 -> 46209
P3: 二 | U3: 三 | Z3: 四 | AE3: 五 | AJ3: 六 | AO3: 日 | AT3: 一
B4: 品群 | C4: 商品名稱 | E4: 計畫 | H4: 平均人時性 | I4: 實績 | L4: 平均人時性 | M4: 排名 | O4: 日報 | P4: 實際 | T4: 平均人時性 | U4: 實際 | Y4: 平均人時性 | Z4: 實際 | AD4: 平均人時性 | AE4: 實際 | AI4: 平均人時性 | AJ4: 實際 | AN4: 平均人時性 | AO4: 實際 | AS4: 平均人時性 | AT4: 實際 | AX4: 平均人時性
E5: 產線配置圖 | I5: 產線配置圖 | P5: 生產實績 | U5: 生產實績 | Z5: 生產實績 | AE5: 生產實績 | AJ5: 生產實績 | AO5: 生產實績 | AT5: 生產實績
E6: 人數 | F6: 產能／時 | G6: 人時性 | I6: 人數 | J6: 產能／時 | K6: 人時性 | P6: 人數 | Q6: 產能／時 | R6: 人時性 | S6: 排名 | U6: 人數 | V6: 產能／時 | W6: 人時性 | X6: 排名 | Z6: 人數 | AA6: 產能／時 | AB6: 人時性 | AC6: 排名 | AE6: 人數 | AF6: 產能／時 | AG6: 人時性 | AH6: 排名 | AJ6: 人數 | AK6: 產能／時 | AL6: 人時性 | AM6: 排名 | AO6: 人數 | AP6: 產能／時 | AQ6: 人時性 | AR6: 排名 | AT6: 人數 | AU6: 產能／時 | AV6: 人時性 | AW6: 排名
B7: 18℃-壽司手卷 | C7: 1 | D7: 長野稻荷壽司 | E7: 10 | F7: 1500 | G7: 150 | H7: =AVERAGE(G7:G21) -> 130 | I7: =IFERROR(AVERAGE(P7,U7,Z7,AE7,AJ7,AO7,AT7),"-") -> 10 | J7: =IFERROR(AVERAGE(Q7,V7,AA7,AF7,AK7,AP7,AU7),"-") -> 1455.5714 | K7: =IFERROR(AVERAGE(R7,W7,AB7,AG7,AL7,AQ7,AV7),"-") -> 145.55714 | L7: =IFERROR(AVERAGE(K7:K21),"-") -> 144.16116 | M7: =RANK(K7, K$7:$K$21) -> 1 | U7: 10 | V7: 1417.7143 | W7: 141.77143 | X7: 3 | Y7: 148.1409 | Z7: 10 | AA7: 1552 | AB7: 155.2 | AC7: 1 | AD7: 135.35068 | AE7: 10 | AF7: 1506 | AG7: 150.6 | AH7: 1 | AI7: 140.26111 | AJ7: 10 | AK7: 1364 | AL7: 136.4 | AM7: 3 | AN7: 145.85556 | AO7: 10 | AP7: 1443.4286 | AQ7: 144.34286 | AR7: 3 | AS7: 148.16984 | AT7: 10 | AU7: 1450.2857 | AV7: 145.02857 | AW7: 3 | AX7: 147.18889 | AZ7: =RANK(AX7, $K$7:AX$21) -> #VALUE! | BB7: =RANK(BA7, BA$7:BA$21) -> #N/A
C8: 2 | D8: 鮭鮪海饌雙手卷 | E8: 15 | F8: 1800 | G8: 120 | I8: =IFERROR(AVERAGE(P8,U8,Z8,AE8,AJ8,AO8,AT8),"-") -> 12.333333 | J8: =IFERROR(AVERAGE(Q8,V8,AA8,AF8,AK8,AP8,AU8),"-") -> 1744.75 | K8: =IFERROR(AVERAGE(R8,W8,AB8,AG8,AL8,AQ8,AV8),"-") -> 141.92262 | M8: =RANK(K8, K$7:$K$21) -> 3 | U8: 12 | V8: 1779.2 | W8: 148.26667 | X8: 2 | Z8: 14 | AA8: 1750.5 | AB8: 125.03571 | AC8: 3 | AE8: 12 | AF8: 1511.2 | AG8: 125.93333 | AH8: 3 | AJ8: 12 | AK8: 1814 | AL8: 151.16667 | AM8: 1 | AO8: 12 | AP8: 1820 | AQ8: 151.66667 | AR8: 1 | AT8: 12 | AU8: 1793.6 | AV8: 149.46667 | AW8: 1 | AZ8: =RANK(AX8, $K$7:AX$21) -> #VALUE! | BB8: =RANK(BA8, BA$7:BA$21) -> #N/A
C9: 3 | D9: 經典人氣雙手卷 | E9: 15 | F9: 1800 | G9: 120 | I9: =IFERROR(AVERAGE(P9,U9,Z9,AE9,AJ9,AO9,AT9),"-") -> 12.333333 | J9: =IFERROR(AVERAGE(Q9,V9,AA9,AF9,AK9,AP9,AU9),"-") -> 1781.9835 | K9: =IFERROR(AVERAGE(R9,W9,AB9,AG9,AL9,AQ9,AV9),"-") -> 145.00373 | M9: =RANK(K9, K$7:$K$21) -> 2 | U9: 12 | V9: 1852.6154 | W9: 154.38462 | X9: 1 | Z9: 14 | AA9: 1761.4286 | AB9: 125.81633 | AC9: 2 | AE9: 12 | AF9: 1731 | AG9: 144.25 | AH9: 2 | AJ9: 12 | AK9: 1800 | AL9: 150 | AM9: 2 | AO9: 12 | AP9: 1782 | AQ9: 148.5 | AR9: 2 | AT9: 12 | AU9: 1764.8571 | AV9: 147.07143 | AW9: 2 | AZ9: =RANK(AX9, $K$7:AX$21) -> #VALUE! | BB9: =RANK(BA9, BA$7:BA$21) -> #N/A
C10: 4 | I10: =IFERROR(AVERAGE(P10,U10,Z10,AE10,AJ10,AO10,AT10),"-") -> - | J10: =IFERROR(AVERAGE(Q10,V10,AA10,AF10,AK10,AP10,AU10),"-") -> - | K10: =IFERROR(AVERAGE(R10,W10,AB10,AG10,AL10,AQ10,AV10),"-") -> - | M10: =RANK(K10, K$7:$K$21) -> #VALUE! | AZ10: =RANK(AX10, $K$7:AX$21) -> #VALUE! | BB10: =RANK(BA10, BA$7:BA$21) -> #N/A
C11: 5 | I11: =IFERROR(AVERAGE(P11,U11,Z11,AE11,AJ11,AO11,AT11),"-") -> - | J11: =IFERROR(AVERAGE(Q11,V11,AA11,AF11,AK11,AP11,AU11),"-") -> - | K11: =IFERROR(AVERAGE(R11,W11,AB11,AG11,AL11,AQ11,AV11),"-") -> - | M11: =RANK(K11, K$7:$K$21) -> #VALUE! | AZ11: =RANK(AX11, $K$7:AX$21) -> #VALUE! | BB11: =RANK(BA11, BA$7:BA$21) -> #N/A
C12: 6 | I12: =IFERROR(AVERAGE(P12,U12,Z12,AE12,AJ12,AO12,AT12),"-") -> - | J12: =IFERROR(AVERAGE(Q12,V12,AA12,AF12,AK12,AP12,AU12),"-") -> - | K12: =IFERROR(AVERAGE(R12,W12,AB12,AG12,AL12,AQ12,AV12),"-") -> - | M12: =RANK(K12, K$7:$K$21) -> #VALUE! | AZ12: =RANK(AX12, $K$7:AX$21) -> #VALUE! | BB12: =RANK(BA12, BA$7:BA$21) -> #N/A
C13: 7 | I13: =IFERROR(AVERAGE(P13,U13,Z13,AE13,AJ13,AO13,AT13),"-") -> - | J13: =IFERROR(AVERAGE(Q13,V13,AA13,AF13,AK13,AP13,AU13),"-") -> - | K13: =IFERROR(AVERAGE(R13,W13,AB13,AG13,AL13,AQ13,AV13),"-") -> - | M13: =RANK(K13, K$7:$K$21) -> #VALUE! | AZ13: =RANK(AX13, $K$7:AX$21) -> #VALUE! | BB13: =RANK(BA13, BA$7:BA$21) -> #N/A
C14: 8 | I14: =IFERROR(AVERAGE(P14,U14,Z14,AE14,AJ14,AO14,AT14),"-") -> - | J14: =IFERROR(AVERAGE(Q14,V14,AA14,AF14,AK14,AP14,AU14),"-") -> - | K14: =IFERROR(AVERAGE(R14,W14,AB14,AG14,AL14,AQ14,AV14),"-") -> - | M14: =RANK(K14, K$7:$K$21) -> #VALUE! | AZ14: =RANK(AX14, $K$7:AX$21) -> #VALUE! | BB14: =RANK(BA14, BA$7:BA$21) -> #N/A
C15: 9 | I15: =IFERROR(AVERAGE(P15,U15,Z15,AE15,AJ15,AO15,AT15),"-") -> - | J15: =IFERROR(AVERAGE(Q15,V15,AA15,AF15,AK15,AP15,AU15),"-") -> - | K15: =IFERROR(AVERAGE(R15,W15,AB15,AG15,AL15,AQ15,AV15),"-") -> - | M15: =RANK(K15, K$7:$K$21) -> #VALUE! | AZ15: =RANK(AX15, $K$7:AX$21) -> #VALUE! | BB15: =RANK(BA15, BA$7:BA$21) -> #N/A
C16: 10 | I16: =IFERROR(AVERAGE(P16,U16,Z16,AE16,AJ16,AO16,AT16),"-") -> - | J16: =IFERROR(AVERAGE(Q16,V16,AA16,AF16,AK16,AP16,AU16),"-") -> - | K16: =IFERROR(AVERAGE(R16,W16,AB16,AG16,AL16,AQ16,AV16),"-") -> - | M16: =RANK(K16, K$7:$K$21) -> #VALUE! | AZ16: =RANK(AX16, $K$7:AX$21) -> #VALUE! | BB16: =RANK(BA16, BA$7:BA$21) -> #N/A
C17: 11 | I17: =IFERROR(AVERAGE(P17,U17,Z17,AE17,AJ17,AO17,AT17),"-") -> - | J17: =IFERROR(AVERAGE(Q17,V17,AA17,AF17,AK17,AP17,AU17),"-") -> - | K17: =IFERROR(AVERAGE(R17,W17,AB17,AG17,AL17,AQ17,AV17),"-") -> - | M17: =RANK(K17, K$7:$K$21) -> #VALUE! | AZ17: =RANK(AX17, $K$7:AX$21) -> #VALUE! | BB17: =RANK(BA17, BA$7:BA$21) -> #N/A
C18: 12 | I18: =IFERROR(AVERAGE(P18,U18,Z18,AE18,AJ18,AO18,AT18),"-") -> - | J18: =IFERROR(AVERAGE(Q18,V18,AA18,AF18,AK18,AP18,AU18),"-") -> - | K18: =IFERROR(AVERAGE(R18,W18,AB18,AG18,AL18,AQ18,AV18),"-") -> - | M18: =RANK(K18, K$7:$K$21) -> #VALUE! | AZ18: =RANK(AX18, $K$7:AX$21) -> #VALUE! | BB18: =RANK(BA18, BA$7:BA$21) -> #N/A
C19: 13 | I19: =IFERROR(AVERAGE(P19,U19,Z19,AE19,AJ19,AO19,AT19),"-") -> - | J19: =IFERROR(AVERAGE(Q19,V19,AA19,AF19,AK19,AP19,AU19),"-") -> - | K19: =IFERROR(AVERAGE(R19,W19,AB19,AG19,AL19,AQ19,AV19),"-") -> - | M19: =RANK(K19, K$7:$K$21) -> #VALUE! | AZ19: =RANK(AX19, $K$7:AX$21) -> #VALUE! | BB19: =RANK(BA19, BA$7:BA$21) -> #N/A
C20: 14 | I20: =IFERROR(AVERAGE(P20,U20,Z20,AE20,AJ20,AO20,AT20),"-") -> - | J20: =IFERROR(AVERAGE(Q20,V20,AA20,AF20,AK20,AP20,AU20),"-") -> - | K20: =IFERROR(AVERAGE(R20,W20,AB20,AG20,AL20,AQ20,AV20),"-") -> - | M20: =RANK(K20, K$7:$K$21) -> #VALUE! | AZ20: =RANK(AX20, $K$7:AX$21) -> #VALUE! | BB20: =RANK(BA20, BA$7:BA$21) -> #N/A
C21: 15 | I21: =IFERROR(AVERAGE(P21,U21,Z21,AE21,AJ21,AO21,AT21),"-") -> - | J21: =IFERROR(AVERAGE(Q21,V21,AA21,AF21,AK21,AP21,AU21),"-") -> - | K21: =IFERROR(AVERAGE(R21,W21,AB21,AG21,AL21,AQ21,AV21),"-") -> - | M21: =RANK(K21, K$7:$K$21) -> #VALUE! | AZ21: =RANK(AX21, $K$7:AX$21) -> #VALUE! | BB21: =RANK(BA21, BA$7:BA$21) -> #N/A
B22: 產線配置圖－每週更新 | N22: 資料繳交 | O22: 日期 | P22: =AT2+1 -> 46210 | U22: =P22+1 -> 46211 | Z22: =U22+1 -> 46212 | AE22: =Z22+1 -> 46213 | AJ22: =AE22+1 -> 46214 | AO22: =AJ22+1 -> 46215 | AT22: =AO22+1 -> 46216
P23: 二 | U23: 三 | Z23: 四 | AE23: 五 | AJ23: 六 | AO23: 日 | AT23: 一
B24: 品群 | C24: 商品名稱 | E24: 計畫 | H24: 平均人時性 | I24: 實績 | L24: 平均人時性 | M24: 排名 | O24: 日報 | P24: 實際 | T24: 平均人時性 | U24: 實際 | Y24: 平均人時性 | Z24: 實際 | AD24: 平均人時性 | AE24: 實際 | AI24: 平均人時性 | AJ24: 實際 | AN24: 平均人時性 | AO24: 實際 | AS24: 平均人時性 | AT24: 實際 | AX24: 平均人時性
E25: 產線配置圖 | I25: 產線配置圖 | P25: 生產實績 | U25: 生產實績 | Z25: 生產實績 | AE25: 生產實績 | AJ25: 生產實績 | AO25: 生產實績 | AT25: 生產實績
E26: 人數 | F26: 產能／時 | G26: 人時性 | I26: 人數 | J26: 產能／時 | K26: 人時性 | P26: 人數 | Q26: 產能／時 | R26: 人時性 | S26: 排名 | U26: 人數 | V26: 產能／時 | W26: 人時性 | X26: 排名 | Z26: 人數 | AA26: 產能／時 | AB26: 人時性 | AC26: 排名 | AE26: 人數 | AF26: 產能／時 | AG26: 人時性 | AH26: 排名 | AJ26: 人數 | AK26: 產能／時 | AL26: 人時性 | AM26: 排名 | AO26: 人數 | AP26: 產能／時 | AQ26: 人時性 | AR26: 排名 | AT26: 人數 | AU26: 產能／時 | AV26: 人時性 | AW26: 排名
B27: 18℃-壽司手卷 | C27: 1 | D27: 長野稻荷壽司 | E27: 10 | F27: 1500 | G27: 150 | H27: =AVERAGE(G27:G41) -> 130 | I27: =IFERROR(AVERAGE(P27,U27,Z27,AE27,AJ27,AO27,AT27),"-") -> 10 | J27: =IFERROR(AVERAGE(Q27,V27,AA27,AF27,AK27,AP27,AU27),"-") -> 1517.5755 | K27: =IFERROR(AVERAGE(R27,W27,AB27,AG27,AL27,AQ27,AV27),"-") -> 151.75755 | L27: =IFERROR(AVERAGE(K27:K41),"-") -> 149.18292 | M27: =RANK(K27, K$27:$K$41) -> 1 | P27: 10 | Q27: 1549.7143 | R27: 154.97143 | S27: =RANK(R27, R$27:R$41) -> 2 | T27: =AVERAGE(R27:R41) -> 154.07253 | U27: 10 | V27: 1491.4286 | W27: 149.14286 | X27: =RANK(W27, W$27:W$41) -> 3 | Y27: =AVERAGE(W27:W41) -> 152.75531 | Z27: 10 | AA27: 1486.2857 | AB27: 148.62857 | AC27: =RANK(AB27, AB$27:AB$41) -> 1 | AD27: =AVERAGE(AB27:AB41) -> 132.65714 | AE27: 10 | AF27: 1490 | AG27: 149 | AH27: =RANK(AG27, AG$27:AG$41) -> 3 | AI27: =AVERAGE(AG27:AG41) -> 150.53788 | AJ27: 10 | AK27: 1605.6 | AL27: 160.56 | AM27: =RANK(AL27, AL$27:AL$41) -> 1 | AN27: =AVERAGE(AL27:AL41) -> 153.70889 | AO27: 10 | AP27: 1539.4286 | AQ27: 153.94286 | AR27: =RANK(AQ27, AQ$27:AQ$41) -> 2 | AS27: =AVERAGE(AQ27:AQ41) -> 153.2254 | AT27: 10 | AU27: 1460.5714 | AV27: 146.05714 | AW27: =RANK(AV27, AV$27:AV$41) -> 2 | AX27: =AVERAGE(AV27:AV41) -> 147.32332 | AZ27: =RANK(AY27, AY$27:AY$41) -> #N/A | BA27: =AVERAGE(AY27:AY41) -> #DIV/0!
C28: 2 | D28: 鮭鮪海饌雙手卷 | E28: 15 | F28: 1800 | G28: 120 | I28: =IFERROR(AVERAGE(P28,U28,Z28,AE28,AJ28,AO28,AT28),"-") -> 12.285714 | J28: =IFERROR(AVERAGE(Q28,V28,AA28,AF28,AK28,AP28,AU28),"-") -> 1765.2286 | K28: =IFERROR(AVERAGE(R28,W28,AB28,AG28,AL28,AQ28,AV28),"-") -> 144.13503 | M28: =RANK(K28, K$27:$K$41) -> 3 | P28: 12 | Q28: 1780.8 | R28: 148.4 | S28: =RANK(R28, R$27:R$41) -> 3 | U28: 12 | V28: 1790.4 | W28: 149.2 | X28: =RANK(W28, W$27:W$41) -> 2 | Z28: 14 | AA28: 1744.8 | AB28: 124.62857 | AC28: =RANK(AB28, AB$27:AB$41) -> 3 | AE28: 12 | AF28: 1815 | AG28: 151.25 | AH28: =RANK(AG28, AG$27:AG$41) -> 2 | AJ28: 12 | AK28: 1736 | AL28: 144.66667 | AM28: =RANK(AL28, AL$27:AL$41) -> 3 | AO28: 12 | AP28: 1760.8 | AQ28: 146.73333 | AR28: =RANK(AQ28, AQ$27:AQ$41) -> 3 | AT28: 12 | AU28: 1728.8 | AV28: 144.06667 | AW28: =RANK(AV28, AV$27:AV$41) -> 3 | AZ28: =RANK(AY28, AY$27:AY$41) -> #N/A
C29: 3 | D29: 經典人氣雙手卷 | E29: 15 | F29: 1800 | G29: 120 | I29: =IFERROR(AVERAGE(P29,U29,Z29,AE29,AJ29,AO29,AT29),"-") -> 12.285714 | J29: =IFERROR(AVERAGE(Q29,V29,AA29,AF29,AK29,AP29,AU29),"-") -> 1855.5069 | K29: =IFERROR(AVERAGE(R29,W29,AB29,AG29,AL29,AQ29,AV29),"-") -> 151.65619 | M29: =RANK(K29, K$27:$K$41) -> 2 | P29: 12 | Q29: 1906.1538 | R29: 158.84615 | S29: =RANK(R29, R$27:R$41) -> 1 | U29: 12 | V29: 1919.0769 | W29: 159.92308 | X29: =RANK(W29, W$27:W$41) -> 1 | Z29: 14 | AA29: 1746 | AB29: 124.71429 | AC29: =RANK(AB29, AB$27:AB$41) -> 2 | AE29: 12 | AF29: 1816.3636 | AG29: 151.36364 | AH29: =RANK(AG29, AG$27:AG$41) -> 1 | AJ29: 12 | AK29: 1870.8 | AL29: 155.9 | AM29: =RANK(AL29, AL$27:AL$41) -> 2 | AO29: 12 | AP29: 1908 | AQ29: 159 | AR29: =RANK(AQ29, AQ$27:AQ$41) -> 1 | AT29: 12 | AU29: 1822.1538 | AV29: 151.84615 | AW29: =RANK(AV29, AV$27:AV$41) -> 1 | AZ29: =RANK(AY29, AY$27:AY$41) -> #N/A
C30: 4 | I30: =IFERROR(AVERAGE(P30,U30,Z30,AE30,AJ30,AO30,AT30),"-") -> - | J30: =IFERROR(AVERAGE(Q30,V30,AA30,AF30,AK30,AP30,AU30),"-") -> - | K30: =IFERROR(AVERAGE(R30,W30,AB30,AG30,AL30,AQ30,AV30),"-") -> - | M30: =RANK(K30, K$27:$K$41) -> #VALUE! | S30: =RANK(R30, R$27:R$41) -> #VALUE! | X30: =RANK(W30, W$27:W$41) -> #VALUE! | AC30: =RANK(AB30, AB$27:AB$41) -> #VALUE! | AH30: =RANK(AG30, AG$27:AG$41) -> #VALUE! | AM30: =RANK(AL30, AL$27:AL$41) -> #VALUE! | AR30: =RANK(AQ30, AQ$27:AQ$41) -> #VALUE! | AW30: =RANK(AV30, AV$27:AV$41) -> #VALUE! | AZ30: =RANK(AY30, AY$27:AY$41) -> #N/A
C31: 5 | I31: =IFERROR(AVERAGE(P31,U31,Z31,AE31,AJ31,AO31,AT31),"-") -> - | J31: =IFERROR(AVERAGE(Q31,V31,AA31,AF31,AK31,AP31,AU31),"-") -> - | K31: =IFERROR(AVERAGE(R31,W31,AB31,AG31,AL31,AQ31,AV31),"-") -> - | M31: =RANK(K31, K$27:$K$41) -> #VALUE! | S31: =RANK(R31, R$27:R$41) -> #VALUE! | X31: =RANK(W31, W$27:W$41) -> #VALUE! | AC31: =RANK(AB31, AB$27:AB$41) -> #VALUE! | AH31: =RANK(AG31, AG$27:AG$41) -> #VALUE! | AM31: =RANK(AL31, AL$27:AL$41) -> #VALUE! | AR31: =RANK(AQ31, AQ$27:AQ$41) -> #VALUE! | AW31: =RANK(AV31, AV$27:AV$41) -> #VALUE! | AZ31: =RANK(AY31, AY$27:AY$41) -> #N/A
C32: 6 | I32: =IFERROR(AVERAGE(P32,U32,Z32,AE32,AJ32,AO32,AT32),"-") -> - | J32: =IFERROR(AVERAGE(Q32,V32,AA32,AF32,AK32,AP32,AU32),"-") -> - | K32: =IFERROR(AVERAGE(R32,W32,AB32,AG32,AL32,AQ32,AV32),"-") -> - | M32: =RANK(K32, K$27:$K$41) -> #VALUE! | S32: =RANK(R32, R$27:R$41) -> #VALUE! | X32: =RANK(W32, W$27:W$41) -> #VALUE! | AC32: =RANK(AB32, AB$27:AB$41) -> #VALUE! | AH32: =RANK(AG32, AG$27:AG$41) -> #VALUE! | AM32: =RANK(AL32, AL$27:AL$41) -> #VALUE! | AR32: =RANK(AQ32, AQ$27:AQ$41) -> #VALUE! | AW32: =RANK(AV32, AV$27:AV$41) -> #VALUE! | AZ32: =RANK(AY32, AY$27:AY$41) -> #N/A
C33: 7 | I33: =IFERROR(AVERAGE(P33,U33,Z33,AE33,AJ33,AO33,AT33),"-") -> - | J33: =IFERROR(AVERAGE(Q33,V33,AA33,AF33,AK33,AP33,AU33),"-") -> - | K33: =IFERROR(AVERAGE(R33,W33,AB33,AG33,AL33,AQ33,AV33),"-") -> - | M33: =RANK(K33, K$27:$K$41) -> #VALUE! | S33: =RANK(R33, R$27:R$41) -> #VALUE! | X33: =RANK(W33, W$27:W$41) -> #VALUE! | AC33: =RANK(AB33, AB$27:AB$41) -> #VALUE! | AH33: =RANK(AG33, AG$27:AG$41) -> #VALUE! | AM33: =RANK(AL33, AL$27:AL$41) -> #VALUE! | AR33: =RANK(AQ33, AQ$27:AQ$41) -> #VALUE! | AW33: =RANK(AV33, AV$27:AV$41) -> #VALUE! | AZ33: =RANK(AY33, AY$27:AY$41) -> #N/A
C34: 8 | I34: =IFERROR(AVERAGE(P34,U34,Z34,AE34,AJ34,AO34,AT34),"-") -> - | J34: =IFERROR(AVERAGE(Q34,V34,AA34,AF34,AK34,AP34,AU34),"-") -> - | K34: =IFERROR(AVERAGE(R34,W34,AB34,AG34,AL34,AQ34,AV34),"-") -> - | M34: =RANK(K34, K$27:$K$41) -> #VALUE! | S34: =RANK(R34, R$27:R$41) -> #VALUE! | X34: =RANK(W34, W$27:W$41) -> #VALUE! | AC34: =RANK(AB34, AB$27:AB$41) -> #VALUE! | AH34: =RANK(AG34, AG$27:AG$41) -> #VALUE! | AM34: =RANK(AL34, AL$27:AL$41) -> #VALUE! | AR34: =RANK(AQ34, AQ$27:AQ$41) -> #VALUE! | AW34: =RANK(AV34, AV$27:AV$41) -> #VALUE! | AZ34: =RANK(AY34, AY$27:AY$41) -> #N/A
C35: 9 | I35: =IFERROR(AVERAGE(P35,U35,Z35,AE35,AJ35,AO35,AT35),"-") -> - | J35: =IFERROR(AVERAGE(Q35,V35,AA35,AF35,AK35,AP35,AU35),"-") -> - | K35: =IFERROR(AVERAGE(R35,W35,AB35,AG35,AL35,AQ35,AV35),"-") -> - | M35: =RANK(K35, K$27:$K$41) -> #VALUE! | S35: =RANK(R35, R$27:R$41) -> #VALUE! | X35: =RANK(W35, W$27:W$41) -> #VALUE! | AC35: =RANK(AB35, AB$27:AB$41) -> #VALUE! | AH35: =RANK(AG35, AG$27:AG$41) -> #VALUE! | AM35: =RANK(AL35, AL$27:AL$41) -> #VALUE! | AR35: =RANK(AQ35, AQ$27:AQ$41) -> #VALUE! | AW35: =RANK(AV35, AV$27:AV$41) -> #VALUE! | AZ35: =RANK(AY35, AY$27:AY$41) -> #N/A
C36: 10 | I36: =IFERROR(AVERAGE(P36,U36,Z36,AE36,AJ36,AO36,AT36),"-") -> - | J36: =IFERROR(AVERAGE(Q36,V36,AA36,AF36,AK36,AP36,AU36),"-") -> - | K36: =IFERROR(AVERAGE(R36,W36,AB36,AG36,AL36,AQ36,AV36),"-") -> - | M36: =RANK(K36, K$27:$K$41) -> #VALUE! | S36: =RANK(R36, R$27:R$41) -> #VALUE! | X36: =RANK(W36, W$27:W$41) -> #VALUE! | AC36: =RANK(AB36, AB$27:AB$41) -> #VALUE! | AH36: =RANK(AG36, AG$27:AG$41) -> #VALUE! | AM36: =RANK(AL36, AL$27:AL$41) -> #VALUE! | AR36: =RANK(AQ36, AQ$27:AQ$41) -> #VALUE! | AW36: =RANK(AV36, AV$27:AV$41) -> #VALUE! | AZ36: =RANK(AY36, AY$27:AY$41) -> #N/A
C37: 11 | I37: =IFERROR(AVERAGE(P37,U37,Z37,AE37,AJ37,AO37,AT37),"-") -> - | J37: =IFERROR(AVERAGE(Q37,V37,AA37,AF37,AK37,AP37,AU37),"-") -> - | K37: =IFERROR(AVERAGE(R37,W37,AB37,AG37,AL37,AQ37,AV37),"-") -> - | M37: =RANK(K37, K$27:$K$41) -> #VALUE! | S37: =RANK(R37, R$27:R$41) -> #VALUE! | X37: =RANK(W37, W$27:W$41) -> #VALUE! | AC37: =RANK(AB37, AB$27:AB$41) -> #VALUE! | AH37: =RANK(AG37, AG$27:AG$41) -> #VALUE! | AM37: =RANK(AL37, AL$27:AL$41) -> #VALUE! | AR37: =RANK(AQ37, AQ$27:AQ$41) -> #VALUE! | AW37: =RANK(AV37, AV$27:AV$41) -> #VALUE! | AZ37: =RANK(AY37, AY$27:AY$41) -> #N/A
C38: 12 | I38: =IFERROR(AVERAGE(P38,U38,Z38,AE38,AJ38,AO38,AT38),"-") -> - | J38: =IFERROR(AVERAGE(Q38,V38,AA38,AF38,AK38,AP38,AU38),"-") -> - | K38: =IFERROR(AVERAGE(R38,W38,AB38,AG38,AL38,AQ38,AV38),"-") -> - | M38: =RANK(K38, K$27:$K$41) -> #VALUE! | S38: =RANK(R38, R$27:R$41) -> #VALUE! | X38: =RANK(W38, W$27:W$41) -> #VALUE! | AC38: =RANK(AB38, AB$27:AB$41) -> #VALUE! | AH38: =RANK(AG38, AG$27:AG$41) -> #VALUE! | AM38: =RANK(AL38, AL$27:AL$41) -> #VALUE! | AR38: =RANK(AQ38, AQ$27:AQ$41) -> #VALUE! | AW38: =RANK(AV38, AV$27:AV$41) -> #VALUE! | AZ38: =RANK(AY38, AY$27:AY$41) -> #N/A
C39: 13 | I39: =IFERROR(AVERAGE(P39,U39,Z39,AE39,AJ39,AO39,AT39),"-") -> - | J39: =IFERROR(AVERAGE(Q39,V39,AA39,AF39,AK39,AP39,AU39),"-") -> - | K39: =IFERROR(AVERAGE(R39,W39,AB39,AG39,AL39,AQ39,AV39),"-") -> - | M39: =RANK(K39, K$27:$K$41) -> #VALUE! | S39: =RANK(R39, R$27:R$41) -> #VALUE! | X39: =RANK(W39, W$27:W$41) -> #VALUE! | AC39: =RANK(AB39, AB$27:AB$41) -> #VALUE! | AH39: =RANK(AG39, AG$27:AG$41) -> #VALUE! | AM39: =RANK(AL39, AL$27:AL$41) -> #VALUE! | AR39: =RANK(AQ39, AQ$27:AQ$41) -> #VALUE! | AW39: =RANK(AV39, AV$27:AV$41) -> #VALUE! | AZ39: =RANK(AY39, AY$27:AY$41) -> #N/A
C40: 14 | I40: =IFERROR(AVERAGE(P40,U40,Z40,AE40,AJ40,AO40,AT40),"-") -> - | J40: =IFERROR(AVERAGE(Q40,V40,AA40,AF40,AK40,AP40,AU40),"-") -> - | K40: =IFERROR(AVERAGE(R40,W40,AB40,AG40,AL40,AQ40,AV40),"-") -> - | M40: =RANK(K40, K$27:$K$41) -> #VALUE! | S40: =RANK(R40, R$27:R$41) -> #VALUE! | X40: =RANK(W40, W$27:W$41) -> #VALUE! | AC40: =RANK(AB40, AB$27:AB$41) -> #VALUE! | AH40: =RANK(AG40, AG$27:AG$41) -> #VALUE! | AM40: =RANK(AL40, AL$27:AL$41) -> #VALUE! | AR40: =RANK(AQ40, AQ$27:AQ$41) -> #VALUE! | AW40: =RANK(AV40, AV$27:AV$41) -> #VALUE! | AZ40: =RANK(AY40, AY$27:AY$41) -> #N/A
C41: 15 | I41: =IFERROR(AVERAGE(P41,U41,Z41,AE41,AJ41,AO41,AT41),"-") -> - | J41: =IFERROR(AVERAGE(Q41,V41,AA41,AF41,AK41,AP41,AU41),"-") -> - | K41: =IFERROR(AVERAGE(R41,W41,AB41,AG41,AL41,AQ41,AV41),"-") -> - | M41: =RANK(K41, K$27:$K$41) -> #VALUE! | S41: =RANK(R41, R$27:R$41) -> #VALUE! | X41: =RANK(W41, W$27:W$41) -> #VALUE! | AC41: =RANK(AB41, AB$27:AB$41) -> #VALUE! | AH41: =RANK(AG41, AG$27:AG$41) -> #VALUE! | AM41: =RANK(AL41, AL$27:AL$41) -> #VALUE! | AR41: =RANK(AQ41, AQ$27:AQ$41) -> #VALUE! | AW41: =RANK(AV41, AV$27:AV$41) -> #VALUE! | AZ41: =RANK(AY41, AY$27:AY$41) -> #N/A
B42: 產線配置圖－每週更新 | N42: 資料繳交 | O42: 日期 | P42: =P22+7 -> 46217 | U42: =P42+1 -> 46218 | Z42: =U42+1 -> 46219 | AE42: =Z42+1 -> 46220 | AJ42: =AE42+1 -> 46221 | AO42: =AJ42+1 -> 46222 | AT42: =AO42+1 -> 46223
P43: 二 | U43: 三 | Z43: 四 | AE43: 五 | AJ43: 六 | AO43: 日 | AT43: 一
B44: 品群 | C44: 商品名稱 | E44: 計畫 | H44: 平均人時性 | I44: 實績 | L44: 平均人時性 | M44: 排名 | O44: 日報 | P44: 實際 | T44: 平均人時性 | U44: 實際 | Y44: 平均人時性 | Z44: 實際 | AD44: 平均人時性 | AE44: 實際 | AI44: 平均人時性 | AJ44: 實際 | AN44: 平均人時性 | AO44: 實際 | AS44: 平均人時性 | AT44: 實際 | AX44: 平均人時性
E45: 產線配置圖 | I45: 產線配置圖 | P45: 生產實績 | U45: 生產實績 | Z45: 生產實績 | AE45: 生產實績 | AJ45: 生產實績 | AO45: 生產實績 | AT45: 生產實績
E46: 人數 | F46: 產能／時 | G46: 人時性 | I46: 人數 | J46: 產能／時 | K46: 人時性 | P46: 人數 | Q46: 產能／時 | R46: 人時性 | S46: 排名 | U46: 人數 | V46: 產能／時 | W46: 人時性 | X46: 排名 | Z46: 人數 | AA46: 產能／時 | AB46: 人時性 | AC46: 排名 | AE46: 人數 | AF46: 產能／時 | AG46: 人時性 | AH46: 排名 | AJ46: 人數 | AK46: 產能／時 | AL46: 人時性 | AM46: 排名 | AO46: 人數 | AP46: 產能／時 | AQ46: 人時性 | AR46: 排名 | AT46: 人數 | AU46: 產能／時 | AV46: 人時性 | AW46: 排名
B47: 18℃-壽司手卷 | C47: 1 | D47: 長野稻荷壽司 | E47: 10 | F47: 1500 | G47: 150 | H47: =AVERAGE(G47:G61) -> 130 | I47: =IFERROR(AVERAGE(P47,U47,Z47,AE47,AJ47,AO47,AT47),"-") -> 10 | J47: =IFERROR(AVERAGE(Q47,V47,AA47,AF47,AK47,AP47,AU47),"-") -> 1465.3469 | K47: =IFERROR(AVERAGE(R47,W47,AB47,AG47,AL47,AQ47,AV47),"-") -> 146.53469 | L47: =IFERROR(AVERAGE(K47:K61),"-") -> 148.14827 | M47: =RANK(K47, K$47:$K$61) -> 3 | P47: 10 | Q47: 1405.7143 | R47: 140.57143 | S47: 3 | T47: 147.48718 | U47: 10 | V47: 1626 | W47: 162.6 | X47: 1 | Y47: 156.91825 | Z47: 10 | AA47: 1357.7143 | AB47: 135.77143 | AC47: 3 | AD47: 136.59949 | AE47: 10 | AF47: 1442 | AG47: 144.2 | AH47: 3 | AI47: 147.57929 | AJ47: 10 | AK47: 1356 | AL47: 135.6 | AM47: 3 | AN47: 147.90606 | AO47: 10 | AP47: 1428 | AQ47: 142.8 | AR47: 3 | AS47: 146.52308 | AT47: 10 | AU47: 1642 | AV47: 164.2 | AW47: 1 | AX47: 154.02454 | AZ47: =RANK(AY47, AY$47:AY$61) -> #N/A | BA47: =AVERAGE(AY47:AY61) -> #DIV/0!
C48: 2 | D48: 鮭鮪海饌雙手卷 | E48: 15 | F48: 1800 | G48: 120 | I48: =IFERROR(AVERAGE(P48,U48,Z48,AE48,AJ48,AO48,AT48),"-") -> 12.142857 | J48: =IFERROR(AVERAGE(Q48,V48,AA48,AF48,AK48,AP48,AU48),"-") -> 1803.9944 | K48: =IFERROR(AVERAGE(R48,W48,AB48,AG48,AL48,AQ48,AV48),"-") -> 148.70885 | M48: =RANK(K48, K$47:$K$61) -> 2 | P48: 12 | Q48: 1829.1429 | R48: 152.42857 | S48: 1 | U48: 12 | V48: 1794.8571 | W48: 149.57143 | X48: 3 | Z48: 13 | AA48: 1773.4286 | AB48: 136.41758 | AC48: 2 | AE48: 12 | AF48: 1801 | AG48: 150.08333 | AH48: 1 | AJ48: 12 | AK48: 1833.8182 | AL48: 152.81818 | AM48: 2 | AO48: 12 | AP48: 1800 | AQ48: 150 | AR48: 1 | AT48: 12 | AU48: 1795.7143 | AV48: 149.64286 | AW48: 2 | AZ48: =RANK(AY48, AY$47:AY$61) -> #N/A
C49: 3 | D49: 經典人氣雙手卷 | E49: 15 | F49: 1800 | G49: 120 | I49: =IFERROR(AVERAGE(P49,U49,Z49,AE49,AJ49,AO49,AT49),"-") -> 12.142857 | J49: =IFERROR(AVERAGE(Q49,V49,AA49,AF49,AK49,AP49,AU49),"-") -> 1810.0737 | K49: =IFERROR(AVERAGE(R49,W49,AB49,AG49,AL49,AQ49,AV49),"-") -> 149.20127 | M49: =RANK(K49, K$47:$K$61) -> 1 | P49: 12 | Q49: 1793.5385 | R49: 149.46154 | S49: 2 | U49: 12 | V49: 1903 | W49: 158.58333 | X49: 2 | Z49: 13 | AA49: 1788.9231 | AB49: 137.60947 | AC49: 1 | AE49: 12 | AF49: 1781.4545 | AG49: 148.45455 | AH49: 2 | AJ49: 12 | AK49: 1863.6 | AL49: 155.3 | AM49: 1 | AO49: 12 | AP49: 1761.2308 | AQ49: 146.76923 | AR49: 2 | AT49: 12 | AU49: 1778.7692 | AV49: 148.23077 | AW49: 3 | AZ49: =RANK(AY49, AY$47:AY$61) -> #N/A
C50: 4 | I50: =IFERROR(AVERAGE(P50,U50,Z50,AE50,AJ50,AO50,AT50),"-") -> - | J50: =IFERROR(AVERAGE(Q50,V50,AA50,AF50,AK50,AP50,AU50),"-") -> - | K50: =IFERROR(AVERAGE(R50,W50,AB50,AG50,AL50,AQ50,AV50),"-") -> - | M50: =RANK(K50, K$47:$K$61) -> #VALUE! | S50: #VALUE! | X50: #VALUE! | AC50: #VALUE! | AH50: #VALUE! | AM50: #VALUE! | AR50: #VALUE! | AW50: #VALUE! | AZ50: =RANK(AY50, AY$47:AY$61) -> #N/A
C51: 5 | I51: =IFERROR(AVERAGE(P51,U51,Z51,AE51,AJ51,AO51,AT51),"-") -> - | J51: =IFERROR(AVERAGE(Q51,V51,AA51,AF51,AK51,AP51,AU51),"-") -> - | K51: =IFERROR(AVERAGE(R51,W51,AB51,AG51,AL51,AQ51,AV51),"-") -> - | M51: =RANK(K51, K$47:$K$61) -> #VALUE! | S51: #VALUE! | X51: #VALUE! | AC51: #VALUE! | AH51: #VALUE! | AM51: #VALUE! | AR51: #VALUE! | AW51: #VALUE! | AZ51: =RANK(AY51, AY$47:AY$61) -> #N/A
C52: 6 | I52: =IFERROR(AVERAGE(P52,U52,Z52,AE52,AJ52,AO52,AT52),"-") -> - | J52: =IFERROR(AVERAGE(Q52,V52,AA52,AF52,AK52,AP52,AU52),"-") -> - | K52: =IFERROR(AVERAGE(R52,W52,AB52,AG52,AL52,AQ52,AV52),"-") -> - | M52: =RANK(K52, K$47:$K$61) -> #VALUE! | S52: #VALUE! | X52: #VALUE! | AC52: #VALUE! | AH52: #VALUE! | AM52: #VALUE! | AR52: #VALUE! | AW52: #VALUE! | AZ52: =RANK(AY52, AY$47:AY$61) -> #N/A
C53: 7 | I53: =IFERROR(AVERAGE(P53,U53,Z53,AE53,AJ53,AO53,AT53),"-") -> - | J53: =IFERROR(AVERAGE(Q53,V53,AA53,AF53,AK53,AP53,AU53),"-") -> - | K53: =IFERROR(AVERAGE(R53,W53,AB53,AG53,AL53,AQ53,AV53),"-") -> - | M53: =RANK(K53, K$47:$K$61) -> #VALUE! | S53: #VALUE! | X53: #VALUE! | AC53: #VALUE! | AH53: #VALUE! | AM53: #VALUE! | AR53: #VALUE! | AW53: #VALUE! | AZ53: =RANK(AY53, AY$47:AY$61) -> #N/A
C54: 8 | I54: =IFERROR(AVERAGE(P54,U54,Z54,AE54,AJ54,AO54,AT54),"-") -> - | J54: =IFERROR(AVERAGE(Q54,V54,AA54,AF54,AK54,AP54,AU54),"-") -> - | K54: =IFERROR(AVERAGE(R54,W54,AB54,AG54,AL54,AQ54,AV54),"-") -> - | M54: =RANK(K54, K$47:$K$61) -> #VALUE!
C55: 9 | I55: =IFERROR(AVERAGE(P55,U55,Z55,AE55,AJ55,AO55,AT55),"-") -> - | J55: =IFERROR(AVERAGE(Q55,V55,AA55,AF55,AK55,AP55,AU55),"-") -> - | K55: =IFERROR(AVERAGE(R55,W55,AB55,AG55,AL55,AQ55,AV55),"-") -> - | M55: =RANK(K55, K$47:$K$61) -> #VALUE!
C56: 10 | I56: =IFERROR(AVERAGE(P56,U56,Z56,AE56,AJ56,AO56,AT56),"-") -> - | J56: =IFERROR(AVERAGE(Q56,V56,AA56,AF56,AK56,AP56,AU56),"-") -> - | K56: =IFERROR(AVERAGE(R56,W56,AB56,AG56,AL56,AQ56,AV56),"-") -> - | M56: =RANK(K56, K$47:$K$61) -> #VALUE!
C57: 11 | I57: =IFERROR(AVERAGE(P57,U57,Z57,AE57,AJ57,AO57,AT57),"-") -> - | J57: =IFERROR(AVERAGE(Q57,V57,AA57,AF57,AK57,AP57,AU57),"-") -> - | K57: =IFERROR(AVERAGE(R57,W57,AB57,AG57,AL57,AQ57,AV57),"-") -> - | M57: =RANK(K57, K$47:$K$61) -> #VALUE!
C58: 12 | I58: =IFERROR(AVERAGE(P58,U58,Z58,AE58,AJ58,AO58,AT58),"-") -> - | J58: =IFERROR(AVERAGE(Q58,V58,AA58,AF58,AK58,AP58,AU58),"-") -> - | K58: =IFERROR(AVERAGE(R58,W58,AB58,AG58,AL58,AQ58,AV58),"-") -> - | M58: =RANK(K58, K$47:$K$61) -> #VALUE!
C59: 13 | I59: =IFERROR(AVERAGE(P59,U59,Z59,AE59,AJ59,AO59,AT59),"-") -> - | J59: =IFERROR(AVERAGE(Q59,V59,AA59,AF59,AK59,AP59,AU59),"-") -> - | K59: =IFERROR(AVERAGE(R59,W59,AB59,AG59,AL59,AQ59,AV59),"-") -> - | M59: =RANK(K59, K$47:$K$61) -> #VALUE!
C60: 14 | I60: =IFERROR(AVERAGE(P60,U60,Z60,AE60,AJ60,AO60,AT60),"-") -> - | J60: =IFERROR(AVERAGE(Q60,V60,AA60,AF60,AK60,AP60,AU60),"-") -> - | K60: =IFERROR(AVERAGE(R60,W60,AB60,AG60,AL60,AQ60,AV60),"-") -> - | M60: =RANK(K60, K$47:$K$61) -> #VALUE!
C61: 15 | I61: =IFERROR(AVERAGE(P61,U61,Z61,AE61,AJ61,AO61,AT61),"-") -> - | J61: =IFERROR(AVERAGE(Q61,V61,AA61,AF61,AK61,AP61,AU61),"-") -> - | K61: =IFERROR(AVERAGE(R61,W61,AB61,AG61,AL61,AQ61,AV61),"-") -> - | M61: =RANK(K61, K$47:$K$61) -> #VALUE!
B62: 產線配置圖－每週更新 | N62: 資料繳交 | O62: 日期 | P62: =P42+7 -> 46224 | U62: =P62+1 -> 46225 | Z62: =U62+1 -> 46226 | AE62: =Z62+1 -> 46227 | AJ62: =AE62+1 -> 46228 | AO62: =AJ62+1 -> 46229 | AT62: =AO62+1 -> 46230
P63: 二 | U63: 三 | Z63: 四 | AE63: 五 | AJ63: 六 | AO63: 日 | AT63: 一
B64: 品群 | C64: 商品名稱 | E64: 計畫 | H64: 平均人時性 | I64: 實績 | L64: 平均人時性 | M64: 排名 | O64: 日報 | P64: 實際 | T64: 平均人時性 | U64: 實際 | Y64: 平均人時性 | Z64: 實際 | AD64: 平均人時性 | AE64: 實際 | AI64: 平均人時性 | AJ64: 實際 | AN64: 平均人時性 | AO64: 實際 | AS64: 平均人時性 | AT64: 實際 | AX64: 平均人時性
E65: 產線配置圖 | I65: 產線配置圖 | P65: 生產實績 | U65: 生產實績 | Z65: 生產實績 | AE65: 生產實績 | AJ65: 生產實績 | AO65: 生產實績 | AT65: 生產實績
E66: 人數 | F66: 產能／時 | G66: 人時性 | I66: 人數 | J66: 產能／時 | K66: 人時性 | P66: 人數 | Q66: 產能／時 | R66: 人時性 | S66: 排名 | U66: 人數 | V66: 產能／時 | W66: 人時性 | X66: 排名 | Z66: 人數 | AA66: 產能／時 | AB66: 人時性 | AC66: 排名 | AE66: 人數 | AF66: 產能／時 | AG66: 人時性 | AH66: 排名 | AJ66: 人數 | AK66: 產能／時 | AL66: 人時性 | AM66: 排名 | AO66: 人數 | AP66: 產能／時 | AQ66: 人時性 | AR66: 排名 | AT66: 人數 | AU66: 產能／時 | AV66: 人時性 | AW66: 排名
B67: 18℃-壽司手卷 | C67: 1 | D67: 長野稻荷壽司 | E67: 10 | F67: 1500 | G67: 150 | H67: =AVERAGE(G67:G81) -> 127.5 | I67: =IFERROR(AVERAGE(P67,U67,Z67,AE67,AJ67,AO67,AT67),"-") -> 10 | J67: =IFERROR(AVERAGE(Q67,V67,AA67,AF67,AK67,AP67,AU67),"-") -> 1492.7837 | K67: =IFERROR(AVERAGE(R67,W67,AB67,AG67,AL67,AQ67,AV67),"-") -> 149.27837 | L67: =IFERROR(AVERAGE(K67:K81),"-") -> 148.28257 | M67: =RANK(K67, K$67:$K$81) -> 1 | P67: 10 | Q67: 1546 | R67: 154.6 | S67: =RANK(R67, R$67:R$81) -> 1 | T67: =AVERAGE(R67:R81) -> 152.00565 | U67: 10 | V67: 1542 | W67: 154.2 | X67: =RANK(W67, W$67:W$81) -> 1 | Y67: =AVERAGE(W67:W81) -> 152.30994 | Z67: 10 | AA67: 1508 | AB67: 150.8 | AC67: =RANK(AB67, AB$67:AB$81) -> 4 | AD67: =AVERAGE(AB67:AB81) -> 154.90353 | AE67: 10 | AF67: 1336 | AG67: 133.6 | AH67: =RANK(AG67, AG$67:AG$81) -> 4 | AI67: =AVERAGE(AG67:AG81) -> 147.92344 | AJ67: 10 | AK67: 1543.2 | AL67: 154.32 | AM67: =RANK(AL67, AL$67:AL$81) -> 1 | AN67: =AVERAGE(AL67:AL81) -> 143.96636 | AO67: 10 | AP67: 1596 | AQ67: 159.6 | AR67: =RANK(AQ67, AQ$67:AQ$81) -> 1 | AS67: =AVERAGE(AQ67:AQ81) -> 150.20256 | AT67: 10 | AU67: 1378.2857 | AV67: 137.82857 | AW67: =RANK(AV67, AV$67:AV$81) -> 1 | AX67: =AVERAGE(AV67:AV81) -> 136.66651 | AZ67: =RANK(AY67, AY$67:AY$81) -> #N/A | BA67: =AVERAGE(AY67:AY81) -> #DIV/0!
C68: 2 | D68: 鮭鮪海饌雙手卷 | E68: 15 | F68: 1800 | G68: 120 | I68: =IFERROR(AVERAGE(P68,U68,Z68,AE68,AJ68,AO68,AT68),"-") -> 12.142857 | J68: =IFERROR(AVERAGE(Q68,V68,AA68,AF68,AK68,AP68,AU68),"-") -> 1807.7508 | K68: =IFERROR(AVERAGE(R68,W68,AB68,AG68,AL68,AQ68,AV68),"-") -> 149.01403 | M68: =RANK(K68, K$67:$K$81) -> 2 | P68: 12 | Q68: 1790.5714 | R68: 149.21429 | S68: =RANK(R68, R$67:R$81) -> 4 | U68: 12 | V68: 1847.0769 | W68: 153.92308 | X68: =RANK(W68, W$67:W$81) -> 2 | Z68: 12 | AA68: 1854.4615 | AB68: 154.53846 | AC68: =RANK(AB68, AB$67:AB$81) -> 3 | AE68: 12 | AF68: 1851.2727 | AG68: 154.27273 | AH68: =RANK(AG68, AG$67:AG$81) -> 2 | AJ68: 12 | AK68: 1791.2727 | AL68: 149.27273 | AM68: =RANK(AL68, AL$67:AL$81) -> 3 | AO68: 12 | AP68: 1737.6 | AQ68: 144.8 | AR68: =RANK(AQ68, AQ$67:AQ$81) -> 3 | AT68: 13 | AU68: 1782 | AV68: 137.07692 | AW68: =RANK(AV68, AV$67:AV$81) -> 2 | AZ68: =RANK(AY68, AY$67:AY$81) -> #N/A
C69: 3 | D69: 經典人氣雙手卷 | E69: 15 | F69: 1800 | G69: 120 | I69: =IFERROR(AVERAGE(P69,U69,Z69,AE69,AJ69,AO69,AT69),"-") -> 12.142857 | J69: =IFERROR(AVERAGE(Q69,V69,AA69,AF69,AK69,AP69,AU69),"-") -> 1806.6418 | K69: =IFERROR(AVERAGE(R69,W69,AB69,AG69,AL69,AQ69,AV69),"-") -> 148.93556 | M69: =RANK(K69, K$67:$K$81) -> 3 | P69: 12 | Q69: 1824 | R69: 152 | S69: =RANK(R69, R$67:R$81) -> 3 | U69: 12 | V69: 1819 | W69: 151.58333 | X69: =RANK(W69, W$67:W$81) -> 3 | Z69: 12 | AA69: 1855 | AB69: 154.58333 | AC69: =RANK(AB69, AB$67:AB$81) -> 2 | AE69: 12 | AF69: 1852.8 | AG69: 154.4 | AH69: =RANK(AG69, AG$67:AG$81) -> 1 | AJ69: 12 | AK69: 1800 | AL69: 150 | AM69: =RANK(AL69, AL$67:AL$81) -> 2 | AO69: 12 | AP69: 1728.9231 | AQ69: 144.07692 | AR69: =RANK(AQ69, AQ$67:AQ$81) -> 4 | AT69: 13 | AU69: 1766.7692 | AV69: 135.90533 | AW69: =RANK(AV69, AV$67:AV$81) -> 3 | AZ69: =RANK(AY69, AY$67:AY$81) -> #N/A
C70: 4 | D70: 青木瓜雞絲泰泰雙手卷 | E70: 18 | F70: 1800 | G70: 120 | I70: =IFERROR(AVERAGE(P70,U70,Z70,AE70,AJ70,AO70,AT70),"-") -> 12.142857 | J70: =IFERROR(AVERAGE(Q70,V70,AA70,AF70,AK70,AP70,AU70),"-") -> 1770.2358 | K70: =IFERROR(AVERAGE(R70,W70,AB70,AG70,AL70,AQ70,AV70),"-") -> 145.90233 | M70: =RANK(K70, K$67:$K$81) -> 4 | P70: 12 | Q70: 1826.5 | R70: 152.20833 | S70: =RANK(R70, R$67:R$81) -> 2 | U70: 12 | V70: 1794.4 | W70: 149.53333 | X70: =RANK(W70, W$67:W$81) -> 4 | Z70: 12 | AA70: 1916.3077 | AB70: 159.69231 | AC70: =RANK(AB70, AB$67:AB$81) -> 1 | AE70: 12 | AF70: 1793.0526 | AG70: 149.42105 | AH70: =RANK(AG70, AG$67:AG$81) -> 3 | AJ70: 12 | AK70: 1467.2727 | AL70: 122.27273 | AM70: =RANK(AL70, AL$67:AL$81) -> 4 | AO70: 12 | AP70: 1828 | AQ70: 152.33333 | AR70: =RANK(AQ70, AQ$67:AQ$81) -> 2 | AT70: 13 | AU70: 1766.1176 | AV70: 135.8552 | AW70: =RANK(AV70, AV$67:AV$81) -> 4 | AZ70: =RANK(AY70, AY$67:AY$81) -> #N/A
C71: 5 | I71: =IFERROR(AVERAGE(P71,U71,Z71,AE71,AJ71,AO71,AT71),"-") -> - | J71: =IFERROR(AVERAGE(Q71,V71,AA71,AF71,AK71,AP71,AU71),"-") -> - | K71: =IFERROR(AVERAGE(R71,W71,AB71,AG71,AL71,AQ71,AV71),"-") -> - | M71: =RANK(K71, K$67:$K$81) -> #VALUE! | S71: =RANK(R71, R$67:R$81) -> #VALUE! | X71: =RANK(W71, W$67:W$81) -> #VALUE! | AC71: =RANK(AB71, AB$67:AB$81) -> #VALUE! | AH71: =RANK(AG71, AG$67:AG$81) -> #VALUE! | AM71: =RANK(AL71, AL$67:AL$81) -> #VALUE! | AR71: =RANK(AQ71, AQ$67:AQ$81) -> #VALUE! | AW71: =RANK(AV71, AV$67:AV$81) -> #VALUE! | AZ71: =RANK(AY71, AY$67:AY$81) -> #N/A
C72: 6 | I72: =IFERROR(AVERAGE(P72,U72,Z72,AE72,AJ72,AO72,AT72),"-") -> - | J72: =IFERROR(AVERAGE(Q72,V72,AA72,AF72,AK72,AP72,AU72),"-") -> - | K72: =IFERROR(AVERAGE(R72,W72,AB72,AG72,AL72,AQ72,AV72),"-") -> - | M72: =RANK(K72, K$67:$K$81) -> #VALUE! | S72: =RANK(R72, R$67:R$81) -> #VALUE! | X72: =RANK(W72, W$67:W$81) -> #VALUE! | AC72: =RANK(AB72, AB$67:AB$81) -> #VALUE! | AH72: =RANK(AG72, AG$67:AG$81) -> #VALUE! | AM72: =RANK(AL72, AL$67:AL$81) -> #VALUE! | AR72: =RANK(AQ72, AQ$67:AQ$81) -> #VALUE! | AW72: =RANK(AV72, AV$67:AV$81) -> #VALUE! | AZ72: =RANK(AY72, AY$67:AY$81) -> #N/A
C73: 7 | I73: =IFERROR(AVERAGE(P73,U73,Z73,AE73,AJ73,AO73,AT73),"-") -> - | J73: =IFERROR(AVERAGE(Q73,V73,AA73,AF73,AK73,AP73,AU73),"-") -> - | K73: =IFERROR(AVERAGE(R73,W73,AB73,AG73,AL73,AQ73,AV73),"-") -> - | M73: =RANK(K73, K$67:$K$81) -> #VALUE! | S73: =RANK(R73, R$67:R$81) -> #VALUE! | X73: =RANK(W73, W$67:W$81) -> #VALUE! | AC73: =RANK(AB73, AB$67:AB$81) -> #VALUE! | AH73: =RANK(AG73, AG$67:AG$81) -> #VALUE! | AM73: =RANK(AL73, AL$67:AL$81) -> #VALUE! | AR73: =RANK(AQ73, AQ$67:AQ$81) -> #VALUE! | AW73: =RANK(AV73, AV$67:AV$81) -> #VALUE! | AZ73: =RANK(AY73, AY$67:AY$81) -> #N/A
C74: 8 | I74: =IFERROR(AVERAGE(P74,U74,Z74,AE74,AJ74,AO74,AT74),"-") -> - | J74: =IFERROR(AVERAGE(Q74,V74,AA74,AF74,AK74,AP74,AU74),"-") -> - | K74: =IFERROR(AVERAGE(R74,W74,AB74,AG74,AL74,AQ74,AV74),"-") -> - | M74: =RANK(K74, K$67:$K$81) -> #VALUE! | S74: =RANK(R74, R$67:R$81) -> #VALUE! | X74: =RANK(W74, W$67:W$81) -> #VALUE! | AC74: =RANK(AB74, AB$67:AB$81) -> #VALUE! | AH74: =RANK(AG74, AG$67:AG$81) -> #VALUE! | AM74: =RANK(AL74, AL$67:AL$81) -> #VALUE! | AR74: =RANK(AQ74, AQ$67:AQ$81) -> #VALUE! | AW74: =RANK(AV74, AV$67:AV$81) -> #VALUE! | AZ74: =RANK(AY74, AY$67:AY$81) -> #N/A
C75: 9 | I75: =IFERROR(AVERAGE(P75,U75,Z75,AE75,AJ75,AO75,AT75),"-") -> - | J75: =IFERROR(AVERAGE(Q75,V75,AA75,AF75,AK75,AP75,AU75),"-") -> - | K75: =IFERROR(AVERAGE(R75,W75,AB75,AG75,AL75,AQ75,AV75),"-") -> - | M75: =RANK(K75, K$67:$K$81) -> #VALUE! | S75: =RANK(R75, R$67:R$81) -> #VALUE! | X75: =RANK(W75, W$67:W$81) -> #VALUE! | AC75: =RANK(AB75, AB$67:AB$81) -> #VALUE! | AH75: =RANK(AG75, AG$67:AG$81) -> #VALUE! | AM75: =RANK(AL75, AL$67:AL$81) -> #VALUE! | AR75: =RANK(AQ75, AQ$67:AQ$81) -> #VALUE! | AW75: =RANK(AV75, AV$67:AV$81) -> #VALUE! | AZ75: =RANK(AY75, AY$67:AY$81) -> #N/A
C76: 10 | I76: =IFERROR(AVERAGE(P76,U76,Z76,AE76,AJ76,AO76,AT76),"-") -> - | J76: =IFERROR(AVERAGE(Q76,V76,AA76,AF76,AK76,AP76,AU76),"-") -> - | K76: =IFERROR(AVERAGE(R76,W76,AB76,AG76,AL76,AQ76,AV76),"-") -> - | M76: =RANK(K76, K$67:$K$81) -> #VALUE! | S76: =RANK(R76, R$67:R$81) -> #VALUE! | X76: =RANK(W76, W$67:W$81) -> #VALUE! | AC76: =RANK(AB76, AB$67:AB$81) -> #VALUE! | AH76: =RANK(AG76, AG$67:AG$81) -> #VALUE! | AM76: =RANK(AL76, AL$67:AL$81) -> #VALUE! | AR76: =RANK(AQ76, AQ$67:AQ$81) -> #VALUE! | AW76: =RANK(AV76, AV$67:AV$81) -> #VALUE! | AZ76: =RANK(AY76, AY$67:AY$81) -> #N/A
C77: 11 | I77: =IFERROR(AVERAGE(P77,U77,Z77,AE77,AJ77,AO77,AT77),"-") -> - | J77: =IFERROR(AVERAGE(Q77,V77,AA77,AF77,AK77,AP77,AU77),"-") -> - | K77: =IFERROR(AVERAGE(R77,W77,AB77,AG77,AL77,AQ77,AV77),"-") -> - | M77: =RANK(K77, K$67:$K$81) -> #VALUE! | S77: =RANK(R77, R$67:R$81) -> #VALUE! | X77: =RANK(W77, W$67:W$81) -> #VALUE! | AC77: =RANK(AB77, AB$67:AB$81) -> #VALUE! | AH77: =RANK(AG77, AG$67:AG$81) -> #VALUE! | AM77: =RANK(AL77, AL$67:AL$81) -> #VALUE! | AR77: =RANK(AQ77, AQ$67:AQ$81) -> #VALUE! | AW77: =RANK(AV77, AV$67:AV$81) -> #VALUE! | AZ77: =RANK(AY77, AY$67:AY$81) -> #N/A
C78: 12 | I78: =IFERROR(AVERAGE(P78,U78,Z78,AE78,AJ78,AO78,AT78),"-") -> - | J78: =IFERROR(AVERAGE(Q78,V78,AA78,AF78,AK78,AP78,AU78),"-") -> - | K78: =IFERROR(AVERAGE(R78,W78,AB78,AG78,AL78,AQ78,AV78),"-") -> - | M78: =RANK(K78, K$67:$K$81) -> #VALUE! | S78: =RANK(R78, R$67:R$81) -> #VALUE! | X78: =RANK(W78, W$67:W$81) -> #VALUE! | AC78: =RANK(AB78, AB$67:AB$81) -> #VALUE! | AH78: =RANK(AG78, AG$67:AG$81) -> #VALUE! | AM78: =RANK(AL78, AL$67:AL$81) -> #VALUE! | AR78: =RANK(AQ78, AQ$67:AQ$81) -> #VALUE! | AW78: =RANK(AV78, AV$67:AV$81) -> #VALUE! | AZ78: =RANK(AY78, AY$67:AY$81) -> #N/A
C79: 13 | I79: =IFERROR(AVERAGE(P79,U79,Z79,AE79,AJ79,AO79,AT79),"-") -> - | J79: =IFERROR(AVERAGE(Q79,V79,AA79,AF79,AK79,AP79,AU79),"-") -> - | K79: =IFERROR(AVERAGE(R79,W79,AB79,AG79,AL79,AQ79,AV79),"-") -> - | M79: =RANK(K79, K$67:$K$81) -> #VALUE! | S79: =RANK(R79, R$67:R$81) -> #VALUE! | X79: =RANK(W79, W$67:W$81) -> #VALUE! | AC79: =RANK(AB79, AB$67:AB$81) -> #VALUE! | AH79: =RANK(AG79, AG$67:AG$81) -> #VALUE! | AM79: =RANK(AL79, AL$67:AL$81) -> #VALUE! | AR79: =RANK(AQ79, AQ$67:AQ$81) -> #VALUE! | AW79: =RANK(AV79, AV$67:AV$81) -> #VALUE! | AZ79: =RANK(AY79, AY$67:AY$81) -> #N/A
C80: 14 | I80: =IFERROR(AVERAGE(P80,U80,Z80,AE80,AJ80,AO80,AT80),"-") -> - | J80: =IFERROR(AVERAGE(Q80,V80,AA80,AF80,AK80,AP80,AU80),"-") -> - | K80: =IFERROR(AVERAGE(R80,W80,AB80,AG80,AL80,AQ80,AV80),"-") -> - | M80: =RANK(K80, K$67:$K$81) -> #VALUE! | S80: =RANK(R80, R$67:R$81) -> #VALUE! | X80: =RANK(W80, W$67:W$81) -> #VALUE! | AC80: =RANK(AB80, AB$67:AB$81) -> #VALUE! | AH80: =RANK(AG80, AG$67:AG$81) -> #VALUE! | AM80: =RANK(AL80, AL$67:AL$81) -> #VALUE! | AR80: =RANK(AQ80, AQ$67:AQ$81) -> #VALUE! | AW80: =RANK(AV80, AV$67:AV$81) -> #VALUE! | AZ80: =RANK(AY80, AY$67:AY$81) -> #N/A
C81: 15 | I81: =IFERROR(AVERAGE(P81,U81,Z81,AE81,AJ81,AO81,AT81),"-") -> - | J81: =IFERROR(AVERAGE(Q81,V81,AA81,AF81,AK81,AP81,AU81),"-") -> - | K81: =IFERROR(AVERAGE(R81,W81,AB81,AG81,AL81,AQ81,AV81),"-") -> - | M81: =RANK(K81, K$67:$K$81) -> #VALUE! | S81: =RANK(R81, R$67:R$81) -> #VALUE! | X81: =RANK(W81, W$67:W$81) -> #VALUE! | AC81: =RANK(AB81, AB$67:AB$81) -> #VALUE! | AH81: =RANK(AG81, AG$67:AG$81) -> #VALUE! | AM81: =RANK(AL81, AL$67:AL$81) -> #VALUE! | AR81: =RANK(AQ81, AQ$67:AQ$81) -> #VALUE! | AW81: =RANK(AV81, AV$67:AV$81) -> #VALUE! | AZ81: =RANK(AY81, AY$67:AY$81) -> #N/A
B82: 產線配置圖－每週更新 | N82: 資料繳交 | O82: 日期 | P82: =P62+7 -> 46231 | U82: =P82+1 -> 46232 | Z82: =U82+1 -> 46233 | AE82: =Z82+1 -> 46234
P83: 二 | U83: 三 | Z83: 四 | AE83: 五 | AJ83: 六 | AO83: 日 | AT83: 一
B84: 品群 | C84: 商品名稱 | E84: 計畫 | H84: 平均人時性 | I84: 實績 | L84: 平均人時性 | M84: 排名 | O84: 日報 | P84: 實際 | T84: 平均人時性 | U84: 實際 | Y84: 平均人時性 | Z84: 實際 | AD84: 平均人時性 | AE84: 實際 | AI84: 平均人時性 | AJ84: 實際 | AN84: 平均人時性 | AO84: 實際 | AS84: 平均人時性 | AT84: 實際 | AX84: 平均人時性
E85: 產線配置圖 | I85: 產線配置圖 | P85: 生產實績 | U85: 生產實績 | Z85: 生產實績 | AE85: 生產實績 | AJ85: 生產實績 | AO85: 生產實績 | AT85: 生產實績
E86: 人數 | F86: 產能／時 | G86: 人時性 | I86: 人數 | J86: 產能／時 | K86: 人時性 | P86: 人數 | Q86: 產能／時 | R86: 人時性 | S86: 排名 | U86: 人數 | V86: 產能／時 | W86: 人時性 | X86: 排名 | Z86: 人數 | AA86: 產能／時 | AB86: 人時性 | AC86: 排名 | AE86: 人數 | AF86: 產能／時 | AG86: 人時性 | AH86: 排名 | AJ86: 人數 | AK86: 產能／時 | AL86: 人時性 | AM86: 排名 | AO86: 人數 | AP86: 產能／時 | AQ86: 人時性 | AR86: 排名 | AT86: 人數 | AU86: 產能／時 | AV86: 人時性 | AW86: 排名
B87: 18℃-壽司手卷 | C87: 1 | D87: 長野稻荷壽司 | E87: 10 | F87: 1500 | G87: 150 | H87: =AVERAGE(G87:G101) -> 127.5 | I87: =IFERROR(AVERAGE(P87,U87,Z87,AE87,AJ87,AO87,AT87),"-") -> 10 | J87: =IFERROR(AVERAGE(Q87,V87,AA87,AF87,AK87,AP87,AU87),"-") -> 1458 | K87: =IFERROR(AVERAGE(R87,W87,AB87,AG87,AL87,AQ87,AV87),"-") -> 145.8 | L87: =IFERROR(AVERAGE(K87:K101),"-") -> 139.65315 | M87: =RANK(K87, K$87:$K$101) -> 1 | P87: 10 | Q87: 1560 | R87: 156 | S87: =RANK(R87, R$87:R$101) -> 1 | T87: =AVERAGE(R87:R101) -> 142.76232 | U87: 10 | V87: 1520 | W87: 152 | X87: =RANK(W87, W$87:W$101) -> 1 | Y87: =AVERAGE(W87:W101) -> 140.50409 | Z87: 10 | AA87: 1442 | AB87: 144.2 | AC87: =RANK(AB87, AB$87:AB$101) -> 1 | AD87: =AVERAGE(AB87:AB101) -> 139.36157 | AE87: 10 | AF87: 1310 | AG87: 131 | AH87: =RANK(AG87, AG$87:AG$101) -> 4 | AI87: =AVERAGE(AG87:AG101) -> 135.98462 | AZ87: =RANK(AY87, AY$87:AY$101) -> #N/A | BA87: =AVERAGE(AY87:AY101) -> #DIV/0!
C88: 2 | D88: 鮭鮪海饌雙手卷 | E88: 15 | F88: 1800 | G88: 120 | I88: =IFERROR(AVERAGE(P88,U88,Z88,AE88,AJ88,AO88,AT88),"-") -> 13 | J88: =IFERROR(AVERAGE(Q88,V88,AA88,AF88,AK88,AP88,AU88),"-") -> 1759.4643 | K88: =IFERROR(AVERAGE(R88,W88,AB88,AG88,AL88,AQ88,AV88),"-") -> 135.34341 | M88: =RANK(K88, K$87:$K$101) -> 4 | P88: 13 | Q88: 1769.1429 | R88: 136.08791 | S88: =RANK(R88, R$87:R$101) -> 3 | U88: 13 | V88: 1766.5714 | W88: 135.89011 | X88: =RANK(W88, W$87:W$101) -> 4 | Z88: 13 | AA88: 1757.1429 | AB88: 135.16484 | AC88: =RANK(AB88, AB$87:AB$101) -> 4 | AE88: 13 | AF88: 1745 | AG88: 134.23077 | AH88: =RANK(AG88, AG$87:AG$101) -> 3 | AZ88: =RANK(AY88, AY$87:AY$101) -> #N/A
C89: 3 | D89: 經典人氣雙手卷 | E89: 15 | F89: 1800 | G89: 120 | I89: =IFERROR(AVERAGE(P89,U89,Z89,AE89,AJ89,AO89,AT89),"-") -> 13 | J89: =IFERROR(AVERAGE(Q89,V89,AA89,AF89,AK89,AP89,AU89),"-") -> 1811.8308 | K89: =IFERROR(AVERAGE(R89,W89,AB89,AG89,AL89,AQ89,AV89),"-") -> 139.3716 | M89: =RANK(K89, K$87:$K$101) -> 2 | P89: 13 | Q89: 1732.6154 | R89: 133.27811 | S89: =RANK(R89, R$87:R$101) -> 4 | U89: 13 | V89: 1796.3077 | W89: 138.17751 | X89: =RANK(W89, W$87:W$101) -> 2 | Z89: 13 | AA89: 1856 | AB89: 142.76923 | AC89: =RANK(AB89, AB$87:AB$101) -> 2 | AE89: 13 | AF89: 1862.4 | AG89: 143.26154 | AH89: =RANK(AG89, AG$87:AG$101) -> 1 | AZ89: =RANK(AY89, AY$87:AY$101) -> #N/A
C90: 4 | D90: 青木瓜雞絲泰泰雙手卷 | E90: 18 | F90: 1800 | G90: 120 | I90: =IFERROR(AVERAGE(P90,U90,Z90,AE90,AJ90,AO90,AT90),"-") -> 13 | J90: =IFERROR(AVERAGE(Q90,V90,AA90,AF90,AK90,AP90,AU90),"-") -> 1795.2686 | K90: =IFERROR(AVERAGE(R90,W90,AB90,AG90,AL90,AQ90,AV90),"-") -> 138.09759 | M90: =RANK(K90, K$87:$K$101) -> 3 | P90: 13 | Q90: 1893.8824 | R90: 145.68326 | S90: =RANK(R90, R$87:R$101) -> 2 | U90: 13 | V90: 1767.3333 | W90: 135.94872 | X90: =RANK(W90, W$87:W$101) -> 3 | Z90: 13 | AA90: 1759.0588 | AB90: 135.31222 | AC90: =RANK(AB90, AB$87:AB$101) -> 3 | AE90: 13 | AF90: 1760.8 | AG90: 135.44615 | AH90: =RANK(AG90, AG$87:AG$101) -> 2 | AZ90: =RANK(AY90, AY$87:AY$101) -> #N/A
C91: 5 | I91: =IFERROR(AVERAGE(P91,U91,Z91,AE91,AJ91,AO91,AT91),"-") -> - | J91: =IFERROR(AVERAGE(Q91,V91,AA91,AF91,AK91,AP91,AU91),"-") -> - | K91: =IFERROR(AVERAGE(R91,W91,AB91,AG91,AL91,AQ91,AV91),"-") -> - | M91: =RANK(K91, K$87:$K$101) -> #VALUE! | S91: =RANK(R91, R$87:R$101) -> #VALUE! | X91: =RANK(W91, W$87:W$101) -> #VALUE! | AC91: =RANK(AB91, AB$87:AB$101) -> #VALUE! | AH91: =RANK(AG91, AG$87:AG$101) -> #VALUE! | AZ91: =RANK(AY91, AY$87:AY$101) -> #N/A
C92: 6 | I92: =IFERROR(AVERAGE(P92,U92,Z92,AE92,AJ92,AO92,AT92),"-") -> - | J92: =IFERROR(AVERAGE(Q92,V92,AA92,AF92,AK92,AP92,AU92),"-") -> - | K92: =IFERROR(AVERAGE(R92,W92,AB92,AG92,AL92,AQ92,AV92),"-") -> - | M92: =RANK(K92, K$87:$K$101) -> #VALUE! | S92: =RANK(R92, R$87:R$101) -> #VALUE! | X92: =RANK(W92, W$87:W$101) -> #VALUE! | AC92: =RANK(AB92, AB$87:AB$101) -> #VALUE! | AH92: =RANK(AG92, AG$87:AG$101) -> #VALUE! | AZ92: =RANK(AY92, AY$87:AY$101) -> #N/A
C93: 7 | I93: =IFERROR(AVERAGE(P93,U93,Z93,AE93,AJ93,AO93,AT93),"-") -> - | J93: =IFERROR(AVERAGE(Q93,V93,AA93,AF93,AK93,AP93,AU93),"-") -> - | K93: =IFERROR(AVERAGE(R93,W93,AB93,AG93,AL93,AQ93,AV93),"-") -> - | M93: =RANK(K93, K$87:$K$101) -> #VALUE! | S93: =RANK(R93, R$87:R$101) -> #VALUE! | X93: =RANK(W93, W$87:W$101) -> #VALUE! | AC93: =RANK(AB93, AB$87:AB$101) -> #VALUE! | AH93: =RANK(AG93, AG$87:AG$101) -> #VALUE! | AZ93: =RANK(AY93, AY$87:AY$101) -> #N/A
C94: 8 | I94: =IFERROR(AVERAGE(P94,U94,Z94,AE94,AJ94,AO94,AT94),"-") -> - | J94: =IFERROR(AVERAGE(Q94,V94,AA94,AF94,AK94,AP94,AU94),"-") -> - | K94: =IFERROR(AVERAGE(R94,W94,AB94,AG94,AL94,AQ94,AV94),"-") -> - | M94: =RANK(K94, K$87:$K$101) -> #VALUE! | S94: =RANK(R94, R$87:R$101) -> #VALUE! | X94: =RANK(W94, W$87:W$101) -> #VALUE! | AC94: =RANK(AB94, AB$87:AB$101) -> #VALUE! | AH94: =RANK(AG94, AG$87:AG$101) -> #VALUE! | AZ94: =RANK(AY94, AY$87:AY$101) -> #N/A
C95: 9 | I95: =IFERROR(AVERAGE(P95,U95,Z95,AE95,AJ95,AO95,AT95),"-") -> - | J95: =IFERROR(AVERAGE(Q95,V95,AA95,AF95,AK95,AP95,AU95),"-") -> - | K95: =IFERROR(AVERAGE(R95,W95,AB95,AG95,AL95,AQ95,AV95),"-") -> - | M95: =RANK(K95, K$87:$K$101) -> #VALUE! | S95: =RANK(R95, R$87:R$101) -> #VALUE! | X95: =RANK(W95, W$87:W$101) -> #VALUE! | AC95: =RANK(AB95, AB$87:AB$101) -> #VALUE! | AH95: =RANK(AG95, AG$87:AG$101) -> #VALUE! | AZ95: =RANK(AY95, AY$87:AY$101) -> #N/A
C96: 10 | I96: =IFERROR(AVERAGE(P96,U96,Z96,AE96,AJ96,AO96,AT96),"-") -> - | J96: =IFERROR(AVERAGE(Q96,V96,AA96,AF96,AK96,AP96,AU96),"-") -> - | K96: =IFERROR(AVERAGE(R96,W96,AB96,AG96,AL96,AQ96,AV96),"-") -> - | M96: =RANK(K96, K$87:$K$101) -> #VALUE! | S96: =RANK(R96, R$87:R$101) -> #VALUE! | X96: =RANK(W96, W$87:W$101) -> #VALUE! | AC96: =RANK(AB96, AB$87:AB$101) -> #VALUE! | AH96: =RANK(AG96, AG$87:AG$101) -> #VALUE! | AZ96: =RANK(AY96, AY$87:AY$101) -> #N/A
C97: 11 | I97: =IFERROR(AVERAGE(P97,U97,Z97,AE97,AJ97,AO97,AT97),"-") -> - | J97: =IFERROR(AVERAGE(Q97,V97,AA97,AF97,AK97,AP97,AU97),"-") -> - | K97: =IFERROR(AVERAGE(R97,W97,AB97,AG97,AL97,AQ97,AV97),"-") -> - | M97: =RANK(K97, K$87:$K$101) -> #VALUE! | S97: =RANK(R97, R$87:R$101) -> #VALUE! | X97: =RANK(W97, W$87:W$101) -> #VALUE! | AC97: =RANK(AB97, AB$87:AB$101) -> #VALUE! | AH97: =RANK(AG97, AG$87:AG$101) -> #VALUE! | AZ97: =RANK(AY97, AY$87:AY$101) -> #N/A
C98: 12 | I98: =IFERROR(AVERAGE(P98,U98,Z98,AE98,AJ98,AO98,AT98),"-") -> - | J98: =IFERROR(AVERAGE(Q98,V98,AA98,AF98,AK98,AP98,AU98),"-") -> - | K98: =IFERROR(AVERAGE(R98,W98,AB98,AG98,AL98,AQ98,AV98),"-") -> - | M98: =RANK(K98, K$87:$K$101) -> #VALUE! | S98: =RANK(R98, R$87:R$101) -> #VALUE! | X98: =RANK(W98, W$87:W$101) -> #VALUE! | AC98: =RANK(AB98, AB$87:AB$101) -> #VALUE! | AH98: =RANK(AG98, AG$87:AG$101) -> #VALUE! | AZ98: =RANK(AY98, AY$87:AY$101) -> #N/A
C99: 13 | I99: =IFERROR(AVERAGE(P99,U99,Z99,AE99,AJ99,AO99,AT99),"-") -> - | J99: =IFERROR(AVERAGE(Q99,V99,AA99,AF99,AK99,AP99,AU99),"-") -> - | K99: =IFERROR(AVERAGE(R99,W99,AB99,AG99,AL99,AQ99,AV99),"-") -> - | M99: =RANK(K99, K$87:$K$101) -> #VALUE! | S99: =RANK(R99, R$87:R$101) -> #VALUE! | X99: =RANK(W99, W$87:W$101) -> #VALUE! | AC99: =RANK(AB99, AB$87:AB$101) -> #VALUE! | AH99: =RANK(AG99, AG$87:AG$101) -> #VALUE! | AZ99: =RANK(AY99, AY$87:AY$101) -> #N/A
C100: 14 | I100: =IFERROR(AVERAGE(P100,U100,Z100,AE100,AJ100,AO100,AT100),"-") -> - | J100: =IFERROR(AVERAGE(Q100,V100,AA100,AF100,AK100,AP100,AU100),"-") -> - | K100: =IFERROR(AVERAGE(R100,W100,AB100,AG100,AL100,AQ100,AV100),"-") -> - | M100: =RANK(K100, K$87:$K$101) -> #VALUE! | S100: =RANK(R100, R$87:R$101) -> #VALUE! | X100: =RANK(W100, W$87:W$101) -> #VALUE! | AC100: =RANK(AB100, AB$87:AB$101) -> #VALUE! | AH100: =RANK(AG100, AG$87:AG$101) -> #VALUE! | AZ100: =RANK(AY100, AY$87:AY$101) -> #N/A
...

Sheet （５-3）品群別人時生產性（4℃-飯糰)
B1: 月平均人時性 | C1: =AVERAGE(L7,L27,L47,L67,L87,L107) -> 222.59953
B2: 產線配置圖－每週更新 | N2: 資料繳交 | O2: 日期 | U2: 46204 | Z2: =U2+1 -> 46205 | AE2: =Z2+1 -> 46206 | AJ2: =AE2+1 -> 46207 | AO2: =AJ2+1 -> 46208 | AT2: =AO2+1 -> 46209
P3: 二 | U3: 三 | Z3: 四 | AE3: 五 | AJ3: 六 | AO3: 日 | AT3: 一
B4: 品群 | C4: 商品名稱 | E4: 計畫 | H4: 平均人時性 | I4: 實績 | L4: 平均人時性 | M4: 排名 | O4: 日報 | P4: 實際 | T4: 平均人時性 | U4: 實際 | Y4: 平均人時性 | Z4: 實際 | AD4: 平均人時性 | AE4: 實際 | AI4: 平均人時性 | AJ4: 實際 | AN4: 平均人時性 | AO4: 實際 | AS4: 平均人時性 | AT4: 實際 | AX4: 平均人時性
E5: 產線配置圖 | I5: 產線配置圖 | P5: 生產實績 | U5: 生產實績 | Z5: 生產實績 | AE5: 生產實績 | AJ5: 生產實績 | AO5: 生產實績 | AT5: 生產實績
E6: 人數 | F6: 產能／時 | G6: 人時性 | I6: 人數 | J6: 產能／時 | K6: 人時性 | P6: 人數 | Q6: 產能／時 | R6: 人時性 | S6: 排名 | U6: 人數 | V6: 產能／時 | W6: 人時性 | X6: 排名 | Z6: 人數 | AA6: 產能／時 | AB6: 人時性 | AC6: 排名 | AE6: 人數 | AF6: 產能／時 | AG6: 人時性 | AH6: 排名 | AJ6: 人數 | AK6: 產能／時 | AL6: 人時性 | AM6: 排名 | AO6: 人數 | AP6: 產能／時 | AQ6: 人時性 | AR6: 排名 | AT6: 人數 | AU6: 產能／時 | AV6: 人時性 | AW6: 排名
B7: 4℃-飯糰 | C7: 1 | D7: 淡麗清酒蒸蛤蜊烤飯糰 | E7: 4 | F7: 2000 | G7: 500 | H7: =AVERAGE(G7:G21) -> 237.49259 | I7: =IFERROR(AVERAGE(P7,U7,Z7,AE7,AJ7,AO7,AT7),"-") -> 5 | J7: =IFERROR(AVERAGE(Q7,V7,AA7,AF7,AK7,AP7,AU7),"-") -> 2128.2731 | K7: =IFERROR(AVERAGE(R7,W7,AB7,AG7,AL7,AQ7,AV7),"-") -> 425.65462 | L7: =IFERROR(AVERAGE(K7:K21),"-") -> 208.44145 | M7: =RANK(K7, K$7:$K$21) -> 1 | U7: 5 | V7: 2163.5294 | W7: 432.70588 | X7: 1 | Y7: 206.2145 | Z7: 5 | AA7: 2112.5 | AB7: 422.5 | AC7: 2 | AD7: 209.40822 | AE7: 5 | AF7: 2130 | AG7: 426 | AH7: 1 | AI7: 208.40568 | AJ7: 5 | AK7: 2125.3333 | AL7: 425.06667 | AM7: 1 | AN7: 209.19334 | AO7: 5 | AP7: 2101.0345 | AQ7: 420.2069 | AR7: 2 | AS7: 207.87666 | AT7: 5 | AU7: 2137.2414 | AV7: 427.44828 | AW7: 1 | AX7: 209.5503 | AZ7: =RANK(AX7, $K$7:AX$21) -> #VALUE! | BB7: =RANK(BA7, BA$7:BA$21) -> #N/A
C8: 2 | D8: 糖燻野郎起司炙燒牛烤飯糰 | E8: 4 | F8: 2000 | G8: 500 | I8: =IFERROR(AVERAGE(P8,U8,Z8,AE8,AJ8,AO8,AT8),"-") -> 5 | J8: =IFERROR(AVERAGE(Q8,V8,AA8,AF8,AK8,AP8,AU8),"-") -> 2113.3972 | K8: =IFERROR(AVERAGE(R8,W8,AB8,AG8,AL8,AQ8,AV8),"-") -> 422.67944 | M8: =RANK(K8, K$7:$K$21) -> 2 | U8: 5 | V8: 2109.6 | W8: 421.92 | X8: 2 | Z8: 5 | AA8: 2148.2609 | AB8: 429.65217 | AC8: 1 | AE8: 5 | AF8: 2098.4211 | AG8: 419.68421 | AH8: 2 | AJ8: 5 | AK8: 2110.9091 | AL8: 422.18182 | AM8: 2 | AO8: 5 | AP8: 2109.7959 | AQ8: 421.95918 | AR8: 1 | AT8: 5 | AU8: 2103.3962 | AV8: 420.67925 | AW8: 2 | AZ8: =RANK(AX8, $K$7:AX$21) -> #VALUE! | BB8: =RANK(BA8, BA$7:BA$21) -> #N/A
C9: 3 | D9: 大口日式塔塔醬蝦排飯糰 | E9: 12 | F9: 2118 | G9: 176.5 | I9: =IFERROR(AVERAGE(P9,U9,Z9,AE9,AJ9,AO9,AT9),"-") -> 12 | J9: =IFERROR(AVERAGE(Q9,V9,AA9,AF9,AK9,AP9,AU9),"-") -> 1900.3442 | K9: =IFERROR(AVERAGE(R9,W9,AB9,AG9,AL9,AQ9,AV9),"-") -> 158.36201 | M9: =RANK(K9, K$7:$K$21) -> 6 | U9: 12 | V9: 1886.9565 | W9: 157.24638 | X9: 6 | Z9: 12 | AA9: 1913.5385 | AB9: 159.46154 | AC9: 6 | AE9: 12 | AF9: 1893 | AG9: 157.75 | AH9: 6 | AJ9: 12 | AK9: 1883.2836 | AL9: 156.9403 | AM9: 7 | AO9: 12 | AP9: 1896.4865 | AQ9: 158.04054 | AR9: 6 | AT9: 12 | AU9: 1928.8 | AV9: 160.73333 | AW9: 6 | AZ9: =RANK(AX9, $K$7:AX$21) -> #VALUE! | BB9: =RANK(BA9, BA$7:BA$21) -> #N/A
C10: 4 | D10: 大口歐風焙煎咖哩漢堡排飯糰 | E10: 13 | F10: 2250 | G10: 173.1 | I10: =IFERROR(AVERAGE(P10,U10,Z10,AE10,AJ10,AO10,AT10),"-") -> 13 | J10: =IFERROR(AVERAGE(Q10,V10,AA10,AF10,AK10,AP10,AU10),"-") -> 2036.2837 | K10: =IFERROR(AVERAGE(R10,W10,AB10,AG10,AL10,AQ10,AV10),"-") -> 156.63721 | M10: =RANK(K10, K$7:$K$21) -> 7 | U10: 13 | V10: 2003.0156 | W10: 154.07813 | X10: 7 | Z10: 13 | AA10: 2010.8136 | AB10: 154.67797 | AC10: 7 | AE10: 13 | AF10: 2044.4444 | AG10: 157.26496 | AH10: 7 | AJ10: 13 | AK10: 2056.9565 | AL10: 158.22742 | AM10: 6 | AO10: 13 | AP10: 2044.5283 | AQ10: 157.27141 | AR10: 7 | AT10: 13 | AU10: 2057.9439 | AV10: 158.30338 | AW10: 7 | AZ10: =RANK(AX10, $K$7:AX$21) -> #VALUE! | BB10: =RANK(BA10, BA$7:BA$21) -> #N/A
C11: 5 | D11: 大口蒜味香腸燒肉雙拼飯糰 | E11: 13 | F11: 2250 | G11: 173.1 | I11: =IFERROR(AVERAGE(P11,U11,Z11,AE11,AJ11,AO11,AT11),"-") -> 13 | J11: =IFERROR(AVERAGE(Q11,V11,AA11,AF11,AK11,AP11,AU11),"-") -> 2164.6097 | K11: =IFERROR(AVERAGE(R11,W11,AB11,AG11,AL11,AQ11,AV11),"-") -> 166.50844 | M11: =RANK(K11, K$7:$K$21) -> 5 | U11: 13 | V11: 2158 | W11: 166 | X11: 5 | Z11: 13 | AA11: 2160.7229 | AB11: 166.20945 | AC11: 5 | AE11: 13 | AF11: 2140.8333 | AG11: 164.67949 | AH11: 5 | AJ11: 13 | AK11: 2199.759 | AL11: 169.21223 | AM11: 5 | AO11: 13 | AP11: 2179.2 | AQ11: 167.63077 | AR11: 5 | AT11: 13 | AU11: 2149.1429 | AV11: 165.31868 | AW11: 5 | AZ11: =RANK(AX11, $K$7:AX$21) -> #VALUE! | BB11: =RANK(BA11, BA$7:BA$21) -> #N/A
C12: 6 | D12: 大口義式香草雞腿排飯糰 | E12: 10 | F12: 2769 | G12: 276.9 | I12: =IFERROR(AVERAGE(P12,U12,Z12,AE12,AJ12,AO12,AT12),"-") -> 10.333333 | J12: =IFERROR(AVERAGE(Q12,V12,AA12,AF12,AK12,AP12,AU12),"-") -> 2418.2872 | K12: =IFERROR(AVERAGE(R12,W12,AB12,AG12,AL12,AQ12,AV12),"-") -> 234.92078 | M12: =RANK(K12, K$7:$K$21) -> 3 | U12: 12 | V12: 2486.8605 | W12: 207.23837 | X12: 3 | Z12: 10 | AA12: 2426.4706 | AB12: 242.64706 | AC12: 3 | AE12: 10 | AF12: 2395.7143 | AG12: 239.57143 | AH12: 3 | AJ12: 10 | AK12: 2416 | AL12: 241.6 | AM12: 3 | AO12: 10 | AP12: 2383.8 | AQ12: 238.38 | AR12: 3 | AT12: 10 | AU12: 2400.878 | AV12: 240.0878 | AW12: 3 | AZ12: =RANK(AX12, $K$7:AX$21) -> #VALUE! | BB12: =RANK(BA12, BA$7:BA$21) -> #N/A
C13: 7 | D13: 大口法式蕈菇起司雞排飯糰 | E13: 11 | F13: 2250 | G13: 204.5 | I13: =IFERROR(AVERAGE(P13,U13,Z13,AE13,AJ13,AO13,AT13),"-") -> 11 | J13: =IFERROR(AVERAGE(Q13,V13,AA13,AF13,AK13,AP13,AU13),"-") -> 2011.1344 | K13: =IFERROR(AVERAGE(R13,W13,AB13,AG13,AL13,AQ13,AV13),"-") -> 182.8304 | M13: =RANK(K13, K$7:$K$21) -> 4 | U13: 11 | V13: 2022.1277 | W13: 183.82979 | X13: 4 | Z13: 11 | AA13: 2037.1765 | AB13: 185.19786 | AC13: 4 | AE13: 11 | AF13: 2003.234 | AG13: 182.11219 | AH13: 4 | AJ13: 11 | AK13: 1980.2105 | AL13: 180.01914 | AM13: 4 | AO13: 11 | AP13: 1993.3714 | AQ13: 181.21558 | AR13: 4 | AT13: 11 | AU13: 2030.6866 | AV13: 184.60787 | AW13: 4 | AZ13: =RANK(AX13, $K$7:AX$21) -> #VALUE! | BB13: =RANK(BA13, BA$7:BA$21) -> #N/A
C14: 8 | D14: 麻油雞飯糰 | E14: 18 | F14: 1200 | G14: 66.666667 | I14: =IFERROR(AVERAGE(P14,U14,Z14,AE14,AJ14,AO14,AT14),"-") -> 18.5 | J14: =IFERROR(AVERAGE(Q14,V14,AA14,AF14,AK14,AP14,AU14),"-") -> 1194.8576 | K14: =IFERROR(AVERAGE(R14,W14,AB14,AG14,AL14,AQ14,AV14),"-") -> 64.655035 | M14: =RANK(K14, K$7:$K$21) -> 8 | U14: 18 | V14: 1211.8605 | W14: 67.325581 | X14: 8 | Z14: 18 | AA14: 1191.236 | AB14: 66.179775 | AC14: 8 | AE14: 18 | AF14: 1153.6 | AG14: 64.088889 | AH14: 9 | AJ14: 18 | AK14: 1174.8148 | AL14: 65.26749 | AM14: 8 | AO14: 20 | AP14: 1226.6667 | AQ14: 61.333333 | AR14: 9 | AT14: 19 | AU14: 1210.9677 | AV14: 63.735144 | AW14: 9 | AZ14: =RANK(AX14, $K$7:AX$21) -> #VALUE! | BB14: =RANK(BA14, BA$7:BA$21) -> #N/A
C15: 9 | D15: 香辣醬雞肉炒飯飯糰 | E15: 18 | F15: 1200 | G15: 66.666667 | I15: =IFERROR(AVERAGE(P15,U15,Z15,AE15,AJ15,AO15,AT15),"-") -> 18 | J15: =IFERROR(AVERAGE(Q15,V15,AA15,AF15,AK15,AP15,AU15),"-") -> 1147.0519 | K15: =IFERROR(AVERAGE(R15,W15,AB15,AG15,AL15,AQ15,AV15),"-") -> 63.725108 | M15: =RANK(K15, K$7:$K$21) -> 9 | U15: 18 | V15: 1180.5542 | W15: 65.586345 | Z15: 18 | AA15: 1046.6667 | AB15: 58.148148 | AE15: 18 | AF15: 1161 | AG15: 64.5 | AJ15: 18 | AK15: 1156.05 | AL15: 64.225 | AO15: 18 | AP15: 1167.3402 | AQ15: 64.852234 | AT15: 18 | AU15: 1170.7006 | AV15: 65.038922 | AZ15: =RANK(AX15, $K$7:AX$21) -> #VALUE! | BB15: =RANK(BA15, BA$7:BA$21) -> #N/A
C16: 10 | I16: =IFERROR(AVERAGE(P16,U16,Z16,AE16,AJ16,AO16,AT16),"-") -> - | J16: =IFERROR(AVERAGE(Q16,V16,AA16,AF16,AK16,AP16,AU16),"-") -> - | K16: =IFERROR(AVERAGE(R16,W16,AB16,AG16,AL16,AQ16,AV16),"-") -> - | M16: =RANK(K16, K$7:$K$21) -> #VALUE! | AZ16: =RANK(AX16, $K$7:AX$21) -> #VALUE! | BB16: =RANK(BA16, BA$7:BA$21) -> #N/A
C17: 11 | I17: =IFERROR(AVERAGE(P17,U17,Z17,AE17,AJ17,AO17,AT17),"-") -> - | J17: =IFERROR(AVERAGE(Q17,V17,AA17,AF17,AK17,AP17,AU17),"-") -> - | K17: =IFERROR(AVERAGE(R17,W17,AB17,AG17,AL17,AQ17,AV17),"-") -> - | M17: =RANK(K17, K$7:$K$21) -> #VALUE! | AZ17: =RANK(AX17, $K$7:AX$21) -> #VALUE! | BB17: =RANK(BA17, BA$7:BA$21) -> #N/A
C18: 12 | I18: =IFERROR(AVERAGE(P18,U18,Z18,AE18,AJ18,AO18,AT18),"-") -> - | J18: =IFERROR(AVERAGE(Q18,V18,AA18,AF18,AK18,AP18,AU18),"-") -> - | K18: =IFERROR(AVERAGE(R18,W18,AB18,AG18,AL18,AQ18,AV18),"-") -> - | M18: =RANK(K18, K$7:$K$21) -> #VALUE! | AZ18: =RANK(AX18, $K$7:AX$21) -> #VALUE! | BB18: =RANK(BA18, BA$7:BA$21) -> #N/A
C19: 13 | I19: =IFERROR(AVERAGE(P19,U19,Z19,AE19,AJ19,AO19,AT19),"-") -> - | J19: =IFERROR(AVERAGE(Q19,V19,AA19,AF19,AK19,AP19,AU19),"-") -> - | K19: =IFERROR(AVERAGE(R19,W19,AB19,AG19,AL19,AQ19,AV19),"-") -> - | M19: =RANK(K19, K$7:$K$21) -> #VALUE! | AZ19: =RANK(AX19, $K$7:AX$21) -> #VALUE! | BB19: =RANK(BA19, BA$7:BA$21) -> #N/A
C20: 14 | I20: =IFERROR(AVERAGE(P20,U20,Z20,AE20,AJ20,AO20,AT20),"-") -> - | J20: =IFERROR(AVERAGE(Q20,V20,AA20,AF20,AK20,AP20,AU20),"-") -> - | K20: =IFERROR(AVERAGE(R20,W20,AB20,AG20,AL20,AQ20,AV20),"-") -> - | M20: =RANK(K20, K$7:$K$21) -> #VALUE! | AZ20: =RANK(AX20, $K$7:AX$21) -> #VALUE! | BB20: =RANK(BA20, BA$7:BA$21) -> #N/A
C21: 15 | M21: =RANK(K21, K$7:$K$21) -> #N/A | AZ21: =RANK(AX21, $K$7:AX$21) -> #VALUE! | BB21: =RANK(BA21, BA$7:BA$21) -> #N/A
B22: 產線配置圖－每週更新 | N22: 資料繳交 | O22: 日期 | P22: =AT2+1 -> 46210 | U22: =P22+1 -> 46211 | Z22: =U22+1 -> 46212 | AE22: =Z22+1 -> 46213 | AJ22: =AE22+1 -> 46214 | AO22: =AJ22+1 -> 46215 | AT22: =AO22+1 -> 46216
P23: 二 | U23: 三 | Z23: 四 | AE23: 五 | AJ23: 六 | AO23: 日 | AT23: 一
B24: 品群 | C24: 商品名稱 | E24: 計畫 | H24: 平均人時性 | I24: 實績 | L24: 平均人時性 | M24: 排名 | O24: 日報 | P24: 實際 | T24: 平均人時性 | U24: 實際 | Y24: 平均人時性 | Z24: 實際 | AD24: 平均人時性 | AE24: 實際 | AI24: 平均人時性 | AJ24: 實際 | AN24: 平均人時性 | AO24: 實際 | AS24: 平均人時性 | AT24: 實際 | AX24: 平均人時性
E25: 產線配置圖 | I25: 產線配置圖 | P25: 生產實績 | U25: 生產實績 | Z25: 生產實績 | AE25: 生產實績 | AJ25: 生產實績 | AO25: 生產實績 | AT25: 生產實績
E26: 人數 | F26: 產能／時 | G26: 人時性 | I26: 人數 | J26: 產能／時 | K26: 人時性 | P26: 人數 | Q26: 產能／時 | R26: 人時性 | S26: 排名 | U26: 人數 | V26: 產能／時 | W26: 人時性 | X26: 排名 | Z26: 人數 | AA26: 產能／時 | AB26: 人時性 | AC26: 排名 | AE26: 人數 | AF26: 產能／時 | AG26: 人時性 | AH26: 排名 | AJ26: 人數 | AK26: 產能／時 | AL26: 人時性 | AM26: 排名 | AO26: 人數 | AP26: 產能／時 | AQ26: 人時性 | AR26: 排名 | AT26: 人數 | AU26: 產能／時 | AV26: 人時性 | AW26: 排名
B27: 4℃-飯糰 | C27: 1 | D27: 淡麗清酒蒸蛤蜊烤飯糰 | E27: 4 | F27: 2000 | G27: 500 | H27: =AVERAGE(G27:G41) -> 237.49259 | I27: =IFERROR(AVERAGE(P27,U27,Z27,AE27,AJ27,AO27,AT27),"-") -> 5 | J27: =IFERROR(AVERAGE(Q27,V27,AA27,AF27,AK27,AP27,AU27),"-") -> 2144.9603 | K27: =IFERROR(AVERAGE(R27,W27,AB27,AG27,AL27,AQ27,AV27),"-") -> 428.99206 | L27: =IFERROR(AVERAGE(K27:K41),"-") -> 213.12432 | M27: =RANK(K27, K$27:$K$41) -> 1 | P27: 5 | Q27: 2174.1818 | R27: 434.83636 | S27: =RANK(R27, R$27:R$41) -> 1 | T27: =AVERAGE(R27:R41) -> 212.2539 | U27: 5 | V27: 2109.2308 | W27: 421.84615 | X27: =RANK(W27, W$27:W$41) -> 2 | Y27: =AVERAGE(W27:W41) -> 212.08679 | Z27: 5 | AA27: 2180.8163 | AB27: 436.16327 | AC27: =RANK(AB27, AB$27:AB$41) -> 1 | AD27: =AVERAGE(AB27:AB41) -> 213.8599 | AE27: 5 | AF27: 2115.4286 | AG27: 423.08571 | AH27: =RANK(AG27, AG$27:AG$41) -> 2 | AI27: =AVERAGE(AG27:AG41) -> 214.2874 | AJ27: 5 | AK27: 2123.4146 | AL27: 424.68293 | AM27: =RANK(AL27, AL$27:AL$41) -> 2 | AN27: =AVERAGE(AL27:AL41) -> 230.76634 | AO27: 5 | AP27: 2123.4146 | AQ27: 424.68293 | AR27: =RANK(AQ27, AQ$27:AQ$41) -> 2 | AS27: =AVERAGE(AQ27:AQ41) -> 230.76634 | AT27: 5 | AU27: 2188.2353 | AV27: 437.64706 | AW27: =RANK(AV27, AV$27:AV$41) -> 1 | AX27: =AVERAGE(AV27:AV41) -> 232.83771 | AZ27: =RANK(AY27, AY$27:AY$41) -> #N/A | BA27: =AVERAGE(AY27:AY41) -> #DIV/0!
C28: 2 | D28: 糖燻野郎起司炙燒牛烤飯糰 | E28: 4 | F28: 2000 | G28: 500 | I28: =IFERROR(AVERAGE(P28,U28,Z28,AE28,AJ28,AO28,AT28),"-") -> 5 | J28: =IFERROR(AVERAGE(Q28,V28,AA28,AF28,AK28,AP28,AU28),"-") -> 2138.8837 | K28: =IFERROR(AVERAGE(R28,W28,AB28,AG28,AL28,AQ28,AV28),"-") -> 427.77673 | M28: =RANK(K28, K$27:$K$41) -> 2 | P28: 5 | Q28: 2128.3019 | R28: 425.66038 | S28: =RANK(R28, R$27:R$41) -> 2 | U28: 5 | V28: 2132.5 | W28: 426.5 | X28: =RANK(W28, W$27:W$41) -> 1 | Z28: 5 | AA28: 2124.5455 | AB28: 424.90909 | AC28: =RANK(AB28, AB$27:AB$41) -> 2 | AE28: 5 | AF28: 2173.7143 | AG28: 434.74286 | AH28: =RANK(AG28, AG$27:AG$41) -> 1 | AJ28: 5 | AK28: 2146.1538 | AL28: 429.23077 | AM28: =RANK(AL28, AL$27:AL$41) -> 1 | AO28: 5 | AP28: 2146.1538 | AQ28: 429.23077 | AR28: =RANK(AQ28, AQ$27:AQ$41) -> 1 | AT28: 5 | AU28: 2120.8163 | AV28: 424.16327 | AW28: =RANK(AV28, AV$27:AV$41) -> 2 | AZ28: =RANK(AY28, AY$27:AY$41) -> #N/A
C29: 3 | D29: 大口日式塔塔醬蝦排飯糰 | E29: 12 | F29: 2118 | G29: 176.5 | I29: =IFERROR(AVERAGE(P29,U29,Z29,AE29,AJ29,AO29,AT29),"-") -> 12 | J29: =IFERROR(AVERAGE(Q29,V29,AA29,AF29,AK29,AP29,AU29),"-") -> 1976.6453 | K29: =IFERROR(AVERAGE(R29,W29,AB29,AG29,AL29,AQ29,AV29),"-") -> 164.72044 | M29: =RANK(K29, K$27:$K$41) -> 6 | P29: 12 | Q29: 1957.8082 | R29: 163.15068 | S29: =RANK(R29, R$27:R$41) -> 6 | U29: 12 | V29: 1960 | W29: 163.33333 | X29: =RANK(W29, W$27:W$41) -> 6 | Z29: 12 | AA29: 2000 | AB29: 166.66667 | AC29: =RANK(AB29, AB$27:AB$41) -> 6 | AE29: 12 | AF29: 2002.2222 | AG29: 166.85185 | AH29: =RANK(AG29, AG$27:AG$41) -> 6 | AJ29: 12 | AK29: 1950 | AL29: 162.5 | AM29: =RANK(AL29, AL$27:AL$41) -> 6 | AO29: 12 | AP29: 1950 | AQ29: 162.5 | AR29: =RANK(AQ29, AQ$27:AQ$41) -> 6 | AT29: 12 | AU29: 2016.4865 | AV29: 168.04054 | AW29: =RANK(AV29, AV$27:AV$41) -> 6 | AZ29: =RANK(AY29, AY$27:AY$41) -> #N/A
C30: 4 | D30: 大口歐風焙煎咖哩漢堡排飯糰 | E30: 13 | F30: 2250 | G30: 173.1 | I30: =IFERROR(AVERAGE(P30,U30,Z30,AE30,AJ30,AO30,AT30),"-") -> 13 | J30: =IFERROR(AVERAGE(Q30,V30,AA30,AF30,AK30,AP30,AU30),"-") -> 2093.4663 | K30: =IFERROR(AVERAGE(R30,W30,AB30,AG30,AL30,AQ30,AV30),"-") -> 161.03587 | M30: =RANK(K30, K$27:$K$41) -> 7 | P30: 13 | Q30: 2094.6 | R30: 161.12308 | S30: =RANK(R30, R$27:R$41) -> 7 | U30: 13 | V30: 2060.2759 | W30: 158.48276 | X30: =RANK(W30, W$27:W$41) -> 7 | Z30: 13 | AA30: 2083.7647 | AB30: 160.28959 | AC30: =RANK(AB30, AB$27:AB$41) -> 7 | AE30: 13 | AF30: 2105.4545 | AG30: 161.95804 | AH30: =RANK(AG30, AG$27:AG$41) -> 7 | AJ30: 13 | AK30: 2099.2593 | AL30: 161.48148 | AM30: =RANK(AL30, AL$27:AL$41) -> 7 | AO30: 13 | AP30: 2099.2593 | AQ30: 161.48148 | AR30: =RANK(AQ30, AQ$27:AQ$41) -> 7 | AT30: 13 | AU30: 2111.6505 | AV30: 162.43465 | AW30: =RANK(AV30, AV$27:AV$41) -> 7 | AZ30: =RANK(AY30, AY$27:AY$41) -> #N/A
C31: 5 | D31: 大口蒜味香腸燒肉雙拼飯糰 | E31: 13 | F31: 2250 | G31: 173.1 | I31: =IFERROR(AVERAGE(P31,U31,Z31,AE31,AJ31,AO31,AT31),"-") -> 13 | J31: =IFERROR(AVERAGE(Q31,V31,AA31,AF31,AK31,AP31,AU31),"-") -> 2199.3966 | K31: =IFERROR(AVERAGE(R31,W31,AB31,AG31,AL31,AQ31,AV31),"-") -> 169.18435 | M31: =RANK(K31, K$27:$K$41) -> 5 | P31: 13 | Q31: 2188.4211 | R31: 168.34008 | S31: =RANK(R31, R$27:R$41) -> 5 | U31: 13 | V31: 2202.5581 | W31: 169.42755 | X31: =RANK(W31, W$27:W$41) -> 5 | Z31: 13 | AA31: 2178.0723 | AB31: 167.54402 | AC31: =RANK(AB31, AB$27:AB$41) -> 5 | AE31: 13 | AF31: 2216.3636 | AG31: 170.48951 | AH31: =RANK(AG31, AG$27:AG$41) -> 5 | AJ31: 13 | AK31: 2211.2 | AL31: 170.09231 | AM31: =RANK(AL31, AL$27:AL$41) -> 5 | AO31: 13 | AP31: 2211.2 | AQ31: 170.09231 | AR31: =RANK(AQ31, AQ$27:AQ$41) -> 5 | AT31: 13 | AU31: 2187.9612 | AV31: 168.30471 | AW31: =RANK(AV31, AV$27:AV$41) -> 5 | AZ31: =RANK(AY31, AY$27:AY$41) -> #N/A
C32: 6 | D32: 大口義式香草雞腿排飯糰 | E32: 10 | F32: 2769 | G32: 276.9 | I32: =IFERROR(AVERAGE(P32,U32,Z32,AE32,AJ32,AO32,AT32),"-") -> 10 | J32: =IFERROR(AVERAGE(Q32,V32,AA32,AF32,AK32,AP32,AU32),"-") -> 2402.3305 | K32: =IFERROR(AVERAGE(R32,W32,AB32,AG32,AL32,AQ32,AV32),"-") -> 240.23305 | M32: =RANK(K32, K$27:$K$41) -> 3 | P32: 10 | Q32: 2379.4737 | R32: 237.94737 | S32: =RANK(R32, R$27:R$41) -> 3 | U32: 10 | V32: 2435.1923 | W32: 243.51923 | X32: =RANK(W32, W$27:W$41) -> 3 | Z32: 10 | AA32: 2452.7097 | AB32: 245.27097 | AC32: =RANK(AB32, AB$27:AB$41) -> 3 | AE32: 10 | AF32: 2372 | AG32: 237.2 | AH32: =RANK(AG32, AG$27:AG$41) -> 3 | AJ32: 10 | AK32: 2398.8462 | AL32: 239.88462 | AM32: =RANK(AL32, AL$27:AL$41) -> 3 | AO32: 10 | AP32: 2398.8462 | AQ32: 239.88462 | AR32: =RANK(AQ32, AQ$27:AQ$41) -> 3 | AT32: 10 | AU32: 2379.2457 | AV32: 237.92457 | AW32: =RANK(AV32, AV$27:AV$41) -> 3 | AZ32: =RANK(AY32, AY$27:AY$41) -> #N/A
C33: 7 | D33: 大口法式蕈菇起司雞排飯糰 | E33: 11 | F33: 2250 | G33: 204.5 | I33: =IFERROR(AVERAGE(P33,U33,Z33,AE33,AJ33,AO33,AT33),"-") -> 11 | J33: =IFERROR(AVERAGE(Q33,V33,AA33,AF33,AK33,AP33,AU33),"-") -> 2143.5127 | K33: =IFERROR(AVERAGE(R33,W33,AB33,AG33,AL33,AQ33,AV33),"-") -> 194.86479 | M33: =RANK(K33, K$27:$K$41) -> 4 | P33: 11 | Q33: 2135.1064 | R33: 194.10058 | S33: =RANK(R33, R$27:R$41) -> 4 | U33: 11 | V33: 2133.2093 | W33: 193.92812 | X33: =RANK(W33, W$27:W$41) -> 4 | Z33: 11 | AA33: 2153.4545 | AB33: 195.7686 | AC33: =RANK(AB33, AB$27:AB$41) -> 4 | AE33: 11 | AF33: 2179.2 | AG33: 198.10909 | AH33: =RANK(AG33, AG$27:AG$41) -> 4 | AJ33: 11 | AK33: 2108 | AL33: 191.63636 | AM33: =RANK(AL33, AL$27:AL$41) -> 4 | AO33: 11 | AP33: 2108 | AQ33: 191.63636 | AR33: =RANK(AQ33, AQ$27:AQ$41) -> 4 | AT33: 11 | AU33: 2187.6186 | AV33: 198.87441 | AW33: =RANK(AV33, AV$27:AV$41) -> 4 | AZ33: =RANK(AY33, AY$27:AY$41) -> #N/A
C34: 8 | D34: 麻油雞飯糰 | E34: 18 | F34: 1200 | G34: 66.666667 | I34: =IFERROR(AVERAGE(P34,U34,Z34,AE34,AJ34,AO34,AT34),"-") -> 18.714286 | J34: =IFERROR(AVERAGE(Q34,V34,AA34,AF34,AK34,AP34,AU34),"-") -> 1211.0074 | K34: =IFERROR(AVERAGE(R34,W34,AB34,AG34,AL34,AQ34,AV34),"-") -> 64.81923 | M34: =RANK(K34, K$27:$K$41) -> 9 | P34: 20 | Q34: 1232.9032 | R34: 61.645161 | S34: =RANK(R34, R$27:R$41) -> 9 | U34: 19 | V34: 1228.2353 | W34: 64.643963 | X34: =RANK(W34, W$27:W$41) -> 9 | Z34: 20 | AA34: 1218.9474 | AB34: 60.947368 | AC34: =RANK(AB34, AB$27:AB$41) -> 9 | AE34: 18 | AF34: 1222.9412 | AG34: 67.941176 | AH34: =RANK(AG34, AG$27:AG$41) -> 9 | AJ34: 18 | AK34: 1199.2 | AL34: 66.622222 | AM34: =RANK(AL34, AL$27:AL$41) -> 8 | AO34: 18 | AP34: 1199.2 | AQ34: 66.622222 | AR34: =RANK(AQ34, AQ$27:AQ$41) -> 8 | AT34: 18 | AU34: 1175.625 | AV34: 65.3125 | AW34: =RANK(AV34, AV$27:AV$41) -> 8 | AZ34: =RANK(AY34, AY$27:AY$41) -> #N/A
C35: 9 | D35: 香辣醬雞肉炒飯飯糰 | E35: 18 | F35: 1200 | G35: 66.666667 | I35: =IFERROR(AVERAGE(P35,U35,Z35,AE35,AJ35,AO35,AT35),"-") -> 18.25 | J35: =IFERROR(AVERAGE(Q35,V35,AA35,AF35,AK35,AP35,AU35),"-") -> 1212.7321 | K35: =IFERROR(AVERAGE(R35,W35,AB35,AG35,AL35,AQ35,AV35),"-") -> 66.492318 | M35: =RANK(K35, K$27:$K$41) -> 8 | P35: 19 | Q35: 1206.1475 | R35: 63.48145 | S35: =RANK(R35, R$27:R$41) -> 8 | U35: 18 | V35: 1207.8 | W35: 67.1 | X35: =RANK(W35, W$27:W$41) -> 8 | Z35: 18 | AA35: 1209.2308 | AB35: 67.179487 | AC35: =RANK(AB35, AB$27:AB$41) -> 8 | AE35: 18 | AF35: 1227.75 | AG35: 68.208333 | AH35: =RANK(AG35, AG$27:AG$41) -> 8 | AM35: =RANK(AL35, AL$27:AL$41) -> #VALUE! | AR35: =RANK(AQ35, AQ$27:AQ$41) -> #VALUE! | AW35: =RANK(AV35, AV$27:AV$41) -> #VALUE! | AZ35: =RANK(AY35, AY$27:AY$41) -> #N/A
C36: 10 | I36: =IFERROR(AVERAGE(P36,U36,Z36,AE36,AJ36,AO36,AT36),"-") -> - | J36: =IFERROR(AVERAGE(Q36,V36,AA36,AF36,AK36,AP36,AU36),"-") -> - | K36: =IFERROR(AVERAGE(R36,W36,AB36,AG36,AL36,AQ36,AV36),"-") -> - | M36: =RANK(K36, K$27:$K$41) -> #VALUE! | S36: =RANK(R36, R$27:R$41) -> #VALUE! | X36: =RANK(W36, W$27:W$41) -> #VALUE! | AC36: =RANK(AB36, AB$27:AB$41) -> #VALUE! | AH36: =RANK(AG36, AG$27:AG$41) -> #VALUE! | AM36: =RANK(AL36, AL$27:AL$41) -> #VALUE! | AR36: =RANK(AQ36, AQ$27:AQ$41) -> #VALUE! | AW36: =RANK(AV36, AV$27:AV$41) -> #VALUE! | AZ36: =RANK(AY36, AY$27:AY$41) -> #N/A
C37: 11 | I37: =IFERROR(AVERAGE(P37,U37,Z37,AE37,AJ37,AO37,AT37),"-") -> - | J37: =IFERROR(AVERAGE(Q37,V37,AA37,AF37,AK37,AP37,AU37),"-") -> - | K37: =IFERROR(AVERAGE(R37,W37,AB37,AG37,AL37,AQ37,AV37),"-") -> - | M37: =RANK(K37, K$27:$K$41) -> #VALUE! | S37: =RANK(R37, R$27:R$41) -> #VALUE! | X37: =RANK(W37, W$27:W$41) -> #VALUE! | AC37: =RANK(AB37, AB$27:AB$41) -> #VALUE! | AH37: =RANK(AG37, AG$27:AG$41) -> #VALUE! | AM37: =RANK(AL37, AL$27:AL$41) -> #VALUE! | AR37: =RANK(AQ37, AQ$27:AQ$41) -> #VALUE! | AW37: =RANK(AV37, AV$27:AV$41) -> #VALUE! | AZ37: =RANK(AY37, AY$27:AY$41) -> #N/A
C38: 12 | I38: =IFERROR(AVERAGE(P38,U38,Z38,AE38,AJ38,AO38,AT38),"-") -> - | J38: =IFERROR(AVERAGE(Q38,V38,AA38,AF38,AK38,AP38,AU38),"-") -> - | K38: =IFERROR(AVERAGE(R38,W38,AB38,AG38,AL38,AQ38,AV38),"-") -> - | M38: =RANK(K38, K$27:$K$41) -> #VALUE! | S38: =RANK(R38, R$27:R$41) -> #VALUE! | X38: =RANK(W38, W$27:W$41) -> #VALUE! | AC38: =RANK(AB38, AB$27:AB$41) -> #VALUE! | AH38: =RANK(AG38, AG$27:AG$41) -> #VALUE! | AM38: =RANK(AL38, AL$27:AL$41) -> #VALUE! | AR38: =RANK(AQ38, AQ$27:AQ$41) -> #VALUE! | AW38: =RANK(AV38, AV$27:AV$41) -> #VALUE! | AZ38: =RANK(AY38, AY$27:AY$41) -> #N/A
C39: 13 | I39: =IFERROR(AVERAGE(P39,U39,Z39,AE39,AJ39,AO39,AT39),"-") -> - | J39: =IFERROR(AVERAGE(Q39,V39,AA39,AF39,AK39,AP39,AU39),"-") -> - | K39: =IFERROR(AVERAGE(R39,W39,AB39,AG39,AL39,AQ39,AV39),"-") -> - | M39: =RANK(K39, K$27:$K$41) -> #VALUE! | S39: =RANK(R39, R$27:R$41) -> #VALUE! | X39: =RANK(W39, W$27:W$41) -> #VALUE! | AC39: =RANK(AB39, AB$27:AB$41) -> #VALUE! | AH39: =RANK(AG39, AG$27:AG$41) -> #VALUE! | AM39: =RANK(AL39, AL$27:AL$41) -> #VALUE! | AR39: =RANK(AQ39, AQ$27:AQ$41) -> #VALUE! | AW39: =RANK(AV39, AV$27:AV$41) -> #VALUE! | AZ39: =RANK(AY39, AY$27:AY$41) -> #N/A
C40: 14 | I40: =IFERROR(AVERAGE(P40,U40,Z40,AE40,AJ40,AO40,AT40),"-") -> - | J40: =IFERROR(AVERAGE(Q40,V40,AA40,AF40,AK40,AP40,AU40),"-") -> - | K40: =IFERROR(AVERAGE(R40,W40,AB40,AG40,AL40,AQ40,AV40),"-") -> - | M40: =RANK(K40, K$27:$K$41) -> #VALUE! | S40: =RANK(R40, R$27:R$41) -> #VALUE! | X40: =RANK(W40, W$27:W$41) -> #VALUE! | AC40: =RANK(AB40, AB$27:AB$41) -> #VALUE! | AH40: =RANK(AG40, AG$27:AG$41) -> #VALUE! | AM40: =RANK(AL40, AL$27:AL$41) -> #VALUE! | AR40: =RANK(AQ40, AQ$27:AQ$41) -> #VALUE! | AW40: =RANK(AV40, AV$27:AV$41) -> #VALUE! | AZ40: =RANK(AY40, AY$27:AY$41) -> #N/A
C41: 15 | M41: =RANK(K41, K$27:$K$41) -> #N/A | S41: =RANK(R41, R$27:R$41) -> #VALUE! | X41: =RANK(W41, W$27:W$41) -> #VALUE! | AC41: =RANK(AB41, AB$27:AB$41) -> #VALUE! | AH41: =RANK(AG41, AG$27:AG$41) -> #VALUE! | AM41: =RANK(AL41, AL$27:AL$41) -> #VALUE! | AR41: =RANK(AQ41, AQ$27:AQ$41) -> #VALUE! | AW41: =RANK(AV41, AV$27:AV$41) -> #VALUE! | AZ41: =RANK(AY41, AY$27:AY$41) -> #N/A
B42: 產線配置圖－每週更新 | N42: 資料繳交 | O42: 日期 | P42: =P22+7 -> 46217 | U42: =P42+1 -> 46218 | Z42: =U42+1 -> 46219 | AE42: =Z42+1 -> 46220 | AJ42: =AE42+1 -> 46221 | AO42: =AJ42+1 -> 46222 | AT42: =AO42+1 -> 46223
P43: 二 | U43: 三 | Z43: 四 | AE43: 五 | AJ43: 六 | AO43: 日 | AT43: 一
B44: 品群 | C44: 商品名稱 | E44: 計畫 | H44: 平均人時性 | I44: 實績 | L44: 平均人時性 | M44: 排名 | O44: 日報 | P44: 實際 | T44: 平均人時性 | U44: 實際 | Y44: 平均人時性 | Z44: 實際 | AD44: 平均人時性 | AE44: 實際 | AI44: 平均人時性 | AJ44: 實際 | AN44: 平均人時性 | AO44: 實際 | AS44: 平均人時性 | AT44: 實際 | AX44: 平均人時性
E45: 產線配置圖 | I45: 產線配置圖 | P45: 生產實績 | U45: 生產實績 | Z45: 生產實績 | AE45: 生產實績 | AJ45: 生產實績 | AO45: 生產實績 | AT45: 生產實績
E46: 人數 | F46: 產能／時 | G46: 人時性 | I46: 人數 | J46: 產能／時 | K46: 人時性 | P46: 人數 | Q46: 產能／時 | R46: 人時性 | S46: 排名 | U46: 人數 | V46: 產能／時 | W46: 人時性 | X46: 排名 | Z46: 人數 | AA46: 產能／時 | AB46: 人時性 | AC46: 排名 | AE46: 人數 | AF46: 產能／時 | AG46: 人時性 | AH46: 排名 | AJ46: 人數 | AK46: 產能／時 | AL46: 人時性 | AM46: 排名 | AO46: 人數 | AP46: 產能／時 | AQ46: 人時性 | AR46: 排名 | AT46: 人數 | AU46: 產能／時 | AV46: 人時性 | AW46: 排名
B47: 4℃-飯糰 | C47: 1 | D47: 淡麗清酒蒸蛤蜊烤飯糰 | E47: 4 | F47: 2000 | G47: 500 | H47: =AVERAGE(G47:G61) -> 265.00582 | I47: =IFERROR(AVERAGE(P47,U47,Z47,AE47,AJ47,AO47,AT47),"-") -> 5 | J47: =IFERROR(AVERAGE(Q47,V47,AA47,AF47,AK47,AP47,AU47),"-") -> 2118.8475 | K47: =IFERROR(AVERAGE(R47,W47,AB47,AG47,AL47,AQ47,AV47),"-") -> 423.76951 | L47: =IFERROR(AVERAGE(K47:K55),"-") -> 238.50198 | M47: =RANK(K47, K$47:$K$61) -> 1 | P47: 5 | Q47: 2122.8 | R47: 424.56 | S47: 2 | T47: 239.62273 | U47: 5 | V47: 2146.6667 | W47: 429.33333 | X47: 1 | Y47: 239.84912 | Z47: 5 | AA47: 2097.4468 | AB47: 419.48936 | AC47: 1 | AD47: 236.44199 | AE47: 5 | AF47: 2096.8421 | AG47: 419.36842 | AH47: 2 | AI47: 236.97853 | AJ47: 5 | AK47: 2142.1622 | AL47: 428.43243 | AM47: 1 | AN47: 237.73023 | AO47: 5 | AP47: 2123.1579 | AQ47: 424.63158 | AR47: 1 | AS47: 239.58613 | AT47: 5 | AU47: 2102.8571 | AV47: 420.57143 | AW47: 2 | AX47: 239.30513 | AZ47: =RANK(AY47, AY$47:AY$61) -> #N/A | BA47: =AVERAGE(AY47:AY61) -> #DIV/0!
C48: 2 | D48: 糖燻野郎起司炙燒牛烤飯糰 | E48: 4 | F48: 2000 | G48: 500 | I48: =IFERROR(AVERAGE(P48,U48,Z48,AE48,AJ48,AO48,AT48),"-") -> 5 | J48: =IFERROR(AVERAGE(Q48,V48,AA48,AF48,AK48,AP48,AU48),"-") -> 2111.0931 | K48: =IFERROR(AVERAGE(R48,W48,AB48,AG48,AL48,AQ48,AV48),"-") -> 422.21861 | M48: =RANK(K48, K$47:$K$61) -> 2 | P48: 5 | Q48: 2134.4681 | R48: 426.89362 | S48: 1 | U48: 5 | V48: 2111.1628 | W48: 422.23256 | X48: 2 | Z48: 5 | AA48: 2085.6522 | AB48: 417.13043 | AC48: 2 | AE48: 5 | AF48: 2134.0541 | AG48: 426.81081 | AH48: 1 | AJ48: 5 | AK48: 2075.6757 | AL48: 415.13514 | AM48: 2 | AO48: 5 | AP48: 2102.3529 | AQ48: 420.47059 | AR48: 2 | AT48: 5 | AU48: 2134.2857 | AV48: 426.85714 | AW48: 1 | AZ48: =RANK(AY48, AY$47:AY$61) -> #N/A
C49: 3 | D49: 大口日式塔塔醬蝦排飯糰 | E49: 12 | F49: 2118 | G49: 176.5 | I49: =IFERROR(AVERAGE(P49,U49,Z49,AE49,AJ49,AO49,AT49),"-") -> 12 | J49: =IFERROR(AVERAGE(Q49,V49,AA49,AF49,AK49,AP49,AU49),"-") -> 2056.6115 | K49: =IFERROR(AVERAGE(R49,W49,AB49,AG49,AL49,AQ49,AV49),"-") -> 171.38429 | M49: =RANK(K49, K$47:$K$61) -> 6 | P49: 12 | Q49: 2059.0909 | R49: 171.59091 | S49: 6 | U49: 12 | V49: 2075.5556 | W49: 172.96296 | X49: 6 | Z49: 12 | AA49: 2020.7143 | AB49: 168.39286 | AC49: 6 | AE49: 12 | AF49: 2070 | AG49: 172.5 | AH49: 6 | AJ49: 12 | AK49: 2052.766 | AL49: 171.06383 | AM49: 6 | AO49: 12 | AP49: 2038.1538 | AQ49: 169.84615 | AR49: 6 | AT49: 12 | AU49: 2080 | AV49: 173.33333 | AW49: 6 | AZ49: =RANK(AY49, AY$47:AY$61) -> #N/A
C50: 4 | D50: 大口歐風焙煎咖哩漢堡排飯糰 | E50: 13 | F50: 2250 | G50: 173.1 | I50: =IFERROR(AVERAGE(P50,U50,Z50,AE50,AJ50,AO50,AT50),"-") -> 13 | J50: =IFERROR(AVERAGE(Q50,V50,AA50,AF50,AK50,AP50,AU50),"-") -> 2146.3706 | K50: =IFERROR(AVERAGE(R50,W50,AB50,AG50,AL50,AQ50,AV50),"-") -> 165.10543 | M50: =RANK(K50, K$47:$K$61) -> 8 | P50: 13 | Q50: 2189.1148 | R50: 168.39344 | S50: 7 | U50: 13 | V50: 2224.5294 | W50: 171.11765 | X50: 7 | Z50: 13 | AA50: 2073.2069 | AB50: 159.47745 | AC50: 8 | AE50: 13 | AF50: 2036.5714 | AG50: 156.65934 | AH50: 8 | AJ50: 13 | AK50: 2175.2113 | AL50: 167.32394 | AM50: 8 | AO50: 13 | AP50: 2182.9787 | AQ50: 167.92144 | AR50: 8 | AT50: 13 | AU50: 2142.9818 | AV50: 164.84476 | AW50: 8 | AZ50: =RANK(AY50, AY$47:AY$61) -> #N/A
C51: 5 | D51: 大口蒜味香腸燒肉雙拼飯糰 | E51: 13 | F51: 2250 | G51: 173.1 | I51: =IFERROR(AVERAGE(P51,U51,Z51,AE51,AJ51,AO51,AT51),"-") -> 13 | J51: =IFERROR(AVERAGE(Q51,V51,AA51,AF51,AK51,AP51,AU51),"-") -> 2160.7887 | K51: =IFERROR(AVERAGE(R51,W51,AB51,AG51,AL51,AQ51,AV51),"-") -> 166.21451 | M51: =RANK(K51, K$47:$K$61) -> 7 | P51: 13 | Q51: 2127.3281 | R51: 163.64062 | S51: 8 | U51: 13 | V51: 2141.4545 | W51: 164.72727 | X51: 8 | Z51: 13 | AA51: 2104.0645 | AB51: 161.85112 | AC51: 7 | AE51: 13 | AF51: 2156 | AG51: 165.84615 | AH51: 7 | AJ51: 13 | AK51: 2210.3704 | AL51: 170.02849 | AM51: 7 | AO51: 13 | AP51: 2190.303 | AQ51: 168.48485 | AR51: 7 | AT51: 13 | AU51: 2196 | AV51: 168.92308 | AW51: 7 | AZ51: =RANK(AY51, AY$47:AY$61) -> #N/A
C52: 6 | D52: 大口義式香草雞腿排飯糰 | E52: 10 | F52: 2769 | G52: 276.9 | I52: =IFERROR(AVERAGE(P52,U52,Z52,AE52,AJ52,AO52,AT52),"-") -> 10 | J52: =IFERROR(AVERAGE(Q52,V52,AA52,AF52,AK52,AP52,AU52),"-") -> 2379.8915 | K52: =IFERROR(AVERAGE(R52,W52,AB52,AG52,AL52,AQ52,AV52),"-") -> 237.98915 | M52: =RANK(K52, K$47:$K$61) -> 4 | P52: 10 | Q52: 2418 | R52: 241.8 | S52: 4 | U52: 10 | V52: 2372.2826 | W52: 237.22826 | X52: 4 | Z52: 10 | AA52: 2411.4474 | AB52: 241.14474 | AC52: 4 | AE52: 10 | AF52: 2364.5455 | AG52: 236.45455 | AH52: 4 | AJ52: 10 | AK52: 2340.75 | AL52: 234.075 | AM52: 4 | AO52: 10 | AP52: 2383.0258 | AQ52: 238.30258 | AR52: 4 | AT52: 10 | AU52: 2369.1892 | AV52: 236.91892 | AW52: 4 | AZ52: =RANK(AY52, AY$47:AY$61) -> #N/A
C53: 7 | D53: 大口法式蕈菇起司雞排飯糰 | E53: 11 | F53: 2250 | G53: 204.5 | I53: =IFERROR(AVERAGE(P53,U53,Z53,AE53,AJ53,AO53,AT53),"-") -> 11 | J53: =IFERROR(AVERAGE(Q53,V53,AA53,AF53,AK53,AP53,AU53),"-") -> 2134.748 | K53: =IFERROR(AVERAGE(R53,W53,AB53,AG53,AL53,AQ53,AV53),"-") -> 194.068 | M53: =RANK(K53, K$47:$K$61) -> 5 | P53: 11 | Q53: 2166.8571 | R53: 196.98701 | S53: 5 | U53: 11 | V53: 2186.8537 | W53: 198.80488 | X53: 5 | Z53: 11 | AA53: 2110.5 | AB53: 191.86364 | AC53: 5 | AE53: 11 | AF53: 2082.8571 | AG53: 189.35065 | AH53: 5 | AJ53: 11 | AK53: 2082.3429 | AL53: 189.3039 | AM53: 5 | AO53: 11 | AP53: 2194.7143 | AQ53: 199.51948 | AR53: 5 | AT53: 11 | AU53: 2119.1111 | AV53: 192.64646 | AW53: 5 | AZ53: =RANK(AY53, AY$47:AY$61) -> #N/A
C54: 8 | D54: 麻油雞飯糰 | E54: 18 | F54: 1200 | G54: 66.666667 | I54: =IFERROR(AVERAGE(P54,U54,Z54,AE54,AJ54,AO54,AT54),"-") -> 18.714286 | J54: =IFERROR(AVERAGE(Q54,V54,AA54,AF54,AK54,AP54,AU54),"-") -> 1205.4749 | K54: =IFERROR(AVERAGE(R54,W54,AB54,AG54,AL54,AQ54,AV54),"-") -> 64.434423 | M54: =RANK(K54, K$47:$K$61) -> 9 | P54: 19 | Q54: 1206 | R54: 63.473684 | S54: 9 | U54: 19 | V54: 1219.5181 | W54: 64.185162 | X54: 9 | Z54: 19 | AA54: 1210.2439 | AB54: 63.697047 | AC54: 9 | AE54: 19 | AF54: 1208.5714 | AG54: 63.609023 | AH54: 9 | AJ54: 19 | AK54: 1227.8261 | AL54: 64.622426 | AM54: 9 | AO54: 18 | AP54: 1170.303 | AQ54: 65.016835 | AR54: 9 | AT54: 18 | AU54: 1195.8621 | AV54: 66.436782 | AW54: 9 | AZ54: =RANK(AY54, AY$47:AY$61) -> #N/A
C55: 9 | D55: 西西里風烤飯糰 | E55: 7 | F55: 2200 | G55: 314.28571 | I55: =IFERROR(AVERAGE(P55,U55,Z55,AE55,AJ55,AO55,AT55),"-") -> 7 | J55: =IFERROR(AVERAGE(Q55,V55,AA55,AF55,AK55,AP55,AU55),"-") -> 2109.3372 | K55: =IFERROR(AVERAGE(R55,W55,AB55,AG55,AL55,AQ55,AV55),"-") -> 301.33388 | M55: =RANK(K55, K$47:$K$61) -> 3 | P55: 7 | Q55: 2094.8571 | R55: 299.26531 | S55: 3 | U55: 7 | V55: 2086.35 | W55: 298.05 | X55: 3 | Z55: 7 | AA55: 2134.5187 | AB55: 304.93125 | AC55: 3 | AE55: 7 | AF55: 2115.4545 | AG55: 302.20779 | AH55: 3 | AJ55: 7 | AK55: 2097.1084 | AL55: 299.58692 | AM55: 3 | AO55: 7 | AP55: 2114.5714 | AQ55: 302.08163 | AR55: 3 | AT55: 7 | AU55: 2122.5 | AV55: 303.21429 | AW55: 3 | AZ55: =RANK(AY55, AY$47:AY$61) -> #N/A
C56: 10 | I56: =IFERROR(AVERAGE(P56,U56,Z56,AE56,AJ56,AO56,AT56),"-") -> - | J56: =IFERROR(AVERAGE(Q56,V56,AA56,AF56,AK56,AP56,AU56),"-") -> - | K56: =IFERROR(AVERAGE(R56,W56,AB56,AG56,AL56,AQ56,AV56),"-") -> - | M56: =RANK(K56, K$47:$K$61) -> #VALUE! | S56: #VALUE! | X56: #VALUE! | AC56: #VALUE! | AH56: #VALUE! | AM56: #VALUE! | AR56: #VALUE! | AW56: #VALUE! | AZ56: =RANK(AY56, AY$47:AY$61) -> #N/A
C57: 11 | I57: =IFERROR(AVERAGE(P57,U57,Z57,AE57,AJ57,AO57,AT57),"-") -> - | J57: =IFERROR(AVERAGE(Q57,V57,AA57,AF57,AK57,AP57,AU57),"-") -> - | K57: =IFERROR(AVERAGE(R57,W57,AB57,AG57,AL57,AQ57,AV57),"-") -> - | M57: =RANK(K57, K$47:$K$61) -> #VALUE! | S57: #VALUE! | X57: #VALUE! | AC57: #VALUE! | AH57: #VALUE! | AM57: #VALUE! | AR57: #VALUE! | AW57: #VALUE! | AZ57: =RANK(AY57, AY$47:AY$61) -> #N/A
C58: 12 | I58: =IFERROR(AVERAGE(P58,U58,Z58,AE58,AJ58,AO58,AT58),"-") -> - | J58: =IFERROR(AVERAGE(Q58,V58,AA58,AF58,AK58,AP58,AU58),"-") -> - | K58: =IFERROR(AVERAGE(R58,W58,AB58,AG58,AL58,AQ58,AV58),"-") -> - | M58: =RANK(K58, K$47:$K$61) -> #VALUE! | S58: #VALUE! | X58: #VALUE! | AC58: #VALUE! | AH58: #VALUE! | AM58: #VALUE! | AR58: #VALUE! | AW58: #VALUE! | AZ58: =RANK(AY58, AY$47:AY$61) -> #N/A
C59: 13 | I59: =IFERROR(AVERAGE(P59,U59,Z59,AE59,AJ59,AO59,AT59),"-") -> - | J59: =IFERROR(AVERAGE(Q59,V59,AA59,AF59,AK59,AP59,AU59),"-") -> - | K59: =IFERROR(AVERAGE(R59,W59,AB59,AG59,AL59,AQ59,AV59),"-") -> - | M59: =RANK(K59, K$47:$K$61) -> #VALUE! | AZ59: =RANK(AY59, AY$47:AY$61) -> #N/A
C60: 14 | I60: =IFERROR(AVERAGE(P60,U60,Z60,AE60,AJ60,AO60,AT60),"-") -> - | J60: =IFERROR(AVERAGE(Q60,V60,AA60,AF60,AK60,AP60,AU60),"-") -> - | K60: =IFERROR(AVERAGE(R60,W60,AB60,AG60,AL60,AQ60,AV60),"-") -> - | M60: =RANK(K60, K$47:$K$61) -> #VALUE! | AZ60: =RANK(AY60, AY$47:AY$61) -> #N/A
C61: 15 | M61: =RANK(K61, K$47:$K$61) -> #N/A | AZ61: =RANK(AY61, AY$47:AY$61) -> #N/A
