Workbook

Sheet 填寫舉例
A2: 7 | B2: 月別 | C2: 工廠名 | D2: ・・・・・・・・
A4: （１）收支狀況 | E4: ※單位：千元 | G4: （２）ＫＰＩ達成進度 | M4: （３）業績構成比 | S4: （４）訂單數量構成比
B5: 當月 | C5: 前月 | D5: 差異 | E5: 累計 | H5: KPI | I5: 當月 | J5: 前月 | K5: 累計 | L5: ※補充 | N5: 當月 | O5: 比例 | P5: 前月 | Q5: 差異 | T5: 當月 | U5: 比例 | V5: 前月 | W5: 差異
A6: 業績金額 | B6: 500000 | C6: 510000 | D6: =B6-C6 -> -10000 | E6: =B6+C6 -> 1010000 | G6: 人時生產性1 | H6: 110 | I6: 100 | J6: 90 | L6: 個／MH | M6: 飯糰 | N6: 150000 | O6: =IFERROR(N6/$B$6,"") -> 0.3 | P6: 0.4 | Q6: =IFERROR(O6-P6,"") -> -0.1 | S6: 飯糰 | T6: 35000 | U6: =IFERROR(T6/$B$7,"") -> 0.35 | V6: 0.3 | W6: =IFERROR(U6-V6,"") -> 0.05
A7: 訂單數量 | B7: 100000 | C7: 110000 | D7: =B7-C7 -> -10000 | E7: =B7+C7 -> 210000 | G7: 人時生產性2 | H7: 0.8 | I7: 0.85 | J7: 0.81 | K7: 0.84 | L7: 達成率 | M7: 大口飯糰 | N7: 100000 | O7: =IFERROR(N7/$B$6,"") -> 0.2 | P7: 0.15 | Q7: =IFERROR(O7-P7,"") -> 0.05 | S7: 大口飯糰 | T7: 30000 | U7: =IFERROR(T7/$B$7,"") -> 0.3 | V7: 0.15 | W7: =IFERROR(U7-V7,"") -> 0.15
A8: 材料費 | B8: 250000 | C8: 260000 | D8: =B8-C8 -> -10000 | E8: =B8+C8 -> 510000 | G8: 半成品報廢 | H8: 0.0025 | I8: 0.0024 | J8: 0.0023 | K8: 0.00235 | L8: 報廢率 | M8: 便當 | N8: 160000 | O8: =IFERROR(N8/$B$6,"") -> 0.32 | P8: 0.28 | Q8: =IFERROR(O8-P8,"") -> 0.04 | S8: 便當 | T8: 20000 | U8: =IFERROR(T8/$B$7,"") -> 0.2 | V8: 0.28 | W8: =IFERROR(U8-V8,"") -> -0.08
A9: 材料費率 | B9: =B8/B6 -> 0.5 | C9: =C8/C6 -> 0.50980392 | D9: =B9-C9 -> -0.0098039216 | E9: =(B9+C9)/2 -> 0.50490196 | G9: 半成品超用 | H9: 0.006 | I9: 0.009 | J9: 0.0095 | K9: 0.0092 | L9: 超用率 | M9: 調理麵 | N9: 90000 | O9: =IFERROR(N9/$B$6,"") -> 0.18 | P9: 0.17 | Q9: =IFERROR(O9-P9,"") -> 0.01 | S9: 調理麵 | T9: 15000 | U9: =IFERROR(T9/$B$7,"") -> 0.15 | V9: 0.27 | W9: =IFERROR(U9-V9,"") -> -0.12
A10: 勞務成本 | B10: 100000 | C10: 105000 | D10: =B10-C10 -> -5000 | E10: =B10+C10 -> 205000 | G10: 固定產線 | H10: 0.95 | I10: 0.9 | J10: 0.92 | K10: 0.91 | L10: 導入率 | M10: 調理麵包 | N10: - | O10: =IFERROR(N10/$B$6,"") | P10: -% | Q10: =IFERROR(O10-P10,"") | S10: 調理麵包 | T10: - | U10: =IFERROR(T10/$B$7,"") | V10: -% | W10: =IFERROR(U10-V10,"")
A11: 勞務費率 | B11: =B10/B6 -> 0.2 | C11: =C10/C6 -> 0.20588235 | D11: =B11-C11 -> -0.0058823529 | E11: =(B11+C11)/2 -> 0.20294118 | G11: 教育訓練 | H11: 0.8 | I11: 0.85 | J11: 1 | K11: 0.92 | L11: 實施率 | M11: 袋裝調理麵包 | N11: - | O11: =IFERROR(N11/$B$6,"") | P11: -% | Q11: =IFERROR(O11-P11,"") | S11: 袋裝調理麵包 | T11: - | U11: =IFERROR(T11/$B$7,"") | V11: -% | W11: =IFERROR(U11-V11,"")
M12: 義大利麵 | N12: - | O12: =IFERROR(N12/$B$6,"") | P12: -% | Q12: =IFERROR(O12-P12,"") | S12: 義大利麵 | T12: - | U12: =IFERROR(T12/$B$7,"") | V12: -% | W12: =IFERROR(U12-V12,"")
A13: （５）品群別人時生產性 | M13: 調理包 | N13: - | O13: =IFERROR(N13/$B$6,"") | P13: -% | Q13: =IFERROR(O13-P13,"") | S13: 調理包 | T13: - | U13: =IFERROR(T13/$B$7,"") | V13: -% | W13: =IFERROR(U13-V13,"")
B14: 當月 | C14: 前月 | D14: 差異 | E14: 累計 | H14: 當月 | I14: 前月 | J14: 差異 | K14: 累計 | O14: =SUM(O6:O13) -> 1 | P14: =SUM(P6:P13) -> 1 | U14: =SUM(U6:U13) -> 1 | V14: =SUM(V6:V13) -> 1
A15: 飯糰 | B15: 600 | C15: 660 | D15: =B15-C15 -> -60 | E15: =(B15+C15)/2 -> 630 | G15: 調理麵包 | J15: =H15-I15 -> 0 | M15: （７）原因別分析
A16: 大口飯糰 | B16: 800 | C16: 780 | D16: =B16-C16 -> 20 | E16: =(B16+C16)/2 -> 790 | G16: 袋裝調理麵包 | J16: =H16-I16 -> 0 | N16: 合計 | P16: 作業原因 | R16: 規格原因
A17: 便當 | B17: 130 | C17: 111 | D17: =B17-C17 -> 19 | E17: =(B17+C17)/2 -> 120.5 | G17: 義大利麵 | J17: =H17-I17 -> 0 | N17: 金額 | O17: 比例 | P17: 金額 | Q17: 比例 | R17: 金額 | S17: 比例
A18: 調理麵 | B18: 140 | C18: 165 | D18: =B18-C18 -> -25 | E18: =(B18+C18)/2 -> 152.5 | G18: 調理包 | J18: =H18-I18 -> 0 | M18: 半成品報廢 | N18: 1200 | O18: =N18/$B$6 -> 0.0024 | P18: 900 | Q18: =IFERROR(P18/$B$6,"") -> 0.0018 | R18: 300 | S18: =IFERROR(R18/$B$6,"") -> 0.0006
M19: 半成品超用 | N19: 4500 | O19: =N19/$B$6 -> 0.009 | P19: 3500 | Q19: =IFERROR(P19/$B$6,"") -> 0.007 | R19: 1000 | S19: =IFERROR(R19/$B$6,"") -> 0.002
A20: （６）人時生產性前幾名品項
B21: 排名 | C21: 商品名 | F21: 人數 | G21: 產能 | H21: 人時生產性 | I21: 前月比 | J21: 主要原因&對策 | M21: （８）報廢原因別前幾名品項
A22: 飯糰 | B22: 1 | C22: 手巻明太子 | F22: 3 | G22: 3000 | H22: 1000 | I22: 10 | J22: 減少暫時停止生產,人時UP | M22: 半成品報廢 | N22: 排名 | O22: 商品名 | R22: 半成品名 | U22: 單價 | V22: 報廢率 | W22: 數量 | X22: 金額 | Y22: 前月比 | Z22: 主要原因&對策
B23: 2 | M23: 作業原因 | N23: 1 | O23: 明太子海苔便當 | R23: 油炸白身魚 | U23: 10 | V23: 0.15 | W23: 10 | X23: =W23*U23 -> 100 | Y23: 80 | Z23: 油調過多報廢。變更條件。
B24: 3 | N24: 2 | X24: =W24*U24 -> 0
B25: 4 | N25: 3 | X25: =W25*U25 -> 0
B26: 5 | N26: 4 | X26: =W26*U26 -> 0
B27: ▼1 | C27: 手巻卵黄雞絞肉 | F27: 4 | G27: 2800 | H27: 700 | I27: 6/30新商品 | J27: 因組裝2食材,人員增加,產速減少 | N27: 5 | X27: =W27*U27 -> 0
B28: ▼2 | U28: 前幾名合計比例 | V28: =X28/N18 -> 0.083333333 | W28: 前幾名合計金額 | X28: =SUM(X23:X27) -> 100
B29: ▼3 | M29: 規格原因 | N29: 1 | O29: 海老炒飯 | R29: 川燙蝦子拌醬 | U29: 5.55 | V29: 0.21 | W29: 50 | X29: =W29*U29 -> 277.5 | Y29: 35 | Z29: 蝦子入數不足
B30: ▼4 | N30: 2 | X30: =W30*U30 -> 0
B31: ▼5 | N31: 3 | X31: =W31*U31 -> 0
N32: 4 | X32: =W32*U32 -> 0
B33: 排名 | C33: 商品名 | F33: 人數 | G33: 產能 | H33: 人時生產性 | I33: 前月比 | J33: 主要原因&對策 | N33: 5 | X33: =W33*U33 -> 0
A34: 大口飯糰 | B34: 1 | C34: 直巻明太子美奶茲 | F34: 3 | G34: 2500 | H34: 833.33 | I34: 20 | J34: 透由調整速度提升。 | U34: 前幾名合計比例 | V34: =X34/N18 -> 0.23125 | W34: 前幾名合計金額 | X34: =SUM(X29:X33) -> 277.5
B35: 2
B36: 3 | M36: 半成品超用 | N36: 排名 | O36: 商品名 | R36: 半成品名 | U36: 單價 | V36: 報廢率 | W36: 數量 | X36: 金額 | Y36: 前月比 | Z36: 主要原因&對策
B37: 4 | M37: 作業原因 | N37: 1 | O37: 特製醬汁炙燒牛五花便當 | R37: 牛五花醬汁 | U37: 25 | V37: 0.25 | W37: 10 | X37: =W37*U37 -> 250 | Y37: 150 | Z37: 難度有差異。調理指導。
B38: 5 | N38: 2 | X38: =W38*U38 -> 0
B39: ▼1 | C39: 大口飯糰燒肉美奶滋 | F39: 7 | G39: 2200 | H39: 314.29 | I39: -15 | J39: 因摺疊增員。實施教育訓練。 | N39: 3 | X39: =W39*U39 -> 0
B40: ▼2 | N40: 4 | X40: =W40*U40 -> 0
B41: ▼3 | N41: 5 | X41: =W41*U41 -> 0
B42: ▼4 | U42: 前幾名合計比例 | V42: =X42/N19 -> 0.055555556 | W42: 前幾名合計金額 | X42: =SUM(X37:X41) -> 250
B43: ▼5 | M43: 規格原因 | N43: 1 | O43: 特製醬汁炙燒牛五花便當 | R43: 牛五花燒成 | U43: 30 | V43: 0.1 | W43: 20 | X43: =W43*U43 -> 600 | Y43: 400 | Z43: 因原料變更。
N44: 2 | X44: =W44*U44 -> 0
B45: 排名 | C45: 商品名 | F45: 人數 | G45: 產能 | H45: 人時生產性 | I45: 前月比 | J45: 主要原因&對策 | N45: 3 | X45: =W45*U45 -> 0
A46: 便當 | B46: 1 | C46: 明太子海苔便當 | F46: 15 | G46: 1200 | H46: 80 | I46: 5 | J46: 指導鋪開炒柴魚片 | N46: 4 | X46: =W46*U46 -> 0
B47: 2 | N47: 5 | X47: =W47*U47 -> 0
B48: 3 | U48: 前幾名合計比例 | V48: =X48/N19 -> 0.13333333 | W48: 前幾名合計金額 | X48: =SUM(X43:X47) -> 600
B49: 4
B50: 5 | M50: （９）歩留
B51: ▼1 | C51: 特製醬汁炙燒牛五花便當 | F51: 18 | G51: 800 | H51: 44.44 | I51: -15 | J51: 肉狀態不良，已連動開發 | N51: No. | O51: 商品名 | R51: 半成品名 | U51: 單價 | V51: 規格 | W51: 實績 | X51: 差異 | Y51: 主要原因&對策
B52: ▼2 | M52: 作業原因 | N52: 1 | O52: 特製醬汁炙燒牛五花便當 | R52: 牛五花燒成 | U52: 30 | V52: 0.62 | W52: 0.58 | X52: =W52-V52 -> -0.04 | Y52: 燒成過多，調整調理條件。
B53: ▼3 | N53: 2 | X53: =W53-V53 -> 0
B54: ▼4 | M54: 規格原因 | N54: 1 | O54: 大口飯糰三種起司午餐肉 | R54: ３種起司燒成 | U54: 20 | V54: 0.9 | W54: 0.82 | X54: =W54-V54 -> -0.08 | Y54: 與燒成範本不同。
B55: ▼5 | N55: 2 | X55: =W55-V55 -> 0

Sheet 生產管理報表(月)
A1: 生產管理報表
A3: 月別 | B3: 9 | C3: 工廠 | D3: 晉欣廠
A4: （１）收支狀況 | E4: ※單位：千元 | G4: （２）ＫＰＩ達成進度
A5: 項目 | B5: 當月 | C5: 前月 | D5: 差異 | E5: 累計 | G5: 項目 | H5: KPI | I5: 當月 | J5: 前月 | K5: 累計 | L5: ※補充
A6: 業績金額 | B6: ='（１）收支狀況'!H5/1000 -> 0 | C6: 212376.15 | D6: =B6-C6 -> -212376.15 | E6: =B6 -> 0 | G6: 人時性(個/月均) | H6: 266 | I6: ='（２）ＫＰＩ達成進度'!H5 -> 0 | J6: 331.32088 | K6: =I6 -> 0 | L6: 個／MH
A7: 訂單數量 | B7: ='（４）訂單數量構成比'!H7 -> 0 | C7: 6558055 | D7: =B7-C7 -> -6558055 | E7: =B7 -> 0 | G7: 人時達成率(%/月均) | H7: 0.8 | I7: ='（２）ＫＰＩ達成進度'!K5 -> 0 | J7: 0.90524832 | K7: =I7 -> 0 | L7: 達成率
A8: 材料費 | B8: ='（１）收支狀況'!N5/1000 -> 0 | C8: 139088.16 | D8: =B8-C8 -> -139088.16 | E8: =B8 -> 0 | G8: 半成品-報廢(%) | H8: 0.0025 | I8: ='（２）ＫＰＩ達成進度'!N5 -> 0 | J8: 0.0024946244 | K8: =I8 -> 0 | L8: 報廢率
A9: 材料費率 | B9: ='（１）收支狀況'!Q5 -> 0 | C9: 0.65491423 | D9: =B9-C9 -> -0.65491423 | E9: =B9 -> 0 | G9: 半成品-超用(%) | H9: 0.0026 | I9: ='（２）ＫＰＩ達成進度'!Q5 -> 0 | J9: 0.0023789152 | K9: =I9 -> 0 | L9: 超用率
A10: 勞務成本 | B10: ='（１）收支狀況'!T5/1000 -> 0 | C10: 30146.177 | D10: =B10-C10 -> -30146.177 | E10: =B10 -> 0 | G10: 固定產線-導入率(%) | H10: 0.8 | I10: ='（２）ＫＰＩ達成進度'!T5 -> 0 | J10: 0.91666667 | K10: =I10 -> 0 | L10: 導入率
A11: 勞務費率 | B11: ='（１）收支狀況'!W5 -> 0 | C11: 0.14194709 | D11: =B11-C11 -> -0.14194709 | E11: =B11 -> 0 | G11: 教育訓練-實施率(%) | H11: 1 | I11: ='（２）ＫＰＩ達成進度'!W5 -> 0 | J11: 0.67912903 | K11: =I11 -> 0 | L11: 實施率
A13: （３）業績構成比 | G13: （４）訂單數量構成比
B14: 當月 | C14: 比例 | D14: 前月 | E14: 差異 | H14: 當月 | I14: 比例 | J14: 前月 | K14: 差異
A15: 18℃-飯A15:A23糰(061,063) | B15: ='（３）業績構成比'!M46/1000 -> 48691.663 | C15: =IFERROR(B15/$B$6,"") | D15: 0.19048549 | E15: =IFERROR(C15-D15,"") | G15: 18℃-飯A15:A23糰(061,063) | H15: ='（４）訂單數量構成比'!M46 -> 2614973 | I15: =IFERROR(H15/$B$7,"") | J15: 0.33193454 | K15: =IFERROR(I15-J15,"")
A16: 18℃-壽司手卷(071,072,075,076) | B16: ='（３）業績構成比'!S46/1000 -> 10841.451 | C16: =IFERROR(B16/$B$6,"") | D16: 0.04002075 | E16: =IFERROR(C16-D16,"") | G16: 18℃-壽司手卷(071,072,075,076) | H16: ='（４）訂單數量構成比'!S47 -> 483465 | I16: =IFERROR(H16/$B$7,"") | J16: 0.050408543 | K16: =IFERROR(I16-J16,"")
A17: 4℃-飯糰(065) | B17: ='（３）業績構成比'!U46/1000 -> 22206.396 | C17: =IFERROR(B17/$B$6,"") | D17: 0.098025494 | E17: =IFERROR(C17-D17,"") | G17: 4℃-飯糰(065) | H17: ='（４）訂單數量構成比'!U46 -> 657021 | I17: =IFERROR(H17/$B$7,"") | J17: 0.09754935 | K17: =IFERROR(I17-J17,"")
A18: 4℃-壽司手卷(077) | B18: ='（３）業績構成比'!W46/1000 -> 3804.6872 | C18: =IFERROR(B18/$B$6,"") | D18: 0.0023157871 | E18: =IFERROR(C18-D18,"") | G18: 4℃-壽司手卷(077) | H18: ='（４）訂單數量構成比'!W46 -> 133372 | I18: =IFERROR(H18/$B$7,"") | J18: 0.0027738407 | K18: =IFERROR(I18-J18,"")
A19: 主食(091,092,093,094,095) | B19: ='（３）業績構成比'!AC46/1000 -> 61807.986 | C19: =IFERROR(B19/$B$6,"") | D19: 0.26645165 | E19: =IFERROR(C19-D19,"") | G19: 主食(091,092,093,094,095) | H19: ='（４）訂單數量構成比'!AC46 -> 1545991 | I19: =IFERROR(H19/$B$7,"") | J19: 0.20966064 | K19: =IFERROR(I19-J19,"")
A20: 便當(083) | B20: ='（３）業績構成比'!AE46/1000 -> 35929.597 | C20: =IFERROR(B20/$B$6,"") | D20: 0.11880395 | E20: =IFERROR(C20-D20,"") | G20: 便當(083) | H20: ='（４）訂單數量構成比'!AE46 -> 636391 | I20: =IFERROR(H20/$B$7,"") | J20: 0.069473342 | K20: =IFERROR(I20-J20,"")
A21: 熱食義麵(122,123,124,126) | B21: ='（３）業績構成比'!AG46/1000 -> 34324.581 | C21: =IFERROR(B21/$B$6,"") | D21: 0.13107603 | E21: =IFERROR(C21-D21,"") | G21: 熱食義麵(122,123,124,126) | H21: ='（４）訂單數量構成比'!AG46 -> 702832 | I21: =IFERROR(H21/$B$7,"") | J21: 0.087948485 | K21: =IFERROR(I21-J21,"")
A22: 季節調理麵(111,112) | B22: ='（３）業績構成比'!AI46/1000 -> 17203.976 | C22: =IFERROR(B22/$B$6,"") | D22: 0.091535408 | E22: =IFERROR(C22-D22,"") | G22: 季節調理麵(111,112) | H22: ='（４）訂單數量構成比'!AI46 -> 467674 | I22: =IFERROR(H22/$B$7,"") | J22: 0.079981641 | K22: =IFERROR(I22-J22,"")
A23: 微波小吃(153,154,155) | B23: ='（３）業績構成比'!AK46/1000 -> 19866.978 | C23: =IFERROR(B23/$B$6,"") | D23: 0.061285436 | E23: =IFERROR(C23-D23,"") | G23: 微波小吃(153,154,155) | H23: ='（４）訂單數量構成比'!AK46 -> 654860 | I23: =IFERROR(H23/$B$7,"") | J23: 0.070269615 | K23: =IFERROR(I23-J23,"")
C24: =SUM(C15:C23) -> 0 | D24: =SUM(D15:D23) -> 1 | I24: =SUM(I15:I23) -> 0 | J24: =SUM(J15:J23) -> 1
A26: （５）品群別人時生產性
A27: 品群 | B27: 當月 | C27: 前月 | D27: 差異 | E27: 累計 | M27: 8月 | N27: 9月 | O27: 10月 | P27: 11月 | Q27: 12月
A28: 18℃-飯A15:A23糰(061,063) | B28: ='（５-1）品群別人時生產性（18℃-飯糰）'!$C$1 -> 757.93396 | C28: 717.52753 | D28: =B28-C28 -> 40.406423 | E28: =R28 -> 737.73075 | M28: 717.52753 | N28: =B28 -> 757.93396 | R28: =AVERAGE(M28:Q28) -> 737.73075
A29: 18℃-壽司手卷(071,072,075,076) | B29: ='（５-2）品群別人時生產性（18-壽司手卷)'!$C$1 -> 196.68274 | C29: 197.63272 | D29: =B29-C29 -> -0.94997319 | E29: =R29 -> 197.15773 | M29: 197.63272 | N29: =B29 -> 196.68274 | R29: =AVERAGE(M29:Q29) -> 197.15773
A30: 4℃-飯糰(065) | B30: ='（５-3）品群別人時生產性（4℃-飯糰)'!$C$1 -> 257.89773 | C30: 240.45857 | D30: =B30-C30 -> 17.439156 | E30: =R30 -> 249.17815 | M30: 240.45857 | N30: =B30 -> 257.89773 | R30: =AVERAGE(M30:Q30) -> 249.17815
A31: 4℃-壽司手卷(077) | B31: ='（５-4）品群別人時生產性（4℃-壽司手卷)'!$C$1 -> 111.44619 | C31: 106.86512 | D31: =B31-C31 -> 4.5810666 | E31: =R31 -> 109.15566 | M31: 106.86512 | N31: =B31 -> 111.44619 | R31: =AVERAGE(M31:Q31) -> 109.15566
A32: 主食(091,092,093,094,095) | B32: ='（５-5）品群別人時生產性(主食) '!$C$1 -> 85.484459 | C32: 89.310428 | D32: =B32-C32 -> -3.8259697 | E32: =R32 -> 87.397444 | M32: 89.310428 | N32: =B32 -> 85.484459 | R32: =AVERAGE(M32:Q32) -> 87.397444
A33: 便當(083) | B33: ='（５-6）品群別人時生產性(便當)'!$C$1 -> 67.056533 | C33: 65.672742 | D33: =B33-C33 -> 1.3837902 | E33: =R33 -> 66.364638 | M33: 65.672742 | N33: =B33 -> 67.056533 | R33: =AVERAGE(M33:Q33) -> 66.364638
A34: 熱食義麵(122,123,124,126) | B34: ='（５-7）品群別人時生產性(熱食義麵) '!$C$1 -> 79.538681 | C34: 75.478569 | D34: =B34-C34 -> 4.0601124 | E34: =R34 -> 77.508625 | M34: 75.478569 | N34: =B34 -> 79.538681 | R34: =AVERAGE(M34:Q34) -> 77.508625
A35: 季節調理麵(111,112) | B35: ='（５-8）品群別人時生產性(季節調理麵) '!$C$1 -> 121.29589 | C35: 114.50557 | D35: =B35-C35 -> 6.7903195 | E35: =R35 -> 117.90073 | M35: 114.50557 | N35: =B35 -> 121.29589 | R35: =AVERAGE(M35:Q35) -> 117.90073
A36: 微波小吃(153,154,155) | B36: ='（５-9）品群別人時生產性(微波小吃)'!$C$1 -> 115.29817 | C36: 99.648342 | D36: =B36-C36 -> 15.649824 | E36: =R36 -> 107.47325 | M36: 99.648342 | N36: =B36 -> 115.29817 | R36: =AVERAGE(M36:Q36) -> 107.47325

Sheet 生產管理報表(週) 
A1: 生產管理報表
A3: 月別 | B3: 10 | C3: 週別 | D3: W4 | E3: 工廠 | F3: 晉欣廠
A4: （１）收支狀況 | E4: ※單位：千元 | G4: （２）ＫＰＩ達成進度
A5: 項目 | B5: 當週 | C5: 前週 | D5: 差異 | E5: 累計 | G5: 項目 | H5: KPI | I5: 當週 | J5: 前週 | K5: 累計 | L5: ※補充
A6: 業績金額 | B6: ='（１）收支狀況'!G33/1000 -> 52649.495 | C6: 51190.043 | D6: =B6-C6 -> 1459.452 | E6: ='（１）收支狀況'!H6/1000 -> 224463.49 | G6: 人時性(個/月均) | H6: 366 | I6: ='（２）ＫＰＩ達成進度'!G33 -> 340.19679 | J6: 338.65022 | K6: ='（２）ＫＰＩ達成進度'!H6 -> 330.21458 | L6: 個／MH
A7: 訂單數量 | B7: ='（１）收支狀況'!J33 -> 1631463 | C7: 1625220 | D7: =B7-C7 -> 6243 | E7: ='（１）收支狀況'!K6 -> 6964636 | G7: 人時達成率(%/月均) | H7: 0.8 | I7: ='（２）ＫＰＩ達成進度'!J33 -> 0.92949941 | J7: 0.92527381 | K7: ='（２）ＫＰＩ達成進度'!K6 -> 0.90222562 | L7: 達成率
A8: 材料費 | B8: ='（１）收支狀況'!M33/1000 -> 34902.738 | C8: 34016.037 | D8: =B8-C8 -> 886.701 | E8: ='（１）收支狀況'!N6/1000 -> 150244.29 | G8: 半成品-報廢(%) | H8: 0.0025 | I8: ='（２）ＫＰＩ達成進度'!M33 -> 0.0024552869 | J8: 0.0024706626 | K8: ='（２）ＫＰＩ達成進度'!N6 -> 0.0024646257 | L8: 報廢率
A9: 材料費率 | B9: ='（１）收支狀況'!P33 -> 0.66292636 | C9: 0.66450495 | D9: =B9-C9 -> -0.0015785921 | E9: ='（１）收支狀況'!Q6 -> 0.66934847 | G9: 半成品-超用(%) | H9: 0.0026 | I9: ='（２）ＫＰＩ達成進度'!P33 -> 0.0022768681 | J9: 0.0022653735 | K9: ='（２）ＫＰＩ達成進度'!Q6 -> 0.0023405371 | L9: 超用率
A10: 勞務成本 | B10: ='（１）收支狀況'!S33/1000 -> 7231.7426 | C10: =7288806.85161291/1000 -> 7288.8069 | D10: =B10-C10 -> -57.064243 | E10: ='（１）收支狀況'!T6/1000 -> 32105.787 | G10: 固定產線-導入率(%) | H10: 0.8 | I10: 0.917 | J10: 0.917 | K10: 0.917 | L10: 導入率
A11: 勞務費率 | B11: ='（１）收支狀況'!V33 -> 0.13735635 | C11: 0.1423872 | D11: =B11-C11 -> -0.0050308465 | E11: ='（１）收支狀況'!W6 -> 0.14303345 | G11: 教育訓練-實施率(%) | H11: 1 | I11: ='（２）ＫＰＩ達成進度'!V33 -> 0.87342857 | J11: 0.85371429 | K11: ='（２）ＫＰＩ達成進度'!W6 -> 0.84941935 | L11: 實施率
A13: （３）業績構成比 | G13: （４）訂單數量構成比
B14: 當週 | C14: 比例 | D14: 前週 | E14: 差異 | H14: 當週 | I14: 比例 | J14: 前週 | K14: 差異
A15: 18℃-飯糰(061,063) | B15: =SUM('（３）業績構成比'!I35:I41,'（３）業績構成比'!K35:K41)/1000 -> 10502.37 | C15: =IFERROR(B15/$B$6,"") -> 0.19947712 | D15: 0.19586426 | E15: =IFERROR(C15-D15,"") -> 0.0036128662 | G15: 18℃-飯糰(061,063) | H15: =SUM(,'（４）訂單數量構成比'!I35:I41,'（４）訂單數量構成比'!K35:K41) -> 553417 | I15: =IFERROR(H15/$B$7,"") -> 0.33921517 | J15: 0.33891904 | K15: =IFERROR(I15-J15,"") -> 0.00029613202
A16: 18℃-壽司手卷(071,072,075,076) | B16: =SUM('（３）業績構成比'!O35:O41,'（３）業績構成比'!Q35:Q41)/1000 -> 2321.5084 | C16: =IFERROR(B16/$B$6,"") -> 0.044093649 | D16: 0.046380374 | E16: =IFERROR(C16-D16,"") -> -0.0022867245 | G16: 18℃-壽司手卷(071,072,075,076) | H16: =SUM('（４）訂單數量構成比'!O35:O41,'（４）訂單數量構成比'!Q35:Q41) -> 102017 | I16: =IFERROR(H16/$B$7,"") -> 0.062530992 | J16: 0.067334884 | K16: =IFERROR(I16-J16,"") -> -0.0048038918
A17: 4℃-飯糰(065) | B17: =SUM('（３）業績構成比'!U35:U41)/1000 -> 4114.1295 | C17: =IFERROR(B17/$B$6,"") -> 0.078141862 | D17: 0.085916347 | E17: =IFERROR(C17-D17,"") -> -0.007774485 | G17: 4℃-飯糰(065) | H17: =SUM('（４）訂單數量構成比'!U35:U41) -> 123056 | I17: =IFERROR(H17/$B$7,"") -> 0.07542678 | J17: 0.081385905 | K17: =IFERROR(I17-J17,"") -> -0.0059591252
A18: 4℃-壽司手卷(077) | B18: =SUM('（３）業績構成比'!W35:W41)/1000 -> 1395.7239 | C18: =IFERROR(B18/$B$6,"") -> 0.026509729 | D18: 0.010574883 | E18: =IFERROR(C18-D18,"") -> 0.015934846 | G18: 4℃-壽司手卷(077) | H18: =SUM('（４）訂單數量構成比'!W35:W41) -> 44046 | I18: =IFERROR(H18/$B$7,"") -> 0.026997854 | J18: 0.012622906 | K18: =IFERROR(I18-J18,"") -> 0.014374948
A19: 主食(091,092,093,094,095) | B19: =SUM('（３）業績構成比'!Y35:Y41,'（３）業績構成比'!AA35:AA41)/1000 -> 12729.289 | C19: =IFERROR(B19/$B$6,"") -> 0.24177418 | D19: 0.23846831 | E19: =IFERROR(C19-D19,"") -> 0.0033058728 | G19: 主食(091,092,093,094,095) | H19: =SUM('（４）訂單數量構成比'!Y35:Y41,'（４）訂單數量構成比'!AA35:AA41) -> 319504 | I19: =IFERROR(H19/$B$7,"") -> 0.19583895 | J19: 0.18998659 | K19: =IFERROR(I19-J19,"") -> 0.005852363
A20: 便當(083) | B20: =SUM('（３）業績構成比'!AE35:AE41)/1000 -> 7739.5153 | C20: =IFERROR(B20/$B$6,"") -> 0.14700075 | D20: 0.13645577 | E20: =IFERROR(C20-D20,"") -> 0.010544981 | G20: 便當(083) | H20: =SUM('（４）訂單數量構成比'!AE35:AE41) -> 138120 | I20: =IFERROR(H20/$B$7,"") -> 0.08466021 | J20: 0.076913279 | K20: =IFERROR(I20-J20,"") -> 0.0077469305
A21: 熱食義麵(122,123,124,126) | B21: =SUM('（３）業績構成比'!AG35:AG41)/1000 -> 6291.795 | C21: =IFERROR(B21/$B$6,"") -> 0.11950342 | D21: 0.14345998 | E21: =IFERROR(C21-D21,"") -> -0.023956558 | G21: 熱食義麵(122,123,124,126) | H21: =SUM('（４）訂單數量構成比'!AG35:AG41) -> 125739 | I21: =IFERROR(H21/$B$7,"") -> 0.077071316 | J21: 0.092061998 | K21: =IFERROR(I21-J21,"") -> -0.014990682
A22: 季節調理麵(111,112) | B22: =SUM('（３）業績構成比'!AI35:AI41)/1000 -> 2870.2093 | C22: =IFERROR(B22/$B$6,"") -> 0.05451542 | D22: 0.070164778 | E22: =IFERROR(C22-D22,"") -> -0.015649358 | G22: 季節調理麵(111,112) | H22: =SUM('（４）訂單數量構成比'!AI35:AI41) -> 79816 | I22: =IFERROR(H22/$B$7,"") -> 0.048922961 | J22: 0.061145568 | K22: =IFERROR(I22-J22,"") -> -0.012222607
A23: 微波小吃(153,154,155) | B23: =SUM('（３）業績構成比'!AK35:AK41)/1000 -> 4684.9552 | C23: =IFERROR(B23/$B$6,"") -> 0.088983858 | D23: 0.072715299 | E23: =IFERROR(C23-D23,"") -> 0.01626856 | G23: 微波小吃(153,154,155) | H23: =SUM('（４）訂單數量構成比'!AK35:AK41) -> 145748 | I23: =IFERROR(H23/$B$7,"") -> 0.089335768 | J23: 0.079629835 | K23: =IFERROR(I23-J23,"") -> 0.0097059332
C24: =SUM(C15:C23) -> 1 | D24: =SUM(D15:D23) -> 1 | I24: =SUM(I15:I23) -> 1 | J24: =SUM(J15:J23) -> 1
A26: （５）品群別人時生產性
A27: 品群 | B27: 當週 | C27: 前週 | D27: 差異 | E27: 累計
A28: 18℃-飯糰(061,063) | B28: ='（５-1）品群別人時生產性（18℃-飯糰）'!L147 -> 763.95984 | C28: 794.33214 | D28: =B28-C28 -> -30.3723 | E28: ='（５-1）品群別人時生產性（18℃-飯糰）'!C1 -> 757.93396
A29: 18℃-壽司手卷(071,072,075,076) | B29: ='（５-2）品群別人時生產性（18-壽司手卷)'!L87 -> 182.82703 | C29: 201.12798 | D29: =B29-C29 -> -18.300951 | E29: ='（５-2）品群別人時生產性（18-壽司手卷)'!C1 -> 196.68274
A30: 4℃-飯糰(065) | B30: ='（５-3）品群別人時生產性（4℃-飯糰)'!L87 -> 279.25965 | C30: 250.50834 | D30: =B30-C30 -> 28.751305 | E30: ='（５-3）品群別人時生產性（4℃-飯糰)'!C1 -> 257.89773
A31: 4℃-壽司手卷(077) | B31: ='（５-4）品群別人時生產性（4℃-壽司手卷)'!L87 -> 121.87018 | C31: 103.01068 | D31: =B31-C31 -> 18.859506 | E31: ='（５-4）品群別人時生產性（4℃-壽司手卷)'!C1 -> 111.44619
A32: 主食(091,092,093,094,095) | B32: ='（５-5）品群別人時生產性(主食) '!L147 -> 86.918291 | C32: 85.796578 | D32: =B32-C32 -> 1.1217131 | E32: ='（５-5）品群別人時生產性(主食) '!C1 -> 85.484459
A33: 便當(083) | B33: ='（５-6）品群別人時生產性(便當)'!L87 -> 68.146891 | C33: 66.973463 | D33: =B33-C33 -> 1.1734279 | E33: ='（５-6）品群別人時生產性(便當)'!C1 -> 67.056533
A34: 熱食義麵(122,123,124,126) | B34: ='（５-7）品群別人時生產性(熱食義麵) '!L87 -> 74.417644 | C34: 80.852359 | D34: =B34-C34 -> -6.434715 | E34: ='（５-7）品群別人時生產性(熱食義麵) '!C1 -> 79.538681
A35: 季節調理麵(111,112) | B35: ='（５-8）品群別人時生產性(季節調理麵) '!L87 -> 119.81397 | C35: 122.92451 | D35: =B35-C35 -> -3.1105454 | E35: ='（５-8）品群別人時生產性(季節調理麵) '!C1 -> 121.29589
A36: 微波小吃(153,154,155) | B36: ='（５-9）品群別人時生產性(微波小吃)'!L87 -> 112.15854 | C36: 113.37236 | D36: =B36-C36 -> -1.2138185 | E36: ='（５-9）品群別人時生產性(微波小吃)'!C1 -> 115.29817

Sheet （１）收支狀況
B2: （１）收支狀況
C3: 月份 | D3: 日期 | F3: 營業額(元) | I3: 訂單數量(個) | L3: 材料費(元) | O3: 材料費率（材料費／營業額） | R3: 勞務成本（全廠人事成本） | U3: 勞務費率（勞務成本／營業額）
F4: 日 | G4: 週累積 | H4: 月累積 | I4: 日 | J4: 週累積 | K4: 月累積 | L4: 日 | M4: 週累積 | N4: 月累積 | O4: 日 | P4: 週累積 | Q4: 月平均 | R4: 日 | S4: 週累積 | T4: 月累積 | U4: 日 | V4: 週累積 | W4: 月平均
C5: 10 | D5: 45930 | E5: 二 | F5: 8551969 | G5: =SUM(F5:F11) -> 50444409 | I5: 261840 | J5: =SUM(I5:I11) -> 1549527 | L5: 5483375 | M5: =SUM(L5:L11) -> 33855908 | O5: =L5/F5 -> 0.64118275 | P5: =M5/G5 -> 0.67115283 | R5: 1083532.6 | S5: =SUM(R5:R11) -> 7077533.8 | U5: =R5/F5 -> 0.12669978 | V5: =S5/G5 -> 0.14030363
D6: 45931 | E6: 三 | F6: 7858716 | H6: =SUM(F6:F36) -> 224463487 | I6: 244804 | K6: =SUM(I6:I36) -> 6964636 | L6: 5274194 | N6: =SUM(L6:L36) -> 150244292 | O6: =L6/F6 -> 0.67112668 | Q6: =N6/H6 -> 0.66934847 | R6: 1028886.1 | T6: =SUM(R6:R36) -> 32105787 | U6: =R6/F6 -> 0.13092292 | W6: =T6/H6 -> 0.14303345
D7: 45932 | E7: 四 | F7: 7240224 | I7: 223462 | L7: 4929487 | O7: =L7/F7 -> 0.68084731 | R7: 992746.84 | U7: =R7/F7 -> 0.13711549
D8: 45933 | E8: 五 | F8: 6162506 | I8: 190714 | L8: 4279179 | O8: =L8/F8 -> 0.69438943 | R8: 971940.49 | U8: =R8/F8 -> 0.15771838
D9: 45934 | E9: 六 | F9: 6257631 | I9: 190858 | L9: 4409794 | O9: =L9/F9 -> 0.70470662 | R9: 961116.97 | U9: =R9/F9 -> 0.15359119
D10: 45935 | E10: 日 | F10: 6624573 | I10: 199802 | L10: 4553748 | O10: =L10/F10 -> 0.68740249 | R10: 968268.15 | U10: =R10/F10 -> 0.1461631
D11: 45936 | E11: 一 | F11: 7748790 | I11: 238047 | L11: 4926131 | O11: =L11/F11 -> 0.63572906 | R11: 1071042.7 | U11: =R11/F11 -> 0.13822064
D12: 45937 | E12: 二 | F12: 8050194 | G12: =SUM(F12:F18) -> 50896038 | I12: 241200 | J12: =SUM(I12:I18) -> 1538613 | L12: 5548828 | M12: =SUM(L12:L18) -> 34185406 | O12: =L12/F12 -> 0.68927879 | P12: =M12/G12 -> 0.67167126 | R12: 1102462.1 | S12: =SUM(R12:R18) -> 7309734.5 | U12: =R12/F12 -> 0.13694851 | V12: =S12/G12 -> 0.14362089
D13: 45938 | E13: 三 | F13: 7653723 | I13: 230348 | L13: 5016683 | O13: =L13/F13 -> 0.65545657 | R13: 1082148.7 | U13: =R13/F13 -> 0.14138854
D14: 45939 | E14: 四 | F14: 6660783 | I14: 200331 | L14: 4721001 | O14: =L14/F14 -> 0.70877568 | R14: 1047913.1 | U14: =R14/F14 -> 0.15732581
D15: 45940 | E15: 五 | F15: 6259506 | I15: 190019 | L15: 4293432 | O15: =L15/F15 -> 0.68590588 | R15: 1017586 | U15: =R15/F15 -> 0.16256651
D16: 45941 | E16: 六 | F16: 6689233 | I16: 202843 | L16: 4536869 | O16: =L16/F16 -> 0.67823456 | R16: 996159.81 | U16: =R16/F16 -> 0.14891989
D17: 45942 | E17: 日 | F17: 7867103 | I17: 238632 | L17: 5123753 | O17: =L17/F17 -> 0.65128841 | R17: 1015157.5 | U17: =R17/F17 -> 0.12903829
D18: 45943 | E18: 一 | F18: 7715496 | I18: 235240 | L18: 4944840 | O18: =L18/F18 -> 0.64089723 | R18: 1048307.3 | U18: =R18/F18 -> 0.13587037
D19: 45944 | E19: 二 | F19: 7917911 | G19: =SUM(F19:F25) -> 51190043 | I19: 248931 | J19: =SUM(I19:I25) -> 1625220 | L19: 5237130 | M19: =SUM(L19:L25) -> 34016037 | O19: =L19/F19 -> 0.66142825 | P19: =M19/G19 -> 0.66450495 | R19: 1055463.5 | S19: =SUM(R19:R25) -> 7288806.9 | U19: =R19/F19 -> 0.13330075 | V19: =S19/G19 -> 0.1423872
D20: 45945 | E20: 三 | F20: 7086135 | I20: 242991 | L20: 5056182 | O20: =L20/F20 -> 0.71353171 | R20: 1063455.9 | U20: =R20/F20 -> 0.15007559
D21: 45946 | E21: 四 | F21: 7387104 | I21: 230663 | L21: 4925675 | O21: =L21/F21 -> 0.66679378 | R21: 1044355.9 | U21: =R21/F21 -> 0.14137556
D22: 45947 | E22: 五 | F22: 6524343 | I22: 205320 | L22: 4482274 | O22: =L22/F22 -> 0.68700772 | R22: 1032424.2 | U22: =R22/F22 -> 0.15824186
D23: 45948 | E23: 六 | F23: 6552897 | I23: 207727 | L23: 4415568 | O23: =L23/F23 -> 0.67383449 | R23: 1013055.8 | U23: =R23/F23 -> 0.15459663
D24: 45949 | E24: 日 | F24: 7868086 | I24: 245349 | L24: 4858183 | O24: =L24/F24 -> 0.61745423 | R24: 1030252.6 | U24: =R24/F24 -> 0.13094069
D25: 45950 | E25: 一 | F25: 7853567 | I25: 244239 | L25: 5041025 | O25: =L25/F25 -> 0.64187712 | R25: 1049798.9 | U25: =R25/F25 -> 0.13367161
D26: 45951 | E26: 二 | F26: 7817095 | G26: =SUM(F26:F32) -> 49497330 | I26: 244571 | J26: =SUM(I26:I32) -> 1551756 | L26: 5145149 | M26: =SUM(L26:L32) -> 32938462 | O26: =L26/F26 -> 0.65819195 | P26: =M26/G26 -> 0.66545937 | R26: 1055534.5 | S26: =SUM(R26:R32) -> 7177192.8 | U26: =R26/F26 -> 0.13502899 | V26: =S26/G26 -> 0.14500162
D27: 45952 | E27: 三 | F27: 7419770 | I27: 231603 | L27: 4937368 | O27: =L27/F27 -> 0.6654341 | R27: 1040324.9 | U27: =R27/F27 -> 0.14020986
D28: 45953 | E28: 四 | F28: 6310328 | I28: 198604 | L28: 4449188 | O28: =L28/F28 -> 0.70506446 | R28: 992591.95 | U28: =R28/F28 -> 0.15729641
D29: 45954 | E29: 五 | F29: 6007757 | I29: 190154 | L29: 4093744 | O29: =L29/F29 -> 0.68140972 | R29: 993144.08 | U29: =R29/F29 -> 0.16531029
D30: 45955 | E30: 六 | F30: 6324783 | I30: 198374 | L30: 4289026 | O30: =L30/F30 -> 0.67813014 | R30: 1007188.5 | U30: =R30/F30 -> 0.15924476
D31: 45956 | E31: 日 | F31: 7684569 | I31: 241268 | L31: 4818296 | O31: =L31/F31 -> 0.62700927 | R31: 1045371.6 | U31: =R31/F31 -> 0.13603517
D32: 45957 | E32: 一 | F32: 7933028 | I32: 247182 | L32: 5205691 | O32: =L32/F32 -> 0.65620479 | R32: 1043037.2 | U32: =R32/F32 -> 0.13148034
D33: 45958 | E33: 二 | F33: 8874807 | G33: =SUM(F33:F39) -> 52649495 | I33: 271475 | J33: =SUM(I33:I39) -> 1631463 | L33: 5922651 | M33: =SUM(L33:L39) -> 34902738 | O33: =L33/F33 -> 0.66735547 | P33: =M33/G33 -> 0.66292636 | R33: 1123600.9 | S33: =SUM(R33:R39) -> 7231742.6 | U33: =R33/F33 -> 0.12660568 | V33: =S33/G33 -> 0.13735635
D34: 45959 | E34: 三 | F34: 8157355 | I34: 254507 | L34: 5473618 | O34: =L34/F34 -> 0.67100402 | R34: 1100557.1 | U34: =R34/F34 -> 0.13491592
D35: 45960 | E35: 四 | F35: 7556926 | I35: 234639 | L35: 4858313 | O35: =L35/F35 -> 0.6428954 | R35: 1081448.1 | U35: =R35/F35 -> 0.14310687
D36: 45961 | E36: 五 | F36: 6398548 | I36: 200739 | L36: 4477272 | O36: =L36/F36 -> 0.6997325 | R36: 1030445.3 | U36: =R36/F36 -> 0.16104361
D37: 45962 | E37: 六 | F37: 6412266 | I37: 199982 | L37: 4375107 | O37: =L37/F37 -> 0.68230279 | R37: 936638.47 | U37: =R37/F37 -> 0.14606981
D38: 45963 | E38: 日 | F38: 7718290 | I38: 239410 | L38: 4848519 | O38: =L38/F38 -> 0.62818565 | R38: 975639 | U38: =R38/F38 -> 0.12640611
D39: 45964 | E39: 一 | F39: 7531303 | I39: 230711 | L39: 4947258 | O39: =L39/F39 -> 0.65689271 | R39: 983413.83 | U39: =R39/F39 -> 0.13057685
O40: =L40/F40 -> #DIV/0! | U40: =R40/F40 -> #DIV/0!

Sheet （２）ＫＰＩ達成進度
B1: KPI | C1: 366
B2: （２）ＫＰＩ達成進度
C3: 月份 | D3: 日期 | F3: 人時生產性(個/人) | I3: 人時生產性達成率(%) | L3: 半成品報廢(%) | O3: 半成品超用(%) | R3: 固定產線-導入率(固定產線數/總產線數) | U3: 教育訓練-實施率(進度/計畫)
F4: 日 | G4: 週平均 | H4: 月平均 | I4: 日 | J4: 週平均 | K4: 月平均 | L4: 日 | M4: 週平均 | N4: 月平均 | O4: 日 | P4: 週平均 | Q4: 月平均 | R4: 日 | S4: 週平均 | T4: 月平均 | U4: 日 | V4: 週平均 | W4: 月平均
C5: 10 | D5: 45930 | E5: 二 | F5: 311 | G5: =AVERAGE(F5:F11) -> 310.31036 | I5: =F5/$C$1 -> 0.84972678 | J5: =AVERAGE(I5:I11) -> 0.84784252 | L5: 0.0025187742 | M5: =AVERAGE(L5:L11) -> 0.0024662745 | O5: 0.0021349893 | P5: =AVERAGE(O5:O11) -> 0.0023293701 | R5: 0.91666667 | S5: =AVERAGE(R5:R11) -> 0.91666667 | U5: 0.81 | V5: =AVERAGE(U5:U11) -> 0.82042857
D6: 45931 | E6: 三 | F6: 306.95527 | H6: =AVERAGE(F6:F36) -> 330.21458 | I6: =F6/$C$1 -> 0.83867561 | K6: =AVERAGE(I6:I36) -> 0.90222562 | L6: 0.002425212 | N6: =AVERAGE(L6:L36) -> 0.0024646257 | O6: 0.002033958 | Q6: =AVERAGE(O6:O36) -> 0.0023405371 | R6: 0.91666667 | T6: =AVERAGE(R6:R36) -> 0.91666667 | U6: 0.81 | W6: =AVERAGE(U6:U36) -> 0.84941935
D7: 45932 | E7: 四 | F7: 305.3174 | I7: =F7/$C$1 -> 0.83420055 | L7: 0.0024682799 | O7: 0.0021960721 | R7: 0.91666667 | U7: 0.82
D8: 45933 | E8: 五 | F8: 306.25776 | I8: =F8/$C$1 -> 0.83676984 | L8: 0.0024672203 | O8: 0.0025561764 | R8: 0.91666667 | U8: 0.82
D9: 45934 | E9: 六 | F9: 323.13134 | I9: =F9/$C$1 -> 0.8828725 | L9: 0.0024482941 | O9: 0.0026193317 | R9: 0.91666667 | U9: 0.825
D10: 45935 | E10: 日 | F10: 303.74291 | I10: =F10/$C$1 -> 0.82989866 | L10: 0.0024893147 | O10: 0.0025195761 | R10: 0.91666667 | U10: 0.828
D11: 45936 | E11: 一 | F11: 315.76786 | I11: =F11/$C$1 -> 0.86275373 | L11: 0.0024468262 | O11: 0.0022454873 | R11: 0.91666667 | U11: 0.83
D12: 45937 | E12: 二 | F12: 321.48814 | G12: =AVERAGE(F12:F18) -> 329.53405 | I12: =F12/$C$1 -> 0.87838289 | J12: =AVERAGE(I12:I18) -> 0.90036626 | L12: 0.0024862755 | M12: =AVERAGE(L12:L18) -> 0.0024732906 | O12: 0.0021734363 | P12: =AVERAGE(O12:O18) -> 0.0023503147 | R12: 0.91666667 | S12: =AVERAGE(R12:R18) -> 0.91666667 | U12: 0.83 | V12: =AVERAGE(U12:U18) -> 0.84085714
D13: 45938 | E13: 三 | F13: 329.99476 | I13: =F13/$C$1 -> 0.90162503 | L13: 0.0024804922 | O13: 0.0024560617 | R13: 0.91666667 | U13: 0.838
D14: 45939 | E14: 四 | F14: 320.60387 | I14: =F14/$C$1 -> 0.87596684 | L14: 0.0024696796 | O14: 0.0024669483 | R14: 0.91666667 | U14: 0.84
D15: 45940 | E15: 五 | F15: 329.84705 | I15: =F15/$C$1 -> 0.90122146 | L15: 0.0024700032 | O15: 0.0026304825 | R15: 0.91666667 | U15: 0.84
D16: 45941 | E16: 六 | F16: 326.42578 | I16: =F16/$C$1 -> 0.89187372 | L16: 0.0024433295 | O16: 0.0023205107 | R16: 0.91666667 | U16: 0.845
D17: 45942 | E17: 日 | F17: 345.72326 | I17: =F17/$C$1 -> 0.94459906 | L17: 0.0024718121 | O17: 0.0021715309 | R17: 0.91666667 | U17: 0.845
D18: 45943 | E18: 一 | F18: 332.6555 | I18: =F18/$C$1 -> 0.90889481 | L18: 0.0024914422 | O18: 0.0022332324 | R18: 0.91666667 | U18: 0.848
D19: 45944 | E19: 二 | F19: 324.69881 | G19: =AVERAGE(F19:F25) -> 338.65022 | I19: =F19/$C$1 -> 0.88715523 | J19: =AVERAGE(I19:I25) -> 0.92527381 | L19: 0.0024988914 | M19: =AVERAGE(L19:L25) -> 0.0024706626 | O19: 0.0022673158 | P19: =AVERAGE(O19:O25) -> 0.0022653735 | R19: 0.91666667 | S19: =AVERAGE(R19:R25) -> 0.91666667 | U19: 0.85 | V19: =AVERAGE(U19:U25) -> 0.85371429
D20: 45945 | E20: 三 | F20: 344.18197 | I20: =F20/$C$1 -> 0.94038789 | L20: 0.0024704582 | O20: 0.0022918917 | R20: 0.91666667 | U20: 0.85
D21: 45946 | E21: 四 | F21: 326.38436 | I21: =F21/$C$1 -> 0.89176054 | L21: 0.0024809452 | O21: 0.0022646601 | R21: 0.91666667 | U21: 0.852
D22: 45947 | E22: 五 | F22: 345.15849 | I22: =F22/$C$1 -> 0.94305598 | L22: 0.0024584851 | O22: 0.00251305 | R22: 0.91666667 | U22: 0.854
D23: 45948 | E23: 六 | F23: 333.93291 | I23: =F23/$C$1 -> 0.91238501 | L23: 0.0024695947 | O23: 0.002345795 | R23: 0.91666667 | U23: 0.856
D24: 45949 | E24: 日 | F24: 346.44566 | I24: =F24/$C$1 -> 0.94657285 | L24: 0.0024655297 | O24: 0.0020855233 | R24: 0.91666667 | U24: 0.856
D25: 45950 | E25: 一 | F25: 349.74931 | I25: =F25/$C$1 -> 0.95559921 | L25: 0.0024507335 | O25: 0.0020893788 | R25: 0.91666667 | U25: 0.858
D26: 45951 | E26: 二 | F26: 323.90725 | G26: =AVERAGE(F26:F32) -> 335.05828 | I26: =F26/$C$1 -> 0.8849925 | J26: =AVERAGE(I26:I32) -> 0.91545978 | L26: 0.0024788198 | M26: =AVERAGE(L26:L32) -> 0.0024577011 | O26: 0.0021878136 | P26: =AVERAGE(O26:O32) -> 0.0024064585 | R26: 0.91666667 | S26: =AVERAGE(R26:R32) -> 0.91666667 | U26: 0.86 | V26: =AVERAGE(U26:U32) -> 0.86471429
D27: 45952 | E27: 三 | F27: 340.57902 | I27: =F27/$C$1 -> 0.93054376 | L27: 0.0024681358 | O27: 0.0022021568 | R27: 0.91666667 | U27: 0.862
D28: 45953 | E28: 四 | F28: 319.13569 | I28: =F28/$C$1 -> 0.87195543 | L28: 0.0024905203 | O28: 0.0025052057 | R28: 0.91666667 | U28: 0.862
D29: 45954 | E29: 五 | F29: 331.85866 | I29: =F29/$C$1 -> 0.90671766 | L29: 0.00245 | O29: 0.0027885185 | R29: 0.91666667 | U29: 0.865
D30: 45955 | E30: 六 | F30: 346.81537 | I30: =F30/$C$1 -> 0.94758299 | L30: 0.0024279094 | O30: 0.0025266368 | R30: 0.91666667 | U30: 0.868
D31: 45956 | E31: 日 | F31: 348.39098 | I31: =F31/$C$1 -> 0.95188793 | L31: 0.002450235 | O31: 0.0024897223 | R31: 0.91666667 | U31: 0.868
D32: 45957 | E32: 一 | F32: 334.72099 | I32: =F32/$C$1 -> 0.91453821 | L32: 0.0024382871 | O32: 0.0021451559 | R32: 0.91666667 | U32: 0.868
D33: 45958 | E33: 二 | F33: 337.67255 | G33: =AVERAGE(F33:F39) -> 340.19679 | I33: =F33/$C$1 -> 0.92260259 | J33: =AVERAGE(I33:I39) -> 0.92949941 | L33: 0.0024675466 | M33: =AVERAGE(L33:L39) -> 0.0024552869 | O33: 0.0021732369 | P33: =AVERAGE(O33:O39) -> 0.0022768681 | R33: 0.91666667 | S33: =AVERAGE(R33:R39) -> 0.91666667 | U33: 0.87 | V33: =AVERAGE(U33:U39) -> 0.87342857
D34: 45959 | E34: 三 | F34: 348.68158 | I34: =F34/$C$1 -> 0.95268191 | L34: 0.0024403744 | O34: 0.0022650323 | R34: 0.91666667 | U34: 0.87
D35: 45960 | E35: 四 | F35: 331.92437 | I35: =F35/$C$1 -> 0.90689717 | L35: 0.0024691257 | O35: 0.0022019024 | R35: 0.91666667 | U35: 0.872
D36: 45961 | E36: 五 | F36: 334.50307 | I36: =F36/$C$1 -> 0.91394282 | L36: 0.0024696228 | O36: 0.0025908488 | R36: 0.91666667 | U36: 0.872
D37: 45962 | E37: 六 | F37: 337.32625 | I37: =F37/$C$1 -> 0.92165643 | L37: 0.0024398551 | O37: 0.0025790165 | R37: 0.91666667 | U37: 0.875
D38: 45963 | E38: 日 | F38: 347.54377 | I38: =F38/$C$1 -> 0.94957315 | L38: 0.0024331814 | O38: 0.0020004283 | R38: 0.91666667 | U38: 0.875
D39: 45964 | E39: 一 | F39: 343.72591 | I39: =F39/$C$1 -> 0.93914183 | L39: 0.0024673021 | O39: 0.0021276117 | R39: 0.91666667 | U39: 0.88

Sheet （３）業績構成比
B2: （3）業績構成比
C3: 月份 | D3: 日期 | F3: 營業額 | I3: 品類業績
I4: 18℃-飯糰 | O4: 18℃-壽司手卷 | U4: 4℃-飯糰 | W4: 4℃-壽司手卷 | Y4: 主食 | AE4: 便當 | AG4: 熱食義麵 | AI4: 季節調理麵 | AK4: 微波小吃
F5: 日 | G5: 週累積 | H5: 月累積 | I5: 一配 | K5: 二配 | M5: 合計 | O5: 一配 | Q5: 二配 | S5: 合計 | U5: 一配 | W5: 一配 | Y5: 一配 | AA5: 二配 | AC5: 合計 | AE5: 一配 | AG5: 一配 | AI5: 一配 | AK5: 一配
I6: 業績(元) | J6: 比例(%) | K6: 業績(元) | L6: 比例(%) | M6: 業績(元) | N6: 比例(%) | O6: 業績(元) | P6: 比例(%) | Q6: 業績(元) | R6: 比例(%) | S6: 業績(元) | T6: 比例(%) | U6: 業績(元) | V6: 比例(%) | W6: 業績(元) | X6: 比例(%) | Y6: 業績(元) | Z6: 比例(%) | AA6: 業績(元) | AB6: 比例(%) | AC6: 業績(元) | AD6: 比例(%) | AE6: 業績(元) | AF6: 比例(%) | AG6: 業績(元) | AH6: 比例(%) | AI6: 業績(元) | AJ6: 比例(%) | AK6: 業績(元) | AL6: 比例(%)
C7: 10 | D7: 45930 | E7: 二 | F7: =SUM(M7,S7,U7,W7,AC7,AE7,AG7,AI7,AK7) -> 8551969 | G7: =SUM(F7:F13) -> 50444409 | I7: 719554.55 | J7: =I7/F7 -> 0.08413905 | K7: 795384.55 | L7: =K7/F7 -> 0.093006014 | M7: =SUM(I7+K7) -> 1514939.1 | N7: =M7/F7 -> 0.17714506 | O7: 212315.87 | P7: =O7/F7 -> 0.024826548 | Q7: 112672.39 | R7: =Q7/$F7 -> 0.013175023 | S7: =SUM(O7+Q7) -> 324988.26 | T7: =S7/F7 -> 0.038001571 | U7: 1002122.8 | V7: =U7/F7 -> 0.11718036 | W7: 15967.863 | X7: =W7/F7 -> 0.0018671564 | Y7: 790775.01 | Z7: =Y7/F7 -> 0.09246701 | AA7: 1095676.4 | AB7: =AA7/$F7 -> 0.12811979 | AC7: =SUM(Y7+AA7) -> 1886451.4 | AD7: =AC7/F7 -> 0.2205868 | AE7: 1280674.6 | AF7: =AE7/F7 -> 0.14975202 | AG7: 1163000.5 | AH7: =AG7/F7 -> 0.13599214 | AI7: 654699.71 | AJ7: =AI7/F7 -> 0.076555435 | AK7: 709124.64 | AL7: =AK7/F7 -> 0.082919458
D8: 45931 | E8: 三 | F8: =SUM(M8,S8,U8,W8,AC8,AE8,AG8,AI8,AK8) -> 7858716 | H8: =SUM(F8:F38) -> 224463487 | I8: 715251.51 | J8: =I8/F8 -> 0.091013788 | K8: 774813.38 | L8: =K8/F8 -> 0.098592872 | M8: =SUM(I8+K8) -> 1490064.9 | N8: =M8/F8 -> 0.18960666 | O8: 183209.01 | P8: =O8/F8 -> 0.023312843 | Q8: 109110.75 | R8: =Q8/$F8 -> 0.013884042 | S8: =SUM(O8+Q8) -> 292319.76 | T8: =S8/F8 -> 0.037196885 | U8: 714234.45 | V8: =U8/F8 -> 0.09088437 | W8: 142930.04 | X8: =W8/F8 -> 0.018187455 | Y8: 771807.27 | Z8: =Y8/F8 -> 0.098210353 | AA8: 1013692.3 | AB8: =AA8/$F8 -> 0.12898956 | AC8: =SUM(Y8+AA8) -> 1785499.6 | AD8: =AC8/F8 -> 0.22719991 | AE8: 1068254.1 | AF8: =AE8/F8 -> 0.1359324 | AG8: 1101680.4 | AH8: =AG8/F8 -> 0.1401858 | AI8: 640487.31 | AJ8: =AI8/F8 -> 0.081500248 | AK8: 623245.51 | AL8: =AK8/F8 -> 0.079306277
D9: 45932 | E9: 四 | F9: =SUM(M9,S9,U9,W9,AC9,AE9,AG9,AI9,AK9) -> 7240224 | I9: 638803.9 | J9: =I9/F9 -> 0.088229853 | K9: 709782.72 | L9: =K9/F9 -> 0.098033255 | M9: =SUM(I9+K9) -> 1348586.6 | N9: =M9/F9 -> 0.18626311 | O9: 168087.01 | P9: =O9/F9 -> 0.023215719 | Q9: 103531.42 | R9: =Q9/$F9 -> 0.014299477 | S9: =SUM(O9+Q9) -> 271618.43 | T9: =S9/F9 -> 0.037515197 | U9: 678120.21 | V9: =U9/F9 -> 0.093660115 | W9: 121058.02 | X9: =W9/F9 -> 0.016720204 | Y9: 713287.54 | Z9: =Y9/F9 -> 0.098517331 | AA9: 941658 | AB9: =AA9/$F9 -> 0.13005924 | AC9: =SUM(Y9+AA9) -> 1654945.5 | AD9: =AC9/F9 -> 0.22857657 | AE9: 1037069 | AF9: =AE9/F9 -> 0.14323714 | AG9: 979740.03 | AH9: =AG9/F9 -> 0.13531902 | AI9: 584172.03 | AJ9: =AI9/F9 -> 0.080684248 | AK9: 564914.14 | AL9: =AK9/F9 -> 0.0780244
D10: 45933 | E10: 五 | F10: =SUM(M10,S10,U10,W10,AC10,AE10,AG10,AI10,AK10) -> 6162506 | I10: 479861.71 | J10: =I10/F10 -> 0.07786795 | K10: 639452.13 | L10: =K10/F10 -> 0.10376495 | M10: =SUM(I10+K10) -> 1119313.8 | N10: =M10/F10 -> 0.1816329 | O10: 160197.73 | P10: =O10/F10 -> 0.025995549 | Q10: 85223.707 | R10: =Q10/$F10 -> 0.013829391 | S10: =SUM(O10+Q10) -> 245421.44 | T10: =S10/F10 -> 0.039824941 | U10: 557160.06 | V10: =U10/F10 -> 0.090411281 | W10: 89729.013 | X10: =W10/F10 -> 0.014560475 | Y10: 641494.12 | Z10: =Y10/F10 -> 0.10409631 | AA10: 914893.22 | AB10: =AA10/$F10 -> 0.14846123 | AC10: =SUM(Y10+AA10) -> 1556387.3 | AD10: =AC10/F10 -> 0.25255754 | AE10: 841320.42 | AF10: =AE10/F10 -> 0.13652245 | AG10: 723731.8 | AH10: =AG10/F10 -> 0.11744115 | AI10: 574995.02 | AJ10: =AI10/F10 -> 0.093305389 | AK10: 454447.07 | AL10: =AK10/F10 -> 0.073743875
D11: 45934 | E11: 六 | F11: =SUM(M11,S11,U11,W11,AC11,AE11,AG11,AI11,AK11) -> 6257631 | I11: 460314.43 | J11: =I11/F11 -> 0.073560495 | K11: 620519.59 | L11: =K11/F11 -> 0.099162062 | M11: =SUM(I11+K11) -> 1080834 | N11: =M11/F11 -> 0.17272256 | O11: 158636.16 | P11: =O11/F11 -> 0.025350834 | Q11: 86527.04 | R11: =Q11/$F11 -> 0.013827444 | S11: =SUM(O11+Q11) -> 245163.2 | T11: =S11/F11 -> 0.039178277 | U11: 555571.78 | V11: =U11/F11 -> 0.088783084 | W11: 113151.72 | X11: =W11/F11 -> 0.018082198 | Y11: 631970.86 | Z11: =Y11/F11 -> 0.10099203 | AA11: 954431.1 | AB11: =AA11/$F11 -> 0.15252275 | AC11: =SUM(Y11+AA11) -> 1586402 | AD11: =AC11/F11 -> 0.25351478 | AE11: 889137.79 | AF11: =AE11/F11 -> 0.14208856 | AG11: 754649.25 | AH11: =AG11/F11 -> 0.12059664 | AI11: 568744.83 | AJ11: =AI11/F11 -> 0.090888202 | AK11: 463976.44 | AL11: =AK11/F11 -> 0.074145701
D12: 45935 | E12: 日 | F12: =SUM(M12,S12,U12,W12,AC12,AE12,AG12,AI12,AK12) -> 6624573 | I12: 497773.62 | J12: =I12/F12 -> 0.075140484 | K12: 674622.41 | L12: =K12/F12 -> 0.10183636 | M12: =SUM(I12+K12) -> 1172396 | N12: =M12/F12 -> 0.17697685 | O12: 160860.73 | P12: =O12/F12 -> 0.024282429 | Q12: 86214.277 | R12: =Q12/$F12 -> 0.013014315 | S12: =SUM(O12+Q12) -> 247075 | T12: =S12/F12 -> 0.037296744 | U12: 619796.68 | V12: =U12/F12 -> 0.093560246 | W12: 137821.35 | X12: =W12/F12 -> 0.020804563 | Y12: 631382.85 | Z12: =Y12/F12 -> 0.095309215 | AA12: 958507.4 | AB12: =AA12/$F12 -> 0.14468969 | AC12: =SUM(Y12+AA12) -> 1589890.2 | AD12: =AC12/F12 -> 0.2399989 | AE12: 1027717.9 | AF12: =AE12/F12 -> 0.15513722 | AG12: 810231.6 | AH12: =AG12/F12 -> 0.12230699 | AI12: 487476.36 | AJ12: =AI12/F12 -> 0.07358608 | AK12: 532167.87 | AL12: =AK12/F12 -> 0.080332403
D13: 45936 | E13: 一 | F13: =SUM(M13,S13,U13,W13,AC13,AE13,AG13,AI13,AK13) -> 7748790 | I13: 677554.5 | J13: =I13/F13 -> 0.087440039 | K13: 777535.87 | L13: =K13/F13 -> 0.10034287 | M13: =SUM(I13+K13) -> 1455090.4 | N13: =M13/F13 -> 0.18778291 | O13: 188673.19 | P13: =O13/F13 -> 0.02434873 | Q13: 113341.41 | R13: =Q13/$F13 -> 0.014626982 | S13: =SUM(O13+Q13) -> 302014.6 | T13: =S13/F13 -> 0.038975711 | U13: 731080.92 | V13: =U13/F13 -> 0.094347752 | W13: 137010.25 | X13: =W13/F13 -> 0.017681503 | Y13: 781267.98 | Z13: =Y13/F13 -> 0.10082451 | AA13: 1059175 | AB13: =AA13/$F13 -> 0.13668908 | AC13: =SUM(Y13+AA13) -> 1840442.9 | AD13: =AC13/F13 -> 0.23751359 | AE13: 1064092.8 | AF13: =AE13/F13 -> 0.13732374 | AG13: 1051943.1 | AH13: =AG13/F13 -> 0.13575579 | AI13: 547469.92 | AJ13: =AI13/F13 -> 0.07065231 | AK13: 619645.1 | AL13: =AK13/F13 -> 0.079966692
D14: 45937 | E14: 二 | F14: =SUM(M14,S14,U14,W14,AC14,AE14,AG14,AI14,AK14) -> 8050194 | G14: =SUM(F14:F20) -> 50896038 | I14: 736776.46 | J14: =I14/F14 -> 0.091522821 | K14: 831797.45 | L14: =K14/F14 -> 0.10332639 | M14: =SUM(I14+K14) -> 1568573.9 | N14: =M14/F14 -> 0.19484921 | O14: 206332.65 | P14: =O14/F14 -> 0.025630767 | Q14: 119424.95 | R14: =Q14/$F14 -> 0.01483504 | S14: =SUM(O14+Q14) -> 325757.6 | T14: =S14/F14 -> 0.040465807 | U14: 748820.18 | V14: =U14/F14 -> 0.093018899 | W14: 115179.95 | X14: =W14/F14 -> 0.014307723 | Y14: 819732.6 | Z14: =Y14/F14 -> 0.10182768 | AA14: 1145149.5 | AB14: =AA14/$F14 -> 0.14225116 | AC14: =SUM(Y14+AA14) -> 1964882.1 | AD14: =AC14/F14 -> 0.24407884 | AE14: 1074151 | AF14: =AE14/F14 -> 0.13343169 | AG14: 1037300.7 | AH14: =AG14/F14 -> 0.12885413 | AI14: 583328.71 | AJ14: =AI14/F14 -> 0.072461448 | AK14: 632199.91 | AL14: =AK14/F14 -> 0.078532258
D15: 45938 | E15: 三 | F15: =SUM(M15,S15,U15,W15,AC15,AE15,AG15,AI15,AK15) -> 7653723 | I15: 700167.53 | J15: =I15/F15 -> 0.091480647 | K15: 739645.52 | L15: =K15/F15 -> 0.096638658 | M15: =SUM(I15+K15) -> 1439813 | N15: =M15/F15 -> 0.1881193 | O15: 183048.38 | P15: =O15/F15 -> 0.023916253 | Q15: 110508.19 | R15: =Q15/$F15 -> 0.014438488 | S15: =SUM(O15+Q15) -> 293556.57 | T15: =S15/F15 -> 0.038354741 | U15: 706521.43 | V15: =U15/F15 -> 0.092310818 | W15: 109808.72 | X15: =W15/F15 -> 0.014347099 | Y15: 800261.8 | Z15: =Y15/F15 -> 0.1045585 | AA15: 1113960 | AB15: =AA15/$F15 -> 0.14554486 | AC15: =SUM(Y15+AA15) -> 1914221.8 | AD15: =AC15/F15 -> 0.25010336 | AE15: 1074777.3 | AF15: =AE15/F15 -> 0.14042542 | AG15: 936019.21 | AH15: =AG15/F15 -> 0.12229594 | AI15: 574702.84 | AJ15: =AI15/F15 -> 0.075088011 | AK15: 604302.11 | AL15: =AK15/F15 -> 0.078955315
D16: 45939 | E16: 四 | F16: =SUM(M16,S16,U16,W16,AC16,AE16,AG16,AI16,AK16) -> 6660783 | I16: 484569.01 | J16: =I16/F16 -> 0.072749556 | K16: 664217.78 | L16: =K16/F16 -> 0.099720675 | M16: =SUM(I16+K16) -> 1148786.8 | N16: =M16/F16 -> 0.17247023 | O16: 149225.1 | P16: =O16/F16 -> 0.022403537 | Q16: 87616.274 | R16: =Q16/$F16 -> 0.01315405 | S16: =SUM(O16+Q16) -> 236841.37 | T16: =S16/F16 -> 0.035557587 | U16: 568656.79 | V16: =U16/F16 -> 0.085373865 | W16: 105430.09 | X16: =W16/F16 -> 0.015828483 | Y16: 638339.99 | Z16: =Y16/F16 -> 0.095835578 | AA16: 1034336 | AB16: =AA16/$F16 -> 0.15528745 | AC16: =SUM(Y16+AA16) -> 1672676 | AD16: =AC16/F16 -> 0.25112303 | AE16: 1023887.6 | AF16: =AE16/F16 -> 0.1537188 | AG16: 951204.75 | AH16: =AG16/F16 -> 0.14280675 | AI16: 463915.37 | AJ16: =AI16/F16 -> 0.069648774 | AK16: 489384.26 | AL16: =AK16/F16 -> 0.073472482
D17: 45940 | E17: 五 | F17: =SUM(M17,S17,U17,W17,AC17,AE17,AG17,AI17,AK17) -> 6259506 | I17: 459690.25 | J17: =I17/F17 -> 0.073438743 | K17: 643561.48 | L17: =K17/F17 -> 0.10281346 | M17: =SUM(I17+K17) -> 1103251.7 | N17: =M17/F17 -> 0.17625221 | O17: 152296.57 | P17: =O17/F17 -> 0.024330445 | Q17: 86586.33 | R17: =Q17/$F17 -> 0.013832774 | S17: =SUM(O17+Q17) -> 238882.9 | T17: =S17/F17 -> 0.038163218 | U17: 548937.14 | V17: =U17/F17 -> 0.08769656 | W17: 88411.309 | X17: =W17/F17 -> 0.014124327 | Y17: 574059.67 | Z17: =Y17/F17 -> 0.09171006 | AA17: 1082605 | AB17: =AA17/$F17 -> 0.17295375 | AC17: =SUM(Y17+AA17) -> 1656664.7 | AD17: =AC17/F17 -> 0.26466381 | AE17: 874646.65 | AF17: =AE17/F17 -> 0.13973094 | AG17: 785389.16 | AH17: =AG17/F17 -> 0.12547143 | AI17: 478999.15 | AJ17: =AI17/F17 -> 0.076523475 | AK17: 484323.28 | AL17: =AK17/F17 -> 0.077374042
D18: 45941 | E18: 六 | F18: =SUM(M18,S18,U18,W18,AC18,AE18,AG18,AI18,AK18) -> 6689233 | I18: 459099.81 | J18: =I18/F18 -> 0.068632653 | K18: 718664.47 | L18: =K18/F18 -> 0.10743601 | M18: =SUM(I18+K18) -> 1177764.3 | N18: =M18/F18 -> 0.17606866 | O18: 148663.67 | P18: =O18/F18 -> 0.022224322 | Q18: 87933.647 | R18: =Q18/$F18 -> 0.01314555 | S18: =SUM(O18+Q18) -> 236597.32 | T18: =S18/F18 -> 0.035369872 | U18: 596022.61 | V18: =U18/F18 -> 0.089101787 | W18: 78423.415 | X18: =W18/F18 -> 0.011723828 | Y18: 635136.61 | Z18: =Y18/F18 -> 0.094949094 | AA18: 1126727.1 | AB18: =AA18/$F18 -> 0.16843891 | AC18: =SUM(Y18+AA18) -> 1761863.7 | AD18: =AC18/F18 -> 0.263388 | AE18: 938903.22 | AF18: =AE18/F18 -> 0.14036037 | AG18: 913877.57 | AH18: =AG18/F18 -> 0.13661919 | AI18: 491309.24 | AJ18: =AI18/F18 -> 0.073447768 | AK18: 494471.62 | AL18: =AK18/F18 -> 0.073920525
D19: 45942 | E19: 日 | F19: =SUM(M19,S19,U19,W19,AC19,AE19,AG19,AI19,AK19) -> 7867103 | I19: 650748.36 | J19: =I19/F19 -> 0.082717661 | K19: 797070.62 | L19: =K19/F19 -> 0.10131692 | M19: =SUM(I19+K19) -> 1447819 | N19: =M19/F19 -> 0.18403458 | O19: 176493.15 | P19: =O19/F19 -> 0.022434326 | Q19: 108102.57 | R19: =Q19/$F19 -> 0.013741089 | S19: =SUM(O19+Q19) -> 284595.72 | T19: =S19/F19 -> 0.036175415 | U19: 675682.08 | V19: =U19/F19 -> 0.085887026 | W19: 84483.314 | X19: =W19/F19 -> 0.010738809 | Y19: 693099.79 | Z19: =Y19/F19 -> 0.088101018 | AA19: 1229940 | AB19: =AA19/$F19 -> 0.15633963 | AC19: =SUM(Y19+AA19) -> 1923039.7 | AD19: =AC19/F19 -> 0.24444065 | AE19: 1103944.2 | AF19: =AE19/F19 -> 0.14032411 | AG19: 1225854.4 | AH19: =AG19/F19 -> 0.15582031 | AI19: 560766 | AJ19: =AI19/F19 -> 0.07127986 | AK19: 560918.57 | AL19: =AK19/F19 -> 0.071299253
D20: 45943 | E20: 一 | F20: =SUM(M20,S20,U20,W20,AC20,AE20,AG20,AI20,AK20) -> 7715496 | I20: 625357.9 | J20: =I20/F20 -> 0.081052197 | K20: 785028.38 | L20: =K20/F20 -> 0.10174698 | M20: =SUM(I20+K20) -> 1410386.3 | N20: =M20/F20 -> 0.18279917 | O20: 174380.87 | P20: =O20/F20 -> 0.022601381 | Q20: 107038.22 | R20: =Q20/$F20 -> 0.013873149 | S20: =SUM(O20+Q20) -> 281419.09 | T20: =S20/F20 -> 0.03647453 | U20: 689571.21 | V20: =U20/F20 -> 0.089374839 | W20: 109837.79 | X20: =W20/F20 -> 0.014235998 | Y20: 686916.54 | Z20: =Y20/F20 -> 0.089030768 | AA20: 1236685 | AB20: =AA20/$F20 -> 0.16028587 | AC20: =SUM(Y20+AA20) -> 1923601.5 | AD20: =AC20/F20 -> 0.24931664 | AE20: 1071612.7 | AF20: =AE20/F20 -> 0.13889096 | AG20: 1128178.3 | AH20: =AG20/F20 -> 0.14622239 | AI20: 534610.1 | AJ20: =AI20/F20 -> 0.069290438 | AK20: 566279.08 | AL20: =AK20/F20 -> 0.073395033
D21: 45944 | E21: 二 | F21: =SUM(M21,S21,U21,W21,AC21,AE21,AG21,AI21,AK21) -> 7917911 | G21: =SUM(F21:F27) -> 51190043 | I21: 731403.67 | J21: =I21/F21 -> 0.092373313 | K21: 793387.43 | L21: =K21/F21 -> 0.10020161 | M21: =SUM(I21+K21) -> 1524791.1 | N21: =M21/F21 -> 0.19257492 | O21: 282610.38 | P21: =O21/F21 -> 0.035692543 | Q21: 113047.66 | R21: =Q21/$F21 -> 0.014277461 | S21: =SUM(O21+Q21) -> 395658.05 | T21: =S21/F21 -> 0.049970004 | U21: 690707.7 | V21: =U21/F21 -> 0.087233577 | W21: 104493.82 | X21: =W21/F21 -> 0.013197146 | Y21: 684585.17 | Z21: =Y21/F21 -> 0.086460327 | AA21: 1221913.4 | AB21: =AA21/$F21 -> 0.1543227 | AC21: =SUM(Y21+AA21) -> 1906498.6 | AD21: =AC21/F21 -> 0.24078303 | AE21: 1053622 | AF21: =AE21/F21 -> 0.13306818 | AG21: 1126192.4 | AH21: =AG21/F21 -> 0.14223352 | AI21: 531238.29 | AJ21: =AI21/F21 -> 0.067093238 | AK21: 584709.06 | AL21: =AK21/F21 -> 0.073846379
D22: 45945 | E22: 三 | F22: =SUM(M22,S22,U22,W22,AC22,AE22,AG22,AI22,AK22) -> 7086135 | I22: 632843.4 | J22: =I22/F22 -> 0.089307275 | K22: 719237.55 | L22: =K22/F22 -> 0.10149927 | M22: =SUM(I22+K22) -> 1352081 | N22: =M22/F22 -> 0.19080655 | O22: 210497.6 | P22: =O22/F22 -> 0.029705559 | Q22: 101601.39 | R22: =Q22/$F22 -> 0.014338055 | S22: =SUM(O22+Q22) -> 312099 | T22: =S22/F22 -> 0.044043614 | U22: 615205.05 | V22: =U22/F22 -> 0.086818139 | W22: 93079.843 | X22: =W22/F22 -> 0.013135488 | Y22: 618856.48 | Z22: =Y22/F22 -> 0.087333431 | AA22: 1037238.3 | AB22: =AA22/$F22 -> 0.14637575 | AC22: =SUM(Y22+AA22) -> 1656094.8 | AD22: =AC22/F22 -> 0.23370918 | AE22: 1015782.6 | AF22: =AE22/F22 -> 0.14334791 | AG22: 1022042.1 | AH22: =AG22/F22 -> 0.14423125 | AI22: 487617.24 | AJ22: =AI22/F22 -> 0.068812864 | AK22: 532133.43 | AL22: =AK22/F22 -> 0.075095017
D23: 45946 | E23: 四 | F23: =SUM(M23,S23,U23,W23,AC23,AE23,AG23,AI23,AK23) -> 7387104 | I23: 669044.96 | J23: =I23/F23 -> 0.090569317 | K23: 742044.79 | L23: =K23/F23 -> 0.10045138 | M23: =SUM(I23+K23) -> 1411089.8 | N23: =M23/F23 -> 0.1910207 | O23: 222344.27 | P23: =O23/F23 -> 0.030098977 | Q23: 112041.81 | R23: =Q23/$F23 -> 0.015167217 | S23: =SUM(O23+Q23) -> 334386.08 | T23: =S23/F23 -> 0.045266194 | U23: 649335.2 | V23: =U23/F23 -> 0.087901186 | W23: 84600.614 | X23: =W23/F23 -> 0.011452474 | Y23: 649647.6 | Z23: =Y23/F23 -> 0.087943476 | AA23: 1035941.9 | AB23: =AA23/$F23 -> 0.14023654 | AC23: =SUM(Y23+AA23) -> 1685589.5 | AD23: =AC23/F23 -> 0.22818001 | AE23: 1031893.8 | AF23: =AE23/F23 -> 0.13968855 | AG23: 1114338.7 | AH23: =AG23/F23 -> 0.1508492 | AI23: 525246.02 | AJ23: =AI23/F23 -> 0.071103104 | AK23: 550624.33 | AL23: =AK23/F23 -> 0.074538591
D24: 45947 | E24: 五 | F24: =SUM(M24,S24,U24,W24,AC24,AE24,AG24,AI24,AK24) -> 6524343 | I24: 602641.38 | J24: =I24/F24 -> 0.092368133 | K24: 681311.6 | L24: =K24/F24 -> 0.10442609 | M24: =SUM(I24+K24) -> 1283953 | N24: =M24/F24 -> 0.19679422 | O24: 219036.52 | P24: =O24/F24 -> 0.033572195 | Q24: 98455.717 | R24: =Q24/$F24 -> 0.015090518 | S24: =SUM(O24+Q24) -> 317492.23 | T24: =S24/F24 -> 0.048662713 | U24: 526020.46 | V24: =U24/F24 -> 0.080624281 | W24: 44247.877 | X24: =W24/F24 -> 0.0067819666 | Y24: 585085.69 | Z24: =Y24/F24 -> 0.089677335 | AA24: 1025306.2 | AB24: =AA24/$F24 -> 0.15715088 | AC24: =SUM(Y24+AA24) -> 1610391.9 | AD24: =AC24/F24 -> 0.24682821 | AE24: 841031.26 | AF24: =AE24/F24 -> 0.12890666 | AG24: 934989.01 | AH24: =AG24/F24 -> 0.14330777 | AI24: 498333.68 | AJ24: =AI24/F24 -> 0.076380669 | AK24: 467883.58 | AL24: =AK24/F24 -> 0.071713517
D25: 45948 | E25: 六 | F25: =SUM(M25,S25,U25,W25,AC25,AE25,AG25,AI25,AK25) -> 6552897 | I25: 583543.65 | J25: =I25/F25 -> 0.089051248 | K25: 741847.15 | L25: =K25/F25 -> 0.11320904 | M25: =SUM(I25+K25) -> 1325390.8 | N25: =M25/F25 -> 0.20226028 | O25: 207840.89 | P25: =O25/F25 -> 0.031717406 | Q25: 91697.961 | R25: =Q25/$F25 -> 0.0139935 | S25: =SUM(O25+Q25) -> 299538.86 | T25: =S25/F25 -> 0.045710906 | U25: 550069.81 | V25: =U25/F25 -> 0.083942997 | W25: 47135.989 | X25: =W25/F25 -> 0.0071931527 | Y25: 585332.47 | Z25: =Y25/F25 -> 0.089324229 | AA25: 1061582.4 | AB25: =AA25/$F25 -> 0.16200199 | AC25: =SUM(Y25+AA25) -> 1646914.8 | AD25: =AC25/F25 -> 0.25132622 | AE25: 819201.84 | AF25: =AE25/F25 -> 0.12501369 | AG25: 898892.54 | AH25: =AG25/F25 -> 0.13717483 | AI25: 501653.19 | AJ25: =AI25/F25 -> 0.076554414 | AK25: 464099.13 | AL25: =AK25/F25 -> 0.070823504
D26: 45949 | E26: 日 | F26: =SUM(M26,S26,U26,W26,AC26,AE26,AG26,AI26,AK26) -> 7868086 | I26: 757932.61 | J26: =I26/F26 -> 0.096329985 | K26: 821480.54 | L26: =K26/F26 -> 0.10440665 | M26: =SUM(I26+K26) -> 1579413.1 | N26: =M26/F26 -> 0.20073664 | O26: 257113.59 | P26: =O26/F26 -> 0.032678035 | Q26: 110706.68 | R26: =Q26/$F26 -> 0.014070344 | S26: =SUM(O26+Q26) -> 367820.27 | T26: =S26/F26 -> 0.04674838 | U26: 670934.19 | V26: =U26/F26 -> 0.08527286 | W26: 72956.48 | X26: =W26/F26 -> 0.0092724558 | Y26: 638561.35 | Z26: =Y26/F26 -> 0.08115841 | AA26: 1180184 | AB26: =AA26/$F26 -> 0.14999633 | AC26: =SUM(Y26+AA26) -> 1818745.4 | AD26: =AC26/F26 -> 0.23115474 | AE26: 1093940.1 | AF26: =AE26/F26 -> 0.1390351 | AG26: 1134988.3 | AH26: =AG26/F26 -> 0.14425215 | AI26: 572519.53 | AJ26: =AI26/F26 -> 0.072764777 | AK26: 556768.66 | AL26: =AK26/F26 -> 0.07076291
D27: 45950 | E27: 一 | F27: =SUM(M27,S27,U27,W27,AC27,AE27,AG27,AI27,AK27) -> 7853567 | I27: 737936.34 | J27: =I27/F27 -> 0.093961933 | K27: 811644.64 | L27: =K27/F27 -> 0.10334726 | M27: =SUM(I27+K27) -> 1549581 | N27: =M27/F27 -> 0.19730919 | O27: 236418 | P27: =O27/F27 -> 0.030103264 | Q27: 110800.85 | R27: =Q27/$F27 -> 0.014108347 | S27: =SUM(O27+Q27) -> 347218.85 | T27: =S27/F27 -> 0.044211611 | U27: 695789.06 | V27: =U27/F27 -> 0.088595292 | W27: 94814.113 | X27: =W27/F27 -> 0.012072745 | Y27: 664993.4 | Z27: =Y27/F27 -> 0.08467406 | AA27: 1217974.7 | AB27: =AA27/$F27 -> 0.15508554 | AC27: =SUM(Y27+AA27) -> 1882968.1 | AD27: =AC27/F27 -> 0.2397596 | AE27: 1129705.1 | AF27: =AE27/F27 -> 0.14384611 | AG27: 1112279.7 | AH27: =AG27/F27 -> 0.14162732 | AI27: 475130.05 | AJ27: =AI27/F27 -> 0.060498631 | AK27: 566081.09 | AL27: =AK27/F27 -> 0.072079488
D28: 45951 | E28: 二 | F28: =SUM(M28,S28,U28,W28,AC28,AE28,AG28,AI28,AK28) -> 7817095 | G28: =SUM(F28:F34) -> 49497330 | I28: 740365.86 | J28: =I28/F28 -> 0.094711125 | K28: 797416.01 | L28: =K28/F28 -> 0.10200925 | M28: =SUM(I28+K28) -> 1537781.9 | N28: =M28/F28 -> 0.19672038 | O28: 232224.79 | P28: =O28/F28 -> 0.0297073 | Q28: 112969.38 | R28: =Q28/$F28 -> 0.014451581 | S28: =SUM(O28+Q28) -> 345194.17 | T28: =S28/F28 -> 0.044158881 | U28: 676861.02 | V28: =U28/F28 -> 0.086587284 | W28: 73972.827 | X28: =W28/F28 -> 0.0094629561 | Y28: 674348.43 | Z28: =Y28/F28 -> 0.086265861 | AA28: 1193196 | AB28: =AA28/$F28 -> 0.15263932 | AC28: =SUM(Y28+AA28) -> 1867544.5 | AD28: =AC28/F28 -> 0.23890518 | AE28: 1112459.9 | AF28: =AE28/F28 -> 0.14231117 | AG28: 1159853.5 | AH28: =AG28/F28 -> 0.14837398 | AI28: 469574.86 | AJ28: =AI28/F28 -> 0.060070252 | AK28: 573852.35 | AL28: =AK28/F28 -> 0.073409924
D29: 45952 | E29: 三 | F29: =SUM(M29,S29,U29,W29,AC29,AE29,AG29,AI29,AK29) -> 7419770 | I29: 720292.77 | J29: =I29/F29 -> 0.097077507 | K29: 729184.1 | L29: =K29/F29 -> 0.098275836 | M29: =SUM(I29+K29) -> 1449476.9 | N29: =M29/F29 -> 0.19535334 | O29: 227354.95 | P29: =O29/F29 -> 0.030641778 | Q29: 104596.18 | R29: =Q29/$F29 -> 0.014096958 | S29: =SUM(O29+Q29) -> 331951.13 | T29: =S29/F29 -> 0.044738736 | U29: 663779.33 | V29: =U29/F29 -> 0.089460904 | W29: 65687.861 | X29: =W29/F29 -> 0.0088530859 | Y29: 643190.46 | Z29: =Y29/F29 -> 0.086686037 | AA29: 1083424.8 | AB29: =AA29/$F29 -> 0.14601865 | AC29: =SUM(Y29+AA29) -> 1726615.2 | AD29: =AC29/F29 -> 0.23270468 | AE29: 1056260.8 | AF29: =AE29/F29 -> 0.14235762 | AG29: 1134585.1 | AH29: =AG29/F29 -> 0.15291379 | AI29: 440253.38 | AJ29: =AI29/F29 -> 0.059335179 | AK29: 551160.25 | AL29: =AK29/F29 -> 0.074282659
D30: 45953 | E30: 四 | F30: =SUM(M30,S30,U30,W30,AC30,AE30,AG30,AI30,AK30) -> 6310328 | I30: 541723.26 | J30: =I30/F30 -> 0.085847085 | K30: 684592.21 | L30: =K30/F30 -> 0.10848758 | M30: =SUM(I30+K30) -> 1226315.5 | N30: =M30/F30 -> 0.19433467 | O30: 188651.67 | P30: =O30/F30 -> 0.0298957 | Q30: 85952.425 | R30: =Q30/$F30 -> 0.013620912 | S30: =SUM(O30+Q30) -> 274604.1 | T30: =S30/F30 -> 0.043516613 | U30: 561019.15 | V30: =U30/F30 -> 0.088904912 | W30: 47092.364 | X30: =W30/F30 -> 0.0074627442 | Y30: 572770.09 | Z30: =Y30/F30 -> 0.090767087 | AA30: 947218.47 | AB30: =AA30/$F30 -> 0.15010606 | AC30: =SUM(Y30+AA30) -> 1519988.6 | AD30: =AC30/F30 -> 0.24087315 | AE30: 915588.43 | AF30: =AE30/F30 -> 0.14509364 | AG30: 887020.68 | AH30: =AG30/F30 -> 0.14056649 | AI30: 402492.24 | AJ30: =AI30/F30 -> 0.063783094 | AK30: 476206.99 | AL30: =AK30/F30 -> 0.075464697
D31: 45954 | E31: 五 | F31: =SUM(M31,S31,U31,W31,AC31,AE31,AG31,AI31,AK31) -> 6007757 | I31: 511007.57 | J31: =I31/F31 -> 0.085057962 | K31: 658527.51 | L31: =K31/F31 -> 0.10961287 | M31: =SUM(I31+K31) -> 1169535.1 | N31: =M31/F31 -> 0.19467084 | O31: 230258.08 | P31: =O31/F31 -> 0.038326797 | Q31: 86629.513 | R31: =Q31/$F31 -> 0.01441961 | S31: =SUM(O31+Q31) -> 316887.59 | T31: =S31/F31 -> 0.052746407 | U31: 521336.83 | V31: =U31/F31 -> 0.086777283 | W31: 49622.107 | X31: =W31/F31 -> 0.0082596728 | Y31: 570295.39 | Z31: =Y31/F31 -> 0.094926508 | AA31: 957368.96 | AB31: =AA31/$F31 -> 0.15935547 | AC31: =SUM(Y31+AA31) -> 1527664.4 | AD31: =AC31/F31 -> 0.25428198 | AE31: 776718.89 | AF31: =AE31/F31 -> 0.129286 | AG31: 783952.7 | AH31: =AG31/F31 -> 0.13049008 | AI31: 404630.14 | AJ31: =AI31/F31 -> 0.067351283 | AK31: 457409.31 | AL31: =AK31/F31 -> 0.076136453
D32: 45955 | E32: 六 | F32: =SUM(M32,S32,U32,W32,AC32,AE32,AG32,AI32,AK32) -> 6324783 | I32: 496476.88 | J32: =I32/F32 -> 0.078497061 | K32: 716808.39 | L32: =K32/F32 -> 0.11333328 | M32: =SUM(I32+K32) -> 1213285.3 | N32: =M32/F32 -> 0.19183034 | O32: 217128.64 | P32: =O32/F32 -> 0.034329816 | Q32: 87124.756 | R32: =Q32/$F32 -> 0.013775138 | S32: =SUM(O32+Q32) -> 304253.39 | T32: =S32/F32 -> 0.048104954 | U32: 562703.92 | V32: =U32/F32 -> 0.088968098 | W32: 55077.91 | X32: =W32/F32 -> 0.0087082688 | Y32: 592537.85 | Z32: =Y32/F32 -> 0.093685088 | AA32: 1020185.6 | AB32: =AA32/$F32 -> 0.1612997 | AC32: =SUM(Y32+AA32) -> 1612723.4 | AD32: =AC32/F32 -> 0.25498479 | AE32: 791969.15 | AF32: =AE32/F32 -> 0.12521681 | AG32: 901771.97 | AH32: =AG32/F32 -> 0.14257754 | AI32: 410497.82 | AJ32: =AI32/F32 -> 0.064903069 | AK32: 472500.15 | AL32: =AK32/F32 -> 0.074706143
D33: 45956 | E33: 日 | F33: =SUM(M33,S33,U33,W33,AC33,AE33,AG33,AI33,AK33) -> 7684569 | I33: 708600.62 | J33: =I33/F33 -> 0.092210848 | K33: 768012.66 | L33: =K33/F33 -> 0.099942191 | M33: =SUM(I33+K33) -> 1476613.3 | N33: =M33/F33 -> 0.19215304 | O33: 274677.66 | P33: =O33/F33 -> 0.035744055 | Q33: 108330.21 | R33: =Q33/$F33 -> 0.01409711 | S33: =SUM(O33+Q33) -> 383007.87 | T33: =S33/F33 -> 0.049841165 | U33: 668295.82 | V33: =U33/F33 -> 0.086965947 | W33: 65736.81 | X33: =W33/F33 -> 0.0085543912 | Y33: 717947.4 | Z33: =Y33/F33 -> 0.093427152 | AA33: 1090541.6 | AB33: =AA33/$F33 -> 0.14191317 | AC33: =SUM(Y33+AA33) -> 1808489 | AD33: =AC33/F33 -> 0.23534033 | AE33: 1101814.4 | AF33: =AE33/F33 -> 0.14338012 | AG33: 1155691.3 | AH33: =AG33/F33 -> 0.15039117 | AI33: 455711.17 | AJ33: =AI33/F33 -> 0.059302112 | AK33: 569209.35 | AL33: =AK33/F33 -> 0.074071734
D34: 45957 | E34: 一 | F34: =SUM(M34,S34,U34,W34,AC34,AE34,AG34,AI34,AK34) -> 7933028 | I34: 689875.04 | J34: =I34/F34 -> 0.086962385 | K34: 922491.01 | L34: =K34/F34 -> 0.11628486 | M34: =SUM(I34+K34) -> 1612366.1 | N34: =M34/F34 -> 0.20324724 | O34: 257499.3 | P34: =O34/F34 -> 0.032459145 | Q34: 106080.33 | R34: =Q34/$F34 -> 0.013371984 | S34: =SUM(O34+Q34) -> 363579.63 | T34: =S34/F34 -> 0.045831129 | U34: 647910.18 | V34: =U34/F34 -> 0.081672494 | W34: 61201.831 | X34: =W34/F34 -> 0.0077148135 | Y34: 706376.46 | Z34: =Y34/F34 -> 0.089042477 | AA34: 1385124.7 | AB34: =AA34/$F34 -> 0.17460227 | AC34: =SUM(Y34+AA34) -> 2091501.2 | AD34: =AC34/F34 -> 0.26364475 | AE34: 1079903.8 | AF34: =AE34/F34 -> 0.13612756 | AG34: 1103387.3 | AH34: =AG34/F34 -> 0.13908778 | AI34: 413192.29 | AJ34: =AI34/F34 -> 0.052085067 | AK34: 559985.79 | AL34: =AK34/F34 -> 0.07058916
D35: 45958 | E35: 二 | F35: =SUM(M35,S35,U35,W35,AC35,AE35,AG35,AI35,AK35) -> 8874807 | G35: =SUM(F35:F41) -> 52649495 | I35: 780746.64 | J35: =I35/F35 -> 0.087973366 | K35: 911239.32 | L35: =K35/F35 -> 0.10267709 | M35: =SUM(I35+K35) -> 1691986 | N35: =M35/F35 -> 0.19065045 | O35: 271416.89 | P35: =O35/F35 -> 0.030582849 | Q35: 110287.01 | R35: =Q35/$F35 -> 0.012426976 | S35: =SUM(O35+Q35) -> 381703.9 | T35: =S35/F35 -> 0.043009825 | U35: 656894.59 | V35: =U35/F35 -> 0.074017902 | W35: 326083.5 | X35: =W35/F35 -> 0.036742602 | Y35: 700989.34 | Z35: =Y35/F35 -> 0.078986432 | AA35: 1516347.3 | AB35: =AA35/$F35 -> 0.17085975 | AC35: =SUM(Y35+AA35) -> 2217336.7 | AD35: =AC35/F35 -> 0.24984619 | AE35: 1283032.9 | AF35: =AE35/F35 -> 0.14457023 | AG35: 1049488.8 | AH35: =AG35/F35 -> 0.11825483 | AI35: 472206.16 | AJ35: =AI35/F35 -> 0.053207484 | AK35: 796074.54 | AL35: =AK35/F35 -> 0.089700491
D36: 45959 | E36: 三 | F36: =SUM(M36,S36,U36,W36,AC36,AE36,AG36,AI36,AK36) -> 8157355 | I36: 741769.41 | J36: =I36/F36 -> 0.090932589 | K36: 911358.13 | L36: =K36/F36 -> 0.11172226 | M36: =SUM(I36+K36) -> 1653127.5 | N36: =M36/F36 -> 0.20265485 | O36: 268793.45 | P36: =O36/F36 -> 0.032951054 | Q36: 111574.07 | R36: =Q36/$F36 -> 0.013677726 | S36: =SUM(O36+Q36) -> 380367.52 | T36: =S36/F36 -> 0.046628781 | U36: 647363.6 | V36: =U36/F36 -> 0.079359499 | W36: 211714.89 | X36: =W36/F36 -> 0.025953864 | Y36: 676052.95 | Z36: =Y36/F36 -> 0.08287649 | AA36: 1364309 | AB36: =AA36/$F36 -> 0.16724894 | AC36: =SUM(Y36+AA36) -> 2040361.9 | AD36: =AC36/F36 -> 0.25012543 | AE36: 1168977.6 | AF36: =AE36/F36 -> 0.14330351 | AG36: 940949.52 | AH36: =AG36/F36 -> 0.11534983 | AI36: 411972.81 | AJ36: =AI36/F36 -> 0.050503234 | AK36: 702519.62 | AL36: =AK36/F36 -> 0.086121007
D37: 45960 | E37: 四 | F37: =SUM(M37,S37,U37,W37,AC37,AE37,AG37,AI37,AK37) -> 7556926 | I37: 676655.12 | J37: =I37/F37 -> 0.089541054 | K37: 821105.69 | L37: =K37/F37 -> 0.10865605 | M37: =SUM(I37+K37) -> 1497760.8 | N37: =M37/F37 -> 0.1981971 | O37: 239899.99 | P37: =O37/F37 -> 0.031745712 | Q37: 110774.38 | R37: =Q37/$F37 -> 0.014658656 | S37: =SUM(O37+Q37) -> 350674.38 | T37: =S37/F37 -> 0.046404368 | U37: 606522.59 | V37: =U37/F37 -> 0.080260491 | W37: 194750.99 | X37: =W37/F37 -> 0.025771192 | Y37: 642678.45 | Z37: =Y37/F37 -> 0.085044957 | AA37: 1165803.2 | AB37: =AA37/$F37 -> 0.15426951 | AC37: =SUM(Y37+AA37) -> 1808481.7 | AD37: =AC37/F37 -> 0.23931446 | AE37: 1092729.8 | AF37: =AE37/F37 -> 0.14459978 | AG37: 926437.92 | AH37: =AG37/F37 -> 0.12259455 | AI37: 400515.05 | AJ37: =AI37/F37 -> 0.052999732 | AK37: 679052.73 | AL37: =AK37/F37 -> 0.089858327
D38: 45961 | E38: 五 | F38: =SUM(M38,S38,U38,W38,AC38,AE38,AG38,AI38,AK38) -> 6398548 | I38: 572932.73 | J38: =I38/F38 -> 0.089541054 | K38: 695240.92 | L38: =K38/F38 -> 0.10865605 | M38: =SUM(I38+K38) -> 1268173.7 | N38: =M38/F38 -> 0.1981971 | O38: 203126.46 | P38: =O38/F38 -> 0.031745712 | Q38: 93794.117 | R38: =Q38/$F38 -> 0.014658656 | S38: =SUM(O38+Q38) -> 296920.58 | T38: =S38/F38 -> 0.046404368 | U38: 513550.6 | V38: =U38/F38 -> 0.080260491 | W38: 164898.21 | X38: =W38/F38 -> 0.025771192 | Y38: 544164.24 | Z38: =Y38/F38 -> 0.085044957 | AA38: 987100.84 | AB38: =AA38/$F38 -> 0.15426951 | AC38: =SUM(Y38+AA38) -> 1531265.1 | AD38: =AC38/F38 -> 0.23931446 | AE38: 925228.63 | AF38: =AE38/F38 -> 0.14459978 | AG38: 784427.09 | AH38: =AG38/F38 -> 0.12259455 | AI38: 339121.33 | AJ38: =AI38/F38 -> 0.052999732 | AK38: 574962.82 | AL38: =AK38/F38 -> 0.089858327
D39: 45962 | E39: 六 | F39: =SUM(M39,S39,U39,W39,AC39,AE39,AG39,AI39,AK39) -> 6412266 | I39: 567801.04 | J39: =I39/F39 -> 0.088549203 | K39: 754884.39 | L39: =K39/F39 -> 0.11772506 | M39: =SUM(I39+K39) -> 1322685.4 | N39: =M39/F39 -> 0.20627426 | O39: 177542.94 | P39: =O39/F39 -> 0.027688018 | Q39: 86774.658 | R39: =Q39/$F39 -> 0.013532604 | S39: =SUM(O39+Q39) -> 264317.6 | T39: =S39/F39 -> 0.041220622 | U39: 481081.81 | V39: =U39/F39 -> 0.075025242 | W39: 121515.63 | X39: =W39/F39 -> 0.018950498 | Y39: 510464.55 | Z39: =Y39/F39 -> 0.079607513 | AA39: 1051831.7 | AB39: =AA39/$F39 -> 0.16403433 | AC39: =SUM(Y39+AA39) -> 1562296.3 | AD39: =AC39/F39 -> 0.24364184 | AE39: 950247.3 | AF39: =AE39/F39 -> 0.14819212 | AG39: 756441.55 | AH39: =AG39/F39 -> 0.1179679 | AI39: 395011.7 | AJ39: =AI39/F39 -> 0.061602512 | AK39: 558668.7 | AL39: =AK39/F39 -> 0.087125004
D40: 45963 | E40: 日 | F40: =SUM(M40,S40,U40,W40,AC40,AE40,AG40,AI40,AK40) -> 7718290 | I40: 738673.18 | J40: =I40/F40 -> 0.095704253 | K40: 812138.03 | L40: =K40/F40 -> 0.10522253 | M40: =SUM(I40+K40) -> 1550811.2 | N40: =M40/F40 -> 0.20092679 | O40: 228583.13 | P40: =O40/F40 -> 0.029615774 | Q40: 101174.44 | R40: =Q40/$F40 -> 0.013108401 | S40: =SUM(O40+Q40) -> 329757.57 | T40: =S40/F40 -> 0.042724175 | U40: 600818.62 | V40: =U40/F40 -> 0.077843488 | W40: 221851.07 | X40: =W40/F40 -> 0.028743552 | Y40: 610495.55 | Z40: =Y40/F40 -> 0.079097255 | AA40: 1179022.4 | AB40: =AA40/$F40 -> 0.15275694 | AC40: =SUM(Y40+AA40) -> 1789517.9 | AD40: =AC40/F40 -> 0.2318542 | AE40: 1178674.3 | AF40: =AE40/F40 -> 0.15271184 | AG40: 917428.15 | AH40: =AG40/F40 -> 0.11886417 | AI40: 427097.3 | AJ40: =AI40/F40 -> 0.055335741 | AK40: 702333.85 | AL40: =AK40/F40 -> 0.090996044
D41: 45964 | E41: 一 | F41: =SUM(M41,S41,U41,W41,AC41,AE41,AG41,AI41,AK41) -> 7531303 | I41: 711882.36 | J41: =I41/F41 -> 0.094523134 | K41: 805942.79 | L41: =K41/F41 -> 0.1070124 | M41: =SUM(I41+K41) -> 1517825.2 | N41: =M41/F41 -> 0.20153553 | O41: 214696.8 | P41: =O41/F41 -> 0.028507259 | Q41: 103070.03 | R41: =Q41/$F41 -> 0.013685551 | S41: =SUM(O41+Q41) -> 317766.84 | T41: =S41/F41 -> 0.04219281 | U41: 607897.73 | V41: =U41/F41 -> 0.080716143 | W41: 154909.57 | X41: =W41/F41 -> 0.02056876 | Y41: 587758.51 | Z41: =Y41/F41 -> 0.078042074 | AA41: 1192270.6 | AB41: =AA41/$F41 -> 0.15830867 | AC41: =SUM(Y41+AA41) -> 1780029.1 | AD41: =AC41/F41 -> 0.23635074 | AE41: 1140624.8 | AF41: =AE41/F41 -> 0.15145118 | AG41: 916621.96 | AH41: =AG41/F41 -> 0.12170828 | AI41: 424285 | AJ41: =AI41/F41 -> 0.0563362 | AK41: 671342.93 | AL41: =AK41/F41 -> 0.089140343
F42: =SUM(M42,S42,U42,W42,AC42,AE42,AG42,AI42,AK42) -> 0 | J42: =I42/F42 -> #DIV/0! | L42: =K42/F42 -> #DIV/0! | M42: =SUM(I42+K42) -> 0 | N42: =M42/F42 -> #DIV/0! | P42: =O42/F42 -> #DIV/0! | R42: =Q42/$F42 -> #DIV/0! | S42: =SUM(O42+Q42) -> 0 | T42: =S42/F42 -> #DIV/0! | V42: =U42/F42 -> #DIV/0! | X42: =W42/F42 -> #DIV/0! | Z42: =Y42/F42 -> #DIV/0! | AB42: =AA42/$F42 -> #DIV/0! | AC42: =SUM(Y42+AA42) -> 0 | AD42: =AC42/F42 -> #DIV/0! | AF42: =AE42/F42 -> #DIV/0! | AH42: =AG42/F42 -> #DIV/0! | AJ42: =AI42/F42 -> #DIV/0! | AL42: =AK42/F42 -> #DIV/0!
F43: =SUM(M43,S43,U43,W43,AC43,AE43,AG43,AI43,AK43) -> 0 | J43: =I43/F43 -> #DIV/0! | L43: =K43/F43 -> #DIV/0! | M43: =SUM(I43+K43) -> 0 | N43: =M43/F43 -> #DIV/0! | P43: =O43/F43 -> #DIV/0! | R43: =Q43/$F43 -> #DIV/0! | S43: =SUM(O43+Q43) -> 0 | T43: =S43/F43 -> #DIV/0! | V43: =U43/F43 -> #DIV/0! | X43: =W43/F43 -> #DIV/0! | Z43: =Y43/F43 -> #DIV/0! | AB43: =AA43/$F43 -> #DIV/0! | AC43: =SUM(Y43+AA43) -> 0 | AD43: =AC43/F43 -> #DIV/0! | AF43: =AE43/F43 -> #DIV/0! | AH43: =AG43/F43 -> #DIV/0! | AJ43: =AI43/F43 -> #DIV/0! | AL43: =AK43/F43 -> #DIV/0!
F44: =SUM(M44,S44,U44,W44,AC44,AE44,AG44,AI44,AK44) -> 0 | J44: =I44/F44 -> #DIV/0! | L44: =K44/F44 -> #DIV/0! | M44: =SUM(I44+K44) -> 0 | N44: =M44/F44 -> #DIV/0! | P44: =O44/F44 -> #DIV/0! | R44: =Q44/$F44 -> #DIV/0! | S44: =SUM(O44+Q44) -> 0 | T44: =S44/F44 -> #DIV/0! | V44: =U44/F44 -> #DIV/0! | X44: =W44/F44 -> #DIV/0! | Z44: =Y44/F44 -> #DIV/0! | AB44: =AA44/$F44 -> #DIV/0! | AC44: =SUM(Y44+AA44) -> 0 | AD44: =AC44/F44 -> #DIV/0! | AF44: =AE44/F44 -> #DIV/0! | AH44: =AG44/F44 -> #DIV/0! | AJ44: =AI44/F44 -> #DIV/0! | AL44: =AK44/F44 -> #DIV/0!
F45: =SUM(M45,S45,U45,W45,AC45,AE45,AG45,AI45,AK45) -> 0 | J45: =I45/F45 -> #DIV/0! | L45: =K45/F45 -> #DIV/0! | M45: =SUM(I45+K45) -> 0 | N45: =M45/F45 -> #DIV/0! | P45: =O45/F45 -> #DIV/0! | R45: =Q45/$F45 -> #DIV/0! | S45: =SUM(O45+Q45) -> 0 | T45: =S45/F45 -> #DIV/0! | V45: =U45/F45 -> #DIV/0! | X45: =W45/F45 -> #DIV/0! | Z45: =Y45/F45 -> #DIV/0! | AB45: =AA45/$F45 -> #DIV/0! | AC45: =SUM(Y45+AA45) -> 0 | AD45: =AC45/F45 -> #DIV/0! | AF45: =AE45/F45 -> #DIV/0! | AH45: =AG45/F45 -> #DIV/0! | AJ45: =AI45/F45 -> #DIV/0! | AL45: =AK45/F45 -> #DIV/0!
I46: =SUM(I7:I45) -> 22219672 | J46: =I46/$H$7 -> #DIV/0! | K46: =SUM(K7:K45) -> 26471991 | L46: =K46/$H$7 -> #DIV/0! | M46: =SUM(M7:M45) -> 48691663 | N46: =M46/$H$7 -> #DIV/0! | O46: =SUM(O7:O45) -> 7290136.1 | P46: =O46/$H$7 -> #DIV/0! | Q46: =SUM(Q7:Q45) -> 3551314.8 | R46: =Q46/$H$7 -> #DIV/0! | S46: =SUM(S7:S45) -> 10841451 | T46: =S46/$H$7 -> #DIV/0! | U46: =SUM(U7:U45) -> 22206396 | V46: =U46/$H$7 -> #DIV/0! | W46: =SUM(W7:W45) -> 3804687.2 | X46: =W46/$H$7 -> #DIV/0! | Y46: =SUM(Y7:Y45) -> 22986664 | Z46: =Y46/$H$7 -> #DIV/0! | AA46: =SUM(AA7:AA45) -> 38821322 | AB46: =AA46/$H$7 -> #DIV/0! | AC46: =SUM(AC7:AC45) -> 61807986 | AD46: =AC46/$H$7 -> #DIV/0! | AE46: =SUM(AE7:AE45) -> 35929597 | AF46: =AE46/$H$7 -> #DIV/0! | AG46: =SUM(AG7:AG45) -> 34324581 | AH46: =AG46/$H$7 -> #DIV/0! | AI46: =SUM(AI7:AI45) -> 17203976 | AJ46: =AI46/$H$7 -> #DIV/0! | AK46: =SUM(AK7:AK45) -> 19866978 | AL46: =AK46/$H$7 -> #DIV/0!
M47: =M46 -> 48691663 | S47: =S46 -> 10841451 | U47: =U46 -> 22206396 | W47: =W46 -> 3804687.2 | AC47: =AC46 -> 61807986 | AE47: =AE46 -> 35929597 | AG47: =AG46 -> 34324581 | AI47: =AI46 -> 17203976 | AK47: =AK46 -> 19866978

Sheet （４）訂單數量構成比
B2: （4）訂單數量構成比
C3: 月份 | D3: 日期 | F3: 訂單量 | I3: 品類訂單量
I4: 18℃-飯糰 | O4: 18℃-壽司手卷 | U4: 4℃-飯糰 | W4: 4℃-壽司手卷 | Y4: 主食 | AE4: 便當 | AG4: 熱食義麵 | AI4: 季節調理麵 | AK4: 微波小吃
F5: 日 | G5: 週累積 | H5: 月累積 | I5: 一配 | K5: 二配 | M5: 合計 | O5: 一配 | Q5: 二配 | S5: 合計 | U5: 一配 | W5: 一配 | Y5: 一配 | AA5: 二配 | AC5: 合計 | AE5: 一配 | AG5: 一配 | AI5: 一配 | AK5: 一配
I6: 訂單數 | J6: 比例(%) | K6: 訂單數 | L6: 比例(%) | M6: 訂單數 | N6: 比例(%) | O6: 訂單數 | P6: 比例(%) | Q6: 訂單數 | R6: 比例(%) | S6: 訂單數 | T6: 比例(%) | U6: 訂單數 | V6: 比例(%) | W6: 訂單數 | X6: 比例(%) | Y6: 訂單數 | Z6: 比例(%) | AA6: 訂單數 | AB6: 比例(%) | AC6: 訂單數 | AD6: 比例(%) | AE6: 訂單數 | AF6: 比例(%) | AG6: 訂單數 | AH6: 比例(%) | AI6: 訂單數 | AJ6: 比例(%) | AK6: 訂單數 | AL6: 比例(%)
D7: 45930 | E7: 二 | F7: =SUM(M7,S7,U7,W7,AC7,AE7,AG7,AI7,AK7) -> 261840 | G7: =SUM(F7:F13) -> 1549527 | I7: 37161 | J7: =I7/F7 -> 0.14192255 | K7: 44731 | L7: =K7/F7 -> 0.17083333 | M7: =SUM(I7+K7) -> 81892 | N7: =M7/F7 -> 0.31275588 | O7: 10511 | P7: =O7/F7 -> 0.040142835 | Q7: 3914 | R7: =Q7/D7 -> 0.085216634 | S7: =SUM(O7+Q7) -> 14425 | T7: =S7/F7 -> 0.055090895 | U7: 31413 | V7: =U7/F7 -> 0.11997021 | W7: 602 | X7: =W7/F7 -> 0.002299114 | Y7: 26064 | Z7: =Y7/F7 -> 0.099541705 | AA7: 21125 | AB7: =AA7/D7 -> 0.45993904 | AC7: =SUM(Y7+AA7) -> 47189 | AD7: =AC7/F7 -> 0.18022075 | AE7: 22203 | AF7: =AE7/F7 -> 0.084796059 | AG7: 23873 | AH7: =AG7/F7 -> 0.091173999 | AI7: 17743 | AJ7: =AI7/F7 -> 0.067762756 | AK7: 22500 | AL7: =AK7/F7 -> 0.085930339
D8: 45931 | E8: 三 | F8: =SUM(M8,S8,U8,W8,AC8,AE8,AG8,AI8,AK8) -> 244804 | H8: =SUM(F8:F38) -> 6964636 | I8: 36984 | J8: =I8/F8 -> 0.15107596 | K8: 43605 | L8: =K8/F8 -> 0.17812209 | M8: =SUM(I8+K8) -> 80589 | N8: =M8/F8 -> 0.32919805 | O8: 8621 | P8: =O8/F8 -> 0.035215928 | Q8: 3793 | R8: =Q8/D8 -> 0.082580392 | S8: =SUM(O8+Q8) -> 12414 | T8: =S8/F8 -> 0.050709956 | U8: 21238 | V8: =U8/F8 -> 0.086755118 | W8: 5550 | X8: =W8/F8 -> 0.022671198 | Y8: 25636 | Z8: =Y8/F8 -> 0.10472051 | AA8: 19556 | AB8: =AA8/D8 -> 0.42576909 | AC8: =SUM(Y8+AA8) -> 45192 | AD8: =AC8/F8 -> 0.18460483 | AE8: 18749 | AF8: =AE8/F8 -> 0.076587801 | AG8: 22653 | AH8: =AG8/F8 -> 0.092535253 | AI8: 17404 | AJ8: =AI8/F8 -> 0.07109361 | AK8: 21015 | AL8: =AK8/F8 -> 0.085844186
D9: 45932 | E9: 四 | F9: =SUM(M9,S9,U9,W9,AC9,AE9,AG9,AI9,AK9) -> 223462 | I9: 32772 | J9: =I9/F9 -> 0.14665581 | K9: 39376 | L9: =K9/F9 -> 0.17620893 | M9: =SUM(I9+K9) -> 72148 | N9: =M9/F9 -> 0.32286474 | O9: 7838 | P9: =O9/F9 -> 0.035075315 | Q9: 3597 | R9: =Q9/D9 -> 0.078311417 | S9: =SUM(O9+Q9) -> 11435 | T9: =S9/F9 -> 0.051172011 | U9: 20200 | V9: =U9/F9 -> 0.090395682 | W9: 4698 | X9: =W9/F9 -> 0.021023709 | Y9: 23661 | Z9: =Y9/F9 -> 0.10588377 | AA9: 18147 | AB9: =AA9/D9 -> 0.39508404 | AC9: =SUM(Y9+AA9) -> 41808 | AD9: =AC9/F9 -> 0.18709221 | AE9: 18170 | AF9: =AE9/F9 -> 0.081311364 | AG9: 20188 | AH9: =AG9/F9 -> 0.090341982 | AI9: 15880 | AJ9: =AI9/F9 -> 0.071063537 | AK9: 18935 | AL9: =AK9/F9 -> 0.084734765
D10: 45933 | E10: 五 | F10: =SUM(M10,S10,U10,W10,AC10,AE10,AG10,AI10,AK10) -> 190714 | I10: 24857 | J10: =I10/F10 -> 0.13033652 | K10: 35527 | L10: =K10/F10 -> 0.18628417 | M10: =SUM(I10+K10) -> 60384 | N10: =M10/F10 -> 0.3166207 | O10: 7665 | P10: =O10/F10 -> 0.040191071 | Q10: 2973 | R10: =Q10/D10 -> 0.064724708 | S10: =SUM(O10+Q10) -> 10638 | T10: =S10/F10 -> 0.055779859 | U10: 16523 | V10: =U10/F10 -> 0.086637583 | W10: 3339 | X10: =W10/F10 -> 0.017507891 | Y10: 21627 | Z10: =Y10/F10 -> 0.11340017 | AA10: 17642 | AB10: =AA10/D10 -> 0.38408116 | AC10: =SUM(Y10+AA10) -> 39269 | AD10: =AC10/F10 -> 0.20590518 | AE10: 14632 | AF10: =AE10/F10 -> 0.076722212 | AG10: 14892 | AH10: =AG10/F10 -> 0.07808551 | AI10: 15642 | AJ10: =AI10/F10 -> 0.0820181 | AK10: 15395 | AL10: =AK10/F10 -> 0.080722967
D11: 45934 | E11: 六 | F11: =SUM(M11,S11,U11,W11,AC11,AE11,AG11,AI11,AK11) -> 190858 | I11: 23799 | J11: =I11/F11 -> 0.1246948 | K11: 34394 | L11: =K11/F11 -> 0.18020727 | M11: =SUM(I11+K11) -> 58193 | N11: =M11/F11 -> 0.30490207 | O11: 7604 | P11: =O11/F11 -> 0.039841138 | Q11: 3020 | R11: =Q11/D11 -> 0.065746506 | S11: =SUM(O11+Q11) -> 10624 | T11: =S11/F11 -> 0.055664421 | U11: 16463 | V11: =U11/F11 -> 0.086257846 | W11: 4209 | X11: =W11/F11 -> 0.022053045 | Y11: 21136 | Z11: =Y11/F11 -> 0.11074202 | AA11: 18415 | AB11: =AA11/D11 -> 0.40090129 | AC11: =SUM(Y11+AA11) -> 39551 | AD11: =AC11/F11 -> 0.20722736 | AE11: 15402 | AF11: =AE11/F11 -> 0.080698739 | AG11: 15502 | AH11: =AG11/F11 -> 0.081222689 | AI11: 15473 | AJ11: =AI11/F11 -> 0.081070744 | AK11: 15441 | AL11: =AK11/F11 -> 0.08090308
D12: 45935 | E12: 日 | F12: =SUM(M12,S12,U12,W12,AC12,AE12,AG12,AI12,AK12) -> 199802 | I12: 26223 | J12: =I12/F12 -> 0.13124493 | K12: 37473 | L12: =K12/F12 -> 0.18755068 | M12: =SUM(I12+K12) -> 63696 | N12: =M12/F12 -> 0.31879561 | O12: 7786 | P12: =O12/F12 -> 0.038968579 | Q12: 2999 | R12: =Q12/D12 -> 0.065287907 | S12: =SUM(O12+Q12) -> 10785 | T12: =S12/F12 -> 0.053978439 | U12: 18203 | V12: =U12/F12 -> 0.091105194 | W12: 5125 | X12: =W12/F12 -> 0.025650394 | Y12: 18900 | Z12: =Y12/F12 -> 0.094593648 | AA12: 18506 | AB12: =AA12/D12 -> 0.40287363 | AC12: =SUM(Y12+AA12) -> 37406 | AD12: =AC12/F12 -> 0.18721534 | AE12: 17630 | AF12: =AE12/F12 -> 0.088237355 | AG12: 16709 | AH12: =AG12/F12 -> 0.083627792 | AI12: 13316 | AJ12: =AI12/F12 -> 0.06664598 | AK12: 16932 | AL12: =AK12/F12 -> 0.084743896
D13: 45936 | E13: 一 | F13: =SUM(M13,S13,U13,W13,AC13,AE13,AG13,AI13,AK13) -> 238047 | I13: 33645 | J13: =I13/F13 -> 0.14133764 | K13: 45682 | L13: =K13/F13 -> 0.19190328 | M13: =SUM(I13+K13) -> 79327 | N13: =M13/F13 -> 0.33324091 | O13: 8563 | P13: =O13/F13 -> 0.035971888 | Q13: 3801 | R13: =Q13/D13 -> 0.082745559 | S13: =SUM(O13+Q13) -> 12364 | T13: =S13/F13 -> 0.051939323 | U13: 20956 | V13: =U13/F13 -> 0.088033035 | W13: 4913 | X13: =W13/F13 -> 0.020638781 | Y13: 23666 | Z13: =Y13/F13 -> 0.099417342 | AA13: 23624 | AB13: =AA13/D13 -> 0.51428074 | AC13: =SUM(Y13+AA13) -> 47290 | AD13: =AC13/F13 -> 0.19865825 | AE13: 18028 | AF13: =AE13/F13 -> 0.075732943 | AG13: 20758 | AH13: =AG13/F13 -> 0.087201267 | AI13: 14397 | AJ13: =AI13/F13 -> 0.060479653 | AK13: 20014 | AL13: =AK13/F13 -> 0.084075834
D14: 45937 | E14: 二 | F14: =SUM(M14,S14,U14,W14,AC14,AE14,AG14,AI14,AK14) -> 241200 | G14: =SUM(F14:F20) -> 1538613 | I14: 33354 | J14: =I14/F14 -> 0.13828358 | K14: 44046 | L14: =K14/F14 -> 0.18261194 | M14: =SUM(I14+K14) -> 77400 | N14: =M14/F14 -> 0.32089552 | O14: 8606 | P14: =O14/F14 -> 0.035679934 | Q14: 3646 | R14: =Q14/D14 -> 0.079369571 | S14: =SUM(O14+Q14) -> 12252 | T14: =S14/F14 -> 0.05079602 | U14: 19628 | V14: =U14/F14 -> 0.081376451 | W14: 3759 | X14: =W14/F14 -> 0.015584577 | Y14: 23521 | Z14: =Y14/F14 -> 0.097516584 | AA14: 23657 | AB14: =AA14/D14 -> 0.51498792 | AC14: =SUM(Y14+AA14) -> 47178 | AD14: =AC14/F14 -> 0.19559701 | AE14: 20413 | AF14: =AE14/F14 -> 0.084631012 | AG14: 27743 | AH14: =AG14/F14 -> 0.11502073 | AI14: 13960 | AJ14: =AI14/F14 -> 0.05787728 | AK14: 18867 | AL14: =AK14/F14 -> 0.078221393
D15: 45938 | E15: 三 | F15: =SUM(M15,S15,U15,W15,AC15,AE15,AG15,AI15,AK15) -> 230348 | I15: 33077 | J15: =I15/F15 -> 0.14359578 | K15: 40893 | L15: =K15/F15 -> 0.17752705 | M15: =SUM(I15+K15) -> 73970 | N15: =M15/F15 -> 0.32112282 | O15: 7881 | P15: =O15/F15 -> 0.034213451 | Q15: 3506 | R15: =Q15/D15 -> 0.076320258 | S15: =SUM(O15+Q15) -> 11387 | T15: =S15/F15 -> 0.0494339 | U15: 19186 | V15: =U15/F15 -> 0.083291368 | W15: 3722 | X15: =W15/F15 -> 0.016158161 | Y15: 23545 | Z15: =Y15/F15 -> 0.10221491 | AA15: 23372 | AB15: =AA15/D15 -> 0.50877269 | AC15: =SUM(Y15+AA15) -> 46917 | AD15: =AC15/F15 -> 0.20367878 | AE15: 19340 | AF15: =AE15/F15 -> 0.083959922 | AG15: 22964 | AH15: =AG15/F15 -> 0.099692639 | AI15: 14284 | AJ15: =AI15/F15 -> 0.062010523 | AK15: 18578 | AL15: =AK15/F15 -> 0.080651883
D16: 45939 | E16: 四 | F16: =SUM(M16,S16,U16,W16,AC16,AE16,AG16,AI16,AK16) -> 200331 | I16: 25479 | J16: =I16/F16 -> 0.12718451 | K16: 37000 | L16: =K16/F16 -> 0.18469433 | M16: =SUM(I16+K16) -> 62479 | N16: =M16/F16 -> 0.31187884 | O16: 7091 | P16: =O16/F16 -> 0.035396419 | Q16: 3048 | R16: =Q16/D16 -> 0.066348854 | S16: =SUM(O16+Q16) -> 10139 | T16: =S16/F16 -> 0.050611238 | U16: 16759 | V16: =U16/F16 -> 0.083656548 | W16: 3921 | X16: =W16/F16 -> 0.019572607 | Y16: 21483 | Z16: =Y16/F16 -> 0.10723752 | AA16: 19685 | AB16: =AA16/D16 -> 0.42850301 | AC16: =SUM(Y16+AA16) -> 41168 | AD16: =AC16/F16 -> 0.2054999 | AE16: 17850 | AF16: =AE16/F16 -> 0.089102535 | AG16: 19112 | AH16: =AG16/F16 -> 0.09540211 | AI16: 12647 | AJ16: =AI16/F16 -> 0.063130519 | AK16: 16256 | AL16: =AK16/F16 -> 0.081145704
D17: 45940 | E17: 五 | F17: =SUM(M17,S17,U17,W17,AC17,AE17,AG17,AI17,AK17) -> 190019 | I17: 23873 | J17: =I17/F17 -> 0.1256348 | K17: 35765 | L17: =K17/F17 -> 0.18821802 | M17: =SUM(I17+K17) -> 59638 | N17: =M17/F17 -> 0.31385283 | O17: 7227 | P17: =O17/F17 -> 0.038033039 | Q17: 3010 | R17: =Q17/D17 -> 0.065520244 | S17: =SUM(O17+Q17) -> 10237 | T17: =S17/F17 -> 0.05387356 | U17: 16124 | V17: =U17/F17 -> 0.084854672 | W17: 3284 | X17: =W17/F17 -> 0.017282482 | Y17: 20058 | Z17: =Y17/F17 -> 0.10555787 | AA17: 20588 | AB17: =AA17/D17 -> 0.44814976 | AC17: =SUM(Y17+AA17) -> 40646 | AD17: =AC17/F17 -> 0.21390493 | AE17: 15312 | AF17: =AE17/F17 -> 0.080581416 | AG17: 15806 | AH17: =AG17/F17 -> 0.083181156 | AI17: 13043 | AJ17: =AI17/F17 -> 0.068640504 | AK17: 15929 | AL17: =AK17/F17 -> 0.083828459
D18: 45941 | E18: 六 | F18: =SUM(M18,S18,U18,W18,AC18,AE18,AG18,AI18,AK18) -> 202843 | I18: 23873 | J18: =I18/F18 -> 0.11769201 | K18: 39976 | L18: =K18/F18 -> 0.19707853 | M18: =SUM(I18+K18) -> 63849 | N18: =M18/F18 -> 0.31477054 | O18: 6980 | P18: =O18/F18 -> 0.03441085 | Q18: 3068 | R18: =Q18/D18 -> 0.066781306 | S18: =SUM(O18+Q18) -> 10048 | T18: =S18/F18 -> 0.049535848 | U18: 17516 | V18: =U18/F18 -> 0.086352499 | W18: 2920 | X18: =W18/F18 -> 0.01439537 | Y18: 22425 | Z18: =Y18/F18 -> 0.11055348 | AA18: 21478 | AB18: =AA18/D18 -> 0.46751268 | AC18: =SUM(Y18+AA18) -> 43903 | AD18: =AC18/F18 -> 0.21643833 | AE18: 16484 | AF18: =AE18/F18 -> 0.081264821 | AG18: 18157 | AH18: =AG18/F18 -> 0.089512579 | AI18: 13404 | AJ18: =AI18/F18 -> 0.066080663 | AK18: 16562 | AL18: =AK18/F18 -> 0.081649354
D19: 45942 | E19: 日 | F19: =SUM(M19,S19,U19,W19,AC19,AE19,AG19,AI19,AK19) -> 238632 | I19: 33565 | J19: =I19/F19 -> 0.14065591 | K19: 44328 | L19: =K19/F19 -> 0.18575883 | M19: =SUM(I19+K19) -> 77893 | N19: =M19/F19 -> 0.32641473 | O19: 8123 | P19: =O19/F19 -> 0.034039861 | Q19: 3771 | R19: =Q19/D19 -> 0.082081755 | S19: =SUM(O19+Q19) -> 11894 | T19: =S19/F19 -> 0.049842435 | U19: 19896 | V19: =U19/F19 -> 0.083375239 | W19: 3145 | X19: =W19/F19 -> 0.013179289 | Y19: 24128 | Z19: =Y19/F19 -> 0.10110966 | AA19: 23417 | AB19: =AA19/D19 -> 0.50970789 | AC19: =SUM(Y19+AA19) -> 47545 | AD19: =AC19/F19 -> 0.19923983 | AE19: 19502 | AF19: =AE19/F19 -> 0.081724161 | AG19: 24315 | AH19: =AG19/F19 -> 0.10189329 | AI19: 15260 | AJ19: =AI19/F19 -> 0.063947836 | AK19: 19182 | AL19: =AK19/F19 -> 0.080383184
D20: 45943 | E20: 一 | F20: =SUM(M20,S20,U20,W20,AC20,AE20,AG20,AI20,AK20) -> 235240 | I20: 32401 | J20: =I20/F20 -> 0.13773593 | K20: 43726 | L20: =K20/F20 -> 0.18587825 | M20: =SUM(I20+K20) -> 76127 | N20: =M20/F20 -> 0.32361418 | O20: 8153 | P20: =O20/F20 -> 0.034658221 | Q20: 3727 | R20: =Q20/D20 -> 0.08112226 | S20: =SUM(O20+Q20) -> 11880 | T20: =S20/F20 -> 0.050501615 | U20: 20282 | V20: =U20/F20 -> 0.08621833 | W20: 4088 | X20: =W20/F20 -> 0.017377997 | Y20: 24022 | Z20: =Y20/F20 -> 0.10211699 | AA20: 23533 | AB20: =AA20/D20 -> 0.51222167 | AC20: =SUM(Y20+AA20) -> 47555 | AD20: =AC20/F20 -> 0.20215525 | AE20: 18953 | AF20: =AE20/F20 -> 0.080568781 | AG20: 22566 | AH20: =AG20/F20 -> 0.095927563 | AI20: 14547 | AJ20: =AI20/F20 -> 0.061838973 | AK20: 19242 | AL20: =AK20/F20 -> 0.081797313
D21: 45944 | E21: 二 | F21: =SUM(M21,S21,U21,W21,AC21,AE21,AG21,AI21,AK21) -> 248931 | G21: =SUM(F21:F27) -> 1625220 | I21: 38738 | J21: =I21/F21 -> 0.15561742 | K21: 44090 | L21: =K21/F21 -> 0.17711735 | M21: =SUM(I21+K21) -> 82828 | N21: =M21/F21 -> 0.33273477 | O21: 14902 | P21: =O21/F21 -> 0.059863978 | Q21: 3929 | R21: =Q21/D21 -> 0.085517151 | S21: =SUM(O21+Q21) -> 18831 | T21: =S21/F21 -> 0.075647469 | U21: 20444 | V21: =U21/F21 -> 0.082127176 | W21: 3890 | X21: =W21/F21 -> 0.01562682 | Y21: 24031 | Z21: =Y21/F21 -> 0.096536791 | AA21: 23316 | AB21: =AA21/D21 -> 0.50748738 | AC21: =SUM(Y21+AA21) -> 47347 | AD21: =AC21/F21 -> 0.1902013 | AE21: 18701 | AF21: =AE21/F21 -> 0.075125236 | AG21: 22607 | AH21: =AG21/F21 -> 0.090816331 | AI21: 14460 | AJ21: =AI21/F21 -> 0.058088386 | AK21: 19823 | AL21: =AK21/F21 -> 0.079632509
D22: 45945 | E22: 三 | F22: =SUM(M22,S22,U22,W22,AC22,AE22,AG22,AI22,AK22) -> 242991 | I22: 36742 | J22: =I22/F22 -> 0.15120725 | K22: 44023 | L22: =K22/F22 -> 0.18117132 | M22: =SUM(I22+K22) -> 80765 | N22: =M22/F22 -> 0.33237857 | O22: 11724 | P22: =O22/F22 -> 0.048248701 | Q22: 3895 | R22: =Q22/D22 -> 0.084775275 | S22: =SUM(O22+Q22) -> 15619 | T22: =S22/F22 -> 0.064278101 | U22: 20101 | V22: =U22/F22 -> 0.082723228 | W22: 3817 | X22: =W22/F22 -> 0.015708401 | Y22: 24147 | Z22: =Y22/F22 -> 0.099374051 | AA22: 21838 | AB22: =AA22/D22 -> 0.47530743 | AC22: =SUM(Y22+AA22) -> 45985 | AD22: =AC22/F22 -> 0.18924569 | AE22: 19738 | AF22: =AE22/F22 -> 0.081229346 | AG22: 22579 | AH22: =AG22/F22 -> 0.092921137 | AI22: 14661 | AJ22: =AI22/F22 -> 0.060335568 | AK22: 19726 | AL22: =AK22/F22 -> 0.081179961
D23: 45946 | E23: 四 | F23: =SUM(M23,S23,U23,W23,AC23,AE23,AG23,AI23,AK23) -> 230663 | I23: 35271 | J23: =I23/F23 -> 0.15291139 | K23: 41189 | L23: =K23/F23 -> 0.17856787 | M23: =SUM(I23+K23) -> 76460 | N23: =M23/F23 -> 0.33147926 | O23: 11055 | P23: =O23/F23 -> 0.047927062 | Q23: 3896 | R23: =Q23/D23 -> 0.084795194 | S23: =SUM(O23+Q23) -> 14951 | T23: =S23/F23 -> 0.064817504 | U23: 19239 | V23: =U23/F23 -> 0.083407395 | W23: 3150 | X23: =W23/F23 -> 0.013656286 | Y23: 23389 | Z23: =Y23/F23 -> 0.10139901 | AA23: 19802 | AB23: =AA23/D23 -> 0.4309842 | AC23: =SUM(Y23+AA23) -> 43191 | AD23: =AC23/F23 -> 0.1872472 | AE23: 18197 | AF23: =AE23/F23 -> 0.078889982 | AG23: 22422 | AH23: =AG23/F23 -> 0.097206748 | AI23: 14330 | AJ23: =AI23/F23 -> 0.062125265 | AK23: 18723 | AL23: =AK23/F23 -> 0.081170365
D24: 45947 | E24: 五 | F24: =SUM(M24,S24,U24,W24,AC24,AE24,AG24,AI24,AK24) -> 205320 | I24: 31628 | J24: =I24/F24 -> 0.15404247 | K24: 37824 | L24: =K24/F24 -> 0.18421975 | M24: =SUM(I24+K24) -> 69452 | N24: =M24/F24 -> 0.33826222 | O24: 10961 | P24: =O24/F24 -> 0.05338496 | Q24: 3430 | R24: =Q24/D24 -> 0.074651229 | S24: =SUM(O24+Q24) -> 14391 | T24: =S24/F24 -> 0.07009059 | U24: 15636 | V24: =U24/F24 -> 0.076154296 | W24: 1650 | X24: =W24/F24 -> 0.0080362361 | Y24: 21252 | Z24: =Y24/F24 -> 0.10350672 | AA24: 19578 | AB24: =AA24/D24 -> 0.42609964 | AC24: =SUM(Y24+AA24) -> 40830 | AD24: =AC24/F24 -> 0.19886032 | AE24: 14723 | AF24: =AE24/F24 -> 0.071707578 | AG24: 18700 | AH24: =AG24/F24 -> 0.091077343 | AI24: 13607 | AJ24: =AI24/F24 -> 0.066272161 | AK24: 16331 | AL24: =AK24/F24 -> 0.079539256
D25: 45948 | E25: 六 | F25: =SUM(M25,S25,U25,W25,AC25,AE25,AG25,AI25,AK25) -> 207727 | I25: 30675 | J25: =I25/F25 -> 0.14766978 | K25: 41150 | L25: =K25/F25 -> 0.19809654 | M25: =SUM(I25+K25) -> 71825 | N25: =M25/F25 -> 0.34576632 | O25: 10359 | P25: =O25/F25 -> 0.049868337 | Q25: 3195 | R25: =Q25/D25 -> 0.069535127 | S25: =SUM(O25+Q25) -> 13554 | T25: =S25/F25 -> 0.065249101 | U25: 16389 | V25: =U25/F25 -> 0.078896821 | W25: 1758 | X25: =W25/F25 -> 0.0084630308 | Y25: 21398 | Z25: =Y25/F25 -> 0.1030102 | AA25: 20290 | AB25: =AA25/D25 -> 0.44158614 | AC25: =SUM(Y25+AA25) -> 41688 | AD25: =AC25/F25 -> 0.20068648 | AE25: 14449 | AF25: =AE25/F25 -> 0.069557641 | AG25: 18048 | AH25: =AG25/F25 -> 0.086883265 | AI25: 13705 | AJ25: =AI25/F25 -> 0.065976017 | AK25: 16311 | AL25: =AK25/F25 -> 0.078521328
D26: 45949 | E26: 日 | F26: =SUM(M26,S26,U26,W26,AC26,AE26,AG26,AI26,AK26) -> 245349 | I26: 39788 | J26: =I26/F26 -> 0.16216899 | K26: 45649 | L26: =K26/F26 -> 0.18605741 | M26: =SUM(I26+K26) -> 85437 | N26: =M26/F26 -> 0.3482264 | O26: 12750 | P26: =O26/F26 -> 0.05196679 | Q26: 3853 | R26: =Q26/D26 -> 0.083853838 | S26: =SUM(O26+Q26) -> 16603 | T26: =S26/F26 -> 0.06767095 | U26: 19879 | V26: =U26/F26 -> 0.081023359 | W26: 2718 | X26: =W26/F26 -> 0.011078097 | Y26: 21254 | Z26: =Y26/F26 -> 0.08662762 | AA26: 22540 | AB26: =AA26/D26 -> 0.49054386 | AC26: =SUM(Y26+AA26) -> 43794 | AD26: =AC26/F26 -> 0.17849675 | AE26: 19251 | AF26: =AE26/F26 -> 0.078463739 | AG26: 22857 | AH26: =AG26/F26 -> 0.09316117 | AI26: 15600 | AJ26: =AI26/F26 -> 0.063582896 | AK26: 19210 | AL26: =AK26/F26 -> 0.078296631
D27: 45950 | E27: 一 | F27: =SUM(M27,S27,U27,W27,AC27,AE27,AG27,AI27,AK27) -> 244239 | I27: 38880 | J27: =I27/F27 -> 0.15918834 | K27: 45171 | L27: =K27/F27 -> 0.18494589 | M27: =SUM(I27+K27) -> 84051 | N27: =M27/F27 -> 0.34413423 | O27: 11627 | P27: =O27/F27 -> 0.04760501 | Q27: 3858 | R27: =Q27/D27 -> 0.083960827 | S27: =SUM(O27+Q27) -> 15485 | T27: =S27/F27 -> 0.063401013 | U27: 20582 | V27: =U27/F27 -> 0.084269916 | W27: 3532 | X27: =W27/F27 -> 0.014461245 | Y27: 22680 | Z27: =Y27/F27 -> 0.092859863 | AA27: 23255 | AB27: =AA27/D27 -> 0.50609358 | AC27: =SUM(Y27+AA27) -> 45935 | AD27: =AC27/F27 -> 0.18807398 | AE27: 19942 | AF27: =AE27/F27 -> 0.081649532 | AG27: 22408 | AH27: =AG27/F27 -> 0.091746199 | AI27: 13012 | AJ27: =AI27/F27 -> 0.053275685 | AK27: 19292 | AL27: =AK27/F27 -> 0.078988204
D28: 45951 | E28: 二 | F28: =SUM(M28,S28,U28,W28,AC28,AE28,AG28,AI28,AK28) -> 244571 | G28: =SUM(F28:F34) -> 1551756 | I28: 38744 | J28: =I28/F28 -> 0.15841617 | K28: 43962 | L28: =K28/F28 -> 0.17975148 | M28: =SUM(I28+K28) -> 82706 | N28: =M28/F28 -> 0.33816765 | O28: 15052 | P28: =O28/F28 -> 0.0615445 | Q28: 3892 | R28: =Q28/D28 -> 0.084698918 | S28: =SUM(O28+Q28) -> 18944 | T28: =S28/F28 -> 0.07745808 | U28: 19832 | V28: =U28/F28 -> 0.081088927 | W28: 2732 | X28: =W28/F28 -> 0.01117058 | Y28: 23409 | Z28: =Y28/F28 -> 0.095714537 | AA28: 22593 | AB28: =AA28/D28 -> 0.49167592 | AC28: =SUM(Y28+AA28) -> 46002 | AD28: =AC28/F28 -> 0.18809262 | AE28: 19397 | AF28: =AE28/F28 -> 0.079310303 | AG28: 22934 | AH28: =AG28/F28 -> 0.093772361 | AI28: 12724 | AJ28: =AI28/F28 -> 0.052025792 | AK28: 19300 | AL28: =AK28/F28 -> 0.07891369
D29: 45952 | E29: 三 | F29: =SUM(M29,S29,U29,W29,AC29,AE29,AG29,AI29,AK29) -> 231603 | I29: 37819 | J29: =I29/F29 -> 0.16329236 | K29: 40345 | L29: =K29/F29 -> 0.17419895 | M29: =SUM(I29+K29) -> 78164 | N29: =M29/F29 -> 0.33749131 | O29: 13242 | P29: =O29/F29 -> 0.057175425 | Q29: 3620 | R29: =Q29/D29 -> 0.078777855 | S29: =SUM(O29+Q29) -> 16862 | T29: =S29/F29 -> 0.07280562 | U29: 19531 | V29: =U29/F29 -> 0.08432965 | W29: 2435 | X29: =W29/F29 -> 0.010513681 | Y29: 22347 | Z29: =Y29/F29 -> 0.096488387 | AA29: 20600 | AB29: =AA29/D29 -> 0.44829387 | AC29: =SUM(Y29+AA29) -> 42947 | AD29: =AC29/F29 -> 0.18543369 | AE29: 18484 | AF29: =AE29/F29 -> 0.079808983 | AG29: 22534 | AH29: =AG29/F29 -> 0.097295804 | AI29: 11974 | AJ29: =AI29/F29 -> 0.051700539 | AK29: 18672 | AL29: =AK29/F29 -> 0.080620717
D30: 45953 | E30: 四 | F30: =SUM(M30,S30,U30,W30,AC30,AE30,AG30,AI30,AK30) -> 198604 | I30: 28634 | J30: =I30/F30 -> 0.14417635 | K30: 37902 | L30: =K30/F30 -> 0.19084208 | M30: =SUM(I30+K30) -> 66536 | N30: =M30/F30 -> 0.33501843 | O30: 11211 | P30: =O30/F30 -> 0.056449014 | Q30: 2975 | R30: =Q30/D30 -> 0.06474006 | S30: =SUM(O30+Q30) -> 14186 | T30: =S30/F30 -> 0.071428571 | U30: 16555 | V30: =U30/F30 -> 0.083356831 | W30: 1746 | X30: =W30/F30 -> 0.0087913637 | Y30: 20612 | Z30: =Y30/F30 -> 0.10378442 | AA30: 18080 | AB30: =AA30/D30 -> 0.39344548 | AC30: =SUM(Y30+AA30) -> 38692 | AD30: =AC30/F30 -> 0.19481984 | AE30: 15990 | AF30: =AE30/F30 -> 0.080511974 | AG30: 17817 | AH30: =AG30/F30 -> 0.089711184 | AI30: 10857 | AJ30: =AI30/F30 -> 0.054666573 | AK30: 16225 | AL30: =AK30/F30 -> 0.081695233
D31: 45954 | E31: 五 | F31: =SUM(M31,S31,U31,W31,AC31,AE31,AG31,AI31,AK31) -> 190154 | I31: 27152 | J31: =I31/F31 -> 0.14278953 | K31: 36624 | L31: =K31/F31 -> 0.19260179 | M31: =SUM(I31+K31) -> 63776 | N31: =M31/F31 -> 0.33539131 | O31: 11367 | P31: =O31/F31 -> 0.059777864 | Q31: 3017 | R31: =Q31/D31 -> 0.065652609 | S31: =SUM(O31+Q31) -> 14384 | T31: =S31/F31 -> 0.075643952 | U31: 15436 | V31: =U31/F31 -> 0.08117631 | W31: 1850 | X31: =W31/F31 -> 0.0097289565 | Y31: 20055 | Z31: =Y31/F31 -> 0.10546715 | AA31: 18407 | AB31: =AA31/D31 -> 0.40055273 | AC31: =SUM(Y31+AA31) -> 38462 | AD31: =AC31/F31 -> 0.20226764 | AE31: 13749 | AF31: =AE31/F31 -> 0.072304553 | AG31: 15701 | AH31: =AG31/F31 -> 0.082569917 | AI31: 11027 | AJ31: =AI31/F31 -> 0.05798984 | AK31: 15769 | AL31: =AK31/F31 -> 0.082927522
D32: 45955 | E32: 六 | F32: =SUM(M32,S32,U32,W32,AC32,AE32,AG32,AI32,AK32) -> 198374 | I32: 26321 | J32: =I32/F32 -> 0.13268372 | K32: 39817 | L32: =K32/F32 -> 0.20071683 | M32: =SUM(I32+K32) -> 66138 | N32: =M32/F32 -> 0.33340055 | O32: 10614 | P32: =O32/F32 -> 0.053504996 | Q32: 3030 | R32: =Q32/D32 -> 0.065934066 | S32: =SUM(O32+Q32) -> 13644 | T32: =S32/F32 -> 0.068779175 | U32: 16705 | V32: =U32/F32 -> 0.084209624 | W32: 2054 | X32: =W32/F32 -> 0.010354179 | Y32: 20643 | Z32: =Y32/F32 -> 0.10406102 | AA32: 19638 | AB32: =AA32/D32 -> 0.42733108 | AC32: =SUM(Y32+AA32) -> 40281 | AD32: =AC32/F32 -> 0.20305584 | AE32: 14181 | AF32: =AE32/F32 -> 0.071486183 | AG32: 18025 | AH32: =AG32/F32 -> 0.090863722 | AI32: 11207 | AJ32: =AI32/F32 -> 0.056494299 | AK32: 16139 | AL32: =AK32/F32 -> 0.081356428
D33: 45956 | E33: 日 | F33: =SUM(M33,S33,U33,W33,AC33,AE33,AG33,AI33,AK33) -> 241268 | I33: 37376 | J33: =I33/F33 -> 0.15491487 | K33: 42846 | L33: =K33/F33 -> 0.17758675 | M33: =SUM(I33+K33) -> 80222 | N33: =M33/F33 -> 0.33250162 | O33: 13438 | P33: =O33/F33 -> 0.055697399 | Q33: 3771 | R33: =Q33/D33 -> 0.08205675 | S33: =SUM(O33+Q33) -> 17209 | T33: =S33/F33 -> 0.071327321 | U33: 19804 | V33: =U33/F33 -> 0.082082995 | W33: 2448 | X33: =W33/F33 -> 0.010146393 | Y33: 25980 | Z33: =Y33/F33 -> 0.10768108 | AA33: 20968 | AB33: =AA33/D33 -> 0.45626251 | AC33: =SUM(Y33+AA33) -> 46948 | AD33: =AC33/F33 -> 0.19458859 | AE33: 19590 | AF33: =AE33/F33 -> 0.081196014 | AG33: 23074 | AH33: =AG33/F33 -> 0.095636388 | AI33: 12413 | AJ33: =AI33/F33 -> 0.051449011 | AK33: 19560 | AL33: =AK33/F33 -> 0.081071671
D34: 45957 | E34: 一 | F34: =SUM(M34,S34,U34,W34,AC34,AE34,AG34,AI34,AK34) -> 247182 | I34: 36403 | J34: =I34/F34 -> 0.14727205 | K34: 49208 | L34: =K34/F34 -> 0.19907598 | M34: =SUM(I34+K34) -> 85611 | N34: =M34/F34 -> 0.34634804 | O34: 12576 | P34: =O34/F34 -> 0.050877491 | Q34: 3687 | R34: =Q34/D34 -> 0.080227169 | S34: =SUM(O34+Q34) -> 16263 | T34: =S34/F34 -> 0.065793626 | U34: 19445 | V34: =U34/F34 -> 0.078666731 | W34: 2271 | X34: =W34/F34 -> 0.0091875622 | Y34: 25228 | Z34: =Y34/F34 -> 0.10206245 | AA34: 26540 | AB34: =AA34/D34 -> 0.57749636 | AC34: =SUM(Y34+AA34) -> 51768 | AD34: =AC34/F34 -> 0.20943273 | AE34: 19211 | AF34: =AE34/F34 -> 0.077720061 | AG34: 22149 | AH34: =AG34/F34 -> 0.089606039 | AI34: 11281 | AJ34: =AI34/F34 -> 0.045638436 | AK34: 19183 | AL34: =AK34/F34 -> 0.077606784
D35: 45958 | E35: 二 | F35: =SUM(M35,S35,U35,W35,AC35,AE35,AG35,AI35,AK35) -> 271475 | G35: =SUM(F35:F41) -> 1631463 | I35: 39611 | J35: =I35/F35 -> 0.1459103 | K35: 48686 | L35: =K35/F35 -> 0.1793388 | M35: =SUM(I35+K35) -> 88297 | N35: =M35/F35 -> 0.3252491 | O35: 13319 | P35: =O35/F35 -> 0.049061608 | Q35: 3833 | R35: =Q35/D35 -> 0.083402237 | S35: =SUM(O35+Q35) -> 17152 | T35: =S35/F35 -> 0.063180772 | U35: 19724 | V35: =U35/F35 -> 0.072654941 | W35: 10654 | X35: =W35/F35 -> 0.039244866 | Y35: 25133 | Z35: =Y35/F35 -> 0.092579427 | AA35: 29209 | AB35: =AA35/D35 -> 0.63555855 | AC35: =SUM(Y35+AA35) -> 54342 | AD35: =AC35/F35 -> 0.20017313 | AE35: 23182 | AF35: =AE35/F35 -> 0.085392762 | AG35: 21121 | AH35: =AG35/F35 -> 0.077800902 | AI35: 12873 | AJ35: =AI35/F35 -> 0.047418731 | AK35: 24130 | AL35: =AK35/F35 -> 0.088884796
D36: 45959 | E36: 三 | F36: =SUM(M36,S36,U36,W36,AC36,AE36,AG36,AI36,AK36) -> 254507 | I36: 38040 | J36: =I36/F36 -> 0.14946544 | K36: 48933 | L36: =K36/F36 -> 0.19226583 | M36: =SUM(I36+K36) -> 86973 | N36: =M36/F36 -> 0.34173127 | O36: 13181 | P36: =O36/F36 -> 0.051790324 | Q36: 3880 | R36: =Q36/D36 -> 0.084423073 | S36: =SUM(O36+Q36) -> 17061 | T36: =S36/F36 -> 0.067035484 | U36: 19460 | V36: =U36/F36 -> 0.076461551 | W36: 7036 | X36: =W36/F36 -> 0.027645605 | Y36: 24276 | Z36: =Y36/F36 -> 0.09538441 | AA36: 26287 | AB36: =AA36/D36 -> 0.57196632 | AC36: =SUM(Y36+AA36) -> 50563 | AD36: =AC36/F36 -> 0.19867037 | AE36: 20957 | AF36: =AE36/F36 -> 0.082343511 | AG36: 18916 | AH36: =AG36/F36 -> 0.074324085 | AI36: 11229 | AJ36: =AI36/F36 -> 0.044120594 | AK36: 22312 | AL36: =AK36/F36 -> 0.08766753
D37: 45960 | E37: 四 | F37: =SUM(M37,S37,U37,W37,AC37,AE37,AG37,AI37,AK37) -> 234639 | I37: 34492 | J37: =I37/F37 -> 0.14700029 | K37: 43753 | L37: =K37/F37 -> 0.18646943 | M37: =SUM(I37+K37) -> 78245 | N37: =M37/F37 -> 0.33346971 | O37: 11424 | P37: =O37/F37 -> 0.048687558 | Q37: 3838 | R37: =Q37/D37 -> 0.083507398 | S37: =SUM(O37+Q37) -> 15262 | T37: =S37/F37 -> 0.0650446 | U37: 18215 | V37: =U37/F37 -> 0.077629891 | W37: 6482 | X37: =W37/F37 -> 0.027625416 | Y37: 23435 | Z37: =Y37/F37 -> 0.099876832 | AA37: 22410 | AB37: =AA37/D37 -> 0.48759791 | AC37: =SUM(Y37+AA37) -> 45845 | AD37: =AC37/F37 -> 0.19538525 | AE37: 19538 | AF37: =AE37/F37 -> 0.08326834 | AG37: 18659 | AH37: =AG37/F37 -> 0.07952216 | AI37: 10892 | AJ37: =AI37/F37 -> 0.046420246 | AK37: 21501 | AL37: =AK37/F37 -> 0.091634383
D38: 45961 | E38: 五 | F38: =SUM(M38,S38,U38,W38,AC38,AE38,AG38,AI38,AK38) -> 200739 | I38: 29694 | J38: =I38/F38 -> 0.14792342 | K38: 40162 | L38: =K38/F38 -> 0.20007074 | M38: =SUM(I38+K38) -> 69856 | N38: =M38/F38 -> 0.34799416 | O38: 9868 | P38: =O38/F38 -> 0.04915836 | Q38: 3220 | R38: =Q38/D38 -> 0.070059398 | S38: =SUM(O38+Q38) -> 13088 | T38: =S38/F38 -> 0.065199089 | U38: 14842 | V38: =U38/F38 -> 0.073936804 | W38: 3927 | X38: =W38/F38 -> 0.019562716 | Y38: 20835 | Z38: =Y38/F38 -> 0.10379149 | AA38: 19274 | AB38: =AA38/D38 -> 0.41935554 | AC38: =SUM(Y38+AA38) -> 40109 | AD38: =AC38/F38 -> 0.19980671 | AE38: 16017 | AF38: =AE38/F38 -> 0.079790175 | AG38: 14964 | AH38: =AG38/F38 -> 0.074544558 | AI38: 10827 | AJ38: =AI38/F38 -> 0.053935708 | AK38: 17109 | AL38: =AK38/F38 -> 0.085230075
D39: 45962 | E39: 六 | F39: =SUM(M39,S39,U39,W39,AC39,AE39,AG39,AI39,AK39) -> 199982 | I39: 28452 | J39: =I39/F39 -> 0.1422728 | K39: 40897 | L39: =K39/F39 -> 0.20450341 | M39: =SUM(I39+K39) -> 69349 | N39: =M39/F39 -> 0.34677621 | O39: 8441 | P39: =O39/F39 -> 0.042208799 | Q39: 3019 | R39: =Q39/D39 -> 0.065684696 | S39: =SUM(O39+Q39) -> 11460 | T39: =S39/F39 -> 0.057305157 | U39: 14533 | V39: =U39/F39 -> 0.07267154 | W39: 3967 | X39: =W39/F39 -> 0.019836785 | Y39: 20037 | Z39: =Y39/F39 -> 0.10019402 | AA39: 20083 | AB39: =AA39/D39 -> 0.43694791 | AC39: =SUM(Y39+AA39) -> 40120 | AD39: =AC39/F39 -> 0.20061806 | AE39: 16927 | AF39: =AE39/F39 -> 0.084642618 | AG39: 15181 | AH39: =AG39/F39 -> 0.075911832 | AI39: 10780 | AJ39: =AI39/F39 -> 0.053904851 | AK39: 17665 | AL39: =AK39/F39 -> 0.08833295
D40: 45963 | E40: 日 | F40: =SUM(M40,S40,U40,W40,AC40,AE40,AG40,AI40,AK40) -> 239410 | I40: 37061 | J40: =I40/F40 -> 0.15480139 | K40: 44045 | L40: =K40/F40 -> 0.1839731 | M40: =SUM(I40+K40) -> 81106 | N40: =M40/F40 -> 0.33877449 | O40: 10789 | P40: =O40/F40 -> 0.045064951 | Q40: 3520 | R40: =Q40/D40 -> 0.076583339 | S40: =SUM(O40+Q40) -> 14309 | T40: =S40/F40 -> 0.059767762 | U40: 18035 | V40: =U40/F40 -> 0.075331022 | W40: 7001 | X40: =W40/F40 -> 0.029242722 | Y40: 23595 | Z40: =Y40/F40 -> 0.098554781 | AA40: 22513 | AB40: =AA40/D40 -> 0.48980702 | AC40: =SUM(Y40+AA40) -> 46108 | AD40: =AC40/F40 -> 0.19259012 | AE40: 21075 | AF40: =AE40/F40 -> 0.088028904 | AG40: 18470 | AH40: =AG40/F40 -> 0.077147989 | AI40: 11644 | AJ40: =AI40/F40 -> 0.048636231 | AK40: 21662 | AL40: =AK40/F40 -> 0.090480765
D41: 45964 | E41: 一 | F41: =SUM(M41,S41,U41,W41,AC41,AE41,AG41,AI41,AK41) -> 230711 | I41: 35896 | J41: =I41/F41 -> 0.15558859 | K41: 43695 | L41: =K41/F41 -> 0.18939279 | M41: =SUM(I41+K41) -> 79591 | N41: =M41/F41 -> 0.34498138 | O41: 10101 | P41: =O41/F41 -> 0.043782048 | Q41: 3584 | R41: =Q41/D41 -> 0.077974067 | S41: =SUM(O41+Q41) -> 13685 | T41: =S41/F41 -> 0.059316634 | U41: 18247 | V41: =U41/F41 -> 0.07909029 | W41: 4979 | X41: =W41/F41 -> 0.021581112 | Y41: 19668 | Z41: =Y41/F41 -> 0.085249511 | AA41: 22749 | AB41: =AA41/D41 -> 0.49493082 | AC41: =SUM(Y41+AA41) -> 42417 | AD41: =AC41/F41 -> 0.18385339 | AE41: 20424 | AF41: =AE41/F41 -> 0.088526338 | AG41: 18428 | AH41: =AG41/F41 -> 0.079874822 | AI41: 11571 | AJ41: =AI41/F41 -> 0.050153655 | AK41: 21369 | AL41: =AK41/F41 -> 0.092622372
F43: =SUM(M43,S43,U43,W43,AC43,AE43,AG43,AI43,AK43) -> 0 | J43: =I43/F43 -> #DIV/0! | L43: =K43/F43 -> #DIV/0! | M43: =SUM(I43+K43) -> 0 | N43: =M43/F43 -> #DIV/0! | P43: =O43/F43 -> #DIV/0! | R43: =Q43/D43 -> #DIV/0! | S43: =SUM(O43+Q43) -> 0 | T43: =S43/F43 -> #DIV/0! | V43: =U43/F43 -> #DIV/0! | X43: =W43/F43 -> #DIV/0! | Z43: =Y43/F43 -> #DIV/0! | AB43: =AA43/D43 -> #DIV/0! | AC43: =SUM(Y43+AA43) -> 0 | AD43: =AC43/F43 -> #DIV/0! | AF43: =AE43/F43 -> #DIV/0! | AH43: =AG43/F43 -> #DIV/0! | AJ43: =AI43/F43 -> #DIV/0! | AL43: =AK43/F43 -> #DIV/0!
F44: =SUM(M44,S44,U44,W44,AC44,AE44,AG44,AI44,AK44) -> 0 | J44: =I44/F44 -> #DIV/0! | L44: =K44/F44 -> #DIV/0! | M44: =SUM(I44+K44) -> 0 | N44: =M44/F44 -> #DIV/0! | P44: =O44/F44 -> #DIV/0! | R44: =Q44/D44 -> #DIV/0! | S44: =SUM(O44+Q44) -> 0 | T44: =S44/F44 -> #DIV/0! | V44: =U44/F44 -> #DIV/0! | X44: =W44/F44 -> #DIV/0! | Z44: =Y44/F44 -> #DIV/0! | AB44: =AA44/D44 -> #DIV/0! | AC44: =SUM(Y44+AA44) -> 0 | AD44: =AC44/F44 -> #DIV/0! | AF44: =AE44/F44 -> #DIV/0! | AH44: =AG44/F44 -> #DIV/0! | AJ44: =AI44/F44 -> #DIV/0! | AL44: =AK44/F44 -> #DIV/0!
F45: =SUM(M45,S45,U45,W45,AC45,AE45,AG45,AI45,AK45) -> 0 | J45: =I45/F45 -> #DIV/0! | L45: =K45/F45 -> #DIV/0! | M45: =SUM(I45+K45) -> 0 | N45: =M45/F45 -> #DIV/0! | P45: =O45/F45 -> #DIV/0! | R45: =Q45/D45 -> #DIV/0! | S45: =SUM(O45+Q45) -> 0 | T45: =S45/F45 -> #DIV/0! | V45: =U45/F45 -> #DIV/0! | X45: =W45/F45 -> #DIV/0! | Z45: =Y45/F45 -> #DIV/0! | AB45: =AA45/D45 -> #DIV/0! | AC45: =SUM(Y45+AA45) -> 0 | AD45: =AC45/F45 -> #DIV/0! | AF45: =AE45/F45 -> #DIV/0! | AH45: =AG45/F45 -> #DIV/0! | AJ45: =AI45/F45 -> #DIV/0! | AL45: =AK45/F45 -> #DIV/0!
I46: =SUM(I7:I45) -> 1148480 | J46: =I46/$H$7 -> #DIV/0! | K46: =SUM(K7:K45) -> 1466493 | L46: =K46/$H$7 -> #DIV/0! | M46: =SUM(M7:M45) -> 2614973 | N46: =M46/$H$7 -> #DIV/0! | O46: =SUM(O7:O45) -> 360650 | P46: =O46/$H$7 -> #DIV/0! | Q46: =SUM(Q7:Q45) -> 122815 | R46: =Q46/$H$7 -> #DIV/0! | S46: =SUM(S7:S45) -> 483465 | T46: =S46/$H$7 -> #DIV/0! | U46: =SUM(U7:U45) -> 657021 | V46: =U46/$H$7 -> #DIV/0! | W46: =SUM(W7:W45) -> 133372 | X46: =W46/$H$7 -> #DIV/0! | Y46: =SUM(Y7:Y45) -> 793276 | Z46: =Y46/$H$7 -> #DIV/0! | AA46: =SUM(AA7:AA45) -> 752715 | AB46: =AA46/$H$7 -> #DIV/0! | AC46: =SUM(AC7:AC45) -> 1545991 | AD46: =AC46/$H$7 -> #DIV/0! | AE46: =SUM(AE7:AE45) -> 636391 | AF46: =AE46/$H$7 -> #DIV/0! | AG46: =SUM(AG7:AG45) -> 702832 | AH46: =AG46/$H$7 -> #DIV/0! | AI46: =SUM(AI7:AI45) -> 467674 | AJ46: =AI46/$H$7 -> #DIV/0! | AK46: =SUM(AK7:AK45) -> 654860 | AL46: =AK46/$H$7 -> #DIV/0!
M47: =M46 -> 2614973 | S47: =S46 -> 483465 | U47: =U46 -> 657021 | W47: =W46 -> 133372 | AC47: =AC46 -> 1545991 | AE47: =AE46 -> 636391 | AG47: =AG46 -> 702832 | AI47: =AI46 -> 467674 | AK47: =AK46 -> 654860

Sheet （５-1）品群別人時生產性（18℃-飯糰）
B1: 月平均人時性 | C1: =AVERAGE(L7,L42,L77,L112,L147,L182) -> 757.93396
B2: 產線配置圖－每週更新 | N2: 資料繳交 | O2: 日期 | P2: 45930 | U2: =P2+1 -> 45931 | Z2: =U2+1 -> 45932 | AE2: =Z2+1 -> 45933 | AJ2: =AE2+1 -> 45934 | AO2: =AJ2+1 -> 45935 | AT2: =AO2+1 -> 45936
P3: 二 | U3: 三 | Z3: 四 | AE3: 五 | AJ3: 六 | AO3: 日 | AT3: 一
B4: 品群 | C4: 商品名稱 | E4: 計畫 | H4: 平均人時性 | I4: 實績 | L4: 平均人時性 | M4: 排名 | O4: 日報 | P4: 實際 | T4: 平均人時性 | U4: 實際 | Y4: 平均人時性 | Z4: 實際 | AD4: 平均人時性 | AE4: 實際 | AI4: 平均人時性 | AJ4: 實際 | AN4: 平均人時性 | AO4: 實際 | AS4: 平均人時性 | AT4: 實際 | AX4: 平均人時性
E5: 產線配置圖 | I5: 產線配置圖 | P5: 生產實績 | U5: 生產實績 | Z5: 生產實績 | AE5: 生產實績 | AJ5: 生產實績 | AO5: 生產實績 | AT5: 生產實績
E6: 人數 | F6: 產能／時 | G6: 人時性 | I6: 人數 | J6: 產能／時 | K6: 人時性 | P6: 人數 | Q6: 產能／時 | R6: 人時性 | S6: 排名 | U6: 人數 | V6: 產能／時 | W6: 人時性 | X6: 排名 | Z6: 人數 | AA6: 產能／時 | AB6: 人時性 | AC6: 排名 | AE6: 人數 | AF6: 產能／時 | AG6: 人時性 | AH6: 排名 | AJ6: 人數 | AK6: 產能／時 | AL6: 人時性 | AM6: 排名 | AO6: 人數 | AP6: 產能／時 | AQ6: 人時性 | AR6: 排名 | AT6: 人數 | AU6: 產能／時 | AV6: 人時性 | AW6: 排名
B7: 18℃-飯糰 | C7: 1 | D7: 經典肉鬆飯糰 | E7: 4 | F7: 2200 | G7: 550 | H7: =AVERAGE(G7:G36) -> 889.13043 | I7: =AVERAGE(P7,U7,Z7,AE7,AJ7,AO7,AT7) -> 4 | J7: =AVERAGE(Q7,V7,AA7,AF7,AK7,AP7,AU7) -> 2976.7798 | K7: =AVERAGE(R7,W7,AB7,AG7,AL7,AQ7,AV7) -> 744.19495 | L7: =IFERROR(AVERAGE(K7:K36),"-") -> 706.15894 | M7: =RANK(K7, K$7:$K$36) -> 7 | P7: 4 | Q7: 3004 | R7: 751 | S7: =RANK(R7, R$7:R$36) -> 9 | T7: =AVERAGE(R7:R36) -> 734.87409 | U7: 4 | V7: 3023.3333 | W7: 755.83333 | X7: =RANK(W7, W$7:W$36) -> 7 | Y7: =AVERAGE(W7:W36) -> 679.21736 | Z7: 4 | AA7: 3093.8182 | AB7: 773.45455 | AC7: =RANK(AB7, AB$7:AB$36) -> 8 | AD7: =AVERAGE(AB7:AB36) -> 709.4111 | AE7: 4 | AF7: 2954.4 | AG7: 738.6 | AH7: =RANK(AG7, AG$7:AG$36) -> 9 | AI7: =AVERAGE(AG7:AG36) -> 698.13769 | AJ7: 4 | AK7: 2890.8 | AL7: 722.7 | AM7: =RANK(AL7, AL$7:AL$36) -> 11 | AN7: =AVERAGE(AL7:AL36) -> 713.62716 | AO7: 4 | AP7: 3002.25 | AQ7: 750.5625 | AR7: =RANK(AQ7, AQ$7:AQ$36) -> 7 | AS7: =AVERAGE(AQ7:AQ36) -> 675.01724 | AT7: 4 | AU7: 2868.8571 | AV7: 717.21429 | AW7: =RANK(AV7, AV$7:AV$36) -> 12 | AX7: =AVERAGE(AV7:AV36) -> 732.82797 | AZ7: =RANK(AX7, $K$7:AX$36) -> #N/A | BB7: =RANK(BA7, BA$7:BA$36) -> #N/A
C8: 2 | D8: 蔬食鮪魚飯糰 | E8: 3 | F8: 2700 | G8: 900 | I8: =AVERAGE(P8,U8,Z8,AE8,AJ8,AO8,AT8) -> 3 | J8: =AVERAGE(Q8,V8,AA8,AF8,AK8,AP8,AU8) -> 2564.1082 | K8: =AVERAGE(R8,W8,AB8,AG8,AL8,AQ8,AV8) -> 854.70272 | M8: =RANK(K8, K$7:$K$36) -> 2 | P8: 3 | Q8: 2580 | R8: 860 | S8: =RANK(R8, R$7:R$36) -> 3 | U8: 3 | V8: 2310.8571 | W8: 770.28571 | X8: =RANK(W8, W$7:W$36) -> 6 | Z8: 3 | AA8: 2598 | AB8: 866 | AC8: =RANK(AB8, AB$7:AB$36) -> 3 | AE8: 3 | AF8: 2455.2 | AG8: 818.4 | AH8: =RANK(AG8, AG$7:AG$36) -> 5 | AJ8: 3 | AK8: 2477.5 | AL8: 825.83333 | AM8: =RANK(AL8, AL$7:AL$36) -> 6 | AO8: 3 | AP8: 2438.4 | AQ8: 812.8 | AR8: =RANK(AQ8, AQ$7:AQ$36) -> 5 | AT8: 3 | AU8: 3088.8 | AV8: 1029.6 | AW8: =RANK(AV8, AV$7:AV$36) -> 1 | AZ8: =RANK(AX8, $K$7:AX$36) -> #N/A | BB8: =RANK(BA8, BA$7:BA$36) -> #N/A
C9: 3 | D9: 北海道秋鮭親子飯糰 | E9: 4 | F9: 3600 | G9: 900 | I9: =AVERAGE(P9,U9,Z9,AE9,AJ9,AO9,AT9) -> 4 | J9: =AVERAGE(Q9,V9,AA9,AF9,AK9,AP9,AU9) -> 2850.1425 | K9: =AVERAGE(R9,W9,AB9,AG9,AL9,AQ9,AV9) -> 712.53562 | M9: =RANK(K9, K$7:$K$36) -> 10 | P9: 4 | Q9: 2944.4444 | R9: 736.11111 | S9: =RANK(R9, R$7:R$36) -> 12 | U9: 4 | V9: 2632 | W9: 658 | X9: =RANK(W9, W$7:W$36) -> 13 | Z9: 4 | AA9: 2956.8 | AB9: 739.2 | AC9: =RANK(AB9, AB$7:AB$36) -> 10 | AE9: 4 | AF9: 3162.3529 | AG9: 790.58824 | AH9: =RANK(AG9, AG$7:AG$36) -> 7 | AJ9: 4 | AK9: 2589 | AL9: 647.25 | AM9: =RANK(AL9, AL$7:AL$36) -> 14 | AO9: 4 | AP9: 2736 | AQ9: 684 | AR9: =RANK(AQ9, AQ$7:AQ$36) -> 10 | AT9: 4 | AU9: 2930.4 | AV9: 732.6 | AW9: =RANK(AV9, AV$7:AV$36) -> 9 | AZ9: =RANK(AX9, $K$7:AX$36) -> #N/A | BB9: =RANK(BA9, BA$7:BA$36) -> #N/A
C10: 4 | D10: 鮪魚飯糰 | E10: 3 | F10: 3600 | G10: 1200 | I10: =AVERAGE(P10,U10,Z10,AE10,AJ10,AO10,AT10) -> 3 | J10: =AVERAGE(Q10,V10,AA10,AF10,AK10,AP10,AU10) -> 2795.3878 | K10: =AVERAGE(R10,W10,AB10,AG10,AL10,AQ10,AV10) -> 931.79592 | M10: =RANK(K10, K$7:$K$36) -> 1 | P10: 3 | Q10: 3040 | R10: 1013.3333 | S10: =RANK(R10, R$7:R$36) -> 1 | U10: 3 | V10: 2670 | W10: 890 | X10: =RANK(W10, W$7:W$36) -> 1 | Z10: 3 | AA10: 2840 | AB10: 946.66667 | AC10: =RANK(AB10, AB$7:AB$36) -> 1 | AE10: 3 | AF10: 2882 | AG10: 960.66667 | AH10: =RANK(AG10, AG$7:AG$36) -> 1 | AJ10: 3 | AK10: 2580 | AL10: 860 | AM10: =RANK(AL10, AL$7:AL$36) -> 3 | AO10: 3 | AP10: 2785.7143 | AQ10: 928.57143 | AR10: =RANK(AQ10, AQ$7:AQ$36) -> 1 | AT10: 3 | AU10: 2770 | AV10: 923.33333 | AW10: =RANK(AV10, AV$7:AV$36) -> 4 | AZ10: =RANK(AX10, $K$7:AX$36) -> #N/A | BB10: =RANK(BA10, BA$7:BA$36) -> #N/A
C11: 5 | D11: 贅沢鮭魚肚飯糰 | E11: 3 | F11: 3600 | G11: 1200 | I11: =AVERAGE(P11,U11,Z11,AE11,AJ11,AO11,AT11) -> 4 | J11: =AVERAGE(Q11,V11,AA11,AF11,AK11,AP11,AU11) -> 2947.8435 | K11: =AVERAGE(R11,W11,AB11,AG11,AL11,AQ11,AV11) -> 736.96088 | M11: =RANK(K11, K$7:$K$36) -> 8 | P11: 4 | Q11: 3328.3333 | R11: 832.08333 | S11: =RANK(R11, R$7:R$36) -> 6 | U11: 4 | V11: 2709 | W11: 677.25 | X11: =RANK(W11, W$7:W$36) -> 10 | Z11: 4 | AA11: 2924.5714 | AB11: 731.14286 | AC11: =RANK(AB11, AB$7:AB$36) -> 11 | AE11: 4 | AF11: 2790 | AG11: 697.5 | AH11: =RANK(AG11, AG$7:AG$36) -> 10 | AJ11: 4 | AK11: 2932.8 | AL11: 733.2 | AM11: =RANK(AL11, AL$7:AL$36) -> 10 | AO11: 4 | AP11: 2995.2 | AQ11: 748.8 | AR11: =RANK(AQ11, AQ$7:AQ$36) -> 8 | AT11: 4 | AU11: 2955 | AV11: 738.75 | AW11: =RANK(AV11, AV$7:AV$36) -> 8 | AZ11: =RANK(AX11, $K$7:AX$36) -> #N/A | BB11: =RANK(BA11, BA$7:BA$36) -> #N/A
C12: 6 | D12: 熟成紅鮭飯糰 | E12: 4 | F12: 3600 | G12: 900 | I12: =AVERAGE(P12,U12,Z12,AE12,AJ12,AO12,AT12) -> 4 | J12: =AVERAGE(Q12,V12,AA12,AF12,AK12,AP12,AU12) -> 2821.3013 | K12: =AVERAGE(R12,W12,AB12,AG12,AL12,AQ12,AV12) -> 705.32532 | M12: =RANK(K12, K$7:$K$36) -> 11 | P12: 4 | Q12: 2950.9091 | R12: 737.72727 | S12: =RANK(R12, R$7:R$36) -> 11 | U12: 4 | V12: 2707.2 | W12: 676.8 | X12: =RANK(W12, W$7:W$36) -> 11 | Z12: 4 | AA12: 3012 | AB12: 753 | AC12: =RANK(AB12, AB$7:AB$36) -> 9 | AE12: 4 | AF12: 2728 | AG12: 682 | AH12: =RANK(AG12, AG$7:AG$36) -> 11 | AJ12: 4 | AK12: 2624 | AL12: 656 | AM12: =RANK(AL12, AL$7:AL$36) -> 13 | AO12: 4 | AP12: 2724 | AQ12: 681 | AR12: =RANK(AQ12, AQ$7:AQ$36) -> 11 | AT12: 4 | AU12: 3003 | AV12: 750.75 | AW12: =RANK(AV12, AV$7:AV$36) -> 7 | AZ12: =RANK(AX12, $K$7:AX$36) -> #N/A | BB12: =RANK(BA12, BA$7:BA$36) -> #N/A
C13: 7 | D13: 筋子銀鮭飯糰 | E13: 4 | F13: 3600 | G13: 900 | I13: =AVERAGE(P13,U13,Z13,AE13,AJ13,AO13,AT13) -> 4 | J13: =AVERAGE(Q13,V13,AA13,AF13,AK13,AP13,AU13) -> 2776.7551 | K13: =AVERAGE(R13,W13,AB13,AG13,AL13,AQ13,AV13) -> 694.18878 | M13: =RANK(K13, K$7:$K$36) -> 12 | P13: 4 | Q13: 2910 | R13: 727.5 | S13: =RANK(R13, R$7:R$36) -> 13 | U13: 4 | V13: 2256 | W13: 564 | X13: =RANK(W13, W$7:W$36) -> 19 | Z13: 4 | AA13: 2595 | AB13: 648.75 | AC13: =RANK(AB13, AB$7:AB$36) -> 14 | AE13: 4 | AF13: 2520 | AG13: 630 | AH13: =RANK(AG13, AG$7:AG$36) -> 15 | AJ13: 4 | AK13: 3690 | AL13: 922.5 | AM13: =RANK(AL13, AL$7:AL$36) -> 1 | AO13: 4 | AP13: 2540 | AQ13: 635 | AR13: =RANK(AQ13, AQ$7:AQ$36) -> 15 | AT13: 4 | AU13: 2926.2857 | AV13: 731.57143 | AW13: =RANK(AV13, AV$7:AV$36) -> 10 | AZ13: =RANK(AX13, $K$7:AX$36) -> #N/A | BB13: =RANK(BA13, BA$7:BA$36) -> #N/A
C14: 8 | D14: 博多明太子奶油飯糰 | E14: 4 | F14: 3600 | G14: 900 | I14: =AVERAGE(P14,U14,Z14,AE14,AJ14,AO14,AT14) -> 4 | J14: =AVERAGE(Q14,V14,AA14,AF14,AK14,AP14,AU14) -> 2602.2922 | K14: =AVERAGE(R14,W14,AB14,AG14,AL14,AQ14,AV14) -> 650.57306 | M14: =RANK(K14, K$7:$K$36) -> 15 | P14: 4 | Q14: 3000 | R14: 750 | S14: =RANK(R14, R$7:R$36) -> 10 | U14: 4 | V14: 2145 | W14: 536.25 | X14: =RANK(W14, W$7:W$36) -> 21 | Z14: 4 | AA14: 2580 | AB14: 645 | AC14: =RANK(AB14, AB$7:AB$36) -> 15 | AE14: 4 | AF14: 3168.75 | AG14: 792.1875 | AH14: =RANK(AG14, AG$7:AG$36) -> 6 | AJ14: 4 | AK14: 2068.6957 | AL14: 517.17391 | AM14: =RANK(AL14, AL$7:AL$36) -> 23 | AO14: 4 | AP14: 2376 | AQ14: 594 | AR14: =RANK(AQ14, AQ$7:AQ$36) -> 18 | AT14: 4 | AU14: 2877.6 | AV14: 719.4 | AW14: =RANK(AV14, AV$7:AV$36) -> 11 | AZ14: =RANK(AX14, $K$7:AX$36) -> #N/A | BB14: =RANK(BA14, BA$7:BA$36) -> #N/A
C15: 9 | D15: 壹號醬炙烤牛飯糰 | E15: 4 | F15: 3300 | G15: 825 | I15: =AVERAGE(P15,U15,Z15,AE15,AJ15,AO15,AT15) -> 4 | J15: =AVERAGE(Q15,V15,AA15,AF15,AK15,AP15,AU15) -> 2263.3445 | K15: =AVERAGE(R15,W15,AB15,AG15,AL15,AQ15,AV15) -> 565.83613 | M15: =RANK(K15, K$7:$K$36) -> 21 | P15: 4 | Q15: 2389.4118 | R15: 597.35294 | S15: =RANK(R15, R$7:R$36) -> 21 | U15: 4 | V15: 2073 | W15: 518.25 | X15: =RANK(W15, W$7:W$36) -> 22 | Z15: 4 | AA15: 2520 | AB15: 630 | AC15: =RANK(AB15, AB$7:AB$36) -> 16 | AE15: 4 | AF15: 2195 | AG15: 548.75 | AH15: =RANK(AG15, AG$7:AG$36) -> 22 | AJ15: 4 | AK15: 2544 | AL15: 636 | AM15: =RANK(AL15, AL$7:AL$36) -> 15 | AO15: 4 | AP15: 2130 | AQ15: 532.5 | AR15: =RANK(AQ15, AQ$7:AQ$36) -> 20 | AT15: 4 | AU15: 1992 | AV15: 498 | AW15: =RANK(AV15, AV$7:AV$36) -> 23 | AZ15: =RANK(AX15, $K$7:AX$36) -> #N/A | BB15: =RANK(BA15, BA$7:BA$36) -> #N/A
C16: 10 | D16: 明太子龍蝦風味沙拉飯糰 | E16: 3 | F16: 3300 | G16: 1100 | I16: =AVERAGE(P16,U16,Z16,AE16,AJ16,AO16,AT16) -> 3 | J16: =AVERAGE(Q16,V16,AA16,AF16,AK16,AP16,AU16) -> 2531.1429 | K16: =AVERAGE(R16,W16,AB16,AG16,AL16,AQ16,AV16) -> 843.71429 | M16: =RANK(K16, K$7:$K$36) -> 6 | P16: 3 | Q16: 2529 | R16: 843 | S16: =RANK(R16, R$7:R$36) -> 4 | U16: 3 | V16: 2536.5 | W16: 845.5 | X16: =RANK(W16, W$7:W$36) -> 3 | Z16: 3 | AA16: 2415 | AB16: 805 | AC16: =RANK(AB16, AB$7:AB$36) -> 6 | AE16: 3 | AF16: 2648 | AG16: 882.66667 | AH16: =RANK(AG16, AG$7:AG$36) -> 2 | AJ16: 3 | AK16: 2492 | AL16: 830.66667 | AM16: =RANK(AL16, AL$7:AL$36) -> 5 | AO16: 3 | AP16: 2588 | AQ16: 862.66667 | AR16: =RANK(AQ16, AQ$7:AQ$36) -> 2 | AT16: 3 | AU16: 2509.5 | AV16: 836.5 | AW16: =RANK(AV16, AV$7:AV$36) -> 6 | AZ16: =RANK(AX16, $K$7:AX$36) -> #N/A | BB16: =RANK(BA16, BA$7:BA$36) -> #N/A
C17: 11 | D17: 鹽蔥燒肉飯糰 | E17: 3 | F17: 3300 | G17: 1100 | I17: =AVERAGE(P17,U17,Z17,AE17,AJ17,AO17,AT17) -> 3 | J17: =AVERAGE(Q17,V17,AA17,AF17,AK17,AP17,AU17) -> 2544.5299 | K17: =AVERAGE(R17,W17,AB17,AG17,AL17,AQ17,AV17) -> 848.17663 | M17: =RANK(K17, K$7:$K$36) -> 4 | P17: 3 | Q17: 2475.3191 | R17: 825.10638 | S17: =RANK(R17, R$7:R$36) -> 7 | U17: 3 | V17: 2602.6667 | W17: 867.55556 | X17: =RANK(W17, W$7:W$36) -> 2 | Z17: 3 | AA17: 2458.7234 | AB17: 819.57447 | AC17: =RANK(AB17, AB$7:AB$36) -> 5 | AE17: 3 | AF17: 2489.1429 | AG17: 829.71429 | AH17: =RANK(AG17, AG$7:AG$36) -> 4 | AJ17: 3 | AK17: 2463.4286 | AL17: 821.14286 | AM17: =RANK(AL17, AL$7:AL$36) -> 7 | AO17: 3 | AP17: 2499.4286 | AQ17: 833.14286 | AR17: =RANK(AQ17, AQ$7:AQ$36) -> 3 | AT17: 3 | AU17: 2823 | AV17: 941 | AW17: =RANK(AV17, AV$7:AV$36) -> 3 | AZ17: =RANK(AX17, $K$7:AX$36) -> #N/A | BB17: =RANK(BA17, BA$7:BA$36) -> #N/A
C18: 12 | D18: 香辣鹹水雞飯糰(區) | E18: 4 | F18: 3300 | G18: 825 | I18: =AVERAGE(P18,U18,Z18,AE18,AJ18,AO18,AT18) -> 4 | J18: =AVERAGE(Q18,V18,AA18,AF18,AK18,AP18,AU18) -> 2250.1922 | K18: =AVERAGE(R18,W18,AB18,AG18,AL18,AQ18,AV18) -> 562.54805 | M18: =RANK(K18, K$7:$K$36) -> 22 | P18: 4 | Q18: 2460 | R18: 615 | S18: =RANK(R18, R$7:R$36) -> 20 | U18: 4 | V18: 2302 | W18: 575.5 | X18: =RANK(W18, W$7:W$36) -> 18 | Z18: 4 | AA18: 2196 | AB18: 549 | AC18: =RANK(AB18, AB$7:AB$36) -> 22 | AE18: 4 | AF18: 2367 | AG18: 591.75 | AH18: =RANK(AG18, AG$7:AG$36) -> 19 | AJ18: 4 | AK18: 2223 | AL18: 555.75 | AM18: =RANK(AL18, AL$7:AL$36) -> 22 | AO18: 4 | AP18: 1474.5455 | AQ18: 368.63636 | AR18: =RANK(AQ18, AQ$7:AQ$36) -> 23 | AT18: 4 | AU18: 2728.8 | AV18: 682.2 | AW18: =RANK(AV18, AV$7:AV$36) -> 15 | AZ18: =RANK(AX18, $K$7:AX$36) -> #N/A | BB18: =RANK(BA18, BA$7:BA$36) -> #N/A
C19: 13 | D19: 胡麻鮮蔬雞絲飯糰(區) | E19: 4 | F19: 2500 | G19: 625 | I19: =AVERAGE(P19,U19,Z19,AE19,AJ19,AO19,AT19) -> 4 | J19: =AVERAGE(Q19,V19,AA19,AF19,AK19,AP19,AU19) -> 2483.6071 | K19: =AVERAGE(R19,W19,AB19,AG19,AL19,AQ19,AV19) -> 620.90179 | M19: =RANK(K19, K$7:$K$36) -> 17 | P19: 4 | Q19: 2486.25 | R19: 621.5625 | S19: =RANK(R19, R$7:R$36) -> 18 | U19: 4 | V19: 2578 | W19: 644.5 | X19: =RANK(W19, W$7:W$36) -> 14 | Z19: 4 | AA19: 2430 | AB19: 607.5 | AC19: =RANK(AB19, AB$7:AB$36) -> 19 | AE19: 4 | AF19: 2478 | AG19: 619.5 | AH19: =RANK(AG19, AG$7:AG$36) -> 16 | AJ19: 4 | AK19: 2376 | AL19: 594 | AM19: =RANK(AL19, AL$7:AL$36) -> 20 | AO19: 4 | AP19: 2571 | AQ19: 642.75 | AR19: =RANK(AQ19, AQ$7:AQ$36) -> 14 | AT19: 4 | AU19: 2466 | AV19: 616.5 | AW19: =RANK(AV19, AV$7:AV$36) -> 19 | AZ19: =RANK(AX19, $K$7:AX$36) -> #N/A | BB19: =RANK(BA19, BA$7:BA$36) -> #N/A
... C29: 23 | D29: 照燒雞肉飯糰 | E29: 4 | F29: 3300 | G29: 825 | I29: =AVERAGE(P29,U29,Z29,AE29,AJ29,AO29,AT29) -> 3 | J29: =AVERAGE(Q29,V29,AA29,AF29,AK29,AP29,AU29) -> 2540.4643 | K29: =AVERAGE(R29,W29,AB29,AG29,AL29,AQ29,AV29) -> 846.82142 | M29: =RANK(K29, K$7:$K$36) -> 5 | P29: 3 | Q29: 2526 | R29: 842 | S29: =RANK(R29, R$7:R$36) -> 5 | U29: 3 | V29: 2482.2222 | W29: 827.40741 | X29: =RANK(W29, W$7:W$36) -> 4 | Z29: 3 | AA29: 2479.3548 | AB29: 826.45161 | AC29: =RANK(AB29, AB$7:AB$36) -> 4 | AE29: 3 | AF29: 2503.2 | AG29: 834.4 | AH29: =RANK(AG29, AG$7:AG$36) -> 3 | AJ29: 3 | AK29: 2462.4 | AL29: 820.8 | AM29: =RANK(AL29, AL$7:AL$36) -> 8 | AO29: 3 | AP29: 2470.8 | AQ29: 823.6 | AR29: =RANK(AQ29, AQ$7:AQ$36) -> 4 | AT29: 3 | AU29: 2859.2727 | AV29: 953.09091 | AW29: =RANK(AV29, AV$7:AV$36) -> 2 | AZ29: =RANK(AX29, $K$7:AX$36) -> #N/A | BB29: =RANK(BA29, BA$7:BA$36) -> #N/A
C30: 24 | M30: =RANK(K30, K$7:$K$36) -> #N/A | S30: =RANK(R30, R$7:R$36) -> #N/A | X30: =RANK(W30, W$7:W$36) -> #N/A | AC30: =RANK(AB30, AB$7:AB$36) -> #N/A | AH30: =RANK(AG30, AG$7:AG$36) -> #N/A | AM30: =RANK(AL30, AL$7:AL$36) -> #N/A | AR30: =RANK(AQ30, AQ$7:AQ$36) -> #N/A | AW30: =RANK(AV30, AV$7:AV$36) -> #N/A | AZ30: =RANK(AX30, $K$7:AX$36) -> #N/A | BB30: =RANK(BA30, BA$7:BA$36) -> #N/A
C31: 25 | M31: =RANK(K31, K$7:$K$36) -> #N/A | S31: =RANK(R31, R$7:R$36) -> #N/A | X31: =RANK(W31, W$7:W$36) -> #N/A | AC31: =RANK(AB31, AB$7:AB$36) -> #N/A | AH31: =RANK(AG31, AG$7:AG$36) -> #N/A | AM31: =RANK(AL31, AL$7:AL$36) -> #N/A | AR31: =RANK(AQ31, AQ$7:AQ$36) -> #N/A | AW31: =RANK(AV31, AV$7:AV$36) -> #N/A | AZ31: =RANK(AX31, $K$7:AX$36) -> #N/A | BB31: =RANK(BA31, BA$7:BA$36) -> #N/A
C32: 26 | M32: =RANK(K32, K$7:$K$36) -> #N/A | S32: =RANK(R32, R$7:R$36) -> #N/A | X32: =RANK(W32, W$7:W$36) -> #N/A | AC32: =RANK(AB32, AB$7:AB$36) -> #N/A | AH32: =RANK(AG32, AG$7:AG$36) -> #N/A | AM32: =RANK(AL32, AL$7:AL$36) -> #N/A | AR32: =RANK(AQ32, AQ$7:AQ$36) -> #N/A | AW32: =RANK(AV32, AV$7:AV$36) -> #N/A | AZ32: =RANK(AX32, $K$7:AX$36) -> #N/A | BB32: =RANK(BA32, BA$7:BA$36) -> #N/A
C33: 27 | M33: =RANK(K33, K$7:$K$36) -> #N/A | S33: =RANK(R33, R$7:R$36) -> #N/A | X33: =RANK(W33, W$7:W$36) -> #N/A | AC33: =RANK(AB33, AB$7:AB$36) -> #N/A | AH33: =RANK(AG33, AG$7:AG$36) -> #N/A | AM33: =RANK(AL33, AL$7:AL$36) -> #N/A | AR33: =RANK(AQ33, AQ$7:AQ$36) -> #N/A | AW33: =RANK(AV33, AV$7:AV$36) -> #N/A | AZ33: =RANK(AX33, $K$7:AX$36) -> #N/A | BB33: =RANK(BA33, BA$7:BA$36) -> #N/A
C34: 28 | M34: =RANK(K34, K$7:$K$36) -> #N/A | S34: =RANK(R34, R$7:R$36) -> #N/A | X34: =RANK(W34, W$7:W$36) -> #N/A | AC34: =RANK(AB34, AB$7:AB$36) -> #N/A | AH34: =RANK(AG34, AG$7:AG$36) -> #N/A | AM34: =RANK(AL34, AL$7:AL$36) -> #N/A | AR34: =RANK(AQ34, AQ$7:AQ$36) -> #N/A | AW34: =RANK(AV34, AV$7:AV$36) -> #N/A | AZ34: =RANK(AX34, $K$7:AX$36) -> #N/A | BB34: =RANK(BA34, BA$7:BA$36) -> #N/A
C35: 29 | M35: =RANK(K35, K$7:$K$36) -> #N/A | S35: =RANK(R35, R$7:R$36) -> #N/A | X35: =RANK(W35, W$7:W$36) -> #N/A | AC35: =RANK(AB35, AB$7:AB$36) -> #N/A | AH35: =RANK(AG35, AG$7:AG$36) -> #N/A | AM35: =RANK(AL35, AL$7:AL$36) -> #N/A | AR35: =RANK(AQ35, AQ$7:AQ$36) -> #N/A | AW35: =RANK(AV35, AV$7:AV$36) -> #N/A | AZ35: =RANK(AX35, $K$7:AX$36) -> #N/A | BB35: =RANK(BA35, BA$7:BA$36) -> #N/A
C36: 30 | M36: =RANK(K36, K$7:$K$36) -> #N/A | S36: =RANK(R36, R$7:R$36) -> #N/A | X36: =RANK(W36, W$7:W$36) -> #N/A | AC36: =RANK(AB36, AB$7:AB$36) -> #N/A | AH36: =RANK(AG36, AG$7:AG$36) -> #N/A | AM36: =RANK(AL36, AL$7:AL$36) -> #N/A | AR36: =RANK(AQ36, AQ$7:AQ$36) -> #N/A | AW36: =RANK(AV36, AV$7:AV$36) -> #N/A | AZ36: =RANK(AX36, $K$7:AX$36) -> #N/A | BB36: =RANK(BA36, BA$7:BA$36) -> #N/A
B37: 產線配置圖－每週更新 | N37: 資料繳交 | O37: 日期 | P37: =AT2+1 -> 45937 | U37: =P37+1 -> 45938 | Z37: =U37+1 -> 45939 | AE37: =Z37+1 -> 45940 | AJ37: =AE37+1 -> 45941 | AO37: =AJ37+1 -> 45942 | AT37: =AO37+1 -> 45943
P38: 二 | U38: 三 | Z38: 四 | AE38: 五 | AJ38: 六 | AO38: 日 | AT38: 一
B39: 品群 | C39: 商品名稱 | E39: 計畫 | H39: 平均人時性 | I39: 實績 | L39: 平均人時性 | M39: 排名 | O39: 日報 | P39: 實際 | T39: 平均人時性 | U39: 實際 | Y39: 平均人時性 | Z39: 實際 | AD39: 平均人時性 | AE39: 實際 | AI39: 平均人時性 | AJ39: 實際 | AN39: 平均人時性 | AO39: 實際 | AS39: 平均人時性 | AT39: 實際 | AX39: 平均人時性
E40: 產線配置圖 | I40: 產線配置圖 | P40: 生產實績 | U40: 生產實績 | Z40: 生產實績 | AE40: 生產實績 | AJ40: 生產實績 | AO40: 生產實績 | AT40: 生產實績
E41: 人數 | F41: 產能／時 | G41: 人時性 | I41: 人數 | J41: 產能／時 | K41: 人時性 | P41: 人數 | Q41: 產能／時 | R41: 人時性 | S41: 排名 | U41: 人數 | V41: 產能／時 | W41: 人時性 | X41: 排名 | Z41: 人數 | AA41: 產能／時 | AB41: 人時性 | AC41: 排名 | AE41: 人數 | AF41: 產能／時 | AG41: 人時性 | AH41: 排名 | AJ41: 人數 | AK41: 產能／時 | AL41: 人時性 | AM41: 排名 | AO41: 人數 | AP41: 產能／時 | AQ41: 人時性 | AR41: 排名 | AT41: 人數 | AU41: 產能／時 | AV41: 人時性 | AW41: 排名
B42: 18℃-飯糰 | C42: 1 | D42: 經典肉鬆飯糰 | E42: 4 | F42: 2200 | G42: 550 | H42: =AVERAGE(G42:G71) -> 893.75 | I42: =AVERAGE(P42,U42,Z42,AE42,AJ42,AO42,AT42) -> 4 | J42: =AVERAGE(Q42,V42,AA42,AF42,AK42,AP42,AU42) -> 3075.7306 | K42: =AVERAGE(R42,W42,AB42,AG42,AL42,AQ42,AV42) -> 768.93265 | L42: =IFERROR(AVERAGE(K42:K71),"-") -> 736.42726 | M42: =RANK(K42, K$42:$K$71) -> 8 | P42: v | Q42: ='[1]（５-1）品群別人時生產性（18℃-飯糰）'!Q7 -> 3002.5714 | R42: ='[1]（５-1）品群別人時生產性（18℃-飯糰）'!R7 -> 750.64286 | S42: =RANK(R42, R$42:R$71) -> 10 | T42: =AVERAGE(R42:R71) -> 702.40987 | U42: 4 | V42: 2950.4 | W42: 737.6 | X42: =RANK(W42, W$42:W$71) -> 11 | Y42: =AVERAGE(W42:W71) -> 729.13821 | Z42: 4 | AA42: 3146 | AB42: 786.5 | AC42: =RANK(AB42, AB$42:AB$71) -> 8 | AD42: =AVERAGE(AB42:AB71) -> 703.00068 | AE42: 4 | AF42: 3038 | AG42: 759.5 | AH42: =RANK(AG42, AG$42:AG$71) -> 10 | AI42: =AVERAGE(AG42:AG71) -> 695.17258 | AJ42: 4 | AK42: 2692.0588 | AL42: 673.01471 | AM42: =RANK(AL42, AL$42:AL$71) -> 17 | AN42: =AVERAGE(AL42:AL71) -> 729.47462 | AO42: 4 | AP42: 3434.7826 | AQ42: 858.69565 | AR42: =RANK(AQ42, AQ$42:AQ$71) -> 8 | AS42: =AVERAGE(AQ42:AQ71) -> 789.0134 | AT42: 4 | AU42: 3266.3014 | AV42: 816.57534 | AW42: =RANK(AV42, AV$42:AV$71) -> 9 | AX42: =AVERAGE(AV42:AV71) -> 783.34556
C43: 2 | D43: 蔬食鮪魚飯糰 | E43: 3 | F43: 2700 | G43: 900 | I43: =AVERAGE(P43,U43,Z43,AE43,AJ43,AO43,AT43) -> 3 | J43: =AVERAGE(Q43,V43,AA43,AF43,AK43,AP43,AU43) -> 2664.2407 | K43: =AVERAGE(R43,W43,AB43,AG43,AL43,AQ43,AV43) -> 888.08024 | M43: =RANK(K43, K$42:$K$71) -> 6 | P43: ='[1]（５-1）品群別人時生產性（18℃-飯糰）'!P8 -> 3 | Q43: ='[1]（５-1）品群別人時生產性（18℃-飯糰）'!Q8 -> 2444.5161 | R43: ='[1]（５-1）品群別人時生產性（18℃-飯糰）'!R8 -> 814.83871 | S43: =RANK(R43, R$42:R$71) -> 5 | U43: 3 | V43: 2494 | W43: 831.33333 | X43: =RANK(W43, W$42:W$71) -> 7 | Z43: 3 | AA43: 2532.5 | AB43: 844.16667 | AC43: =RANK(AB43, AB$42:AB$71) -> 7 | AE43: 3 | AF43: 2653.0435 | AG43: 884.34783 | AH43: =RANK(AG43, AG$42:AG$71) -> 4 | AJ43: 3 | AK43: 2705.4545 | AL43: 901.81818 | AM43: =RANK(AL43, AL$42:AL$71) -> 4 | AO43: 3 | AP43: 2935.5556 | AQ43: 978.51852 | AR43: =RANK(AQ43, AQ$42:AQ$71) -> 3 | AT43: 3 | AU43: 2884.6154 | AV43: 961.53846 | AW43: =RANK(AV43, AV$42:AV$71) -> 2
C44: 3 | D44: 北海道秋鮭親子飯糰 | E44: 4 | F44: 3600 | G44: 900 | I44: =AVERAGE(P44,U44,Z44,AE44,AJ44,AO44,AT44) -> 4 | J44: =AVERAGE(Q44,V44,AA44,AF44,AK44,AP44,AU44) -> 3020.2144 | K44: =AVERAGE(R44,W44,AB44,AG44,AL44,AQ44,AV44) -> 755.0536 | M44: =RANK(K44, K$42:$K$71) -> 10 | P44: ='[1]（５-1）品群別人時生產性（18℃-飯糰）'!P9 -> 4 | Q44: ='[1]（５-1）品群別人時生產性（18℃-飯糰）'!Q9 -> 3009.6 | R44: ='[1]（５-1）品群別人時生產性（18℃-飯糰）'!R9 -> 752.4 | S44: =RANK(R44, R$42:R$71) -> 9 | U44: 4 | V44: 2920.8 | W44: 730.2 | X44: =RANK(W44, W$42:W$71) -> 13 | Z44: 4 | AA44: 2670 | AB44: 667.5 | AC44: =RANK(AB44, AB$42:AB$71) -> 13 | AE44: 4 | AF44: 3141.1765 | AG44: 785.29412 | AH44: =RANK(AG44, AG$42:AG$71) -> 7 | AJ44: 4 | AK44: 2963.3333 | AL44: 740.83333 | AM44: =RANK(AL44, AL$42:AL$71) -> 10 | AO44: 4 | AP44: 3177.5 | AQ44: 794.375 | AR44: =RANK(AQ44, AQ$42:AQ$71) -> 12 | AT44: 4 | AU44: 3259.0909 | AV44: 814.77273 | AW44: =RANK(AV44, AV$42:AV$71) -> 10
C45: 4 | D45: 鮪魚飯糰 | E45: 3 | F45: 3600 | G45: 1200 | I45: =AVERAGE(P45,U45,Z45,AE45,AJ45,AO45,AT45) -> 3 | J45: =AVERAGE(Q45,V45,AA45,AF45,AK45,AP45,AU45) -> 2763.6293 | K45: =AVERAGE(R45,W45,AB45,AG45,AL45,AQ45,AV45) -> 921.20975 | M45: =RANK(K45, K$42:$K$71) -> 2 | P45: ='[1]（５-1）品群別人時生產性（18℃-飯糰）'!P10 -> 3 | Q45: ='[1]（５-1）品群別人時生產性（18℃-飯糰）'!Q10 -> 2634 | R45: ='[1]（５-1）品群別人時生產性（18℃-飯糰）'!R10 -> 878 | S45: =RANK(R45, R$42:R$71) -> 1 | U45: 3 | V45: 2622 | W45: 874 | X45: =RANK(W45, W$42:W$71) -> 4 | Z45: 3 | AA45: 2565 | AB45: 855 | AC45: =RANK(AB45, AB$42:AB$71) -> 5 | AE45: 3 | AF45: 2422.5 | AG45: 807.5 | AH45: =RANK(AG45, AG$42:AG$71) -> 6 | AJ45: 3 | AK45: 2768.5714 | AL45: 922.85714 | AM45: =RANK(AL45, AL$42:AL$71) -> 2 | AO45: 3 | AP45: 3186.6667 | AQ45: 1062.2222 | AR45: =RANK(AQ45, AQ$42:AQ$71) -> 1 | AT45: 3 | AU45: 3146.6667 | AV45: 1048.8889 | AW45: =RANK(AV45, AV$42:AV$71) -> 1
C46: 5 | D46: 贅沢鮭魚肚飯糰 | E46: 3 | F46: 3600 | G46: 1200 | I46: =AVERAGE(P46,U46,Z46,AE46,AJ46,AO46,AT46) -> 4 | J46: =AVERAGE(Q46,V46,AA46,AF46,AK46,AP46,AU46) -> 3064.7299 | K46: =AVERAGE(R46,W46,AB46,AG46,AL46,AQ46,AV46) -> 766.18246 | M46: =RANK(K46, K$42:$K$71) -> 9 | P46: ='[1]（５-1）品群別人時生產性（18℃-飯糰）'!P11 -> 4 | Q46: ='[1]（５-1）品群別人時生產性（18℃-飯糰）'!Q11 -> 2905.5 | R46: ='[1]（５-1）品群別人時生產性（18℃-飯糰）'!R11 -> 726.375 | S46: =RANK(R46, R$42:R$71) -> 12 | U46: 4 | V46: 2998.4211 | W46: 749.60526 | X46: =RANK(W46, W$42:W$71) -> 9 | Z46: 4 | AA46: 2778 | AB46: 694.5 | AC46: =RANK(AB46, AB$42:AB$71) -> 10 | AE46: 4 | AF46: 2942.1429 | AG46: 735.53571 | AH46: =RANK(AG46, AG$42:AG$71) -> 11 | AJ46: 4 | AK46: 3324 | AL46: 831 | AM46: =RANK(AL46, AL$42:AL$71) -> 8 | AO46: 4 | AP46: 3326.6667 | AQ46: 831.66667 | AR46: =RANK(AQ46, AQ$42:AQ$71) -> 11 | AT46: 4 | AU46: 3178.3784 | AV46: 794.59459 | AW46: =RANK(AV46, AV$42:AV$71) -> 12
C47: 6 | D47: 熟成紅鮭飯糰 | E47: 4 | F47: 3600 | G47: 900 | I47: =AVERAGE(P47,U47,Z47,AE47,AJ47,AO47,AT47) -> 4 | J47: =AVERAGE(Q47,V47,AA47,AF47,AK47,AP47,AU47) -> 2998.2318 | K47: =AVERAGE(R47,W47,AB47,AG47,AL47,AQ47,AV47) -> 749.55795 | M47: =RANK(K47, K$42:$K$71) -> 11 | P47: ='[1]（５-1）品群別人時生產性（18℃-飯糰）'!P12 -> 4 | Q47: ='[1]（５-1）品群別人時生產性（18℃-飯糰）'!Q12 -> 2979 | R47: ='[1]（５-1）品群別人時生產性（18℃-飯糰）'!R12 -> 744.75 | S47: =RANK(R47, R$42:R$71) -> 11 | U47: 4 | V47: 2964 | W47: 741 | X47: =RANK(W47, W$42:W$71) -> 10 | Z47: 4 | AA47: 2704 | AB47: 676 | AC47: =RANK(AB47, AB$42:AB$71) -> 12 | AE47: 4 | AF47: 2768.5714 | AG47: 692.14286 | AH47: =RANK(AG47, AG$42:AG$71) -> 12 | AJ47: 4 | AK47: 2995.3846 | AL47: 748.84615 | AM47: =RANK(AL47, AL$42:AL$71) -> 9 | AO47: 4 | AP47: 3360 | AQ47: 840 | AR47: =RANK(AQ47, AQ$42:AQ$71) -> 9 | AT47: 4 | AU47: 3216.6667 | AV47: 804.16667 | AW47: =RANK(AV47, AV$42:AV$71) -> 11
C48: 7 | D48: 筋子銀鮭飯糰 | E48: 4 | F48: 3600 | G48: 900 | I48: =AVERAGE(P48,U48,Z48,AE48,AJ48,AO48,AT48) -> 4 | J48: =AVERAGE(Q48,V48,AA48,AF48,AK48,AP48,AU48) -> 2152.1429 | K48: =AVERAGE(R48,W48,AB48,AG48,AL48,AQ48,AV48) -> 538.03571 | M48: =RANK(K48, K$42:$K$71) -> 23 | P48: ='[1]（５-1）品群別人時生產性（18℃-飯糰）'!P13 -> 4 | Q48: ='[1]（５-1）品群別人時生產性（18℃-飯糰）'!Q13 -> 2004 | R48: ='[1]（５-1）品群別人時生產性（18℃-飯糰）'!R13 -> 501 | S48: =RANK(R48, R$42:R$71) -> 23 | U48: 4 | V48: 2415 | W48: 603.75 | X48: =RANK(W48, W$42:W$71) -> 22 | Z48: 4 | AA48: 1785 | AB48: 446.25 | AC48: =RANK(AB48, AB$42:AB$71) -> 24 | AE48: 4 | AF48: 2360 | AG48: 590 | AH48: =RANK(AG48, AG$42:AG$71) -> 17 | AJ48: 4 | AK48: 1416 | AL48: 354 | AM48: =RANK(AL48, AL$42:AL$71) -> 23 | AO48: 4 | AP48: 2565 | AQ48: 641.25 | AR48: =RANK(AQ48, AQ$42:AQ$71) -> 20 | AT48: 4 | AU48: 2520 | AV48: 630 | AW48: =RANK(AV48, AV$42:AV$71) -> 22
C49: 8 | D49: 博多明太子奶油飯糰 | E49: 4 | F49: 3600 | G49: 900 | I49: =AVERAGE(P49,U49,Z49,AE49,AJ49,AO49,AT49) -> 4 | J49: =AVERAGE(Q49,V49,AA49,AF49,AK49,AP49,AU49) -> 2344.4286 | K49: =AVERAGE(R49,W49,AB49,AG49,AL49,AQ49,AV49) -> 586.10714 | M49: =RANK(K49, K$42:$K$71) -> 22 | P49: ='[1]（５-1）品群別人時生產性（18℃-飯糰）'!P14 -> 4 | Q49: ='[1]（５-1）品群別人時生產性（18℃-飯糰）'!Q14 -> 2400 | R49: ='[1]（５-1）品群別人時生產性（18℃-飯糰）'!R14 -> 600 | S49: =RANK(R49, R$42:R$71) -> 19 | U49: 4 | V49: 1695 | W49: 423.75 | X49: =RANK(W49, W$42:W$71) -> 24 | Z49: 4 | AA49: 2250 | AB49: 562.5 | AC49: =RANK(AB49, AB$42:AB$71) -> 22 | AE49: 4 | AF49: 1460 | AG49: 365 | AH49: =RANK(AG49, AG$42:AG$71) -> 23 | AJ49: 4 | AK49: 2956 | AL49: 739 | AM49: =RANK(AL49, AL$42:AL$71) -> 11 | AO49: 4 | AP49: 2320 | AQ49: 580 | AR49: =RANK(AQ49, AQ$42:AQ$71) -> 22 | AT49: 4 | AU49: 3330 | AV49: 832.5 | AW49: =RANK(AV49, AV$42:AV$71) -> 8
C50: 9 | D50: 壹號醬炙烤牛飯糰 | E50: 4 | F50: 3300 | G50: 825 | I50: =AVERAGE(P50,U50,Z50,AE50,AJ50,AO50,AT50) -> 4 | J50: =AVERAGE(Q50,V50,AA50,AF50,AK50,AP50,AU50) -> 2515.9796 | K50: =AVERAGE(R50,W50,AB50,AG50,AL50,AQ50,AV50) -> 628.9949 | M50: =RANK(K50, K$42:$K$71) -> 20 | P50: ='[1]（５-1）品群別人時生產性（18℃-飯糰）'!P15 -> 4 | Q50: ='[1]（５-1）品群別人時生產性（18℃-飯糰）'!Q15 -> 1935 | R50: ='[1]（５-1）品群別人時生產性（18℃-飯糰）'!R15 -> 483.75 | S50: =RANK(R50, R$42:R$71) -> 24 | U50: 4 | V50: 2508 | W50: 627 | X50: =RANK(W50, W$42:W$71) -> 21 | Z50: 4 | AA50: 2598 | AB50: 649.5 | AC50: =RANK(AB50, AB$42:AB$71) -> 14 | AE50: 4 | AF50: 2610 | AG50: 652.5 | AH50: =RANK(AG50, AG$42:AG$71) -> 14 | AJ50: 4 | AK50: 2658 | AL50: 664.5 | AM50: =RANK(AL50, AL$42:AL$71) -> 19 | AO50: 4 | AP50: 2620 | AQ50: 655 | AR50: =RANK(AQ50, AQ$42:AQ$71) -> 19 | AT50: 4 | AU50: 2682.8571 | AV50: 670.71429 | AW50: =RANK(AV50, AV$42:AV$71) -> 19
C51: 10 | D51: 明太子龍蝦風味沙拉飯糰 | E51: 3 | F51: 3300 | G51: 1100 | I51: =AVERAGE(P51,U51,Z51,AE51,AJ51,AO51,AT51) -> 3 | J51: =AVERAGE(Q51,V51,AA51,AF51,AK51,AP51,AU51) -> 2663.1429 | K51: =AVERAGE(R51,W51,AB51,AG51,AL51,AQ51,AV51) -> 887.71429 | M51: =RANK(K51, K$42:$K$71) -> 7 | P51: ='[1]（５-1）品群別人時生產性（18℃-飯糰）'!P16 -> 3 | Q51: ='[1]（５-1）品群別人時生產性（18℃-飯糰）'!Q16 -> 2412 | R51: ='[1]（５-1）品群別人時生產性（18℃-飯糰）'!R16 -> 804 | S51: =RANK(R51, R$42:R$71) -> 6 | U51: 3 | V51: 2695.1351 | W51: 898.37838 | X51: =RANK(W51, W$42:W$71) -> 3 | Z51: 3 | AA51: 2640 | AB51: 880 | AC51: =RANK(AB51, AB$42:AB$71) -> 4 | AE51: 3 | AF51: 2632 | AG51: 877.33333 | AH51: =RANK(AG51, AG$42:AG$71) -> 5 | AJ51: 3 | AK51: 2618 | AL51: 872.66667 | AM51: =RANK(AL51, AL$42:AL$71) -> 7 | AO51: 3 | AP51: 2764.8649 | AQ51: 921.62162 | AR51: =RANK(AQ51, AQ$42:AQ$71) -> 6 | AT51: 3 | AU51: 2880 | AV51: 960 | AW51: =RANK(AV51, AV$42:AV$71) -> 3
C52: 11 | D52: 鹽蔥燒肉飯糰 | E52: 3 | F52: 3300 | G52: 1100 | I52: =AVERAGE(P52,U52,Z52,AE52,AJ52,AO52,AT52) -> 3 | J52: =AVERAGE(Q52,V52,AA52,AF52,AK52,AP52,AU52) -> 2713.5668 | K52: =AVERAGE(R52,W52,AB52,AG52,AL52,AQ52,AV52) -> 904.52228 | M52: =RANK(K52, K$42:$K$71) -> 3 | P52: ='[1]（５-1）品群別人時生產性（18℃-飯糰）'!P17 -> 3 | Q52: ='[1]（５-1）品群別人時生產性（18℃-飯糰）'!Q17 -> 2497.3333 | R52: ='[1]（５-1）品群別人時生產性（18℃-飯糰）'!R17 -> 832.44444 | S52: =RANK(R52, R$42:R$71) -> 4 | U52: 3 | V52: 2797.5 | W52: 932.5 | X52: =RANK(W52, W$42:W$71) -> 1 | Z52: 3 | AA52: 2561.1429 | AB52: 853.71429 | AC52: =RANK(AB52, AB$42:AB$71) -> 6 | AE52: 3 | AF52: 2745 | AG52: 915 | AH52: =RANK(AG52, AG$42:AG$71) -> 2 | AJ52: 3 | AK52: 2784.375 | AL52: 928.125 | AM52: =RANK(AL52, AL$42:AL$71) -> 1 | AO52: 3 | AP52: 2863.9024 | AQ52: 954.63415 | AR52: =RANK(AQ52, AQ$42:AQ$71) -> 4 | AT52: 3 | AU52: 2745.7143 | AV52: 915.2381 | AW52: =RANK(AV52, AV$42:AV$71) -> 5
C53: 12 | D53: 香辣鹹水雞飯糰(區) | E53: 4 | F53: 3300 | G53: 825 | I53: =AVERAGE(P53,U53,Z53,AE53,AJ53,AO53,AT53) -> 4 | J53: =AVERAGE(Q53,V53,AA53,AF53,AK53,AP53,AU53) -> 2574.7227 | K53: =AVERAGE(R53,W53,AB53,AG53,AL53,AQ53,AV53) -> 643.68067 | M53: =RANK(K53, K$42:$K$71) -> 18 | P53: ='[1]（５-1）品群別人時生產性（18℃-飯糰）'!P18 -> 4 | Q53: ='[1]（５-1）品群別人時生產性（18℃-飯糰）'!Q18 -> 2587.2 | R53: ='[1]（５-1）品群別人時生產性（18℃-飯糰）'!R18 -> 646.8 | S53: =RANK(R53, R$42:R$71) -> 16 | U53: 4 | V53: 2553.6 | W53: 638.4 | X53: =RANK(W53, W$42:W$71) -> 19 | Z53: 4 | AA53: 2310 | AB53: 577.5 | AC53: =RANK(AB53, AB$42:AB$71) -> 19 | AE53: 4 | AF53: 2364 | AG53: 591 | AH53: =RANK(AG53, AG$42:AG$71) -> 16 | AJ53: 4 | AK53: 2707.0588 | AL53: 676.76471 | AM53: =RANK(AL53, AL$42:AL$71) -> 15 | AO53: 4 | AP53: 2731.2 | AQ53: 682.8 | AR53: =RANK(AQ53, AQ$42:AQ$71) -> 18 | AT53: 4 | AU53: 2770 | AV53: 692.5 | AW53: =RANK(AV53, AV$42:AV$71) -> 18
C54: 13 | D54: 胡麻鮮蔬雞絲飯糰(區) | E54: 4 | F54: 2500 | G54: 625 | I54: =AVERAGE(P54,U54,Z54,AE54,AJ54,AO54,AT54) -> 4 | J54: =AVERAGE(Q54,V54,AA54,AF54,AK54,AP54,AU54) -> 2669.8713 | K54: =AVERAGE(R54,W54,AB54,AG54,AL54,AQ54,AV54) -> 667.46783 | M54: =RANK(K54, K$42:$K$71) -> 15 | P54: ='[1]（５-1）品群別人時生產性（18℃-飯糰）'!P19 -> 4 | Q54: ='[1]（５-1）品群別人時生產性（18℃-飯糰）'!Q19 -> 2418 | R54: ='[1]（５-1）品群別人時生產性（18℃-飯糰）'!R19 -> 604.5 | S54: =RANK(R54, R$42:R$71) -> 17 | U54: 4 | V54: 2808 | W54: 702 | X54: =RANK(W54, W$42:W$71) -> 15 | Z54: 4 | AA54: 2735.2941 | AB54: 683.82353 | AC54: =RANK(AB54, AB$42:AB$71) -> 11 | AE54: 4 | AF54: 2418 | AG54: 604.5 | AH54: =RANK(AG54, AG$42:AG$71) -> 15 | AJ54: 4 | AK54: 2696.6667 | AL54: 674.16667 | AM54: =RANK(AL54, AL$42:AL$71) -> 16 | AO54: 4 | AP54: 2831.5385 | AQ54: 707.88462 | AR54: =RANK(AQ54, AQ$42:AQ$71) -> 17 | AT54: 4 | AU54: 2781.6 | AV54: 695.4 | AW54: =RANK(AV54, AV$42:AV$71) -> 14
... C57: 16 | D57: 碳烤燒肉飯飯糰(區) | E57: 4 | F57: 3300 | G57: 825 | I57: =AVERAGE(P57,U57,Z57,AE57,AJ57,AO57,AT57) -> 4 | J57: =AVERAGE(Q57,V57,AA57,AF57,AK57,AP57,AU57) -> 2669.6777 | K57: =AVERAGE(R57,W57,AB57,AG57,AL57,AQ57,AV57) -> 667.41942 | M57: =RANK(K57, K$42:$K$71) -> 16 | P57: ='[1]（５-1）品群別人時生產性（18℃-飯糰）'!P22 -> 4 | Q57: ='[1]（５-1）品群別人時生產性（18℃-飯糰）'!Q22 -> 2362.5 | R57: ='[1]（５-1）品群別人時生產性（18℃-飯糰）'!R22 -> 590.625 | S57: =RANK(R57, R$42:R$71) -> 21 | U57: 4 | V57: 2669.1429 | W57: 667.28571 | X57: =RANK(W57, W$42:W$71) -> 18 | Z57: 4 | AA57: 2536 | AB57: 634 | AC57: =RANK(AB57, AB$42:AB$71) -> 17 | AE57: 4 | AF57: 2690.1818 | AG57: 672.54545 | AH57: =RANK(AG57, AG$42:AG$71) -> 13 | AJ57: 4 | AK57: 2798.4906 | AL57: 699.62264 | AM57: =RANK(AL57, AL$42:AL$71) -> 13 | AO57: 4 | AP57: 2859.4286 | AQ57: 714.85714 | AR57: =RANK(AQ57, AQ$42:AQ$71) -> 15 | AT57: 4 | AU57: 2772 | AV57: 693 | AW57: =RANK(AV57, AV$42:AV$71) -> 17
C58: 17 | D58: 哇沙米魚卵沙拉飯糰 | E58: 3 | F58: 2700 | G58: 900 | I58: =AVERAGE(P58,U58,Z58,AE58,AJ58,AO58,AT58) -> 3 | J58: =AVERAGE(Q58,V58,AA58,AF58,AK58,AP58,AU58) -> 2669.6 | K58: =AVERAGE(R58,W58,AB58,AG58,AL58,AQ58,AV58) -> 889.86667 | M58: =RANK(K58, K$42:$K$71) -> 4 | P58: ='[1]（５-1）品群別人時生產性（18℃-飯糰）'!P23 -> 3 | Q58: ='[1]（５-1）品群別人時生產性（18℃-飯糰）'!Q23 -> 2610.8571 | R58: ='[1]（５-1）品群別人時生產性（18℃-飯糰）'!R23 -> 870.28571 | S58: =RANK(R58, R$42:R$71) -> 3 | U58: 3 | V58: 2513.1429 | W58: 837.71429 | X58: =RANK(W58, W$42:W$71) -> 6 | Z58: 3 | AA58: 2884.8 | AB58: 961.6 | AC58: =RANK(AB58, AB$42:AB$71) -> 1 | AH58: =RANK(AG58, AG$42:AG$71) -> #N/A | AM58: =RANK(AL58, AL$42:AL$71) -> #N/A | AR58: =RANK(AQ58, AQ$42:AQ$71) -> #N/A | AW58: =RANK(AV58, AV$42:AV$71) -> #N/A
C59: 18 | D59: 二配芝麻香鬆飯糰 | E59: 4 | F59: 3600 | G59: 900 | I59: =AVERAGE(P59,U59,Z59,AE59,AJ59,AO59,AT59) -> 4 | J59: =AVERAGE(Q59,V59,AA59,AF59,AK59,AP59,AU59) -> 2809.7143 | K59: =AVERAGE(R59,W59,AB59,AG59,AL59,AQ59,AV59) -> 702.42857 | M59: =RANK(K59, K$42:$K$71) -> 14 | P59: ='[1]（５-1）品群別人時生產性（18℃-飯糰）'!P24 -> 4 | Q59: ='[1]（５-1）品群別人時生產性（18℃-飯糰）'!Q24 -> 2865.6 | R59: ='[1]（５-1）品群別人時生產性（18℃-飯糰）'!R24 -> 716.4 | S59: =RANK(R59, R$42:R$71) -> 13 | U59: 4 | V59: 2688 | W59: 672 | X59: =RANK(W59, W$42:W$71) -> 17 | Z59: 4 | AA59: 2558.4 | AB59: 639.6 | AC59: =RANK(AB59, AB$42:AB$71) -> 15 | AE59: 4 | AF59: 3096 | AG59: 774 | AH59: =RANK(AG59, AG$42:AG$71) -> 9 | AJ59: 4 | AK59: 2750.4 | AL59: 687.6 | AM59: =RANK(AL59, AL$42:AL$71) -> 14 | AO59: 4 | AP59: 2932.8 | AQ59: 733.2 | AR59: =RANK(AQ59, AQ$42:AQ$71) -> 14 | AT59: 4 | AU59: 2776.8 | AV59: 694.2 | AW59: =RANK(AV59, AV$42:AV$71) -> 15
C60: 19 | D60: 二配大飯糰韓式炸雞 | E60: 4 | F60: 3000 | G60: 750 | I60: =AVERAGE(P60,U60,Z60,AE60,AJ60,AO60,AT60) -> 3 | J60: =AVERAGE(Q60,V60,AA60,AF60,AK60,AP60,AU60) -> 2248.3429 | K60: =AVERAGE(R60,W60,AB60,AG60,AL60,AQ60,AV60) -> 749.44762 | M60: =RANK(K60, K$42:$K$71) -> 12 | P60: ='[1]（５-1）品群別人時生產性（18℃-飯糰）'!P25 -> 3 | Q60: ='[1]（５-1）品群別人時生產性（18℃-飯糰）'!Q25 -> 2320.8 | R60: ='[1]（５-1）品群別人時生產性（18℃-飯糰）'!R25 -> 773.6 | S60: =RANK(R60, R$42:R$71) -> 8 | U60: 3 | V60: 2109.6 | W60: 703.2 | X60: =RANK(W60, W$42:W$71) -> 14 | Z60: 3 | AA60: 2334 | AB60: 778 | AC60: =RANK(AB60, AB$42:AB$71) -> 9 | AE60: 3 | AF60: 2334 | AG60: 778 | AH60: =RANK(AG60, AG$42:AG$71) -> 8 | AJ60: 3 | AK60: 2157.6 | AL60: 719.2 | AM60: =RANK(AL60, AL$42:AL$71) -> 12 | AO60: 3 | AP60: 2498.4 | AQ60: 832.8 | AR60: =RANK(AQ60, AQ$42:AQ$71) -> 10 | AT60: 3 | AU60: 1984 | AV60: 661.33333 | AW60: =RANK(AV60, AV$42:AV$71) -> 20
C61: 20 | D61: 二配大飯糰春川風味辣炒雞 | E61: 4 | F61: 3000 | G61: 750 | I61: =AVERAGE(P61,U61,Z61,AE61,AJ61,AO61,AT61) -> 4 | J61: =AVERAGE(Q61,V61,AA61,AF61,AK61,AP61,AU61) -> 2131.0952 | K61: =AVERAGE(R61,W61,AB61,AG61,AL61,AQ61,AV61) -> 532.77381 | M61: =RANK(K61, K$42:$K$71) -> 24 | P61: ='[1]（５-1）品群別人時生產性（18℃-飯糰）'!P26 -> 4 | Q61: ='[1]（５-1）品群別人時生產性（18℃-飯糰）'!Q26 -> 2232 | R61: ='[1]（５-1）品群別人時生產性（18℃-飯糰）'!R26 -> 558 | S61: =RANK(R61, R$42:R$71) -> 22 | U61: 4 | V61: 2007 | W61: 501.75 | X61: =RANK(W61, W$42:W$71) -> 23 | Z61: 4 | AA61: 1973.3333 | AB61: 493.33333 | AC61: =RANK(AB61, AB$42:AB$71) -> 23 | AE61: 4 | AF61: 1973.3333 | AG61: 493.33333 | AH61: =RANK(AG61, AG$42:AG$71) -> 21 | AJ61: 4 | AK61: 2073 | AL61: 518.25 | AM61: =RANK(AL61, AL$42:AL$71) -> 21 | AO61: 4 | AP61: 2385 | AQ61: 596.25 | AR61: =RANK(AQ61, AQ$42:AQ$71) -> 21 | AT61: 4 | AU61: 2274 | AV61: 568.5 | AW61: =RANK(AV61, AV$42:AV$71) -> 23
C62: 21 | D62: 二配油蔥G絲飯糰 | E62: 4 | F62: 3600 | G62: 900 | I62: =AVERAGE(P62,U62,Z62,AE62,AJ62,AO62,AT62) -> 4 | J62: =AVERAGE(Q62,V62,AA62,AF62,AK62,AP62,AU62) -> 2465.7143 | K62: =AVERAGE(R62,W62,AB62,AG62,AL62,AQ62,AV62) -> 616.42857 | M62: =RANK(K62, K$42:$K$71) -> 21 | P62: ='[1]（５-1）品群別人時生產性（18℃-飯糰）'!P27 -> 4 | Q62: ='[1]（５-1）品群別人時生產性（18℃-飯糰）'!Q27 -> 2589 | R62: ='[1]（５-1）品群別人時生產性（18℃-飯糰）'!R27 -> 647.25 | S62: =RANK(R62, R$42:R$71) -> 15 | U62: 4 | V62: 3164 | W62: 791 | X62: =RANK(W62, W$42:W$71) -> 8 | Z62: 4 | AA62: 2256 | AB62: 564 | AC62: =RANK(AB62, AB$42:AB$71) -> 20 | AE62: 4 | AF62: 2256 | AG62: 564 | AH62: =RANK(AG62, AG$42:AG$71) -> 19 | AJ62: 4 | AK62: 2394 | AL62: 598.5 | AM62: =RANK(AL62, AL$42:AL$71) -> 20 | AO62: 4 | AP62: 2000 | AQ62: 500 | AR62: =RANK(AQ62, AQ$42:AQ$71) -> 23 | AT62: 4 | AU62: 2601 | AV62: 650.25 | AW62: =RANK(AV62, AV$42:AV$71) -> 21
C63: 22 | D63: 照燒鰤魚大根飯糰 | E63: 4 | F63: 3000 | G63: 750 | I63: =AVERAGE(P63,U63,Z63,AE63,AJ63,AO63,AT63) -> 4 | J63: =AVERAGE(Q63,V63,AA63,AF63,AK63,AP63,AU63) -> 2526.4694 | K63: =AVERAGE(R63,W63,AB63,AG63,AL63,AQ63,AV63) -> 631.61735 | M63: =RANK(K63, K$42:$K$71) -> 19 | P63: ='[1]（５-1）品群別人時生產性（18℃-飯糰）'!P28 -> 4 | Q63: ='[1]（５-1）品群別人時生產性（18℃-飯糰）'!Q28 -> 2750 | R63: ='[1]（５-1）品群別人時生產性（18℃-飯糰）'!R28 -> 687.5 | S63: =RANK(R63, R$42:R$71) -> 14 | U63: 4 | V63: 2946 | W63: 736.5 | X63: =RANK(W63, W$42:W$71) -> 12 | Z63: 4 | AA63: 2250 | AB63: 562.5 | AC63: =RANK(AB63, AB$42:AB$71) -> 21 | AE63: 4 | AF63: 1894.2857 | AG63: 473.57143 | AH63: =RANK(AG63, AG$42:AG$71) -> 22 | AJ63: 4 | AK63: 1860 | AL63: 465 | AM63: =RANK(AL63, AL$42:AL$71) -> 22 | AO63: 4 | AP63: 2940 | AQ63: 735 | AR63: =RANK(AQ63, AQ$42:AQ$71) -> 13 | AT63: 4 | AU63: 3045 | AV63: 761.25 | AW63: =RANK(AV63, AV$42:AV$71) -> 13
C64: 23 | D64: 照燒雞肉飯糰 | E64: 4 | F64: 3300 | G64: 825 | I64: =AVERAGE(P64,U64,Z64,AE64,AJ64,AO64,AT64) -> 3 | J64: =AVERAGE(Q64,V64,AA64,AF64,AK64,AP64,AU64) -> 2664.4368 | K64: =AVERAGE(R64,W64,AB64,AG64,AL64,AQ64,AV64) -> 888.14561 | M64: =RANK(K64, K$42:$K$71) -> 5 | P64: ='[1]（５-1）品群別人時生產性（18℃-飯糰）'!P29 -> 3 | Q64: ='[1]（５-1）品群別人時生產性（18℃-飯糰）'!Q29 -> 2403.6923 | R64: ='[1]（５-1）品群別人時生產性（18℃-飯糰）'!R29 -> 801.23077 | S64: =RANK(R64, R$42:R$71) -> 7 | U64: 3 | V64: 2575 | W64: 858.33333 | X64: =RANK(W64, W$42:W$71) -> 5 | Z64: 3 | AA64: 2773.9535 | AB64: 924.65116 | AC64: =RANK(AB64, AB$42:AB$71) -> 2 | AE64: 3 | AF64: 2688 | AG64: 896 | AH64: =RANK(AG64, AG$42:AG$71) -> 3 | AJ64: 3 | AK64: 2681.3333 | AL64: 893.77778 | AM64: =RANK(AL64, AL$42:AL$71) -> 5 | AO64: 3 | AP64: 2770.1695 | AQ64: 923.38983 | AR64: =RANK(AQ64, AQ$42:AQ$71) -> 5 | AT64: 3 | AU64: 2758.9091 | AV64: 919.63636 | AW64: =RANK(AV64, AV$42:AV$71) -> 4
C65: 24 | D65: 二配三杯醬爆菇菇飯糰 | E65: 3 | F65: 3000 | G65: 1000 | I65: =AVERAGE(P65,U65,Z65,AE65,AJ65,AO65,AT65) -> 3 | J65: =AVERAGE(Q65,V65,AA65,AF65,AK65,AP65,AU65) -> 2780.4526 | K65: =AVERAGE(R65,W65,AB65,AG65,AL65,AQ65,AV65) -> 926.81753 | M65: =RANK(K65, K$42:$K$71) -> 1 | P65: ='[1]（５-1）品群別人時生產性（18℃-飯糰）'!P30 -> 3 | Q65: ='[1]（５-1）品群別人時生產性（18℃-飯糰）'!Q30 -> 2611.5 | R65: ='[1]（５-1）品群別人時生產性（18℃-飯糰）'!R30 -> 870.5 | S65: =RANK(R65, R$42:R$71) -> 2 | U65: 3 | V65: 2748.8 | W65: 916.26667 | X65: =RANK(W65, W$42:W$71) -> 2 | Z65: 3 | AA65: 2766 | AB65: 922 | AC65: =RANK(AB65, AB$42:AB$71) -> 3 | AE65: 3 | AF65: 2857.8462 | AG65: 952.61538 | AH65: =RANK(AG65, AG$42:AG$71) -> 1 | AJ65: 3 | AK65: 2732.3077 | AL65: 910.76923 | AM65: =RANK(AL65, AL$42:AL$71) -> 3 | AO65: 3 | AP65: 3033 | AQ65: 1011 | AR65: =RANK(AQ65, AQ$42:AQ$71) -> 2 | AT65: 3 | AU65: 2713.7143 | AV65: 904.57143 | AW65: =RANK(AV65, AV$42:AV$71) -> 6
C66: 25 | M66: =RANK(K66, K$42:$K$71) -> #N/A | S66: =RANK(R66, R$42:R$71) -> #N/A | X66: =RANK(W66, W$42:W$71) -> #N/A | AC66: =RANK(AB66, AB$42:AB$71) -> #N/A | AH66: =RANK(AG66, AG$42:AG$71) -> #N/A | AM66: =RANK(AL66, AL$42:AL$71) -> #N/A | AR66: =RANK(AQ66, AQ$42:AQ$71) -> #N/A | AW66: =RANK(AV66, AV$42:AV$71) -> #N/A
C67: 26 | M67: =RANK(K67, K$42:$K$71) -> #N/A | S67: =RANK(R67, R$42:R$71) -> #N/A | X67: =RANK(W67, W$42:W$71) -> #N/A | AC67: =RANK(AB67, AB$42:AB$71) -> #N/A | AH67: =RANK(AG67, AG$42:AG$71) -> #N/A | AM67: =RANK(AL67, AL$42:AL$71) -> #N/A | AR67: =RANK(AQ67, AQ$42:AQ$71) -> #N/A | AW67: =RANK(AV67, AV$42:AV$71) -> #N/A
C68: 27 | M68: =RANK(K68, K$42:$K$71) -> #N/A | S68: =RANK(R68, R$42:R$71) -> #N/A | X68: =RANK(W68, W$42:W$71) -> #N/A | AC68: =RANK(AB68, AB$42:AB$71) -> #N/A | AH68: =RANK(AG68, AG$42:AG$71) -> #N/A | AM68: =RANK(AL68, AL$42:AL$71) -> #N/A | AR68: =RANK(AQ68, AQ$42:AQ$71) -> #N/A | AW68: =RANK(AV68, AV$42:AV$71) -> #N/A
C69: 28 | M69: =RANK(K69, K$42:$K$71) -> #N/A | S69: =RANK(R69, R$42:R$71) -> #N/A | X69: =RANK(W69, W$42:W$71) -> #N/A | AC69: =RANK(AB69, AB$42:AB$71) -> #N/A | AH69: =RANK(AG69, AG$42:AG$71) -> #N/A | AM69: =RANK(AL69, AL$42:AL$71) -> #N/A | AR69: =RANK(AQ69, AQ$42:AQ$71) -> #N/A | AW69: =RANK(AV69, AV$42:AV$71) -> #N/A
C70: 29 | M70: =RANK(K70, K$42:$K$71) -> #N/A | S70: =RANK(R70, R$42:R$71) -> #N/A | X70: =RANK(W70, W$42:W$71) -> #N/A | AC70: =RANK(AB70, AB$42:AB$71) -> #N/A | AH70: =RANK(AG70, AG$42:AG$71) -> #N/A | AM70: =RANK(AL70, AL$42:AL$71) -> #N/A | AR70: =RANK(AQ70, AQ$42:AQ$71) -> #N/A | AW70: =RANK(AV70, AV$42:AV$71) -> #N/A
C71: 30 | M71: =RANK(K71, K$42:$K$71) -> #N/A | S71: =RANK(R71, R$42:R$71) -> #N/A | X71: =RANK(W71, W$42:W$71) -> #N/A | AC71: =RANK(AB71, AB$42:AB$71) -> #N/A | AH71: =RANK(AG71, AG$42:AG$71) -> #N/A | AM71: =RANK(AL71, AL$42:AL$71) -> #N/A | AR71: =RANK(AQ71, AQ$42:AQ$71) -> #N/A | AW71: =RANK(AV71, AV$42:AV$71) -> #N/A
B72: 產線配置圖－每週更新 | N72: 資料繳交 | O72: 日期 | P72: =P37+7 -> 45944 | U72: =P72+1 -> 45945 | Z72: =U72+1 -> 45946 | AE72: =Z72+1 -> 45947 | AJ72: =AE72+1 -> 45948 | AO72: =AJ72+1 -> 45949 | AT72: =AO72+1 -> 45950
P73: 二 | U73: 三 | Z73: 四 | AE73: 五 | AJ73: 六 | AO73: 日 | AT73: 一
B74: 品群 | C74: 商品名稱 | E74: 計畫 | H74: 平均人時性 | I74: 實績 | L74: 平均人時性 | M74: 排名 | O74: 日報 | P74: 實際 | T74: 平均人時性 | U74: 實際 | Y74: 平均人時性 | Z74: 實際 | AD74: 平均人時性 | AE74: 實際 | AI74: 平均人時性 | AJ74: 實際 | AN74: 平均人時性 | AO74: 實際 | AS74: 平均人時性 | AT74: 實際 | AX74: 平均人時性
E75: 產線配置圖 | I75: 產線配置圖 | P75: 生產實績 | U75: 生產實績 | Z75: 生產實績 | AE75: 生產實績 | AJ75: 生產實績 | AO75: 生產實績 | AT75: 生產實績
E76: 人數 | F76: 產能／時 | G76: 人時性 | I76: 人數 | J76: 產能／時 | K76: 人時性 | P76: 人數 | Q76: 產能／時 | R76: 人時性 | S76: 排名 | U76: 人數 | V76: 產能／時 | W76: 人時性 | X76: 排名 | Z76: 人數 | AA76: 產能／時 | AB76: 人時性 | AC76: 排名 | AE76: 人數 | AF76: 產能／時 | AG76: 人時性 | AH76: 排名 | AJ76: 人數 | AK76: 產能／時 | AL76: 人時性 | AM76: 排名 | AO76: 人數 | AP76: 產能／時 | AQ76: 人時性 | AR76: 排名 | AT76: 人數 | AU76: 產能／時 | AV76: 人時性 | AW76: 排名
B77: 18℃-飯糰 | C77: 1 | D77: 經典肉鬆飯糰 | E77: 4 | F77: 2200 | G77: 550 | H77: =AVERAGE(G77:G106) -> 887.15278 | I77: =AVERAGE(P77,U77,Z77,AE77,AJ77,AO77,AT77) -> 4 | J77: =AVERAGE(Q77,V77,AA77,AF77,AK77,AP77,AU77) -> 3180.2772 | K77: =AVERAGE(R77,W77,AB77,AG77,AL77,AQ77,AV77) -> 795.06929 | L77: =IFERROR(AVERAGE(K77:K106),"-") -> 794.33214 | M77: =RANK(K77, K$77:$K$106) -> 9 | P77: 4 | Q77: 3138.4 | R77: 784.6 | S77: =RANK(R77, R$77:R$106) -> 9 | T77: =AVERAGE(R77:R106) -> 749.36815 | U77: 4 | V77: 3279.1667 | W77: 819.79167 | X77: =RANK(W77, W$77:W$106) -> 10 | Y77: =AVERAGE(W77:W106) -> 815.71542 | Z77: 4 | AA77: 3292.2857 | AB77: 823.07143 | AC77: =RANK(AB77, AB$77:AB$106) -> 8 | AD77: =AVERAGE(AB77:AB106) -> 787.34766 | AE77: 4 | AF77: 3190.3448 | AG77: 797.58621 | AH77: =RANK(AG77, AG$77:AG$106) -> 11 | AI77: =AVERAGE(AG77:AG106) -> 801.22953 | AJ77: 4 | AK77: 3073.4483 | AL77: 768.36207 | AM77: =RANK(AL77, AL$77:AL$106) -> 13 | AN77: =AVERAGE(AL77:AL106) -> 787.58486 | AO77: 4 | AP77: 3070.4 | AQ77: 767.6 | AR77: =RANK(AQ77, AQ$77:AQ$106) -> 16 | AS77: =AVERAGE(AQ77:AQ106) -> 803.82307 | AT77: 4 | AU77: 3217.8947 | AV77: 804.47368 | AW77: =RANK(AV77, AV$77:AV$106) -> 10 | AX77: =AVERAGE(AV77:AV106) -> 812.01175
C78: 2 | D78: 蔬食鮪魚飯糰 | E78: 3 | F78: 2700 | G78: 900 | I78: =AVERAGE(P78,U78,Z78,AE78,AJ78,AO78,AT78) -> 3 | J78: =AVERAGE(Q78,V78,AA78,AF78,AK78,AP78,AU78) -> 2703.9903 | K78: =AVERAGE(R78,W78,AB78,AG78,AL78,AQ78,AV78) -> 901.33008 | M78: =RANK(K78, K$77:$K$106) -> 7 | P78: 3 | Q78: 2035 | R78: 678.33333 | S78: =RANK(R78, R$77:R$106) -> 18 | U78: 3 | V78: 2859.2308 | W78: 953.07692 | X78: =RANK(W78, W$77:W$106) -> 2 | Z78: 3 | AA78: 2887.2 | AB78: 962.4 | AC78: =RANK(AB78, AB$77:AB$106) -> 2 | AE78: 3 | AF78: 2768.1818 | AG78: 922.72727 | AH78: =RANK(AG78, AG$77:AG$106) -> 5 | AJ78: 3 | AK78: 2716.3636 | AL78: 905.45455 | AM78: =RANK(AL78, AL$77:AL$106) -> 8 | AO78: 3 | AP78: 2755.5556 | AQ78: 918.51852 | AR78: =RANK(AQ78, AQ$77:AQ$106) -> 5 | AT78: 3 | AU78: 2906.4 | AV78: 968.8 | AW78: =RANK(AV78, AV$77:AV$106) -> 3
C79: 3 | D79: 北海道秋鮭親子飯糰 | E79: 4 | F79: 3600 | G79: 900 | I79: =AVERAGE(P79,U79,Z79,AE79,AJ79,AO79,AT79) -> 4 | J79: =AVERAGE(Q79,V79,AA79,AF79,AK79,AP79,AU79) -> 3122.8851 | K79: =AVERAGE(R79,W79,AB79,AG79,AL79,AQ79,AV79) -> 780.72127 | M79: =RANK(K79, K$77:$K$106) -> 13 | P79: 4 | Q79: 2967.5 | R79: 741.875 | S79: =RANK(R79, R$77:R$106) -> 12 | U79: 4 | V79: 3185.4545 | W79: 796.36364 | X79: =RANK(W79, W$77:W$106) -> 12 | Z79: 4 | AA79: 3222.8571 | AB79: 805.71429 | AC79: =RANK(AB79, AB$77:AB$106) -> 10 | AE79: 4 | AF79: 3072.6316 | AG79: 768.15789 | AH79: =RANK(AG79, AG$77:AG$106) -> 14 | AJ79: 4 | AK79: 3073.3333 | AL79: 768.33333 | AM79: =RANK(AL79, AL$77:AL$106) -> 14 | AO79: 4 | AP79: 3114.7826 | AQ79: 778.69565 | AR79: =RANK(AQ79, AQ$77:AQ$106) -> 13 | AT79: 4 | AU79: 3223.6364 | AV79: 805.90909 | AW79: =RANK(AV79, AV$77:AV$106) -> 9
C80: 4 | D80: 鮪魚飯糰 | E80: 3 | F80: 3600 | G80: 1200 | I80: =AVERAGE(P80,U80,Z80,AE80,AJ80,AO80,AT80) -> 3 | J80: =AVERAGE(Q80,V80,AA80,AF80,AK80,AP80,AU80) -> 3068.6395 | K80: =AVERAGE(R80,W80,AB80,AG80,AL80,AQ80,AV80) -> 1022.8798 | M80: =RANK(K80, K$77:$K$106) -> 1 | P80: 3 | Q80: 2790 | R80: 930 | S80: =RANK(R80, R$77:R$106) -> 1 | U80: 3 | V80: 3140 | W80: 1046.6667 | X80: =RANK(W80, W$77:W$106) -> 1 | Z80: 3 | AA80: 3013.3333 | AB80: 1004.4444 | AC80: =RANK(AB80, AB$77:AB$106) -> 1 | AE80: 3 | AF80: 3060 | AG80: 1020 | AH80: =RANK(AG80, AG$77:AG$106) -> 1 | AJ80: 3 | AK80: 3017.1429 | AL80: 1005.7143 | AM80: =RANK(AL80, AL$77:AL$106) -> 1 | AO80: 3 | AP80: 3233.3333 | AQ80: 1077.7778 | AR80: =RANK(AQ80, AQ$77:AQ$106) -> 1 | AT80: 3 | AU80: 3226.6667 | AV80: 1075.5556 | AW80: =RANK(AV80, AV$77:AV$106) -> 1
C81: 5 | D81: 贅沢鮭魚肚飯糰 | E81: 3 | F81: 3600 | G81: 1200 | I81: =AVERAGE(P81,U81,Z81,AE81,AJ81,AO81,AT81) -> 4 | J81: =AVERAGE(Q81,V81,AA81,AF81,AK81,AP81,AU81) -> 3137.123 | K81: =AVERAGE(R81,W81,AB81,AG81,AL81,AQ81,AV81) -> 784.28076 | M81: =RANK(K81, K$77:$K$106) -> 11 | P81: 4 | Q81: 3255.4286 | R81: 813.85714 | S81: =RANK(R81, R$77:R$106) -> 8 | U81: 4 | V81: 3137.8378 | W81: 784.45946 | X81: =RANK(W81, W$77:W$106) -> 15 | Z81: 4 | AA81: 3137.1429 | AB81: 784.28571 | AC81: =RANK(AB81, AB$77:AB$106) -> 13 | AE81: 4 | AF81: 2998 | AG81: 749.5 | AH81: =RANK(AG81, AG$77:AG$106) -> 17 | AJ81: 4 | AK81: 3113.5714 | AL81: 778.39286 | AM81: =RANK(AL81, AL$77:AL$106) -> 12 | AO81: 4 | AP81: 3199.4595 | AQ81: 799.86486 | AR81: =RANK(AQ81, AQ$77:AQ$106) -> 10 | AT81: 4 | AU81: 3118.4211 | AV81: 779.60526 | AW81: =RANK(AV81, AV$77:AV$106) -> 14
C82: 6 | D82: 熟成紅鮭飯糰 | E82: 4 | F82: 3600 | G82: 900 | I82: =AVERAGE(P82,U82,Z82,AE82,AJ82,AO82,AT82) -> 4 | J82: =AVERAGE(Q82,V82,AA82,AF82,AK82,AP82,AU82) -> 3057.9988 | K82: =AVERAGE(R82,W82,AB82,AG82,AL82,AQ82,AV82) -> 764.4997 | M82: =RANK(K82, K$77:$K$106) -> 14 | P82: 4 | Q82: 2757 | R82: 689.25 | S82: =RANK(R82, R$77:R$106) -> 14 | U82: 4 | V82: 3140 | W82: 785 | X82: =RANK(W82, W$77:W$106) -> 14 | Z82: 4 | AA82: 3204.7059 | AB82: 801.17647 | AC82: =RANK(AB82, AB$77:AB$106) -> 11 | AE82: 4 | AF82: 3021.4286 | AG82: 755.35714 | AH82: =RANK(AG82, AG$77:AG$106) -> 16 | AJ82: 4 | AK82: 3012.8571 | AL82: 753.21429 | AM82: =RANK(AL82, AL$77:AL$106) -> 15 | AO82: 4 | AP82: 3116.6667 | AQ82: 779.16667 | AR82: =RANK(AQ82, AQ$77:AQ$106) -> 12 | AT82: 4 | AU82: 3153.3333 | AV82: 788.33333 | AW82: =RANK(AV82, AV$77:AV$106) -> 13
C83: 7 | D83: 筋子銀鮭飯糰 | E83: 4 | F83: 3600 | G83: 900 | I83: =AVERAGE(P83,U83,Z83,AE83,AJ83,AO83,AT83) -> 4 | J83: =AVERAGE(Q83,V83,AA83,AF83,AK83,AP83,AU83) -> 3148.6469 | K83: =AVERAGE(R83,W83,AB83,AG83,AL83,AQ83,AV83) -> 787.16171 | M83: =RANK(K83, K$77:$K$106) -> 10 | P83: 4 | Q83: 3014 | R83: 753.5 | S83: =RANK(R83, R$77:R$106) -> 10 | U83: 4 | V83: 3255 | W83: 813.75 | X83: =RANK(W83, W$77:W$106) -> 11 | Z83: 4 | AA83: 3124.2857 | AB83: 781.07143 | AC83: =RANK(AB83, AB$77:AB$106) -> 15 | AE83: 4 | AF83: 3190 | AG83: 797.5 | AH83: =RANK(AG83, AG$77:AG$106) -> 12 | AJ83: 4 | AK83: 3166.9565 | AL83: 791.73913 | AM83: =RANK(AL83, AL$77:AL$106) -> 11 | AO83: 4 | AP83: 3106 | AQ83: 776.5 | AR83: =RANK(AQ83, AQ$77:AQ$106) -> 15 | AT83: 4 | AU83: 3184.2857 | AV83: 796.07143 | AW83: =RANK(AV83, AV$77:AV$106) -> 11
C84: 8 | D84: 博多明太子奶油飯糰 | E84: 4 | F84: 3600 | G84: 900 | I84: =AVERAGE(P84,U84,Z84,AE84,AJ84,AO84,AT84) -> 4 | J84: =AVERAGE(Q84,V84,AA84,AF84,AK84,AP84,AU84) -> 3123.2009 | K84: =AVERAGE(R84,W84,AB84,AG84,AL84,AQ84,AV84) -> 780.80021 | M84: =RANK(K84, K$77:$K$106) -> 12 | P84: 4 | Q84: 2988 | R84: 747 | S84: =RANK(R84, R$77:R$106) -> 11 | U84: 4 | V84: 3151.5789 | W84: 787.89474 | X84: =RANK(W84, W$77:W$106) -> 13 | Z84: 4 | AA84: 3203.3333 | AB84: 800.83333 | AC84: =RANK(AB84, AB$77:AB$106) -> 12 | AE84: 4 | AF84: 3032 | AG84: 758 | AH84: =RANK(AG84, AG$77:AG$106) -> 15 | AJ84: 4 | AK84: 3197.1429 | AL84: 799.28571 | AM84: =RANK(AL84, AL$77:AL$106) -> 10 | AO84: 4 | AP84: 3113.6842 | AQ84: 778.42105 | AR84: =RANK(AQ84, AQ$77:AQ$106) -> 14 | AT84: 4 | AU84: 3176.6667 | AV84: 794.16667 | AW84: =RANK(AV84, AV$77:AV$106) -> 12
C85: 9 | D85: 壹號醬炙烤牛飯糰 | E85: 4 | F85: 3300 | G85: 825 | I85: =AVERAGE(P85,U85,Z85,AE85,AJ85,AO85,AT85) -> 4 | J85: =AVERAGE(Q85,V85,AA85,AF85,AK85,AP85,AU85) -> 2720.4675 | K85: =AVERAGE(R85,W85,AB85,AG85,AL85,AQ85,AV85) -> 680.11688 | M85: =RANK(K85, K$77:$K$106) -> 23 | P85: 4 | Q85: 2720 | R85: 680 | S85: =RANK(R85, R$77:R$106) -> 17 | U85: 4 | V85: 2828 | W85: 707 | X85: =RANK(W85, W$77:W$106) -> 20 | Z85: 4 | AA85: 2728 | AB85: 682 | AC85: =RANK(AB85, AB$77:AB$106) -> 21 | AE85: 4 | AF85: 2705.4545 | AG85: 676.36364 | AH85: =RANK(AG85, AG$77:AG$106) -> 21 | AJ85: 4 | AK85: 2601.8182 | AL85: 650.45455 | AM85: =RANK(AL85, AL$77:AL$106) -> 21 | AO85: 4 | AP85: 2724 | AQ85: 681 | AR85: =RANK(AQ85, AQ$77:AQ$106) -> 23 | AT85: 4 | AU85: 2736 | AV85: 684 | AW85: =RANK(AV85, AV$77:AV$106) -> 22
C86: 10 | D86: 明太子龍蝦風味沙拉飯糰 | E86: 3 | F86: 3300 | G86: 1100 | I86: =AVERAGE(P86,U86,Z86,AE86,AJ86,AO86,AT86) -> 3 | J86: =AVERAGE(Q86,V86,AA86,AF86,AK86,AP86,AU86) -> 2731.3213 | K86: =AVERAGE(R86,W86,AB86,AG86,AL86,AQ86,AV86) -> 910.44045 | M86: =RANK(K86, K$77:$K$106) -> 6 | P86: 3 | Q86: 2691.8919 | R86: 897.2973 | S86: =RANK(R86, R$77:R$106) -> 2 | U86: 3 | V86: 2737.8947 | W86: 912.63158 | X86: =RANK(W86, W$77:W$106) -> 7 | Z86: 3 | AA86: 2840.5714 | AB86: 946.85714 | AC86: =RANK(AB86, AB$77:AB$106) -> 4 | AE86: 3 | AF86: 2734.8387 | AG86: 911.6129 | AH86: =RANK(AG86, AG$77:AG$106) -> 7 | AJ86: 3 | AK86: 2736 | AL86: 912 | AM86: =RANK(AL86, AL$77:AL$106) -> 6 | AO86: 3 | AP86: 2637 | AQ86: 879 | AR86: =RANK(AQ86, AQ$77:AQ$106) -> 7 | AT86: 3 | AU86: 2741.0526 | AV86: 913.68421 | AW86: =RANK(AV86, AV$77:AV$106) -> 7
C87: 11 | D87: 鹽蔥燒肉飯糰 | E87: 3 | F87: 3300 | G87: 1100 | I87: =AVERAGE(P87,U87,Z87,AE87,AJ87,AO87,AT87) -> 3 | J87: =AVERAGE(Q87,V87,AA87,AF87,AK87,AP87,AU87) -> 2744.2751 | K87: =AVERAGE(R87,W87,AB87,AG87,AL87,AQ87,AV87) -> 914.75837 | M87: =RANK(K87, K$77:$K$106) -> 5 | P87: 3 | Q87: 2586.6667 | R87: 862.22222 | S87: =RANK(R87, R$77:R$106) -> 7 | U87: 3 | V87: 2801.4286 | W87: 933.80952 | X87: =RANK(W87, W$77:W$106) -> 5 | Z87: 3 | AA87: 2740 | AB87: 913.33333 | AC87: =RANK(AB87, AB$77:AB$106) -> 6 | AE87: 3 | AF87: 2784.7059 | AG87: 928.23529 | AH87: =RANK(AG87, AG$77:AG$106) -> 4 | AJ87: 3 | AK87: 2743.6364 | AL87: 914.54545 | AM87: =RANK(AL87, AL$77:AL$106) -> 5 | AO87: 3 | AP87: 2793.4884 | AQ87: 931.16279 | AR87: =RANK(AQ87, AQ$77:AQ$106) -> 3 | AT87: 3 | AU87: 2760 | AV87: 920 | AW87: =RANK(AV87, AV$77:AV$106) -> 6
C88: 12 | D88: 胡麻鮮蔬雞絲飯糰(區) | E88: 4 | F88: 2500 | G88: 625 | I88: =AVERAGE(P88,U88,Z88,AE88,AJ88,AO88,AT88) -> 4 | J88: =AVERAGE(Q88,V88,AA88,AF88,AK88,AP88,AU88) -> 2759.4571 | K88: =AVERAGE(R88,W88,AB88,AG88,AL88,AQ88,AV88) -> 689.86429 | M88: =RANK(K88, K$77:$K$106) -> 20 | P88: 4 | Q88: 2664 | R88: 666 | S88: =RANK(R88, R$77:R$106) -> 20 | U88: 4 | V88: 2857.5 | W88: 714.375 | X88: =RANK(W88, W$77:W$106) -> 18 | Z88: 4 | AA88: 2745 | AB88: 686.25 | AC88: =RANK(AB88, AB$77:AB$106) -> 20 | AE88: 4 | AF88: 2718.9474 | AG88: 679.73684 | AH88: =RANK(AG88, AG$77:AG$106) -> 20 | AJ88: 4 | AK88: 2681.0526 | AL88: 670.26316 | AM88: =RANK(AL88, AL$77:AL$106) -> 19 | AO88: 4 | AP88: 2827.2 | AQ88: 706.8 | AR88: =RANK(AQ88, AQ$77:AQ$106) -> 19 | AT88: 4 | AU88: 2822.5 | AV88: 705.625 | AW88: =RANK(AV88, AV$77:AV$106) -> 19
C89: 13 | D89: 三杯辣海瓜子飯糰 | E89: 3 | F89: 3300 | G89: 1100 | I89: =AVERAGE(P89,U89,Z89,AE89,AJ89,AO89,AT89) -> 3 | J89: =AVERAGE(Q89,V89,AA89,AF89,AK89,AP89,AU89) -> 2669.6429 | K89: =AVERAGE(R89,W89,AB89,AG89,AL89,AQ89,AV89) -> 889.88095 | M89: =RANK(K89, K$77:$K$106) -> 8 | P89: 3 | Q89: 2690 | R89: 896.66667 | S89: =RANK(R89, R$77:R$106) -> 3 | U89: 3 | V89: 2710 | W89: 903.33333 | X89: =RANK(W89, W$77:W$106) -> 8 | Z89: 3 | AA89: 2570 | AB89: 856.66667 | AC89: =RANK(AB89, AB$77:AB$106) -> 7 | AE89: 3 | AF89: 2625 | AG89: 875 | AH89: =RANK(AG89, AG$77:AG$106) -> 8 | AJ89: 3 | AK89: 2980 | AL89: 993.33333 | AM89: =RANK(AL89, AL$77:AL$106) -> 2 | AO89: 3 | AP89: 2442.8571 | AQ89: 814.28571 | AR89: =RANK(AQ89, AQ$77:AQ$106) -> 9 | AW89: =RANK(AV89, AV$77:AV$106) -> #N/A
C90: 14 | D90: 雞肉飯飯糰 | E90: 4 | F90: 3300 | G90: 825 | I90: =AVERAGE(P90,U90,Z90,AE90,AJ90,AO90,AT90) -> 4 | J90: =AVERAGE(Q90,V90,AA90,AF90,AK90,AP90,AU90) -> 2867.4243 | K90: =AVERAGE(R90,W90,AB90,AG90,AL90,AQ90,AV90) -> 716.85609 | M90: =RANK(K90, K$77:$K$106) -> 19 | P90: 4 | Q90: 2736.9231 | R90: 684.23077 | S90: =RANK(R90, R$77:R$106) -> 16 | U90: 4 | V90: 2778.4615 | W90: 694.61538 | X90: =RANK(W90, W$77:W$106) -> 23 | Z90: 4 | AA90: 2796.7742 | AB90: 699.19355 | AC90: =RANK(AB90, AB$77:AB$106) -> 18 | AE90: 4 | AF90: 2780.4 | AG90: 695.1 | AH90: =RANK(AG90, AG$77:AG$106) -> 19 | AJ90: 4 | AK90: 3376.5 | AL90: 844.125 | AM90: =RANK(AL90, AL$77:AL$106) -> 9 | AO90: 4 | AP90: 2765.3731 | AQ90: 691.34328 | AR90: =RANK(AQ90, AQ$77:AQ$106) -> 21 | AT90: 4 | AU90: 2837.5385 | AV90: 709.38462 | AW90: =RANK(AV90, AV$77:AV$106) -> 18
C91: 15 | D91: 碳烤燒肉飯飯糰(區) | E91: 4 | F91: 3300 | G91: 825 | I91: =AVERAGE(P91,U91,Z91,AE91,AJ91,AO91,AT91) -> 4 | J91: =AVERAGE(Q91,V91,AA91,AF91,AK91,AP91,AU91) -> 2742.257 | K91: =AVERAGE(R91,W91,AB91,AG91,AL91,AQ91,AV91) -> 685.56426 | M91: =RANK(K91, K$77:$K$106) -> 22 | P91: 4 | Q91: 2748.8571 | R91: 687.21429 | S91: =RANK(R91, R$77:R$106) -> 15 | U91: 4 | V91: 2809.7143 | W91: 702.42857 | X91: =RANK(W91, W$77:W$106) -> 22 | Z91: 4 | AA91: 2800.5882 | AB91: 700.14706 | AC91: =RANK(AB91, AB$77:AB$106) -> 17 | AE91: 4 | AF91: 2620 | AG91: 655 | AH91: =RANK(AG91, AG$77:AG$106) -> 23 | AJ91: 4 | AK91: 2577 | AL91: 644.25 | AM91: =RANK(AL91, AL$77:AL$106) -> 22 | AO91: 4 | AP91: 2772.973 | AQ91: 693.24324 | AR91: =RANK(AQ91, AQ$77:AQ$106) -> 20 | AT91: 4 | AU91: 2866.6667 | AV91: 716.66667 | AW91: =RANK(AV91, AV$77:AV$106) -> 16
C92: 16 | D92: 椒鹽檸檬鯖魚飯糰 | E92: 3 | F92: 2800 | G92: 933.33333 | I92: =AVERAGE(P92,U92,Z92,AE92,AJ92,AO92,AT92) -> 3 | J92: =AVERAGE(Q92,V92,AA92,AF92,AK92,AP92,AU92) -> 2771.5891 | K92: =AVERAGE(R92,W92,AB92,AG92,AL92,AQ92,AV92) -> 923.86302 | M92: =RANK(K92, K$77:$K$106) -> 2 | P92: 3 | Q92: 2674.6667 | R92: 891.55556 | S92: =RANK(R92, R$77:R$106) -> 4 | U92: 3 | V92: 2814 | W92: 938 | X92: =RANK(W92, W$77:W$106) -> 4 | Z92: 3 | AA92: 2865 | AB92: 955 | AC92: =RANK(AB92, AB$77:AB$106) -> 3 | AE92: 3 | AF92: 2736.6234 | AG92: 912.20779 | AH92: =RANK(AG92, AG$77:AG$106) -> 6 | AJ92: 3 | AK92: 2732 | AL92: 910.66667 | AM92: =RANK(AL92, AL$77:AL$106) -> 7 | AO92: 3 | AP92: 2733.3333 | AQ92: 911.11111 | AR92: =RANK(AQ92, AQ$77:AQ$106) -> 6 | AT92: 3 | AU92: 2845.5 | AV92: 948.5 | AW92: =RANK(AV92, AV$77:AV$106) -> 4
C93: 17 | D93: 油蔥雞汁飯糰(區) | E93: 4 | F93: 2800 | G93: 700 | I93: =AVERAGE(P93,U93,Z93,AE93,AJ93,AO93,AT93) -> 4 | J93: =AVERAGE(Q93,V93,AA93,AF93,AK93,AP93,AU93) -> 2755.7617 | K93: =AVERAGE(R93,W93,AB93,AG93,AL93,AQ93,AV93) -> 688.94043 | M93: =RANK(K93, K$77:$K$106) -> 21 | P93: 4 | Q93: 2676 | R93: 669 | S93: =RANK(R93, R$77:R$106) -> 19 | U93: 4 | V93: 2815 | W93: 703.75 | X93: =RANK(W93, W$77:W$106) -> 21 | Z93: 4 | AA93: 2792.069 | AB93: 698.01724 | AC93: =RANK(AB93, AB$77:AB$106) -> 19 | AE93: 4 | AF93: 2680.5 | AG93: 670.125 | AH93: =RANK(AG93, AG$77:AG$106) -> 22 | AJ93: 4 | AK93: 2772 | AL93: 693 | AM93: =RANK(AL93, AL$77:AL$106) -> 17 | AO93: 4 | AP93: 2750.6667 | AQ93: 687.66667 | AR93: =RANK(AQ93, AQ$77:AQ$106) -> 22 | AT93: 4 | AU93: 2804.0964 | AV93: 701.0241 | AW93: =RANK(AV93, AV$77:AV$106) -> 20
C94: 18 | D94: 二配芝麻香鬆飯糰 | E94: 4 | F94: 3600 | G94: 900 | I94: =AVERAGE(P94,U94,Z94,AE94,AJ94,AO94,AT94) -> 4 | J94: =AVERAGE(Q94,V94,AA94,AF94,AK94,AP94,AU94) -> 2881.6286 | K94: =AVERAGE(R94,W94,AB94,AG94,AL94,AQ94,AV94) -> 720.40714 | M94: =RANK(K94, K$77:$K$106) -> 18 | P94: 4 | Q94: 2502 | R94: 625.5 | S94: =RANK(R94, R$77:R$106) -> 23 | U94: 4 | V94: 2983.2 | W94: 745.8 | X94: =RANK(W94, W$77:W$106) -> 17 | Z94: 4 | AA94: 2884.8 | AB94: 721.2 | AC94: =RANK(AB94, AB$77:AB$106) -> 16 | AE94: 4 | AF94: 3219 | AG94: 804.75 | AH94: =RANK(AG94, AG$77:AG$106) -> 10 | AJ94: 4 | AK94: 2716.8 | AL94: 679.2 | AM94: =RANK(AL94, AL$77:AL$106) -> 18 | AO94: 4 | AP94: 3002.4 | AQ94: 750.6 | AR94: =RANK(AQ94, AQ$77:AQ$106) -> 17 | AT94: 4 | AU94: 2863.2 | AV94: 715.8 | AW94: =RANK(AV94, AV$77:AV$106) -> 17
C95: 19 | D95: 二配大飯糰韓式炸雞 | E95: 4 | F95: 3000 | G95: 750 | I95: =AVERAGE(P95,U95,Z95,AE95,AJ95,AO95,AT95) -> 3 | J95: =AVERAGE(Q95,V95,AA95,AF95,AK95,AP95,AU95) -> 2252.898 | K95: =AVERAGE(R95,W95,AB95,AG95,AL95,AQ95,AV95) -> 750.96599 | M95: =RANK(K95, K$77:$K$106) -> 15 | P95: 3 | Q95: 2158 | R95: 719.33333 | S95: =RANK(R95, R$77:R$106) -> 13 | U95: 3 | V95: 2284.2857 | W95: 761.42857 | X95: =RANK(W95, W$77:W$106) -> 16 | Z95: 3 | AA95: 2010 | AB95: 670 | AC95: =RANK(AB95, AB$77:AB$106) -> 22 | AE95: 3 | AF95: 2562 | AG95: 854 | AH95: =RANK(AG95, AG$77:AG$106) -> 9 | AJ95: 3 | AK95: 1994 | AL95: 664.66667 | AM95: =RANK(AL95, AL$77:AL$106) -> 20 | AO95: 3 | AP95: 2242 | AQ95: 747.33333 | AR95: =RANK(AQ95, AQ$77:AQ$106) -> 18 | AT95: 3 | AU95: 2520 | AV95: 840 | AW95: =RANK(AV95, AV$77:AV$106) -> 8
C96: 20 | D96: 二配大飯糰春川風味辣炒雞 | E96: 4 | F96: 3000 | G96: 750 | I96: =AVERAGE(P96,U96,Z96,AE96,AJ96,AO96,AT96) -> 4 | J96: =AVERAGE(Q96,V96,AA96,AF96,AK96,AP96,AU96) -> 2336.2078 | K96: =AVERAGE(R96,W96,AB96,AG96,AL96,AQ96,AV96) -> 584.05195 | M96: =RANK(K96, K$77:$K$106) -> 24 | P96: 4 | Q96: 2049.6 | R96: 512.4 | S96: =RANK(R96, R$77:R$106) -> 24 | U96: 4 | V96: 2574 | W96: 643.5 | X96: =RANK(W96, W$77:W$106) -> 24 | Z96: 4 | AA96: 1886.4 | AB96: 471.6 | AC96: =RANK(AB96, AB$77:AB$106) -> 24 | AE96: 4 | AF96: 2608 | AG96: 652 | AH96: =RANK(AG96, AG$77:AG$106) -> 24 | AJ96: 4 | AK96: 2304 | AL96: 576 | AM96: =RANK(AL96, AL$77:AL$106) -> 24 | AO96: 4 | AP96: 2345.4545 | AQ96: 586.36364 | AR96: =RANK(AQ96, AQ$77:AQ$106) -> 24 | AT96: 4 | AU96: 2586 | AV96: 646.5 | AW96: =RANK(AV96, AV$77:AV$106) -> 23
C97: 21 | D97: 二配油蔥G絲飯糰 | E97: 4 | F97: 3600 | G97: 900 | I97: =AVERAGE(P97,U97,Z97,AE97,AJ97,AO97,AT97) -> 4 | J97: =AVERAGE(Q97,V97,AA97,AF97,AK97,AP97,AU97) -> 2900.3403 | K97: =AVERAGE(R97,W97,AB97,AG97,AL97,AQ97,AV97) -> 725.08508 | M97: =RANK(K97, K$77:$K$106) -> 16 | P97: 4 | Q97: 2601 | R97: 650.25 | S97: =RANK(R97, R$77:R$106) -> 21 | U97: 4 | V97: 3384 | W97: 846 | X97: =RANK(W97, W$77:W$106) -> 9 | Z97: 4 | AA97: 2418 | AB97: 604.5 | AC97: =RANK(AB97, AB$77:AB$106) -> 23 | AE97: 4 | AF97: 3128 | AG97: 782 | AH97: =RANK(AG97, AG$77:AG$106) -> 13 | AJ97: 4 | AK97: 2418 | AL97: 604.5 | AM97: =RANK(AL97, AL$77:AL$106) -> 23 | AO97: 4 | AP97: 3307.5 | AQ97: 826.875 | AR97: =RANK(AQ97, AQ$77:AQ$106) -> 8 | AT97: 4 | AU97: 3045.8824 | AV97: 761.47059 | AW97: =RANK(AV97, AV$77:AV$106) -> 15
C98: 22 | D98: 照燒鰤魚大根飯糰 | E98: 4 | F98: 3000 | G98: 750 | I98: =AVERAGE(P98,U98,Z98,AE98,AJ98,AO98,AT98) -> 4 | J98: =AVERAGE(Q98,V98,AA98,AF98,AK98,AP98,AU98) -> 2895.9592 | K98: =AVERAGE(R98,W98,AB98,AG98,AL98,AQ98,AV98) -> 723.9898 | M98: =RANK(K98, K$77:$K$106) -> 17 | P98: 4 | Q98: 2595 | R98: 648.75 | S98: =RANK(R98, R$77:R$106) -> 22 | U98: 4 | V98: 2845.7143 | W98: 711.42857 | X98: =RANK(W98, W$77:W$106) -> 19 | Z98: 4 | AA98: 3130 | AB98: 782.5 | AC98: =RANK(AB98, AB$77:AB$106) -> 14 | AE98: 4 | AF98: 2796 | AG98: 699 | AH98: =RANK(AG98, AG$77:AG$106) -> 18 | AJ98: 4 | AK98: 2925 | AL98: 731.25 | AM98: =RANK(AL98, AL$77:AL$106) -> 16 | AO98: 4 | AP98: 3190 | AQ98: 797.5 | AR98: =RANK(AQ98, AQ$77:AQ$106) -> 11 | AT98: 4 | AU98: 2790 | AV98: 697.5 | AW98: =RANK(AV98, AV$77:AV$106) -> 21
C99: 23 | D99: 照燒雞肉飯糰 | E99: 4 | F99: 3300 | G99: 825 | I99: =AVERAGE(P99,U99,Z99,AE99,AJ99,AO99,AT99) -> 3 | J99: =AVERAGE(Q99,V99,AA99,AF99,AK99,AP99,AU99) -> 2758.0248 | K99: =AVERAGE(R99,W99,AB99,AG99,AL99,AQ99,AV99) -> 919.3416 | M99: =RANK(K99, K$77:$K$106) -> 4 | P99: 3 | Q99: 2628 | R99: 876 | S99: =RANK(R99, R$77:R$106) -> 6 | U99: 3 | V99: 2782.3529 | W99: 927.45098 | X99: =RANK(W99, W$77:W$106) -> 6 | Z99: 3 | AA99: 2780.8163 | AB99: 926.93878 | AC99: =RANK(AB99, AB$77:AB$106) -> 5 | AE99: 3 | AF99: 2793.4884 | AG99: 931.16279 | AH99: =RANK(AG99, AG$77:AG$106) -> 3 | AJ99: 3 | AK99: 2752.8571 | AL99: 917.61905 | AM99: =RANK(AL99, AL$77:AL$106) -> 4 | AO99: 3 | AP99: 2787.0588 | AQ99: 929.01961 | AR99: =RANK(AQ99, AQ$77:AQ$106) -> 4 | AT99: 3 | AU99: 2781.6 | AV99: 927.2 | AW99: =RANK(AV99, AV$77:AV$106) -> 5
C100: 24 | D100: 二配三杯醬爆菇菇飯糰 | E100: 3 | F100: 2800 | G100: 933.33333 | I100: =AVERAGE(P100,U100,Z100,AE100,AJ100,AO100,AT100) -> 3 | J100: =AVERAGE(Q100,V100,AA100,AF100,AK100,AP100,AU100) -> 2769.3067 | K100: =AVERAGE(R100,W100,AB100,AG100,AL100,AQ100,AV100) -> 923.10223 | M100: =RANK(K100, K$77:$K$106) -> 3 | P100: 3 | Q100: 2640 | R100: 880 | S100: =RANK(R100, R$77:R$106) -> 5 | U100: 3 | V100: 2833.8462 | W100: 944.61538 | X100: =RANK(W100, W$77:W$106) -> 3 | Z100: 3 | AA100: 2457.4286 | AB100: 819.14286 | AC100: =RANK(AB100, AB$77:AB$106) -> 9 | AE100: 3 | AF100: 2803.1579 | AG100: 934.38596 | AH100: =RANK(AG100, AG$77:AG$106) -> 2 | AJ100: 3 | AK100: 2777 | AL100: 925.66667 | AM100: =RANK(AL100, AL$77:AL$106) -> 3 | AO100: 3 | AP100: 2945.7143 | AQ100: 981.90476 | AR100: =RANK(AQ100, AQ$77:AQ$106) -> 2 | AT100: 3 | AU100: 2928 | AV100: 976 | AW100: =RANK(AV100, AV$77:AV$106) -> 2
C101: 25 | M101: =RANK(K101, K$77:$K$106) -> #N/A | S101: =RANK(R101, R$77:R$106) -> #N/A | X101: =RANK(W101, W$77:W$106) -> #N/A | AC101: =RANK(AB101, AB$77:AB$106) -> #N/A | AH101: =RANK(AG101, AG$77:AG$106) -> #N/A | AM101: =RANK(AL101, AL$77:AL$106) -> #N/A | AR101: =RANK(AQ101, AQ$77:AQ$106) -> #N/A | AW101: =RANK(AV101, AV$77:AV$106) -> #N/A
C102: 26 | M102: =RANK(K102, K$77:$K$106) -> #N/A | S102: =RANK(R102, R$77:R$106) -> #N/A | X102: =RANK(W102, W$77:W$106) -> #N/A | AC102: =RANK(AB102, AB$77:AB$106) -> #N/A | AH102: =RANK(AG102, AG$77:AG$106) -> #N/A | AM102: =RANK(AL102, AL$77:AL$106) -> #N/A | AR102: =RANK(AQ102, AQ$77:AQ$106) -> #N/A | AW102: =RANK(AV102, AV$77:AV$106) -> #N/A
C103: 27 | M103: =RANK(K103, K$77:$K$106) -> #N/A | S103: =RANK(R103, R$77:R$106) -> #N/A | X103: =RANK(W103, W$77:W$106) -> #N/A | AC103: =RANK(AB103, AB$77:AB$106) -> #N/A | AH103: =RANK(AG103, AG$77:AG$106) -> #N/A | AM103: =RANK(AL103, AL$77:AL$106) -> #N/A | AR103: =RANK(AQ103, AQ$77:AQ$106) -> #N/A | AW103: =RANK(AV103, AV$77:AV$106) -> #N/A
C104: 28 | M104: =RANK(K104, K$77:$K$106) -> #N/A | S104: =RANK(R104, R$77:R$106) -> #N/A | X104: =RANK(W104, W$77:W$106) -> #N/A | AC104: =RANK(AB104, AB$77:AB$106) -> #N/A | AH104: =RANK(AG104, AG$77:AG$106) -> #N/A | AM104: =RANK(AL104, AL$77:AL$106) -> #N/A | AR104: =RANK(AQ104, AQ$77:AQ$106) -> #N/A | AW104: =RANK(AV104, AV$77:AV$106) -> #N/A
C105: 29 | M105: =RANK(K105, K$77:$K$106) -> #N/A | S105: =RANK(R105, R$77:R$106) -> #N/A | X105: =RANK(W105, W$77:W$106) -> #N/A | AC105: =RANK(AB105, AB$77:AB$106) -> #N/A | AH105: =RANK(AG105, AG$77:AG$106) -> #N/A | AM105: =RANK(AL105, AL$77:AL$106) -> #N/A | AR105: =RANK(AQ105, AQ$77:AQ$106) -> #N/A | AW105: =RANK(AV105, AV$77:AV$106) -> #N/A
C106: 30 | M106: =RANK(K106, K$77:$K$106) -> #N/A | S106: =RANK(R106, R$77:R$106) -> #N/A | X106: =RANK(W106, W$77:W$106) -> #N/A | AC106: =RANK(AB106, AB$77:AB$106) -> #N/A | AH106: =RANK(AG106, AG$77:AG$106) -> #N/A | AM106: =RANK(AL106, AL$77:AL$106) -> #N/A | AR106: =RANK(AQ106, AQ$77:AQ$106) -> #N/A | AW106: =RANK(AV106, AV$77:AV$106) -> #N/A
B107: 產線配置圖－每週更新 | N107: 資料繳交 | O107: 日期 | P107: =P72+7 -> 45951 | U107: =P107+1 -> 45952 | Z107: =U107+1 -> 45953 | AE107: =Z107+1 -> 45954 | AJ107: =AE107+1 -> 45955 | AO107: =AJ107+1 -> 45956 | AT107: =AO107+1 -> 45957
P108: 二 | U108: 三 | Z108: 四 | AE108: 五 | AJ108: 六 | AO108: 日 | AT108: 一
B109: 品群 | C109: 商品名稱 | E109: 計畫 | H109: 平均人時性 | I109: 實績 | L109: 平均人時性 | M109: 排名 | O109: 日報 | P109: 實際 | T109: 平均人時性 | U109: 實際 | Y109: 平均人時性 | Z109: 實際 | AD109: 平均人時性 | AE109: 實際 | AI109: 平均人時性 | AJ109: 實際 | AN109: 平均人時性 | AO109: 實際 | AS109: 平均人時性 | AT109: 實際 | AX109: 平均人時性
E110: 產線配置圖 | I110: 產線配置圖 | P110: 生產實績 | U110: 生產實績 | Z110: 生產實績 | AE110: 生產實績 | AJ110: 生產實績 | AO110: 生產實績 | AT110: 生產實績
E111: 人數 | F111: 產能／時 | G111: 人時性 | I111: 人數 | J111: 產能／時 | K111: 人時性 | P111: 人數 | Q111: 產能／時 | R111: 人時性 | S111: 排名 | U111: 人數 | V111: 產能／時 | W111: 人時性 | X111: 排名 | Z111: 人數 | AA111: 產能／時 | AB111: 人時性 | AC111: 排名 | AE111: 人數 | AF111: 產能／時 | AG111: 人時性 | AH111: 排名 | AJ111: 人數 | AK111: 產能／時 | AL111: 人時性 | AM111: 排名 | AO111: 人數 | AP111: 產能／時 | AQ111: 人時性 | AR111: 排名 | AT111: 人數 | AU111: 產能／時 | AV111: 人時性 | AW111: 排名
...

Sheet （５-2）品群別人時生產性（18-壽司手卷)
B1: 月平均人時性 | C1: =AVERAGE(L7,L27,L47,L67,L87,L107) -> 196.68274
B2: 產線配置圖－每週更新 | N2: 資料繳交 | O2: 日期 | P2: 45930 | U2: =P2+1 -> 45931 | Z2: =U2+1 -> 45932 | AE2: =Z2+1 -> 45933 | AJ2: =AE2+1 -> 45934 | AO2: =AJ2+1 -> 45935 | AT2: =AO2+1 -> 45936
P3: 二 | U3: 三 | Z3: 四 | AE3: 五 | AJ3: 六 | AO3: 日 | AT3: 一
B4: 品群 | C4: 商品名稱 | E4: 計畫 | H4: 平均人時性 | I4: 實績 | L4: 平均人時性 | M4: 排名 | O4: 日報 | P4: 實際 | T4: 平均人時性 | U4: 實際 | Y4: 平均人時性 | Z4: 實際 | AD4: 平均人時性 | AE4: 實際 | AI4: 平均人時性 | AJ4: 實際 | AN4: 平均人時性 | AO4: 實際 | AS4: 平均人時性 | AT4: 實際 | AX4: 平均人時性
E5: 產線配置圖 | I5: 產線配置圖 | P5: 生產實績 | U5: 生產實績 | Z5: 生產實績 | AE5: 生產實績 | AJ5: 生產實績 | AO5: 生產實績 | AT5: 生產實績
E6: 人數 | F6: 產能／時 | G6: 人時性 | I6: 人數 | J6: 產能／時 | K6: 人時性 | P6: 人數 | Q6: 產能／時 | R6: 人時性 | S6: 排名 | U6: 人數 | V6: 產能／時 | W6: 人時性 | X6: 排名 | Z6: 人數 | AA6: 產能／時 | AB6: 人時性 | AC6: 排名 | AE6: 人數 | AF6: 產能／時 | AG6: 人時性 | AH6: 排名 | AJ6: 人數 | AK6: 產能／時 | AL6: 人時性 | AM6: 排名 | AO6: 人數 | AP6: 產能／時 | AQ6: 人時性 | AR6: 排名 | AT6: 人數 | AU6: 產能／時 | AV6: 人時性 | AW6: 排名
B7: 18℃-壽司手卷 | C7: 1 | D7: 長野稻荷壽司 | E7: 10 | F7: 1500 | G7: 150 | H7: =AVERAGE(G7:G21) -> 198.57143 | I7: =AVERAGE(P7,U7,Z7,AE7,AJ7,AO7,AT7) -> 10 | J7: =AVERAGE(Q7,V7,AA7,AF7,AK7,AP7,AU7) -> 1482.5429 | K7: =AVERAGE(R7,W7,AB7,AG7,AL7,AQ7,AV7) -> 148.25429 | L7: =IFERROR(AVERAGE(K7:K21),"-") -> 205.67641 | M7: =RANK(K7, K$7:$K$21) -> 4 | P7: 10 | Q7: 1552 | R7: 155.2 | S7: =RANK(R7, R$7:R$21) -> 4 | T7: =AVERAGE(R7:R21) -> 214.49265 | U7: 10 | V7: 1552 | W7: 155.2 | X7: =RANK(W7, W$7:W$21) -> 4 | Y7: =AVERAGE(W7:W21) -> 220.1351 | Z7: 10 | AA7: 1456 | AB7: 145.6 | AC7: =RANK(AB7, AB$7:AB$21) -> 4 | AD7: =AVERAGE(AB7:AB21) -> 216.22167 | AE7: 10 | AF7: 1382.4 | AG7: 138.24 | AH7: =RANK(AG7, AG$7:AG$21) -> 6 | AI7: =AVERAGE(AG7:AG21) -> 207.33304 | AJ7: 10 | AK7: 1334.4 | AL7: 133.44 | AM7: =RANK(AL7, AL$7:AL$21) -> 6 | AN7: =AVERAGE(AL7:AL21) -> 221.81315 | AO7: 10 | AP7: 1641 | AQ7: 164.1 | AR7: =RANK(AQ7, AQ$7:AQ$21) -> 4 | AS7: =AVERAGE(AQ7:AQ21) -> 214.01296 | AT7: 10 | AU7: 1460 | AV7: 146 | AW7: =RANK(AV7, AV$7:AV$21) -> 6 | AX7: =AVERAGE(AV7:AV21) -> 214.33333 | AZ7: =RANK(AX7, $K$7:AX$21) -> #N/A | BB7: =RANK(BA7, BA$7:BA$21) -> #N/A
C8: 2 | D8: 雙饗雙手卷 | E8: 15 | F8: 1800 | G8: 120 | I8: =AVERAGE(P8,U8,Z8,AE8,AJ8,AO8,AT8) -> 12 | J8: =AVERAGE(Q8,V8,AA8,AF8,AK8,AP8,AU8) -> 1734.6667 | K8: =AVERAGE(R8,W8,AB8,AG8,AL8,AQ8,AV8) -> 144.55556 | M8: =RANK(K8, K$7:$K$21) -> 6 | P8: 12 | Q8: 1796.4 | R8: 149.7 | S8: =RANK(R8, R$7:R$21) -> 6 | U8: 12 | V8: 1743.6 | W8: 145.3 | X8: =RANK(W8, W$7:W$21) -> 6 | Z8: 12 | AA8: 1700.4 | AB8: 141.7 | AC8: =RANK(AB8, AB$7:AB$21) -> 5 | AE8: 12 | AF8: 1724 | AG8: 143.66667 | AH8: =RANK(AG8, AG$7:AG$21) -> 4 | AJ8: 12 | AK8: 1709.3333 | AL8: 142.44444 | AM8: =RANK(AL8, AL$7:AL$21) -> 5 | AO8: 12 | AP8: 1689.3333 | AQ8: 140.77778 | AR8: =RANK(AQ8, AQ$7:AQ$21) -> 5 | AT8: 12 | AU8: 1779.6 | AV8: 148.3 | AW8: =RANK(AV8, AV$7:AV$21) -> 5 | AZ8: =RANK(AX8, $K$7:AX$21) -> #N/A | BB8: =RANK(BA8, BA$7:BA$21) -> #N/A
C9: 3 | D9: 海饌雙手卷 | E9: 15 | F9: 1800 | G9: 120 | I9: =AVERAGE(P9,U9,Z9,AE9,AJ9,AO9,AT9) -> 12 | J9: =AVERAGE(Q9,V9,AA9,AF9,AK9,AP9,AU9) -> 1747.7238 | K9: =AVERAGE(R9,W9,AB9,AG9,AL9,AQ9,AV9) -> 145.64365 | M9: =RANK(K9, K$7:$K$21) -> 5 | P9: 12 | Q9: 1809.6 | R9: 150.8 | S9: =RANK(R9, R$7:R$21) -> 5 | U9: 12 | V9: 1764 | W9: 147 | X9: =RANK(W9, W$7:W$21) -> 5 | Z9: 12 | AA9: 1680 | AB9: 140 | AC9: =RANK(AB9, AB$7:AB$21) -> 6 | AE9: 12 | AF9: 1674.6667 | AG9: 139.55556 | AH9: =RANK(AG9, AG$7:AG$21) -> 5 | AJ9: 12 | AK9: 1869 | AL9: 155.75 | AM9: =RANK(AL9, AL$7:AL$21) -> 4 | AO9: 12 | AP9: 1656 | AQ9: 138 | AR9: =RANK(AQ9, AQ$7:AQ$21) -> 6 | AT9: 12 | AU9: 1780.8 | AV9: 148.4 | AW9: =RANK(AV9, AV$7:AV$21) -> 4 | AZ9: =RANK(AX9, $K$7:AX$21) -> #N/A | BB9: =RANK(BA9, BA$7:BA$21) -> #N/A
C10: 4 | D10: 芝麻海苔香鬆細卷 | E10: 6 | F10: 1500 | G10: 250 | I10: =AVERAGE(P10,U10,Z10,AE10,AJ10,AO10,AT10) -> 5 | J10: =AVERAGE(Q10,V10,AA10,AF10,AK10,AP10,AU10) -> 1427.7143 | K10: =AVERAGE(R10,W10,AB10,AG10,AL10,AQ10,AV10) -> 285.54286 | M10: =RANK(K10, K$7:$K$21) -> 3 | P10: 5 | Q10: 1479 | R10: 295.8 | S10: =RANK(R10, R$7:R$21) -> 3 | U10: 5 | V10: 1470 | W10: 294 | X10: =RANK(W10, W$7:W$21) -> 1 | Z10: 5 | AA10: 1365 | AB10: 273 | AC10: =RANK(AB10, AB$7:AB$21) -> 3 | AE10: 5 | AF10: 1248 | AG10: 249.6 | AH10: =RANK(AG10, AG$7:AG$21) -> 3 | AJ10: 5 | AK10: 1480 | AL10: 296 | AM10: =RANK(AL10, AL$7:AL$21) -> 3 | AO10: 5 | AP10: 1244 | AQ10: 248.8 | AR10: =RANK(AQ10, AQ$7:AQ$21) -> 3 | AT10: 5 | AU10: 1708 | AV10: 341.6 | AW10: =RANK(AV10, AV$7:AV$21) -> 1 | AZ10: =RANK(AX10, $K$7:AX$21) -> #N/A | BB10: =RANK(BA10, BA$7:BA$21) -> #N/A
C11: 5 | D11: 經典鮪魚沙拉細卷 | E11: 5 | F11: 1500 | G11: 300 | I11: =AVERAGE(P11,U11,Z11,AE11,AJ11,AO11,AT11) -> 5 | J11: =AVERAGE(Q11,V11,AA11,AF11,AK11,AP11,AU11) -> 1441.2654 | K11: =AVERAGE(R11,W11,AB11,AG11,AL11,AQ11,AV11) -> 288.25308 | M11: =RANK(K11, K$7:$K$21) -> 2 | P11: 5 | Q11: 1556.1429 | R11: 311.22857 | S11: =RANK(R11, R$7:R$21) -> 1 | U11: 5 | V11: 1458.3529 | W11: 291.67059 | X11: =RANK(W11, W$7:W$21) -> 2 | Z11: 5 | AA11: 1494.75 | AB11: 298.95 | AC11: =RANK(AB11, AB$7:AB$21) -> 1 | AE11: 5 | AF11: 1373.3898 | AG11: 274.67797 | AH11: =RANK(AG11, AG$7:AG$21) -> 2 | AJ11: 5 | AK11: 1527.2222 | AL11: 305.44444 | AM11: =RANK(AL11, AL$7:AL$21) -> 1 | AO11: 5 | AP11: 1471 | AQ11: 294.2 | AR11: =RANK(AQ11, AQ$7:AQ$21) -> 2 | AT11: 5 | AU11: 1208 | AV11: 241.6 | AW11: =RANK(AV11, AV$7:AV$21) -> 3 | AZ11: =RANK(AX11, $K$7:AX$21) -> #N/A | BB11: =RANK(BA11, BA$7:BA$21) -> #N/A
C12: 6 | D12: 香濃起司蟹風味棒細卷 | E12: 5 | F12: 1500 | G12: 300 | I12: =AVERAGE(P12,U12,Z12,AE12,AJ12,AO12,AT12) -> 5 | J12: =AVERAGE(Q12,V12,AA12,AF12,AK12,AP12,AU12) -> 1459.4272 | K12: =AVERAGE(R12,W12,AB12,AG12,AL12,AQ12,AV12) -> 291.88544 | M12: =RANK(K12, K$7:$K$21) -> 1 | P12: 5 | Q12: 1515.6 | R12: 303.12 | S12: =RANK(R12, R$7:R$21) -> 2 | U12: 5 | V12: 1438.2 | W12: 287.64 | X12: =RANK(W12, W$7:W$21) -> 3 | Z12: 5 | AA12: 1490.4 | AB12: 298.08 | AC12: =RANK(AB12, AB$7:AB$21) -> 2 | AE12: 5 | AF12: 1491.2903 | AG12: 298.25806 | AH12: =RANK(AG12, AG$7:AG$21) -> 1 | AJ12: 5 | AK12: 1489 | AL12: 297.8 | AM12: =RANK(AL12, AL$7:AL$21) -> 2 | AO12: 5 | AP12: 1491 | AQ12: 298.2 | AR12: =RANK(AQ12, AQ$7:AQ$21) -> 1 | AT12: 5 | AU12: 1300.5 | AV12: 260.1 | AW12: =RANK(AV12, AV$7:AV$21) -> 2 | AZ12: =RANK(AX12, $K$7:AX$21) -> #N/A | BB12: =RANK(BA12, BA$7:BA$21) -> #N/A
C13: 7 | D13: 新之助の豆皮壽司喔 | E13: 10 | F13: 1500 | G13: 150 | I13: =AVERAGE(P13,U13,Z13,AE13,AJ13,AO13,AT13) -> 10 | J13: =AVERAGE(Q13,V13,AA13,AF13,AK13,AP13,AU13) -> 1356 | K13: =AVERAGE(R13,W13,AB13,AG13,AL13,AQ13,AV13) -> 135.6 | M13: =RANK(K13, K$7:$K$21) -> 7 | P13: 10 | Q13: 1356 | R13: 135.6 | S13: =RANK(R13, R$7:R$21) -> 7 | X13: =RANK(W13, W$7:W$21) -> #N/A | AC13: =RANK(AB13, AB$7:AB$21) -> #N/A | AH13: =RANK(AG13, AG$7:AG$21) -> #N/A | AM13: =RANK(AL13, AL$7:AL$21) -> #N/A | AR13: =RANK(AQ13, AQ$7:AQ$21) -> #N/A | AW13: =RANK(AV13, AV$7:AV$21) -> #N/A | AZ13: =RANK(AX13, $K$7:AX$21) -> #N/A | BB13: =RANK(BA13, BA$7:BA$21) -> #N/A
C14: 8 | M14: =RANK(K14, K$7:$K$21) -> #N/A | S14: =RANK(R14, R$7:R$21) -> #N/A | X14: =RANK(W14, W$7:W$21) -> #N/A | AC14: =RANK(AB14, AB$7:AB$21) -> #N/A | AH14: =RANK(AG14, AG$7:AG$21) -> #N/A | AM14: =RANK(AL14, AL$7:AL$21) -> #N/A | AR14: =RANK(AQ14, AQ$7:AQ$21) -> #N/A | AW14: =RANK(AV14, AV$7:AV$21) -> #N/A | AZ14: =RANK(AX14, $K$7:AX$21) -> #N/A | BB14: =RANK(BA14, BA$7:BA$21) -> #N/A
C15: 9 | M15: =RANK(K15, K$7:$K$21) -> #N/A | S15: =RANK(R15, R$7:R$21) -> #N/A | X15: =RANK(W15, W$7:W$21) -> #N/A | AC15: =RANK(AB15, AB$7:AB$21) -> #N/A | AH15: =RANK(AG15, AG$7:AG$21) -> #N/A | AM15: =RANK(AL15, AL$7:AL$21) -> #N/A | AR15: =RANK(AQ15, AQ$7:AQ$21) -> #N/A | AW15: =RANK(AV15, AV$7:AV$21) -> #N/A | AZ15: =RANK(AX15, $K$7:AX$21) -> #N/A | BB15: =RANK(BA15, BA$7:BA$21) -> #N/A
C16: 10 | M16: =RANK(K16, K$7:$K$21) -> #N/A | S16: =RANK(R16, R$7:R$21) -> #N/A | X16: =RANK(W16, W$7:W$21) -> #N/A | AC16: =RANK(AB16, AB$7:AB$21) -> #N/A | AH16: =RANK(AG16, AG$7:AG$21) -> #N/A | AM16: =RANK(AL16, AL$7:AL$21) -> #N/A | AR16: =RANK(AQ16, AQ$7:AQ$21) -> #N/A | AW16: =RANK(AV16, AV$7:AV$21) -> #N/A | AZ16: =RANK(AX16, $K$7:AX$21) -> #N/A | BB16: =RANK(BA16, BA$7:BA$21) -> #N/A
C17: 11 | M17: =RANK(K17, K$7:$K$21) -> #N/A | S17: =RANK(R17, R$7:R$21) -> #N/A | X17: =RANK(W17, W$7:W$21) -> #N/A | AC17: =RANK(AB17, AB$7:AB$21) -> #N/A | AH17: =RANK(AG17, AG$7:AG$21) -> #N/A | AM17: =RANK(AL17, AL$7:AL$21) -> #N/A | AR17: =RANK(AQ17, AQ$7:AQ$21) -> #N/A | AW17: =RANK(AV17, AV$7:AV$21) -> #N/A | AZ17: =RANK(AX17, $K$7:AX$21) -> #N/A | BB17: =RANK(BA17, BA$7:BA$21) -> #N/A
C18: 12 | M18: =RANK(K18, K$7:$K$21) -> #N/A | S18: =RANK(R18, R$7:R$21) -> #N/A | X18: =RANK(W18, W$7:W$21) -> #N/A | AC18: =RANK(AB18, AB$7:AB$21) -> #N/A | AH18: =RANK(AG18, AG$7:AG$21) -> #N/A | AM18: =RANK(AL18, AL$7:AL$21) -> #N/A | AR18: =RANK(AQ18, AQ$7:AQ$21) -> #N/A | AW18: =RANK(AV18, AV$7:AV$21) -> #N/A | AZ18: =RANK(AX18, $K$7:AX$21) -> #N/A | BB18: =RANK(BA18, BA$7:BA$21) -> #N/A
C19: 13 | M19: =RANK(K19, K$7:$K$21) -> #N/A | S19: =RANK(R19, R$7:R$21) -> #N/A | X19: =RANK(W19, W$7:W$21) -> #N/A | AC19: =RANK(AB19, AB$7:AB$21) -> #N/A | AH19: =RANK(AG19, AG$7:AG$21) -> #N/A | AM19: =RANK(AL19, AL$7:AL$21) -> #N/A | AR19: =RANK(AQ19, AQ$7:AQ$21) -> #N/A | AW19: =RANK(AV19, AV$7:AV$21) -> #N/A | AZ19: =RANK(AX19, $K$7:AX$21) -> #N/A | BB19: =RANK(BA19, BA$7:BA$21) -> #N/A
C20: 14 | M20: =RANK(K20, K$7:$K$21) -> #N/A | S20: =RANK(R20, R$7:R$21) -> #N/A | X20: =RANK(W20, W$7:W$21) -> #N/A | AC20: =RANK(AB20, AB$7:AB$21) -> #N/A | AH20: =RANK(AG20, AG$7:AG$21) -> #N/A | AM20: =RANK(AL20, AL$7:AL$21) -> #N/A | AR20: =RANK(AQ20, AQ$7:AQ$21) -> #N/A | AW20: =RANK(AV20, AV$7:AV$21) -> #N/A | AZ20: =RANK(AX20, $K$7:AX$21) -> #N/A | BB20: =RANK(BA20, BA$7:BA$21) -> #N/A
C21: 15 | M21: =RANK(K21, K$7:$K$21) -> #N/A | S21: =RANK(R21, R$7:R$21) -> #N/A | X21: =RANK(W21, W$7:W$21) -> #N/A | AC21: =RANK(AB21, AB$7:AB$21) -> #N/A | AH21: =RANK(AG21, AG$7:AG$21) -> #N/A | AM21: =RANK(AL21, AL$7:AL$21) -> #N/A | AR21: =RANK(AQ21, AQ$7:AQ$21) -> #N/A | AW21: =RANK(AV21, AV$7:AV$21) -> #N/A | AZ21: =RANK(AX21, $K$7:AX$21) -> #N/A | BB21: =RANK(BA21, BA$7:BA$21) -> #N/A
B22: 產線配置圖－每週更新 | N22: 資料繳交 | O22: 日期 | P22: =AT2+1 -> 45937 | U22: =P22+1 -> 45938 | Z22: =U22+1 -> 45939 | AE22: =Z22+1 -> 45940 | AJ22: =AE22+1 -> 45941 | AO22: =AJ22+1 -> 45942 | AT22: =AO22+1 -> 45943
P23: 二 | U23: 三 | Z23: 四 | AE23: 五 | AJ23: 六 | AO23: 日 | AT23: 一
B24: 品群 | C24: 商品名稱 | E24: 計畫 | H24: 平均人時性 | I24: 實績 | L24: 平均人時性 | M24: 排名 | O24: 日報 | P24: 實際 | T24: 平均人時性 | U24: 實際 | Y24: 平均人時性 | Z24: 實際 | AD24: 平均人時性 | AE24: 實際 | AI24: 平均人時性 | AJ24: 實際 | AN24: 平均人時性 | AO24: 實際 | AS24: 平均人時性 | AT24: 實際 | AX24: 平均人時性
E25: 產線配置圖 | I25: 產線配置圖 | P25: 生產實績 | U25: 生產實績 | Z25: 生產實績 | AE25: 生產實績 | AJ25: 生產實績 | AO25: 生產實績 | AT25: 生產實績
E26: 人數 | F26: 產能／時 | G26: 人時性 | I26: 人數 | J26: 產能／時 | K26: 人時性 | P26: 人數 | Q26: 產能／時 | R26: 人時性 | S26: 排名 | U26: 人數 | V26: 產能／時 | W26: 人時性 | X26: 排名 | Z26: 人數 | AA26: 產能／時 | AB26: 人時性 | AC26: 排名 | AE26: 人數 | AF26: 產能／時 | AG26: 人時性 | AH26: 排名 | AJ26: 人數 | AK26: 產能／時 | AL26: 人時性 | AM26: 排名 | AO26: 人數 | AP26: 產能／時 | AQ26: 人時性 | AR26: 排名 | AT26: 人數 | AU26: 產能／時 | AV26: 人時性 | AW26: 排名
B27: 18℃-壽司手卷 | C27: 1 | D27: 長野稻荷壽司 | E27: 10 | F27: 1500 | G27: 150 | H27: =AVERAGE(G27:G41) -> 206.66667 | I27: =AVERAGE(P27,U27,Z27,AE27,AJ27,AO27,AT27) -> 10 | J27: =AVERAGE(Q27,V27,AA27,AF27,AK27,AP27,AU27) -> 1427.1429 | K27: =AVERAGE(R27,W27,AB27,AG27,AL27,AQ27,AV27) -> 142.71429 | L27: =IFERROR(AVERAGE(K27:K41),"-") -> 211.90131 | M27: =RANK(K27, K$27:$K$41) -> 5 | P27: 10 | Q27: 1440 | R27: 144 | S27: =RANK(R27, R$27:R$41) -> 4 | T27: =AVERAGE(R27:R41) -> 210.75051 | U27: 10 | V27: 1591.2 | W27: 159.12 | X27: =RANK(W27, W$27:W$41) -> 4 | Y27: =AVERAGE(W27:W41) -> 211.25938 | Z27: 10 | AA27: 1348.8 | AB27: 134.88 | AC27: =RANK(AB27, AB$27:AB$41) -> 6 | AD27: =AVERAGE(AB27:AB41) -> 204.08303 | AE27: 10 | AF27: 1284 | AG27: 128.4 | AH27: =RANK(AG27, AG$27:AG$41) -> 6 | AI27: =AVERAGE(AG27:AG41) -> 205.86103 | AJ27: 10 | AK27: 1656 | AL27: 165.6 | AM27: =RANK(AL27, AL$27:AL$41) -> 4 | AN27: =AVERAGE(AL27:AL41) -> 216.72374 | AO27: 10 | AP27: 1320 | AQ27: 132 | AR27: =RANK(AQ27, AQ$27:AQ$41) -> 6 | AS27: =AVERAGE(AQ27:AQ41) -> 224.65981 | AT27: 10 | AU27: 1350 | AV27: 135 | AW27: =RANK(AV27, AV$27:AV$41) -> 5 | AX27: =AVERAGE(AV27:AV41) -> 209.97168
C28: 2 | D28: 雙饗雙手卷 | E28: 15 | F28: 1800 | G28: 120 | I28: =AVERAGE(P28,U28,Z28,AE28,AJ28,AO28,AT28) -> 12 | J28: =AVERAGE(Q28,V28,AA28,AF28,AK28,AP28,AU28) -> 1689.1459 | K28: =AVERAGE(R28,W28,AB28,AG28,AL28,AQ28,AV28) -> 140.76216 | M28: =RANK(K28, K$27:$K$41) -> 6 | P28: 12 | Q28: 1552.3636 | R28: 129.36364 | S28: =RANK(R28, R$27:R$41) -> 6 | U28: 12 | V28: 1634.4 | W28: 136.2 | X28: =RANK(W28, W$27:W$41) -> 5 | Z28: 12 | AA28: 1849.5 | AB28: 154.125 | AC28: =RANK(AB28, AB$27:AB$41) -> 4 | AE28: 12 | AF28: 1690.6667 | AG28: 140.88889 | AH28: =RANK(AG28, AG$27:AG$41) -> 5 | AJ28: 12 | AK28: 1712 | AL28: 142.66667 | AM28: =RANK(AL28, AL$27:AL$41) -> 6 | AO28: 12 | AP28: 1732.3636 | AQ28: 144.36364 | AR28: =RANK(AQ28, AQ$27:AQ$41) -> 5 | AT28: 12 | AU28: 1652.7273 | AV28: 137.72727 | AW28: =RANK(AV28, AV$27:AV$41) -> 4
C29: 3 | D29: 海饌雙手卷 | E29: 15 | F29: 1800 | G29: 120 | I29: =AVERAGE(P29,U29,Z29,AE29,AJ29,AO29,AT29) -> 12 | J29: =AVERAGE(Q29,V29,AA29,AF29,AK29,AP29,AU29) -> 1716.6039 | K29: =AVERAGE(R29,W29,AB29,AG29,AL29,AQ29,AV29) -> 143.05032 | M29: =RANK(K29, K$27:$K$41) -> 4 | P29: 12 | Q29: 1575.2727 | R29: 131.27273 | S29: =RANK(R29, R$27:R$41) -> 5 | U29: 12 | V29: 1594.8 | W29: 132.9 | X29: =RANK(W29, W$27:W$41) -> 6 | Z29: 12 | AA29: 1774.5 | AB29: 147.875 | AC29: =RANK(AB29, AB$27:AB$41) -> 5 | AE29: 12 | AF29: 1833 | AG29: 152.75 | AH29: =RANK(AG29, AG$27:AG$41) -> 4 | AJ29: 12 | AK29: 1830 | AL29: 152.5 | AM29: =RANK(AL29, AL$27:AL$41) -> 5 | AO29: 12 | AP29: 1831.2 | AQ29: 152.6 | AR29: =RANK(AQ29, AQ$27:AQ$41) -> 4 | AT29: 12 | AU29: 1577.4545 | AV29: 131.45455 | AW29: =RANK(AV29, AV$27:AV$41) -> 6
C30: 4 | D30: 芝麻海苔香鬆細卷 | E30: 6 | F30: 1500 | G30: 250 | I30: =AVERAGE(P30,U30,Z30,AE30,AJ30,AO30,AT30) -> 5.1428571 | J30: =AVERAGE(Q30,V30,AA30,AF30,AK30,AP30,AU30) -> 1345.3095 | K30: =AVERAGE(R30,W30,AB30,AG30,AL30,AQ30,AV30) -> 262.0619 | M30: =RANK(K30, K$27:$K$41) -> 3 | P30: 5 | Q30: 1386.6667 | R30: 277.33333 | S30: =RANK(R30, R$27:R$41) -> 3 | U30: 5 | V30: 1280 | W30: 256 | X30: =RANK(W30, W$27:W$41) -> 3 | Z30: 5 | AA30: 1240 | AB30: 248 | AC30: =RANK(AB30, AB$27:AB$41) -> 3 | AE30: 5 | AF30: 1320 | AG30: 264 | AH30: =RANK(AG30, AG$27:AG$41) -> 3 | AJ30: 5 | AK30: 1228 | AL30: 245.6 | AM30: =RANK(AL30, AL$27:AL$41) -> 3 | AO30: 5 | AP30: 1492.5 | AQ30: 298.5 | AR30: =RANK(AQ30, AQ$27:AQ$41) -> 3 | AT30: 6 | AU30: 1470 | AV30: 245 | AW30: =RANK(AV30, AV$27:AV$41) -> 3
C31: 5 | D31: 經典鮪魚沙拉細卷 | E31: 5 | F31: 1500 | G31: 300 | I31: =AVERAGE(P31,U31,Z31,AE31,AJ31,AO31,AT31) -> 5 | J31: =AVERAGE(Q31,V31,AA31,AF31,AK31,AP31,AU31) -> 1456.5621 | K31: =AVERAGE(R31,W31,AB31,AG31,AL31,AQ31,AV31) -> 291.31241 | M31: =RANK(K31, K$27:$K$41) -> 2 | P31: 5 | Q31: 1413.5 | R31: 282.7 | S31: =RANK(R31, R$27:R$41) -> 2 | U31: 5 | V31: 1420.3738 | W31: 284.07477 | X31: =RANK(W31, W$27:W$41) -> 2 | Z31: 5 | AA31: 1339.0909 | AB31: 267.81818 | AC31: =RANK(AB31, AB$27:AB$41) -> 2 | AE31: 5 | AF31: 1387.6364 | AG31: 277.52727 | AH31: =RANK(AG31, AG$27:AG$41) -> 1 | AJ31: 5 | AK31: 1547.3333 | AL31: 309.46667 | AM31: =RANK(AL31, AL$27:AL$41) -> 1 | AO31: 5 | AP31: 1572 | AQ31: 314.4 | AR31: =RANK(AQ31, AQ$27:AQ$41) -> 1 | AT31: 5 | AU31: 1516 | AV31: 303.2 | AW31: =RANK(AV31, AV$27:AV$41) -> 2
C32: 6 | D32: 香濃起司蟹風味棒細卷 | E32: 5 | F32: 1500 | G32: 300 | I32: =AVERAGE(P32,U32,Z32,AE32,AJ32,AO32,AT32) -> 5 | J32: =AVERAGE(Q32,V32,AA32,AF32,AK32,AP32,AU32) -> 1457.5339 | K32: =AVERAGE(R32,W32,AB32,AG32,AL32,AQ32,AV32) -> 291.50678 | M32: =RANK(K32, K$27:$K$41) -> 1 | P32: 5 | Q32: 1499.1667 | R32: 299.83333 | S32: =RANK(R32, R$27:R$41) -> 1 | U32: 5 | V32: 1496.3077 | W32: 299.26154 | X32: =RANK(W32, W$27:W$41) -> 1 | Z32: 5 | AA32: 1359 | AB32: 271.8 | AC32: =RANK(AB32, AB$27:AB$41) -> 1 | AE32: 5 | AF32: 1358 | AG32: 271.6 | AH32: =RANK(AG32, AG$27:AG$41) -> 2 | AJ32: 5 | AK32: 1422.5455 | AL32: 284.50909 | AM32: =RANK(AL32, AL$27:AL$41) -> 2 | AO32: 5 | AP32: 1530.4762 | AQ32: 306.09524 | AR32: =RANK(AQ32, AQ$27:AQ$41) -> 2 | AT32: 5 | AU32: 1537.2414 | AV32: 307.44828 | AW32: =RANK(AV32, AV$27:AV$41) -> 1
C33: 7 | M33: =RANK(K33, K$27:$K$41) -> #N/A | S33: =RANK(R33, R$27:R$41) -> #N/A | X33: =RANK(W33, W$27:W$41) -> #N/A | AC33: =RANK(AB33, AB$27:AB$41) -> #N/A | AH33: =RANK(AG33, AG$27:AG$41) -> #N/A | AM33: =RANK(AL33, AL$27:AL$41) -> #N/A | AR33: =RANK(AQ33, AQ$27:AQ$41) -> #N/A | AW33: =RANK(AV33, AV$27:AV$41) -> #N/A
C34: 8 | M34: =RANK(K34, K$27:$K$41) -> #N/A | S34: =RANK(R34, R$27:R$41) -> #N/A | X34: =RANK(W34, W$27:W$41) -> #N/A | AC34: =RANK(AB34, AB$27:AB$41) -> #N/A | AH34: =RANK(AG34, AG$27:AG$41) -> #N/A | AM34: =RANK(AL34, AL$27:AL$41) -> #N/A | AR34: =RANK(AQ34, AQ$27:AQ$41) -> #N/A | AW34: =RANK(AV34, AV$27:AV$41) -> #N/A
C35: 9 | M35: =RANK(K35, K$27:$K$41) -> #N/A | S35: =RANK(R35, R$27:R$41) -> #N/A | X35: =RANK(W35, W$27:W$41) -> #N/A | AC35: =RANK(AB35, AB$27:AB$41) -> #N/A | AH35: =RANK(AG35, AG$27:AG$41) -> #N/A | AM35: =RANK(AL35, AL$27:AL$41) -> #N/A | AR35: =RANK(AQ35, AQ$27:AQ$41) -> #N/A | AW35: =RANK(AV35, AV$27:AV$41) -> #N/A
C36: 10 | M36: =RANK(K36, K$27:$K$41) -> #N/A | S36: =RANK(R36, R$27:R$41) -> #N/A | X36: =RANK(W36, W$27:W$41) -> #N/A | AC36: =RANK(AB36, AB$27:AB$41) -> #N/A | AH36: =RANK(AG36, AG$27:AG$41) -> #N/A | AM36: =RANK(AL36, AL$27:AL$41) -> #N/A | AR36: =RANK(AQ36, AQ$27:AQ$41) -> #N/A | AW36: =RANK(AV36, AV$27:AV$41) -> #N/A
C37: 11 | M37: =RANK(K37, K$27:$K$41) -> #N/A | S37: =RANK(R37, R$27:R$41) -> #N/A | X37: =RANK(W37, W$27:W$41) -> #N/A | AC37: =RANK(AB37, AB$27:AB$41) -> #N/A | AH37: =RANK(AG37, AG$27:AG$41) -> #N/A | AM37: =RANK(AL37, AL$27:AL$41) -> #N/A | AR37: =RANK(AQ37, AQ$27:AQ$41) -> #N/A | AW37: =RANK(AV37, AV$27:AV$41) -> #N/A
C38: 12 | M38: =RANK(K38, K$27:$K$41) -> #N/A | S38: =RANK(R38, R$27:R$41) -> #N/A | X38: =RANK(W38, W$27:W$41) -> #N/A | AC38: =RANK(AB38, AB$27:AB$41) -> #N/A | AH38: =RANK(AG38, AG$27:AG$41) -> #N/A | AM38: =RANK(AL38, AL$27:AL$41) -> #N/A | AR38: =RANK(AQ38, AQ$27:AQ$41) -> #N/A | AW38: =RANK(AV38, AV$27:AV$41) -> #N/A
C39: 13 | M39: =RANK(K39, K$27:$K$41) -> #N/A | S39: =RANK(R39, R$27:R$41) -> #N/A | X39: =RANK(W39, W$27:W$41) -> #N/A | AC39: =RANK(AB39, AB$27:AB$41) -> #N/A | AH39: =RANK(AG39, AG$27:AG$41) -> #N/A | AM39: =RANK(AL39, AL$27:AL$41) -> #N/A | AR39: =RANK(AQ39, AQ$27:AQ$41) -> #N/A | AW39: =RANK(AV39, AV$27:AV$41) -> #N/A
C40: 14 | M40: =RANK(K40, K$27:$K$41) -> #N/A | S40: =RANK(R40, R$27:R$41) -> #N/A | X40: =RANK(W40, W$27:W$41) -> #N/A | AC40: =RANK(AB40, AB$27:AB$41) -> #N/A | AH40: =RANK(AG40, AG$27:AG$41) -> #N/A | AM40: =RANK(AL40, AL$27:AL$41) -> #N/A | AR40: =RANK(AQ40, AQ$27:AQ$41) -> #N/A | AW40: =RANK(AV40, AV$27:AV$41) -> #N/A
C41: 15 | M41: =RANK(K41, K$27:$K$41) -> #N/A | S41: =RANK(R41, R$27:R$41) -> #N/A | X41: =RANK(W41, W$27:W$41) -> #N/A | AC41: =RANK(AB41, AB$27:AB$41) -> #N/A | AH41: =RANK(AG41, AG$27:AG$41) -> #N/A | AM41: =RANK(AL41, AL$27:AL$41) -> #N/A | AR41: =RANK(AQ41, AQ$27:AQ$41) -> #N/A | AW41: =RANK(AV41, AV$27:AV$41) -> #N/A
B42: 產線配置圖－每週更新 | N42: 資料繳交 | O42: 日期 | P42: =P22+7 -> 45944 | U42: =P42+1 -> 45945 | Z42: =U42+1 -> 45946 | AE42: =Z42+1 -> 45947 | AJ42: =AE42+1 -> 45948 | AO42: =AJ42+1 -> 45949 | AT42: =AO42+1 -> 45950
P43: 二 | U43: 三 | Z43: 四 | AE43: 五 | AJ43: 六 | AO43: 日 | AT43: 一
B44: 品群 | C44: 商品名稱 | E44: 計畫 | H44: 平均人時性 | I44: 實績 | L44: 平均人時性 | M44: 排名 | O44: 日報 | P44: 實際 | T44: 平均人時性 | U44: 實際 | Y44: 平均人時性 | Z44: 實際 | AD44: 平均人時性 | AE44: 實際 | AI44: 平均人時性 | AJ44: 實際 | AN44: 平均人時性 | AO44: 實際 | AS44: 平均人時性 | AT44: 實際 | AX44: 平均人時性
E45: 產線配置圖 | I45: 產線配置圖 | P45: 生產實績 | U45: 生產實績 | Z45: 生產實績 | AE45: 生產實績 | AJ45: 生產實績 | AO45: 生產實績 | AT45: 生產實績
E46: 人數 | F46: 產能／時 | G46: 人時性 | I46: 人數 | J46: 產能／時 | K46: 人時性 | P46: 人數 | Q46: 產能／時 | R46: 人時性 | S46: 排名 | U46: 人數 | V46: 產能／時 | W46: 人時性 | X46: 排名 | Z46: 人數 | AA46: 產能／時 | AB46: 人時性 | AC46: 排名 | AE46: 人數 | AF46: 產能／時 | AG46: 人時性 | AH46: 排名 | AJ46: 人數 | AK46: 產能／時 | AL46: 人時性 | AM46: 排名 | AO46: 人數 | AP46: 產能／時 | AQ46: 人時性 | AR46: 排名 | AT46: 人數 | AU46: 產能／時 | AV46: 人時性 | AW46: 排名
B47: 18℃-壽司手卷 | C47: 1 | D47: 長野稻荷壽司 | E47: 10 | F47: 1500 | G47: 150 | H47: =AVERAGE(G47:G61) -> 195.71429 | I47: =AVERAGE(P47,U47,Z47,AE47,AJ47,AO47,AT47) -> 10 | J47: =AVERAGE(Q47,V47,AA47,AF47,AK47,AP47,AU47) -> 1492.6 | K47: =AVERAGE(R47,W47,AB47,AG47,AL47,AQ47,AV47) -> 149.26 | L47: =IFERROR(AVERAGE(K47:K61),"-") -> 201.12798 | M47: =RANK(K47, K$47:$K$61) -> 4 | P47: 10 | Q47: 1490.4 | R47: 149.04 | S47: =RANK(R47, R$47:R$61) -> 6 | T47: =AVERAGE(R47:R61) -> 203.99916 | U47: 10 | V47: 1526.4 | W47: 152.64 | X47: =RANK(W47, W$47:W$61) -> 4 | Y47: =AVERAGE(W47:W61) -> 201.01521 | Z47: 10 | AA47: 1210 | AB47: 121 | AC47: =RANK(AB47, AB$47:AB$61) -> 6 | AD47: =AVERAGE(AB47:AB61) -> 193.78839 | AE47: 10 | AF47: 1575 | AG47: 157.5 | AH47: =RANK(AG47, AG$47:AG$61) -> 4 | AI47: =AVERAGE(AG47:AG61) -> 200.98485 | AJ47: 10 | AK47: 1584 | AL47: 158.4 | AM47: =RANK(AL47, AL$47:AL$61) -> 4 | AN47: =AVERAGE(AL47:AL61) -> 202.72983 | AO47: 10 | AP47: 1514.4 | AQ47: 151.44 | AR47: =RANK(AQ47, AQ$47:AQ$61) -> 4 | AS47: =AVERAGE(AQ47:AQ61) -> 203.93723 | AT47: 10 | AU47: 1548 | AV47: 154.8 | AW47: =RANK(AV47, AV$47:AV$61) -> 5 | AX47: =AVERAGE(AV47:AV61) -> 201.44117
C48: 2 | D48: 雙饗雙手卷 | E48: 15 | F48: 1800 | G48: 120 | I48: =AVERAGE(P48,U48,Z48,AE48,AJ48,AO48,AT48) -> 12 | J48: =AVERAGE(Q48,V48,AA48,AF48,AK48,AP48,AU48) -> 1776.0398 | K48: =AVERAGE(R48,W48,AB48,AG48,AL48,AQ48,AV48) -> 148.00332 | M48: =RANK(K48, K$47:$K$61) -> 5 | P48: 12 | Q48: 1813.2 | R48: 151.1 | S48: =RANK(R48, R$47:R$61) -> 5 | U48: 12 | V48: 1819.2 | W48: 151.6 | X48: =RANK(W48, W$47:W$61) -> 5 | Z48: 12 | AA48: 1672.3636 | AB48: 139.36364 | AC48: =RANK(AB48, AB$47:AB$61) -> 4 | AE48: 12 | AF48: 1824 | AG48: 152 | AH48: =RANK(AG48, AG$47:AG$61) -> 5 | AJ48: 12 | AK48: 1725.3333 | AL48: 143.77778 | AM48: =RANK(AL48, AL$47:AL$61) -> 5 | AO48: 12 | AP48: 1813.0909 | AQ48: 151.09091 | AR48: =RANK(AQ48, AQ$47:AQ$61) -> 5 | AT48: 12 | AU48: 1765.0909 | AV48: 147.09091 | AW48: =RANK(AV48, AV$47:AV$61) -> 6
C49: 3 | D49: 海饌雙手卷 | E49: 15 | F49: 1800 | G49: 120 | I49: =AVERAGE(P49,U49,Z49,AE49,AJ49,AO49,AT49) -> 12 | J49: =AVERAGE(Q49,V49,AA49,AF49,AK49,AP49,AU49) -> 1761.4996 | K49: =AVERAGE(R49,W49,AB49,AG49,AL49,AQ49,AV49) -> 146.79163 | M49: =RANK(K49, K$47:$K$61) -> 6 | P49: 12 | Q49: 1827.6 | R49: 152.3 | S49: =RANK(R49, R$47:R$61) -> 4 | U49: 12 | V49: 1794 | W49: 149.5 | X49: =RANK(W49, W$47:W$61) -> 6 | Z49: 12 | AA49: 1663.6364 | AB49: 138.63636 | AC49: =RANK(AB49, AB$47:AB$61) -> 5 | AE49: 12 | AF49: 1750.6667 | AG49: 145.88889 | AH49: =RANK(AG49, AG$47:AG$61) -> 6 | AJ49: 12 | AK49: 1666.6667 | AL49: 138.88889 | AM49: =RANK(AL49, AL$47:AL$61) -> 6 | AO49: 12 | AP49: 1760.7273 | AQ49: 146.72727 | AR49: =RANK(AQ49, AQ$47:AQ$61) -> 6 | AT49: 12 | AU49: 1867.2 | AV49: 155.6 | AW49: =RANK(AV49, AV$47:AV$61) -> 4
C50: 4 | D50: 雙鬆細卷 | E50: 5 | F50: 1500 | G50: 300 | I50: =AVERAGE(P50,U50,Z50,AE50,AJ50,AO50,AT50) -> 5.4285714 | J50: =AVERAGE(Q50,V50,AA50,AF50,AK50,AP50,AU50) -> 1508.9447 | K50: =AVERAGE(R50,W50,AB50,AG50,AL50,AQ50,AV50) -> 279.50808 | M50: =RANK(K50, K$47:$K$61) -> 3 | P50: 5 | Q50: 1462.8 | R50: 292.56 | S50: =RANK(R50, R$47:R$61) -> 2 | U50: 6 | V50: 1579.7468 | W50: 263.29114 | X50: =RANK(W50, W$47:W$61) -> 3 | Z50: 6 | AA50: 1540.5 | AB50: 256.75 | AC50: =RANK(AB50, AB$47:AB$61) -> 3 | AE50: 5 | AF50: 1467.4286 | AG50: 293.48571 | AH50: =RANK(AG50, AG$47:AG$61) -> 1 | AJ50: 5 | AK50: 1489.901 | AL50: 297.9802 | AM50: =RANK(AL50, AL$47:AL$61) -> 2 | AO50: 5 | AP50: 1463.5 | AQ50: 292.7 | AR50: =RANK(AQ50, AQ$47:AQ$61) -> 3 | AT50: 6 | AU50: 1558.7368 | AV50: 259.78947 | AW50: =RANK(AV50, AV$47:AV$61) -> 3
C51: 5 | D51: 經典鮪魚沙拉細卷 | E51: 5 | F51: 1500 | G51: 300 | I51: =AVERAGE(P51,U51,Z51,AE51,AJ51,AO51,AT51) -> 5 | J51: =AVERAGE(Q51,V51,AA51,AF51,AK51,AP51,AU51) -> 1499.5967 | K51: =AVERAGE(R51,W51,AB51,AG51,AL51,AQ51,AV51) -> 299.91933 | M51: =RANK(K51, K$47:$K$61) -> 1 | P51: 5 | Q51: 1513.8 | R51: 302.76 | S51: =RANK(R51, R$47:R$61) -> 1 | U51: 5 | V51: 1519.4118 | W51: 303.88235 | X51: =RANK(W51, W$47:W$61) -> 1 | Z51: 5 | AA51: 1536.1538 | AB51: 307.23077 | AC51: =RANK(AB51, AB$47:AB$61) -> 2 | AE51: 5 | AF51: 1426.1538 | AG51: 285.23077 | AH51: =RANK(AG51, AG$47:AG$61) -> 3 | AJ51: 5 | AK51: 1480.8 | AL51: 296.16 | AM51: =RANK(AL51, AL$47:AL$61) -> 3 | AO51: 5 | AP51: 1500.8571 | AQ51: 300.17143 | AR51: =RANK(AQ51, AQ$47:AQ$61) -> 1 | AT51: 5 | AU51: 1520 | AV51: 304 | AW51: =RANK(AV51, AV$47:AV$61) -> 1
C52: 6 | D52: 香濃起司蟹風味棒細卷 | E52: 5 | F52: 1500 | G52: 300 | I52: =AVERAGE(P52,U52,Z52,AE52,AJ52,AO52,AT52) -> 5 | J52: =AVERAGE(Q52,V52,AA52,AF52,AK52,AP52,AU52) -> 1492.0985 | K52: =AVERAGE(R52,W52,AB52,AG52,AL52,AQ52,AV52) -> 298.41971 | M52: =RANK(K52, K$47:$K$61) -> 2 | P52: 5 | Q52: 1443 | R52: 288.6 | S52: =RANK(R52, R$47:R$61) -> 3 | U52: 5 | V52: 1505.4545 | W52: 301.09091 | X52: =RANK(W52, W$47:W$61) -> 2 | Z52: 5 | AA52: 1543.2 | AB52: 308.64 | AC52: =RANK(AB52, AB$47:AB$61) -> 1 | AE52: 5 | AF52: 1443.6 | AG52: 288.72 | AH52: =RANK(AG52, AG$47:AG$61) -> 2 | AJ52: 5 | AK52: 1493.617 | AL52: 298.7234 | AM52: =RANK(AL52, AL$47:AL$61) -> 1 | AO52: 5 | AP52: 1497.8182 | AQ52: 299.56364 | AR52: =RANK(AQ52, AQ$47:AQ$61) -> 2 | AT52: 5 | AU52: 1518 | AV52: 303.6 | AW52: =RANK(AV52, AV$47:AV$61) -> 2
C53: 7 | D53: 滿滿海鮮沙拉脆卷 | E53: 15 | F53: 1200 | G53: 80 | I53: =AVERAGE(P53,U53,Z53,AE53,AJ53,AO53,AT53) -> 13.857143 | J53: =AVERAGE(Q53,V53,AA53,AF53,AK53,AP53,AU53) -> 1190.8222 | K53: =AVERAGE(R53,W53,AB53,AG53,AL53,AQ53,AV53) -> 85.993768 | M53: =RANK(K53, K$47:$K$61) -> 7 | P53: 13 | Q53: 1191.2432 | R53: 91.634096 | S53: =RANK(R53, R$47:R$61) -> 7 | U53: 14 | V53: 1191.4286 | W53: 85.102041 | X53: =RANK(W53, W$47:W$61) -> 7 | Z53: 14 | AA53: 1188.5714 | AB53: 84.897959 | AC53: =RANK(AB53, AB$47:AB$61) -> 7 | AE53: 14 | AF53: 1176.96 | AG53: 84.068571 | AH53: =RANK(AG53, AG$47:AG$61) -> 7 | AJ53: 14 | AK53: 1192.5 | AL53: 85.178571 | AM53: =RANK(AL53, AL$47:AL$61) -> 7 | AO53: 14 | AP53: 1202.1429 | AQ53: 85.867347 | AR53: =RANK(AQ53, AQ$47:AQ$61) -> 7 | AT53: 14 | AU53: 1192.9091 | AV53: 85.207792 | AW53: =RANK(AV53, AV$47:AV$61) -> 7
C54: 8 | M54: =RANK(K54, K$47:$K$61) -> #N/A | S54: =RANK(R54, R$47:R$61) -> #N/A | X54: =RANK(W54, W$47:W$61) -> #N/A | AC54: =RANK(AB54, AB$47:AB$61) -> #N/A | AH54: =RANK(AG54, AG$47:AG$61) -> #N/A | AM54: =RANK(AL54, AL$47:AL$61) -> #N/A | AR54: =RANK(AQ54, AQ$47:AQ$61) -> #N/A | AW54: =RANK(AV54, AV$47:AV$61) -> #N/A
C55: 9 | M55: =RANK(K55, K$47:$K$61) -> #N/A | S55: =RANK(R55, R$47:R$61) -> #N/A | X55: =RANK(W55, W$47:W$61) -> #N/A | AC55: =RANK(AB55, AB$47:AB$61) -> #N/A | AH55: =RANK(AG55, AG$47:AG$61) -> #N/A | AM55: =RANK(AL55, AL$47:AL$61) -> #N/A | AR55: =RANK(AQ55, AQ$47:AQ$61) -> #N/A | AW55: =RANK(AV55, AV$47:AV$61) -> #N/A
C56: 10 | M56: =RANK(K56, K$47:$K$61) -> #N/A | S56: =RANK(R56, R$47:R$61) -> #N/A | X56: =RANK(W56, W$47:W$61) -> #N/A | AC56: =RANK(AB56, AB$47:AB$61) -> #N/A | AH56: =RANK(AG56, AG$47:AG$61) -> #N/A | AM56: =RANK(AL56, AL$47:AL$61) -> #N/A | AR56: =RANK(AQ56, AQ$47:AQ$61) -> #N/A | AW56: =RANK(AV56, AV$47:AV$61) -> #N/A
C57: 11 | M57: =RANK(K57, K$47:$K$61) -> #N/A | S57: =RANK(R57, R$47:R$61) -> #N/A | X57: =RANK(W57, W$47:W$61) -> #N/A | AC57: =RANK(AB57, AB$47:AB$61) -> #N/A | AH57: =RANK(AG57, AG$47:AG$61) -> #N/A | AM57: =RANK(AL57, AL$47:AL$61) -> #N/A | AR57: =RANK(AQ57, AQ$47:AQ$61) -> #N/A | AW57: =RANK(AV57, AV$47:AV$61) -> #N/A
C58: 12 | M58: =RANK(K58, K$47:$K$61) -> #N/A | S58: =RANK(R58, R$47:R$61) -> #N/A | X58: =RANK(W58, W$47:W$61) -> #N/A | AC58: =RANK(AB58, AB$47:AB$61) -> #N/A | AH58: =RANK(AG58, AG$47:AG$61) -> #N/A | AM58: =RANK(AL58, AL$47:AL$61) -> #N/A | AR58: =RANK(AQ58, AQ$47:AQ$61) -> #N/A | AW58: =RANK(AV58, AV$47:AV$61) -> #N/A
C59: 13 | M59: =RANK(K59, K$47:$K$61) -> #N/A | S59: =RANK(R59, R$47:R$61) -> #N/A | X59: =RANK(W59, W$47:W$61) -> #N/A | AC59: =RANK(AB59, AB$47:AB$61) -> #N/A | AH59: =RANK(AG59, AG$47:AG$61) -> #N/A | AM59: =RANK(AL59, AL$47:AL$61) -> #N/A | AR59: =RANK(AQ59, AQ$47:AQ$61) -> #N/A | AW59: =RANK(AV59, AV$47:AV$61) -> #N/A
C60: 14 | M60: =RANK(K60, K$47:$K$61) -> #N/A | S60: =RANK(R60, R$47:R$61) -> #N/A | X60: =RANK(W60, W$47:W$61) -> #N/A | AC60: =RANK(AB60, AB$47:AB$61) -> #N/A | AH60: =RANK(AG60, AG$47:AG$61) -> #N/A | AM60: =RANK(AL60, AL$47:AL$61) -> #N/A | AR60: =RANK(AQ60, AQ$47:AQ$61) -> #N/A | AW60: =RANK(AV60, AV$47:AV$61) -> #N/A
C61: 15 | M61: =RANK(K61, K$47:$K$61) -> #N/A | S61: =RANK(R61, R$47:R$61) -> #N/A | X61: =RANK(W61, W$47:W$61) -> #N/A | AC61: =RANK(AB61, AB$47:AB$61) -> #N/A | AH61: =RANK(AG61, AG$47:AG$61) -> #N/A | AM61: =RANK(AL61, AL$47:AL$61) -> #N/A | AR61: =RANK(AQ61, AQ$47:AQ$61) -> #N/A | AW61: =RANK(AV61, AV$47:AV$61) -> #N/A
B62: 產線配置圖－每週更新 | N62: 資料繳交 | O62: 日期 | P62: =P42+7 -> 45951 | U62: =P62+1 -> 45952 | Z62: =U62+1 -> 45953 | AE62: =Z62+1 -> 45954 | AJ62: =AE62+1 -> 45955 | AO62: =AJ62+1 -> 45956 | AT62: =AO62+1 -> 45957
P63: 二 | U63: 三 | Z63: 四 | AE63: 五 | AJ63: 六 | AO63: 日 | AT63: 一
B64: 品群 | C64: 商品名稱 | E64: 計畫 | H64: 平均人時性 | I64: 實績 | L64: 平均人時性 | M64: 排名 | O64: 日報 | P64: 實際 | T64: 平均人時性 | U64: 實際 | Y64: 平均人時性 | Z64: 實際 | AD64: 平均人時性 | AE64: 實際 | AI64: 平均人時性 | AJ64: 實際 | AN64: 平均人時性 | AO64: 實際 | AS64: 平均人時性 | AT64: 實際 | AX64: 平均人時性
E65: 產線配置圖 | I65: 產線配置圖 | P65: 生產實績 | U65: 生產實績 | Z65: 生產實績 | AE65: 生產實績 | AJ65: 生產實績 | AO65: 生產實績 | AT65: 生產實績
E66: 人數 | F66: 產能／時 | G66: 人時性 | I66: 人數 | J66: 產能／時 | K66: 人時性 | P66: 人數 | Q66: 產能／時 | R66: 人時性 | S66: 排名 | U66: 人數 | V66: 產能／時 | W66: 人時性 | X66: 排名 | Z66: 人數 | AA66: 產能／時 | AB66: 人時性 | AC66: 排名 | AE66: 人數 | AF66: 產能／時 | AG66: 人時性 | AH66: 排名 | AJ66: 人數 | AK66: 產能／時 | AL66: 人時性 | AM66: 排名 | AO66: 人數 | AP66: 產能／時 | AQ66: 人時性 | AR66: 排名 | AT66: 人數 | AU66: 產能／時 | AV66: 人時性 | AW66: 排名
B67: 18℃-壽司手卷 | C67: 1 | D67: 長野稻荷壽司 | E67: 10 | F67: 1500 | G67: 150 | H67: =AVERAGE(G67:G81) -> 181.25 | I67: =AVERAGE(P67,U67,Z67,AE67,AJ67,AO67,AT67) -> 10 | J67: =AVERAGE(Q67,V67,AA67,AF67,AK67,AP67,AU67) -> 1123.3554 | K67: =AVERAGE(R67,W67,AB67,AG67,AL67,AQ67,AV67) -> 112.33554 | L67: =IFERROR(AVERAGE(K67:K81),"-") -> 181.881 | M67: =RANK(K67, K$67:$K$81) -> 6 | P67: 10 | Q67: 1028.5714 | R67: 102.85714 | S67: =RANK(R67, R$67:R$81) -> 6 | T67: =AVERAGE(R67:R81) -> 186.50341 | U67: 10 | V67: 1038.8571 | W67: 103.88571 | X67: =RANK(W67, W$67:W$81) -> 6 | Y67: =AVERAGE(W67:W81) -> 183.57771 | Z67: 10 | AA67: 1142.6087 | AB67: 114.26087 | AC67: =RANK(AB67, AB$67:AB$81) -> 6 | AD67: =AVERAGE(AB67:AB81) -> 178.46654 | AE67: 10 | AF67: 1180 | AG67: 118 | AH67: =RANK(AG67, AG$67:AG$81) -> 6 | AI67: =AVERAGE(AG67:AG81) -> 182.28374 | AJ67: 10 | AK67: 1171.4286 | AL67: 117.14286 | AM67: =RANK(AL67, AL$67:AL$81) -> 6 | AN67: =AVERAGE(AL67:AL81) -> 181.08188 | AO67: 10 | AP67: 1009.7143 | AQ67: 100.97143 | AR67: =RANK(AQ67, AQ$67:AQ$81) -> 6 | AS67: =AVERAGE(AQ67:AQ81) -> 178.93827 | AT67: 10 | AU67: 1292.3077 | AV67: 129.23077 | AW67: =RANK(AV67, AV$67:AV$81) -> 6 | AX67: =AVERAGE(AV67:AV81) -> 182.31541
C68: 2 | D68: 雙饗雙手卷 | E68: 15 | F68: 1800 | G68: 120 | I68: =AVERAGE(P68,U68,Z68,AE68,AJ68,AO68,AT68) -> 12 | J68: =AVERAGE(Q68,V68,AA68,AF68,AK68,AP68,AU68) -> 1744.1472 | K68: =AVERAGE(R68,W68,AB68,AG68,AL68,AQ68,AV68) -> 145.3456 | M68: =RANK(K68, K$67:$K$81) -> 5 | P68: 12 | Q68: 1803.6 | R68: 150.3 | S68: =RANK(R68, R$67:R$81) -> 5 | U68: 12 | V68: 1754.4 | W68: 146.2 | X68: =RANK(W68, W$67:W$81) -> 5 | Z68: 12 | AA68: 1697.3333 | AB68: 141.44444 | AC68: =RANK(AB68, AB$67:AB$81) -> 5 | AE68: 12 | AF68: 1701.3333 | AG68: 141.77778 | AH68: =RANK(AG68, AG$67:AG$81) -> 5 | AJ68: 12 | AK68: 1720 | AL68: 143.33333 | AM68: =RANK(AL68, AL$67:AL$81) -> 5 | AO68: 12 | AP68: 1708.3636 | AQ68: 142.36364 | AR68: =RANK(AQ68, AQ$67:AQ$81) -> 5 | AT68: 12 | AU68: 1824 | AV68: 152 | AW68: =RANK(AV68, AV$67:AV$81) -> 5
C69: 3 | D69: 海饌雙手卷 | E69: 15 | F69: 1800 | G69: 120 | I69: =AVERAGE(P69,U69,Z69,AE69,AJ69,AO69,AT69) -> 12 | J69: =AVERAGE(Q69,V69,AA69,AF69,AK69,AP69,AU69) -> 1802.0952 | K69: =AVERAGE(R69,W69,AB69,AG69,AL69,AQ69,AV69) -> 150.1746 | M69: =RANK(K69, K$67:$K$81) -> 4 | P69: 12 | Q69: 1827.6 | R69: 152.3 | S69: =RANK(R69, R$67:R$81) -> 4 | U69: 12 | V69: 1756.8 | W69: 146.4 | X69: =RANK(W69, W$67:W$81) -> 4 | Z69: 12 | AA69: 1704 | AB69: 142 | AC69: =RANK(AB69, AB$67:AB$81) -> 4 | AE69: 12 | AF69: 1730.6667 | AG69: 144.22222 | AH69: =RANK(AG69, AG$67:AG$81) -> 4 | AJ69: 12 | AK69: 1872 | AL69: 156 | AM69: =RANK(AL69, AL$67:AL$81) -> 4 | AO69: 12 | AP69: 1874.4 | AQ69: 156.2 | AR69: =RANK(AQ69, AQ$67:AQ$81) -> 4 | AT69: 12 | AU69: 1849.2 | AV69: 154.1 | AW69: =RANK(AV69, AV$67:AV$81) -> 4
C70: 4 | D70: 雙鬆細卷 | E70: 5 | F70: 1500 | G70: 300 | I70: =AVERAGE(P70,U70,Z70,AE70,AJ70,AO70,AT70) -> 5.5714286 | J70: =AVERAGE(Q70,V70,AA70,AF70,AK70,AP70,AU70) -> 1496.7661 | K70: =AVERAGE(R70,W70,AB70,AG70,AL70,AQ70,AV70) -> 270.65296 | M70: =RANK(K70, K$67:$K$81) -> 3 | P70: 5 | Q70: 1491 | R70: 298.2 | S70: =RANK(R70, R$67:R$81) -> 2 | U70: 5 | V70: 1494.6 | W70: 298.92 | X70: =RANK(W70, W$67:W$81) -> 1 | Z70: 6 | AA70: 1520.4706 | AB70: 253.41176 | AC70: =RANK(AB70, AB$67:AB$81) -> 3 | AE70: 5 | AF70: 1464.7059 | AG70: 292.94118 | AH70: =RANK(AG70, AG$67:AG$81) -> 1 | AJ70: 6 | AK70: 1527.4286 | AL70: 254.57143 | AM70: =RANK(AL70, AL$67:AL$81) -> 3 | AO70: 6 | AP70: 1431.1579 | AQ70: 238.52632 | AR70: =RANK(AQ70, AQ$67:AQ$81) -> 3 | AT70: 6 | AU70: 1548 | AV70: 258 | AW70: =RANK(AV70, AV$67:AV$81) -> 3
C71: 5 | D71: 經典鮪魚沙拉細卷 | E71: 5 | F71: 1500 | G71: 300 | I71: =AVERAGE(P71,U71,Z71,AE71,AJ71,AO71,AT71) -> 5 | J71: =AVERAGE(Q71,V71,AA71,AF71,AK71,AP71,AU71) -> 1503.9533 | K71: =AVERAGE(R71,W71,AB71,AG71,AL71,AQ71,AV71) -> 300.79066 | M71: =RANK(K71, K$67:$K$81) -> 1 | P71: 5 | Q71: 1482.4 | R71: 296.48 | S71: =RANK(R71, R$67:R$81) -> 3 | U71: 5 | V71: 1494.1667 | W71: 298.83333 | X71: =RANK(W71, W$67:W$81) -> 2 | Z71: 5 | AA71: 1521.4286 | AB71: 304.28571 | AC71: =RANK(AB71, AB$67:AB$81) -> 2 | AE71: 5 | AF71: 1429.0909 | AG71: 285.81818 | AH71: =RANK(AG71, AG$67:AG$81) -> 3 | AJ71: 5 | AK71: 1525.2 | AL71: 305.04 | AM71: =RANK(AL71, AL$67:AL$81) -> 1 | AO71: 5 | AP71: 1557 | AQ71: 311.4 | AR71: =RANK(AQ71, AQ$67:AQ$81) -> 1 | AT71: 5 | AU71: 1518.3871 | AV71: 303.67742 | AW71: =RANK(AV71, AV$67:AV$81) -> 1
C72: 6 | D72: 香濃起司蟹風味棒細卷 | E72: 5 | F72: 1500 | G72: 300 | I72: =AVERAGE(P72,U72,Z72,AE72,AJ72,AO72,AT72) -> 5 | J72: =AVERAGE(Q72,V72,AA72,AF72,AK72,AP72,AU72) -> 1468.0333 | K72: =AVERAGE(R72,W72,AB72,AG72,AL72,AQ72,AV72) -> 293.60666 | M72: =RANK(K72, K$67:$K$81) -> 2 | P72: 5 | Q72: 1533.6 | R72: 306.72 | S72: =RANK(R72, R$67:R$81) -> 1 | U72: 5 | V72: 1435.2 | W72: 287.04 | X72: =RANK(W72, W$67:W$81) -> 3 | Z72: 5 | AA72: 1533.5294 | AB72: 306.70588 | AC72: =RANK(AB72, AB$67:AB$81) -> 1 | AE72: 5 | AF72: 1461.1765 | AG72: 292.23529 | AH72: =RANK(AG72, AG$67:AG$81) -> 2 | AJ72: 5 | AK72: 1432.7273 | AL72: 286.54545 | AM72: =RANK(AL72, AL$67:AL$81) -> 2 | AO72: 5 | AP72: 1489.3333 | AQ72: 297.86667 | AR72: =RANK(AQ72, AQ$67:AQ$81) -> 2 | AT72: 5 | AU72: 1390.6667 | AV72: 278.13333 | AW72: =RANK(AV72, AV$67:AV$81) -> 2
C73: 7 | D73: 滿滿海鮮沙拉脆卷 | E73: 15 | F73: 1200 | G73: 80 | I73: =AVERAGE(P73,U73,Z73,AE73,AJ73,AO73,AT73) -> 12.857143 | J73: =AVERAGE(Q73,V73,AA73,AF73,AK73,AP73,AU73) -> 1141.3181 | K73: =AVERAGE(R73,W73,AB73,AG73,AL73,AQ73,AV73) -> 88.535171 | M73: =RANK(K73, K$67:$K$81) -> 8 | P73: 13 | Q73: 1182.5455 | R73: 90.965035 | S73: =RANK(R73, R$67:R$81) -> 8 | U73: 13 | V73: 1205.4545 | W73: 92.727273 | X73: =RANK(W73, W$67:W$81) -> 8 | Z73: 12 | AA73: 809.68421 | AB73: 67.473684 | AC73: =RANK(AB73, AB$67:AB$81) -> 8 | AE73: 13 | AF73: 1183.0588 | AG73: 91.004525 | AH73: =RANK(AG73, AG$67:AG$81) -> 8 | AJ73: 13 | AK73: 1204.2857 | AL73: 92.637363 | AM73: =RANK(AL73, AL$67:AL$81) -> 8 | AO73: 13 | AP73: 1194.3158 | AQ73: 91.870445 | AR73: =RANK(AQ73, AQ$67:AQ$81) -> 8 | AT73: 13 | AU73: 1209.8824 | AV73: 93.067873 | AW73: =RANK(AV73, AV$67:AV$81) -> 7
C74: 8 | D74: 明太子玉子脆卷 | E74: 15 | F74: 1200 | G74: 80 | I74: =AVERAGE(P74,U74,Z74,AE74,AJ74,AO74,AT74) -> 12.857143 | J74: =AVERAGE(Q74,V74,AA74,AF74,AK74,AP74,AU74) -> 1202.8667 | K74: =AVERAGE(R74,W74,AB74,AG74,AL74,AQ74,AV74) -> 93.606777 | M74: =RANK(K74, K$67:$K$81) -> 7 | P74: 13 | Q74: 1224.6667 | R74: 94.205128 | S74: =RANK(R74, R$67:R$81) -> 7 | U74: 13 | V74: 1230 | W74: 94.615385 | X74: =RANK(W74, W$67:W$81) -> 7 | Z74: 12 | AA74: 1177.8 | AB74: 98.15 | AC74: =RANK(AB74, AB$67:AB$81) -> 7 | AE74: 13 | AF74: 1199.52 | AG74: 92.270769 | AH74: =RANK(AG74, AG$67:AG$81) -> 7 | AJ74: 13 | AK74: 1214 | AL74: 93.384615 | AM74: =RANK(AL74, AL$67:AL$81) -> 7 | AO74: 13 | AP74: 1200 | AQ74: 92.307692 | AR74: =RANK(AQ74, AQ$67:AQ$81) -> 7 | AT74: 13 | AU74: 1174.08 | AV74: 90.313846 | AW74: =RANK(AV74, AV$67:AV$81) -> 8
