Workbook

Sheet 填寫舉例
A2: 7 | B2: 月別 | C2: 工廠名 | D2: ・・・・・・・・
A4: （１）收支狀況 | E4: ※單位：千元 | G4: （２）ＫＰＩ達成進度 | M4: （３）業績構成比 | S4: （４）訂單數量構成比
B5: 當月 | C5: 前月 | D5: 差異 | E5: 累計 | H5: KPI | I5: 當月 | J5: 前月 | K5: 累計 | L5: ※補充 | N5: 當月 | O5: 比例 | P5: 前月 | Q5: 差異 | T5: 當月 | U5: 比例 | V5: 前月 | W5: 差異
A6: 業績金額 | B6: 500000 | C6: 510000 | D6: =B6-C6 -> -10000 | E6: =B6+C6 -> 1010000 | G6: 人時生產性1 | H6: 110 | I6: 100 | J6: 90 | L6: 個／MH | M6: 飯糰 | N6: 150000 | O6: =IFERROR(N6/$B$6,"") -> 0.3 | P6: 0.4 | Q6: =IFERROR(O6-P6,"") -> -0.1 | S6: 飯糰 | T6: 35000 | U6: =IFERROR(T6/$B$7,"") -> 0.35 | V6: 0.3 | W6: =IFERROR(U6-V6,"") -> 0.05
A7: 訂單數量 | B7: 100000 | C7: 110000 | D7: =B7-C7 -> -10000 | E7: =B7+C7 -> 210000 | G7: 人時生產性2 | H7: 0.8 | I7: 0.85 | J7: 0.81 | K7: 0.84 | L7: 達成率 | M7: 大口飯糰 | N7: 100000 | O7: =IFERROR(N7/$B$6,"") -> 0.2 | P7: 0.15 | Q7: =IFERROR(O7-P7,"") -> 0.05 | S7: 大口飯糰 | T7: 30000 | U7: =IFERROR(T7/$B$7,"") -> 0.3 | V7: 0.15 | W7: =IFERROR(U7-V7,"") -> 0.15
A8: 材料費 | B8: 250000 | C8: 260000 | D8: =B8-C8 -> -10000 | E8: =B8+C8 -> 510000 | G8: 半成品報廢 | H8: 0.0025 | I8: 0.0024 | J8: 0.0023 | K8: 0.00235 | L8: 報廢率 | M8: 便當 | N8: 160000 | O8: =IFERROR(N8/$B$6,"") -> 0.32 | P8: 0.28 | Q8: =IFERROR(O8-P8,"") -> 0.04 | S8: 便當 | T8: 20000 | U8: =IFERROR(T8/$B$7,"") -> 0.2 | V8: 0.28 | W8: =IFERROR(U8-V8,"") -> -0.08
A9: 材料費率 | B9: =B8/B6 -> 0.5 | C9: =C8/C6 -> 0.50980392 | D9: =B9-C9 -> -0.0098039216 | E9: =(B9+C9)/2 -> 0.50490196 | G9: 半成品超用 | H9: 0.006 | I9: 0.009 | J9: 0.0095 | K9: 0.0092 | L9: 超用率 | M9: 調理麵 | N9: 90000 | O9: =IFERROR(N9/$B$6,"") -> 0.18 | P9: 0.17 | Q9: =IFERROR(O9-P9,"") -> 0.01 | S9: 調理麵 | T9: 15000 | U9: =IFERROR(T9/$B$7,"") -> 0.15 | V9: 0.27 | W9: =IFERROR(U9-V9,"") -> -0.12
A10: 勞務成本 | B10: 100000 | C10: 105000 | D10: =B10-C10 -> -5000 | E10: =B10+C10 -> 205000 | G10: 固定產線 | H10: 0.95 | I10: 0.9 | J10: 0.92 | K10: 0.91 | L10: 導入率 | M10: 調理麵包 | N10: - | O10: =IFERROR(N10/$B$6,"") | P10: -% | Q10: =IFERROR(O10-P10,"") | S10: 調理麵包 | T10: - | U10: =IFERROR(T10/$B$7,"") | V10: -% | W10: =IFERROR(U10-V10,"")
A11: 勞務費率 | B11: =B10/B6 -> 0.2 | C11: =C10/C6 -> 0.20588235 | D11: =B11-C11 -> -0.0058823529 | E11: =(B11+C11)/2 -> 0.20294118 | G11: 教育訓練 | H11: 0.8 | I11: 0.85 | J11: 1 | K11: 0.92 | L11: 實施率 | M11: 袋裝調理麵包 | N11: - | O11: =IFERROR(N11/$B$6,"") | P11: -% | Q11: =IFERROR(O11-P11,"") | S11: 袋裝調理麵包 | T11: - | U11: =IFERROR(T11/$B$7,"") | V11: -% | W11: =IFERROR(U11-V11,"")
M12: 義大利麵 | N12: - | O12: =IFERROR(N12/$B$6,"") | P12: -% | Q12: =IFERROR(O12-P12,"") | S12: 義大利麵 | T12: - | U12: =IFERROR(T12/$B$7,"") | V12: -% | W12: =IFERROR(U12-V12,"")
A13: （５）品群別人時生產性 | M13: 調理包 | N13: - | O13: =IFERROR(N13/$B$6,"") | P13: -% | Q13: =IFERROR(O13-P13,"") | S13: 調理包 | T13: - | U13: =IFERROR(T13/$B$7,"") | V13: -% | W13: =IFERROR(U13-V13,"")
B14: 當月 | C14: 前月 | D14: 差異 | E14: 累計 | H14: 當月 | I14: 前月 | J14: 差異 | K14: 累計 | O14: =SUM(O6:O13) -> 1 | P14: =SUM(P6:P13) -> 1 | U14: =SUM(U6:U13) -> 1 | V14: =SUM(V6:V13) -> 1
A15: 飯糰 | B15: 600 | C15: 660 | D15: =B15-C15 -> -60 | E15: =(B15+C15)/2 -> 630 | G15: 調理麵包 | J15: =H15-I15 -> 0 | M15: （７）原因別分析
A16: 大口飯糰 | B16: 800 | C16: 780 | D16: =B16-C16 -> 20 | E16: =(B16+C16)/2 -> 790 | G16: 袋裝調理麵包 | J16: =H16-I16 -> 0 | N16: 合計 | P16: 作業原因 | R16: 規格原因
A17: 便當 | B17: 130 | C17: 111 | D17: =B17-C17 -> 19 | E17: =(B17+C17)/2 -> 120.5 | G17: 義大利麵 | J17: =H17-I17 -> 0 | N17: 金額 | O17: 比例 | P17: 金額 | Q17: 比例 | R17: 金額 | S17: 比例
A18: 調理麵 | B18: 140 | C18: 165 | D18: =B18-C18 -> -25 | E18: =(B18+C18)/2 -> 152.5 | G18: 調理包 | J18: =H18-I18 -> 0 | M18: 半成品報廢 | N18: 1200 | O18: =N18/$B$6 -> 0.0024 | P18: 900 | Q18: =IFERROR(P18/$B$6,"") -> 0.0018 | R18: 300 | S18: =IFERROR(R18/$B$6,"") -> 0.0006
M19: 半成品超用 | N19: 4500 | O19: =N19/$B$6 -> 0.009 | P19: 3500 | Q19: =IFERROR(P19/$B$6,"") -> 0.007 | R19: 1000 | S19: =IFERROR(R19/$B$6,"") -> 0.002
A20: （６）人時生產性前幾名品項
B21: 排名 | C21: 商品名 | F21: 人數 | G21: 產能 | H21: 人時生產性 | I21: 前月比 | J21: 主要原因&對策 | M21: （８）報廢原因別前幾名品項
A22: 飯糰 | B22: 1 | C22: 手巻明太子 | F22: 3 | G22: 3000 | H22: 1000 | I22: 10 | J22: 減少暫時停止生產,人時UP | M22: 半成品報廢 | N22: 排名 | O22: 商品名 | R22: 半成品名 | U22: 單價 | V22: 報廢率 | W22: 數量 | X22: 金額 | Y22: 前月比 | Z22: 主要原因&對策
B23: 2 | M23: 作業原因 | N23: 1 | O23: 明太子海苔便當 | R23: 油炸白身魚 | U23: 10 | V23: 0.15 | W23: 10 | X23: =W23*U23 -> 100 | Y23: 80 | Z23: 油調過多報廢。變更條件。
B24: 3 | N24: 2 | X24: =W24*U24 -> 0
B25: 4 | N25: 3 | X25: =W25*U25 -> 0
B26: 5 | N26: 4 | X26: =W26*U26 -> 0
B27: ▼1 | C27: 手巻卵黄雞絞肉 | F27: 4 | G27: 2800 | H27: 700 | I27: 6/30新商品 | J27: 因組裝2食材,人員增加,產速減少 | N27: 5 | X27: =W27*U27 -> 0
B28: ▼2 | U28: 前幾名合計比例 | V28: =X28/N18 -> 0.083333333 | W28: 前幾名合計金額 | X28: =SUM(X23:X27) -> 100
B29: ▼3 | M29: 規格原因 | N29: 1 | O29: 海老炒飯 | R29: 川燙蝦子拌醬 | U29: 5.55 | V29: 0.21 | W29: 50 | X29: =W29*U29 -> 277.5 | Y29: 35 | Z29: 蝦子入數不足
B30: ▼4 | N30: 2 | X30: =W30*U30 -> 0
B31: ▼5 | N31: 3 | X31: =W31*U31 -> 0
N32: 4 | X32: =W32*U32 -> 0
B33: 排名 | C33: 商品名 | F33: 人數 | G33: 產能 | H33: 人時生產性 | I33: 前月比 | J33: 主要原因&對策 | N33: 5 | X33: =W33*U33 -> 0
A34: 大口飯糰 | B34: 1 | C34: 直巻明太子美奶茲 | F34: 3 | G34: 2500 | H34: 833.33 | I34: 20 | J34: 透由調整速度提升。 | U34: 前幾名合計比例 | V34: =X34/N18 -> 0.23125 | W34: 前幾名合計金額 | X34: =SUM(X29:X33) -> 277.5
B35: 2
B36: 3 | M36: 半成品超用 | N36: 排名 | O36: 商品名 | R36: 半成品名 | U36: 單價 | V36: 報廢率 | W36: 數量 | X36: 金額 | Y36: 前月比 | Z36: 主要原因&對策
B37: 4 | M37: 作業原因 | N37: 1 | O37: 特製醬汁炙燒牛五花便當 | R37: 牛五花醬汁 | U37: 25 | V37: 0.25 | W37: 10 | X37: =W37*U37 -> 250 | Y37: 150 | Z37: 難度有差異。調理指導。
B38: 5 | N38: 2 | X38: =W38*U38 -> 0
B39: ▼1 | C39: 大口飯糰燒肉美奶滋 | F39: 7 | G39: 2200 | H39: 314.29 | I39: -15 | J39: 因摺疊增員。實施教育訓練。 | N39: 3 | X39: =W39*U39 -> 0
B40: ▼2 | N40: 4 | X40: =W40*U40 -> 0
B41: ▼3 | N41: 5 | X41: =W41*U41 -> 0
B42: ▼4 | U42: 前幾名合計比例 | V42: =X42/N19 -> 0.055555556 | W42: 前幾名合計金額 | X42: =SUM(X37:X41) -> 250
B43: ▼5 | M43: 規格原因 | N43: 1 | O43: 特製醬汁炙燒牛五花便當 | R43: 牛五花燒成 | U43: 30 | V43: 0.1 | W43: 20 | X43: =W43*U43 -> 600 | Y43: 400 | Z43: 因原料變更。
N44: 2 | X44: =W44*U44 -> 0
B45: 排名 | C45: 商品名 | F45: 人數 | G45: 產能 | H45: 人時生產性 | I45: 前月比 | J45: 主要原因&對策 | N45: 3 | X45: =W45*U45 -> 0
A46: 便當 | B46: 1 | C46: 明太子海苔便當 | F46: 15 | G46: 1200 | H46: 80 | I46: 5 | J46: 指導鋪開炒柴魚片 | N46: 4 | X46: =W46*U46 -> 0
B47: 2 | N47: 5 | X47: =W47*U47 -> 0
B48: 3 | U48: 前幾名合計比例 | V48: =X48/N19 -> 0.13333333 | W48: 前幾名合計金額 | X48: =SUM(X43:X47) -> 600
B49: 4
B50: 5 | M50: （９）歩留
B51: ▼1 | C51: 特製醬汁炙燒牛五花便當 | F51: 18 | G51: 800 | H51: 44.44 | I51: -15 | J51: 肉狀態不良，已連動開發 | N51: No. | O51: 商品名 | R51: 半成品名 | U51: 單價 | V51: 規格 | W51: 實績 | X51: 差異 | Y51: 主要原因&對策
B52: ▼2 | M52: 作業原因 | N52: 1 | O52: 特製醬汁炙燒牛五花便當 | R52: 牛五花燒成 | U52: 30 | V52: 0.62 | W52: 0.58 | X52: =W52-V52 -> -0.04 | Y52: 燒成過多，調整調理條件。
B53: ▼3 | N53: 2 | X53: =W53-V53 -> 0
B54: ▼4 | M54: 規格原因 | N54: 1 | O54: 大口飯糰三種起司午餐肉 | R54: ３種起司燒成 | U54: 20 | V54: 0.9 | W54: 0.82 | X54: =W54-V54 -> -0.08 | Y54: 與燒成範本不同。
B55: ▼5 | N55: 2 | X55: =W55-V55 -> 0

Sheet 生產管理報表(月)
A1: 生產管理報表
A3: 月別 | B3: 12 | C3: 工廠 | D3: 晉欣廠
A4: （１）收支狀況 | E4: ※單位：千元 | G4: （２）ＫＰＩ達成進度
A5: 項目 | B5: 當月 | C5: 前月 | D5: 差異 | E5: 累計 | G5: 項目 | H5: KPI | I5: 當月 | J5: 前月 | K5: 累計 | L5: ※補充
A6: 業績金額 | B6: ='（１）收支狀況'!H9/1000 -> 219461.72 | C6: 213755.72 | D6: =B6-C6 -> 5705.996 | E6: =B6 -> 219461.72 | G6: 人時性(個/月均) | H6: 266 | I6: ='（２）ＫＰＩ達成進度'!H9 -> 328.81666 | J6: 337.28292 | K6: =I6 -> 328.81666 | L6: 個／MH
A7: 訂單數量 | B7: ='（１）收支狀況'!K9 -> 6618327 | C7: 6494709 | D7: =B7-C7 -> 123618 | E7: =B7 -> 6618327 | G7: 人時達成率(%/月均) | H7: 0.8 | I7: ='（２）ＫＰＩ達成進度'!K9 -> 0.8981902 | J7: 0.92153803 | K7: =I7 -> 0.8981902 | L7: 達成率
A8: 材料費 | B8: ='（１）收支狀況'!N9/1000 -> 148488.87 | C8: 141787.02 | D8: =B8-C8 -> 6701.846 | E8: =B8 -> 148488.87 | G8: 半成品-報廢(%) | H8: 0.0025 | I8: ='（２）ＫＰＩ達成進度'!N9 -> 0.0024556526 | J8: 0.0024542488 | K8: =I8 -> 0.0024556526 | L8: 報廢率
A9: 材料費率 | B9: ='（１）收支狀況'!Q9 -> 0.67660489 | C9: 0.66331336 | D9: =B9-C9 -> 0.013291533 | E9: =B9 -> 0.67660489 | G9: 半成品-超用(%) | H9: 0.0026 | I9: ='（２）ＫＰＩ達成進度'!Q9 -> 0.0020978433 | J9: 0.002247809 | K9: =I9 -> 0.0020978433 | L9: 超用率
A10: 勞務成本 | B10: ='（１）收支狀況'!T9/1000 -> 31527.948 | C10: 30287.668 | D10: =B10-C10 -> 1240.2802 | E10: =B10 -> 31527.948 | G10: 固定產線-導入率(%) | H10: 0.8 | I10: ='（２）ＫＰＩ達成進度'!T9 -> 0.91666667 | J10: 0.91666667 | K10: =I10 -> 0.91666667 | L10: 導入率
A11: 勞務費率 | B11: ='（１）收支狀況'!W9 -> 0.14366036 | C11: 0.1416929 | D11: =B11-C11 -> 0.0019674549 | E11: =B11 -> 0.14366036 | G11: 教育訓練-實施率(%) | H11: 1 | I11: ='（２）ＫＰＩ達成進度'!W9 -> 0.94496774 | J11: 0.89513333 | K11: =I11 -> 0.94496774 | L11: 實施率
A13: （３）業績構成比 | G13: （４）訂單數量構成比
B14: 當月 | C14: 比例 | D14: 前月 | E14: 差異 | H14: 當月 | I14: 比例 | J14: 前月 | K14: 差異
A15: 18℃-飯糰(061,063) | B15: ='（３）業績構成比'!M46/1000 -> 38925.267 | C15: =IFERROR(B15/$B$6,"") -> 0.177367 | D15: 0.18995233 | E15: =IFERROR(C15-D15,"") -> -0.012585323 | G15: 18℃-飯糰(061,063) | H15: ='（４）訂單數量構成比'!M46 -> 2062765 | I15: =IFERROR(H15/$B$7,"") -> 0.31167469 | J15: 0.32800376 | K15: =IFERROR(I15-J15,"") -> -0.016329077
A16: 18℃-壽司手卷(071,072,075,076) | B16: ='（３）業績構成比'!S46/1000 -> 7132.1213 | C16: =IFERROR(B16/$B$6,"") -> 0.032498248 | D16: 0.036852286 | E16: =IFERROR(C16-D16,"") -> -0.0043540376 | G16: 18℃-壽司手卷(071,072,075,076) | H16: ='（４）訂單數量構成比'!S47 -> 275940 | I16: =IFERROR(H16/$B$7,"") -> 0.041693316 | J16: 0.049997005 | K16: =IFERROR(I16-J16,"") -> -0.0083036891
A17: 4℃-飯糰(065) | B17: ='（３）業績構成比'!U46/1000 -> 28599.979 | C17: =IFERROR(B17/$B$6,"") -> 0.13031876 | D17: 0.083446864 | E17: =IFERROR(C17-D17,"") -> 0.046871897 | G17: 4℃-飯糰(065) | H17: ='（４）訂單數量構成比'!U46 -> 878351 | I17: =IFERROR(H17/$B$7,"") -> 0.13271496 | J17: 0.084772389 | K17: =IFERROR(I17-J17,"") -> 0.04794257
A18: 4℃-壽司手卷(077) | B18: ='（３）業績構成比'!W46/1000 -> 258.70291 | C18: =IFERROR(B18/$B$6,"") -> 0.0011788066 | D18: 0.019267316 | E18: =IFERROR(C18-D18,"") -> -0.018088509 | G18: 4℃-壽司手卷(077) | H18: ='（４）訂單數量構成比'!W46 -> 9911 | I18: =IFERROR(H18/$B$7,"") -> 0.0014975084 | J18: 0.018873671 | K18: =IFERROR(I18-J18,"") -> -0.017376163
A19: 主食(091,092,093,094,095) | B19: ='（３）業績構成比'!AC46/1000 -> 55461.297 | C19: =IFERROR(B19/$B$6,"") -> 0.25271514 | D19: 0.2625072 | E19: =IFERROR(C19-D19,"") -> -0.0097920623 | G19: 主食(091,092,093,094,095) | H19: ='（４）訂單數量構成比'!AC46 -> 1388679 | I19: =IFERROR(H19/$B$7,"") -> 0.20982327 | J19: 0.21577364 | K19: =IFERROR(I19-J19,"") -> -0.0059503717
A20: 便當(083) | B20: ='（３）業績構成比'!AE46/1000 -> 28333.08 | C20: =IFERROR(B20/$B$6,"") -> 0.12910261 | D20: 0.14545991 | E20: =IFERROR(C20-D20,"") -> -0.016357305 | G20: 便當(083) | H20: ='（４）訂單數量構成比'!AE46 -> 507543 | I20: =IFERROR(H20/$B$7,"") -> 0.076687507 | J20: 0.085368721 | K20: =IFERROR(I20-J20,"") -> -0.0086812136
A21: 熱食義麵(122,123,124,126) | B21: ='（３）業績構成比'!AG46/1000 -> 28486.57 | C21: =IFERROR(B21/$B$6,"") -> 0.129802 | D21: 0.12772826 | E21: =IFERROR(C21-D21,"") -> 0.0020737447 | G21: 熱食義麵(122,123,124,126) | H21: ='（４）訂單數量構成比'!AG46 -> 546496 | I21: =IFERROR(H21/$B$7,"") -> 0.082573134 | J21: 0.082842511 | K21: =IFERROR(I21-J21,"") -> -0.00026937706
A22: 季節調理麵(111,112) | B22: ='（３）業績構成比'!AI46/1000 -> 14518.968 | C22: =IFERROR(B22/$B$6,"") -> 0.066157181 | D22: 0.052762179 | E22: =IFERROR(C22-D22,"") -> 0.013395001 | G22: 季節調理麵(111,112) | H22: ='（４）訂單數量構成比'!AI46 -> 394302 | I22: =IFERROR(H22/$B$7,"") -> 0.059577292 | J22: 0.047042446 | K22: =IFERROR(I22-J22,"") -> 0.012534846
A23: 微波小吃(153,154,155) | B23: ='（３）業績構成比'!AK46/1000 -> 17745.73 | C23: =IFERROR(B23/$B$6,"") -> 0.080860254 | D23: 0.082023659 | E23: =IFERROR(C23-D23,"") -> -0.0011634057 | G23: 微波小吃(153,154,155) | H23: ='（４）訂單數量構成比'!AK46 -> 554340 | I23: =IFERROR(H23/$B$7,"") -> 0.083758327 | J23: 0.087325852 | K23: =IFERROR(I23-J23,"") -> -0.003567525
C24: =SUM(C15:C23) -> 1 | D24: =SUM(D15:D23) -> 1 | I24: =SUM(I15:I23) -> 1 | J24: =SUM(J15:J23) -> 1
A26: （５）品群別人時生產性
A27: 品群 | B27: 當月 | C27: 前月 | D27: 差異 | E27: 累計
A28: 18℃-飯糰(061,063) | B28: ='（５-1）品群別人時生產性（18℃-飯糰）'!$C$1 -> 785.96646 | C28: 760.86067 | D28: =B28-C28 -> 25.105791 | E28: =R28 -> 0
A29: 18℃-壽司手卷(071,072,075,076) | B29: ='（５-2）品群別人時生產性（18-壽司手卷)'!$C$1 -> 184.98535 | C29: 181.47824 | D29: =B29-C29 -> 3.5071116 | E29: =R29 -> 0
A30: 4℃-飯糰(065) | B30: ='（５-3）品群別人時生產性（4℃-飯糰)'!$C$1 -> 269.01437 | C30: 278.36246 | D30: =B30-C30 -> -9.3480918 | E30: =R30 -> 0
A31: 4℃-壽司手卷(077) | B31: ='（５-4）品群別人時生產性（4℃-壽司手卷)'!$C$1 -> 114.26643 | C31: 115.55878 | D31: =B31-C31 -> -1.2923523 | E31: =R31 -> 0
A32: 主食(091,092,093,094,095) | B32: ='（５-5）品群別人時生產性(主食) '!$C$1 -> 85.722402 | C32: 86.850172 | D32: =B32-C32 -> -1.1277706 | E32: =R32 -> 0
A33: 便當(083) | B33: ='（５-6）品群別人時生產性(便當)'!$C$1 -> 70.412868 | C33: 69.876515 | D33: =B33-C33 -> 0.53635302 | E33: =R33 -> 0
A34: 熱食義麵(122,123,124,126) | B34: ='（５-7）品群別人時生產性(熱食義麵) '!$C$1 -> 70.928118 | C34: 77.759992 | D34: =B34-C34 -> -6.8318744 | E34: =R34 -> 0
A35: 季節調理麵(111,112) | B35: ='（５-8）品群別人時生產性(季節調理麵) '!$C$1 -> 120.54741 | C35: 119.84367 | D35: =B35-C35 -> 0.703737 | E35: =R35 -> 0
A36: 微波小吃(153,154,155) | B36: ='（５-9）品群別人時生產性(微波小吃)'!$C$1 -> 119.1137 | C36: 111.38791 | D36: =B36-C36 -> 7.7257865 | E36: =R36 -> 0

Sheet 生產管理報表(週) 
A1: 生產管理報表
A3: 月別 | B3: 11 | C3: 週別 | D3: W4 | E3: 工廠 | F3: 晉欣廠
A4: （１）收支狀況 | E4: ※單位：千元 | G4: （２）ＫＰＩ達成進度
A5: 項目 | B5: 當週 | C5: 前週 | D5: 差異 | E5: 累計 | G5: 項目 | H5: KPI | I5: 當週 | J5: 前週 | K5: 累計 | L5: ※補充
A6: 業績金額 | B6: ='（１）收支狀況'!G33/1000 -> 48124.067 | C6: 48568.543 | D6: =B6-C6 -> -444.476 | E6: ='（１）收支狀況'!H9/1000 -> 219461.72 | G6: 人時性(個/月均) | H6: 366 | I6: ='（２）ＫＰＩ達成進度'!G33 -> 330.07003 | J6: 342.32011 | K6: ='（２）ＫＰＩ達成進度'!H9 -> 328.81666 | L6: 個／MH
A7: 訂單數量 | B7: ='（１）收支狀況'!J33 -> 1466437 | C7: 1467152 | D7: =B7-C7 -> -715 | E7: ='（１）收支狀況'!K9 -> 6618327 | G7: 人時達成率(%/月均) | H7: 0.8 | I7: ='（２）ＫＰＩ達成進度'!J33 -> 0.90132152 | J7: 0.93530086 | K7: ='（２）ＫＰＩ達成進度'!K9 -> 0.8981902 | L7: 達成率
A8: 材料費 | B8: ='（１）收支狀況'!M33/1000 -> 32691.593 | C8: 32511.103 | D8: =B8-C8 -> 180.49 | E8: ='（１）收支狀況'!N9/1000 -> 148488.87 | G8: 半成品-報廢(%) | H8: 0.0025 | I8: ='（２）ＫＰＩ達成進度'!M33 -> 0.00245732 | J8: 0.002449927 | K8: ='（２）ＫＰＩ達成進度'!N9 -> 0.0024556526 | L8: 報廢率
A9: 材料費率 | B9: ='（１）收支狀況'!P33 -> 0.679319 | C9: 0.66938601 | D9: =B9-C9 -> 0.0099329929 | E9: ='（１）收支狀況'!Q9 -> 0.67660489 | G9: 半成品-超用(%) | H9: 0.0026 | I9: ='（２）ＫＰＩ達成進度'!P33 -> 0.0022237035 | J9: 0.0022296455 | K9: ='（２）ＫＰＩ達成進度'!Q9 -> 0.0020978433 | L9: 超用率
A10: 勞務成本 | B10: ='（１）收支狀況'!S33/1000 -> 6957.2861 | C10: =7059638.28/1000 -> 7059.6383 | D10: =B10-C10 -> -102.35219 | E10: ='（１）收支狀況'!T9/1000 -> 31527.948 | G10: 固定產線-導入率(%) | H10: 0.8 | I10: 0.917 | J10: 0.917 | K10: 0.917 | L10: 導入率
A11: 勞務費率 | B11: ='（１）收支狀況'!V33 -> 0.14456979 | C11: 0.14535413 | D11: =B11-C11 -> -0.00078434287 | E11: ='（１）收支狀況'!W9 -> 0.14366036 | G11: 教育訓練-實施率(%) | H11: 1 | I11: ='（２）ＫＰＩ達成進度'!V33 -> 0.97485714 | J11: 0.90285714 | K11: ='（２）ＫＰＩ達成進度'!W9 -> 0.94496774 | L11: 實施率
A13: （３）業績構成比 | G13: （４）訂單數量構成比
B14: 當週 | C14: 比例 | D14: 前週 | E14: 差異 | H14: 當週 | I14: 比例 | J14: 前週 | K14: 差異
A15: 18℃-飯糰(061,063) | B15: =SUM('（３）業績構成比'!I35:I41,'（３）業績構成比'!K35:K41)/1000 -> 8480.4439 | C15: =IFERROR(B15/$B$6,"") -> 0.17622043 | D15: 0.18934668 | E15: =IFERROR(C15-D15,"") -> -0.013126245 | G15: 18℃-飯糰(061,063) | H15: =SUM(,'（４）訂單數量構成比'!I35:I41,'（４）訂單數量構成比'!K35:K41) -> 447953 | I15: =IFERROR(H15/$B$7,"") -> 0.30547033 | J15: 0.32807712 | K15: =IFERROR(I15-J15,"") -> -0.022606784
A16: 18℃-壽司手卷(071,072,075,076) | B16: =SUM('（３）業績構成比'!O35:O41,'（３）業績構成比'!Q35:Q41)/1000 -> 1714.2049 | C16: =IFERROR(B16/$B$6,"") -> 0.035620532 | D16: 0.035232688 | E16: =IFERROR(C16-D16,"") -> 0.00038784366 | G16: 18℃-壽司手卷(071,072,075,076) | H16: =SUM('（４）訂單數量構成比'!O35:O41,'（４）訂單數量構成比'!Q35:Q41) -> 63820 | I16: =IFERROR(H16/$B$7,"") -> 0.043520451 | J16: 0.046813145 | K16: =IFERROR(I16-J16,"") -> -0.0032926942
A17: 4℃-飯糰(065) | B17: =SUM('（３）業績構成比'!U35:U41)/1000 -> 7631.8403 | C17: =IFERROR(B17/$B$6,"") -> 0.15858677 | D17: 0.090034972 | E17: =IFERROR(C17-D17,"") -> 0.068551798 | G17: 4℃-飯糰(065) | H17: =SUM('（４）訂單數量構成比'!U35:U41) -> 233087 | I17: =IFERROR(H17/$B$7,"") -> 0.15894784 | J17: 0.084512034 | K17: =IFERROR(I17-J17,"") -> 0.07443581
A18: 4℃-壽司手卷(077) | B18: =SUM('（３）業績構成比'!W35:W41)/1000 -> 0 | C18: =IFERROR(B18/$B$6,"") -> 0 | D18: 0.011775084 | E18: =IFERROR(C18-D18,"") -> -0.011775084 | G18: 4℃-壽司手卷(077) | H18: =SUM('（４）訂單數量構成比'!W35:W41) -> 0 | I18: =IFERROR(H18/$B$7,"") -> 0 | J18: 0.019178654 | K18: =IFERROR(I18-J18,"") -> -0.019178654
A19: 主食(091,092,093,094,095) | B19: =SUM('（３）業績構成比'!Y35:Y41,'（３）業績構成比'!AA35:AA41)/1000 -> 12684.446 | C19: =IFERROR(B19/$B$6,"") -> 0.26357801 | D19: 0.2832898 | E19: =IFERROR(C19-D19,"") -> -0.019711795 | G19: 主食(091,092,093,094,095) | H19: =SUM('（４）訂單數量構成比'!Y35:Y41,'（４）訂單數量構成比'!AA35:AA41) -> 316397 | I19: =IFERROR(H19/$B$7,"") -> 0.21575901 | J19: 0.22873431 | K19: =IFERROR(I19-J19,"") -> -0.012975297
A20: 便當(083) | B20: =SUM('（３）業績構成比'!AE35:AE41)/1000 -> 5941.3448 | C20: =IFERROR(B20/$B$6,"") -> 0.12345891 | D20: 0.15040468 | E20: =IFERROR(C20-D20,"") -> -0.026945776 | G20: 便當(083) | H20: =SUM('（４）訂單數量構成比'!AE35:AE41) -> 107058 | I20: =IFERROR(H20/$B$7,"") -> 0.073005523 | J20: 0.089526511 | K20: =IFERROR(I20-J20,"") -> -0.016520988
A21: 熱食義麵(122,123,124,126) | B21: =SUM('（３）業績構成比'!AG35:AG41)/1000 -> 4226.217 | C21: =IFERROR(B21/$B$6,"") -> 0.087819198 | D21: 0.11116644 | E21: =IFERROR(C21-D21,"") -> -0.023347244 | G21: 熱食義麵(122,123,124,126) | H21: =SUM('（４）訂單數量構成比'!AG35:AG41) -> 84362 | I21: =IFERROR(H21/$B$7,"") -> 0.057528554 | J21: 0.073652219 | K21: =IFERROR(I21-J21,"") -> -0.016123665
A22: 季節調理麵(111,112) | B22: =SUM('（３）業績構成比'!AI35:AI41)/1000 -> 3322.554 | C22: =IFERROR(B22/$B$6,"") -> 0.069041422 | D22: 0.046912394 | E22: =IFERROR(C22-D22,"") -> 0.022129028 | G22: 季節調理麵(111,112) | H22: =SUM('（４）訂單數量構成比'!AI35:AI41) -> 89922 | I22: =IFERROR(H22/$B$7,"") -> 0.061320057 | J22: 0.041703245 | K22: =IFERROR(I22-J22,"") -> 0.019616811
A23: 微波小吃(153,154,155) | B23: =SUM('（３）業績構成比'!AK35:AK41)/1000 -> 4123.0165 | C23: =IFERROR(B23/$B$6,"") -> 0.085674731 | D23: 0.081837257 | E23: =IFERROR(C23-D23,"") -> 0.0038374738 | G23: 微波小吃(153,154,155) | H23: =SUM('（４）訂單數量構成比'!AK35:AK41) -> 123838 | I23: =IFERROR(H23/$B$7,"") -> 0.084448224 | J23: 0.087802763 | K23: =IFERROR(I23-J23,"") -> -0.0033545396
C24: =SUM(C15:C23) -> 1 | D24: =SUM(D15:D23) -> 1 | I24: =SUM(I15:I23) -> 1 | J24: =SUM(J15:J23) -> 1
A26: （５）品群別人時生產性
A27: 品群 | B27: 當週 | C27: 前週 | D27: 差異 | E27: 累計
A28: 18℃-飯糰(061,063) | B28: ='（５-1）品群別人時生產性（18℃-飯糰）'!L147 -> 793.81366 | C28: 773.28751 | D28: =B28-C28 -> 20.526146 | E28: ='（５-1）品群別人時生產性（18℃-飯糰）'!C1 -> 785.96646 | F28: 147
A29: 18℃-壽司手卷(071,072,075,076) | B29: ='（５-2）品群別人時生產性（18-壽司手卷)'!L87 -> 168.27661 | C29: 182.60764 | D29: =B29-C29 -> -14.331026 | E29: ='（５-2）品群別人時生產性（18-壽司手卷)'!C1 -> 184.98535 | F29: 87
A30: 4℃-飯糰(065) | B30: ='（５-3）品群別人時生產性（4℃-飯糰)'!L87 -> 258.16866 | C30: 272.74109 | D30: =B30-C30 -> -14.57243 | E30: ='（５-3）品群別人時生產性（4℃-飯糰)'!C1 -> 269.01437
A31: 4℃-壽司手卷(077) | B31: ='（５-4）品群別人時生產性（4℃-壽司手卷)'!L87 -> 113.1102 | C31: 113.81516 | D31: =B31-C31 -> -0.70496089 | E31: ='（５-4）品群別人時生產性（4℃-壽司手卷)'!C1 -> 114.26643
A32: 主食(091,092,093,094,095) | B32: ='（５-5）品群別人時生產性(主食) '!L147 -> 84.048293 | C32: 86.027649 | D32: =B32-C32 -> -1.9793556 | E32: ='（５-5）品群別人時生產性(主食) '!C1 -> 85.722402
A33: 便當(083) | B33: ='（５-6）品群別人時生產性(便當)'!L87 -> 69.900452 | C33: 67.317863 | D33: =B33-C33 -> 2.5825895 | E33: ='（５-6）品群別人時生產性(便當)'!C1 -> 70.412868
A34: 熱食義麵(122,123,124,126) | B34: ='（５-7）品群別人時生產性(熱食義麵) '!L87 -> 69.481919 | C34: 77.43651 | D34: =B34-C34 -> -7.9545914 | E34: ='（５-7）品群別人時生產性(熱食義麵) '!C1 -> 70.928118
A35: 季節調理麵(111,112) | B35: ='（５-8）品群別人時生產性(季節調理麵) '!L87 -> 121.38047 | C35: 121.87281 | D35: =B35-C35 -> -0.49233664 | E35: ='（５-8）品群別人時生產性(季節調理麵) '!C1 -> 120.54741
A36: 微波小吃(153,154,155) | B36: ='（５-9）品群別人時生產性(微波小吃)'!L87 -> 115.12118 | C36: 115.15834 | D36: =B36-C36 -> -0.037160492 | E36: ='（５-9）品群別人時生產性(微波小吃)'!C1 -> 119.1137
D37: =SUM(D28:D36) -> -16.963126

Sheet （１）收支狀況
B2: （１）收支狀況
C3: 月份 | D3: 日期 | F3: 營業額(元) | I3: 訂單數量(個) | L3: 材料費(元) | O3: 材料費率（材料費／營業額） | R3: 勞務成本（全廠人事成本） | U3: 勞務費率（勞務成本／營業額）
F4: 日 | G4: 週累積 | H4: 月累積 | I4: 日 | J4: 週累積 | K4: 月累積 | L4: 日 | M4: 週累積 | N4: 月累積 | O4: 日 | P4: 週累積 | Q4: 月平均 | R4: 日 | S4: 週累積 | T4: 月累積 | U4: 日 | V4: 週累積 | W4: 月平均
D9: 45992 | E9: 一 | F9: 7261499 | H9: =SUM(F9:F39) -> 219461716 | I9: 216425 | K9: =SUM(I9:I39) -> 6618327 | L9: 4833061 | N9: =SUM(L9:L39) -> 148488871 | O9: =L9/F9 -> 0.66557346 | Q9: =N9/H9 -> 0.67660489 | R9: 1052455 | T9: =SUM(R9:R39) -> 31527948 | U9: =R9/F9 -> 0.14493633 | W9: =T9/H9 -> 0.14366036
D10: 45993 | E10: 二 | F10: 7236654 | I10: 213834 | L10: 4864280 | O10: =L10/F10 -> 0.67217253 | R10: 1026546.2 | U10: =R10/F10 -> 0.14185371
D11: =D10+1 -> 45994 | E11: 三 | F11: 6888543 | I11: 206960 | L11: 4792019 | O11: =L11/F11 -> 0.69565059 | R11: 986195.96 | U11: =R11/F11 -> 0.14316467
D12: =D11+1 -> 45995 | E12: 四 | F12: 6535954 | G12: =SUM(F12:F18) -> 48757489 | I12: 197911 | J12: =SUM(I12:I18) -> 1459376 | L12: 4400231 | M12: =SUM(L12:L18) -> 32877245 | O12: =L12/F12 -> 0.6732347 | P12: =M12/G12 -> 0.67430144 | R12: 933271.81 | S12: =SUM(R12:R18) -> 7057859.7 | U12: =R12/F12 -> 0.14279045 | V12: =S12/G12 -> 0.14475437
D13: =D12+1 -> 45996 | E13: 五 | F13: 6075465 | I13: 183552 | L13: 4051247 | O13: =L13/F13 -> 0.66682089 | R13: 998290.49 | U13: =R13/F13 -> 0.16431508
D14: =D13+1 -> 45997 | E14: 六 | F14: 6262543 | I14: 185894 | L14: 4336503 | O14: =L14/F14 -> 0.69245081 | R14: 974243.99 | U14: =R14/F14 -> 0.15556683
D15: =D14+1 -> 45998 | E15: 日 | F15: 7283314 | I15: 216841 | L15: 4748585 | O15: =L15/F15 -> 0.65198136 | R15: 1018136.9 | U15: =R15/F15 -> 0.13979034
D16: =D15+1 -> 45999 | E16: 一 | F16: 7299829 | I16: 216945 | L16: 4900933 | O16: =L16/F16 -> 0.67137641 | R16: 1040410.2 | U16: =R16/F16 -> 0.14252529
D17: =D16+1 -> 46000 | E17: 二 | F17: 7768298 | I17: 231819 | L17: 5246074 | O17: =L17/F17 -> 0.67531833 | R17: 1050035.5 | U17: =R17/F17 -> 0.13516931
D18: =D17+1 -> 46001 | E18: 三 | F18: 7532086 | I18: 226414 | L18: 5193672 | O18: =L18/F18 -> 0.68953966 | R18: 1043470.7 | U18: =R18/F18 -> 0.13853675
D19: =D18+1 -> 46002 | E19: 四 | F19: 6664969 | G19: =SUM(F19:F25) -> 50108332 | I19: 203040 | J19: =SUM(I19:I25) -> 1516815 | L19: 4736555 | M19: =SUM(L19:L25) -> 33917925 | O19: =L19/F19 -> 0.71066422 | P19: =M19/G19 -> 0.67689192 | R19: 1010108 | S19: =SUM(R19:R25) -> 7244183.6 | U19: =R19/F19 -> 0.15155479 | V19: =S19/G19 -> 0.14457044
D20: =D19+1 -> 46003 | E20: 五 | F20: 6216944 | I20: 188638 | L20: 4038316 | O20: =L20/F20 -> 0.64956609 | R20: 1003377.6 | U20: =R20/F20 -> 0.16139403
D21: =D20+1 -> 46004 | E21: 六 | F21: 6402844 | I21: 193826 | L21: 4231154 | O21: =L21/F21 -> 0.66082416 | R21: 1008951.8 | U21: =R21/F21 -> 0.15757869
D22: =D21+1 -> 46005 | E22: 日 | F22: 7638376 | I22: 230374 | L22: 5042261 | O22: =L22/F22 -> 0.66012213 | R22: 1013182.9 | U22: =R22/F22 -> 0.13264375
D23: =D22+1 -> 46006 | E23: 一 | F23: 7520294 | I23: 227619 | L23: 5039882 | O23: =L23/F23 -> 0.67017087 | R23: 1040615.3 | U23: =R23/F23 -> 0.13837428
D24: =D23+1 -> 46007 | E24: 二 | F24: 8052028 | I24: 241960 | L24: 5631985 | O24: =L24/F24 -> 0.69944926 | R24: 1087475.5 | U24: =R24/F24 -> 0.13505609
D25: =D24+1 -> 46008 | E25: 三 | F25: 7612877 | I25: 231358 | L25: 5197772 | O25: =L25/F25 -> 0.68276054 | R25: 1080472.5 | U25: =R25/F25 -> 0.14192697
D26: =D25+1 -> 46009 | E26: 四 | F26: 7258886 | G26: =SUM(F26:F32) -> 51085132 | I26: 221397 | J26: =SUM(I26:I32) -> 1538480 | L26: 5068912 | M26: =SUM(L26:L32) -> 34512748 | O26: =L26/F26 -> 0.6983044 | P26: =M26/G26 -> 0.67559281 | R26: 1056766.8 | S26: =SUM(R26:R32) -> 7203421.7 | U26: =R26/F26 -> 0.14558251 | V26: =S26/G26 -> 0.14100818
D27: =D26+1 -> 46010 | E27: 五 | F27: 6600497 | I27: 202213 | L27: 4415391 | O27: =L27/F27 -> 0.66894826 | R27: 1013312.6 | U27: =R27/F27 -> 0.15352066
D28: =D27+1 -> 46011 | E28: 六 | F28: 6936693 | I28: 207438 | L28: 4851836 | O28: =L28/F28 -> 0.69944511 | R28: 999924.16 | U28: =R28/F28 -> 0.14414998
D29: =D28+1 -> 46012 | E29: 日 | F29: 8044891 | I29: 241311 | L29: 5073750 | O29: =L29/F29 -> 0.63067977 | R29: 1032366.9 | U29: =R29/F29 -> 0.12832578
D30: =D29+1 -> 46013 | E30: 一 | F30: 8079828 | I30: 239757 | L30: 5292630 | O30: =L30/F30 -> 0.65504241 | R30: 1049819.3 | U30: =R30/F30 -> 0.1299309
D31: =D30+1 -> 46014 | E31: 二 | F31: 7688414 | I31: 229409 | L31: 5135849 | O31: =L31/F31 -> 0.6679985 | R31: 1056375.2 | U31: =R31/F31 -> 0.13739832
D32: =D31+1 -> 46015 | E32: 三 | F32: 6475923 | I32: 196955 | L32: 4674380 | O32: =L32/F32 -> 0.72180908 | R32: 994856.61 | U32: =R32/F32 -> 0.15362391
D33: =D32+1 -> 46016 | E33: 四 | F33: 6755981 | G33: =SUM(F33:F39) -> 48124067 | I33: 206860 | J33: =SUM(I33:I39) -> 1466437 | L33: 4604967 | M33: =SUM(L33:L39) -> 32691593 | O33: =L33/F33 -> 0.68161337 | P33: =M33/G33 -> 0.679319 | R33: 1000164.6 | S33: =SUM(R33:R39) -> 6957286.1 | U33: =R33/F33 -> 0.14804136 | V33: =S33/G33 -> 0.14456979
D34: =D33+1 -> 46017 | E34: 五 | F34: 6278111 | I34: 193343 | L34: 4361238 | O34: =L34/F34 -> 0.6946736 | R34: 969046.93 | U34: =R34/F34 -> 0.15435327
D35: =D34+1 -> 46018 | E35: 六 | F35: 6552614 | I35: 199280 | L35: 4499324 | O35: =L35/F35 -> 0.68664567 | R35: 974680.72 | U35: =R35/F35 -> 0.14874685
D36: =D35+1 -> 46019 | E36: 日 | F36: 7539331 | I36: 229667 | L36: 4955566 | O36: =L36/F36 -> 0.65729519 | R36: 1033559.9 | U36: =R36/F36 -> 0.13708907
D37: =D36+1 -> 46020 | E37: 一 | F37: 7494235 | I37: 225457 | L37: 5209617 | O37: =L37/F37 -> 0.69514994 | R37: 1031562 | U37: =R37/F37 -> 0.13764741
D38: =D37+1 -> 46021 | E38: 二 | F38: 7242022 | I38: 219598 | L38: 4956549 | O38: =L38/F38 -> 0.68441507 | R38: 999035.07 | U38: =R38/F38 -> 0.13794974
D39: =D38+1 -> 46022 | E39: 三 | F39: 6261773 | I39: 192232 | L39: 4104332 | O39: =L39/F39 -> 0.65545845 | R39: 949236.81 | U39: =R39/F39 -> 0.15159234
O40: =L40/F40 -> #DIV/0! | U40: =R40/F40 -> #DIV/0!

Sheet （２）ＫＰＩ達成進度
B1: KPI | C1: 366
B2: （２）ＫＰＩ達成進度
C3: 月份 | D3: 日期 | F3: 人時生產性(個/人) | I3: 人時生產性達成率(%) | L3: 半成品報廢(%) | O3: 半成品超用(%) | R3: 固定產線-導入率(固定產線數/總產線數) | U3: 教育訓練-實施率(進度/計畫)
F4: 日 | G4: 週平均 | H4: 月平均 | I4: 日 | J4: 週平均 | K4: 月平均 | L4: 日 | M4: 週平均 | N4: 月平均 | O4: 日 | P4: 週平均 | Q4: 月平均 | R4: 日 | S4: 週平均 | T4: 月平均 | U4: 日 | V4: 週平均 | W4: 月平均
D9: 45992 | E9: 一 | F9: 318.47175 | H9: =AVERAGE(F9:F39) -> 328.81666 | I9: =F9/$C$1 -> 0.87014139 | K9: =AVERAGE(I9:I39) -> 0.8981902 | L9: 0.0024398666 | N9: =AVERAGE(L9:L39) -> 0.0024556526 | O9: 0.0020268146 | Q9: =AVERAGE(O9:O39) -> 0.0020978433 | R9: 0.91666667 | T9: =AVERAGE(R9:R39) -> 0.91666667 | U9: 0.92 | W9: =AVERAGE(U9:U39) -> 0.94496774
D10: 45993 | E10: 二 | F10: 314.46698 | I10: =F10/$C$1 -> 0.85919941 | L10: 0.0024403543 | O10: 0.0021237594 | R10: 0.91666667 | U10: 0.922
D11: =D10+1 -> 45994 | E11: 三 | F11: 320.98265 | I11: =F11/$C$1 -> 0.87700177 | L11: 0.0024397274 | O11: 0.002225451 | R11: 0.91666667 | U11: 0.922
D12: =D11+1 -> 45995 | E12: 四 | F12: 310.76985 | G12: =AVERAGE(F12:F18) -> 326.75101 | I12: =F12/$C$1 -> 0.84909796 | J12: =AVERAGE(I12:I18) -> 0.89276233 | L12: 0.0024718909 | M12: =AVERAGE(L12:L18) -> 0.0024593631 | O12: 0.0023965896 | P12: =AVERAGE(O12:O18) -> 0.0021259809 | R12: 0.91666667 | S12: =AVERAGE(R12:R18) -> 0.91666667 | U12: 0.924 | V12: =AVERAGE(U12:U18) -> 0.92685714
D13: =D12+1 -> 45996 | E13: 五 | F13: 331.48548 | I13: =F13/$C$1 -> 0.90569803 | L13: 0.002459071 | O13: 0.0025356559 | R13: 0.91666667 | U13: 0.924
D14: =D13+1 -> 45997 | E14: 六 | F14: 322.27938 | I14: =F14/$C$1 -> 0.88054476 | L14: 0.0024710409 | O14: 0.0021645748 | R14: 0.91666667 | U14: 0.926
D15: =D14+1 -> 45998 | E15: 日 | F15: 332.97304 | I15: =F15/$C$1 -> 0.90976241 | L15: 0.0024495717 | O15: 0.0020712142 | R15: 0.91666667 | U15: 0.926
D16: =D15+1 -> 45999 | E16: 一 | F16: 326.66623 | I16: =F16/$C$1 -> 0.89253069 | L16: 0.002442386 | O16: 0.0019214147 | R16: 0.91666667 | U16: 0.928
D17: =D16+1 -> 46000 | E17: 二 | F17: 333.35801 | I17: =F17/$C$1 -> 0.91081422 | L17: 0.0024521459 | O17: 0.0018604212 | R17: 0.91666667 | U17: 0.93
D18: =D17+1 -> 46001 | E18: 三 | F18: 329.72509 | I18: =F18/$C$1 -> 0.90088821 | L18: 0.0024694354 | O18: 0.0019319961 | R18: 0.91666667 | U18: 0.93
D19: =D18+1 -> 46002 | E19: 四 | F19: 335.51581 | G19: =AVERAGE(F19:F25) -> 332.80451 | I19: =F19/$C$1 -> 0.91670987 | J19: =AVERAGE(I19:I25) -> 0.90930194 | L19: 0.0024711293 | M19: =AVERAGE(L19:L25) -> 0.0024643092 | O19: 0.0022613435 | P19: =AVERAGE(O19:O25) -> 0.0020482691 | R19: 0.91666667 | S19: =AVERAGE(R19:R25) -> 0.91666667 | U19: 0.93 | V19: =AVERAGE(U19:U25) -> 0.93714286
D20: =D19+1 -> 46003 | E20: 五 | F20: 328.69076 | I20: =F20/$C$1 -> 0.89806219 | L20: 0.0024587643 | O20: 0.0022849685 | R20: 0.91666667 | U20: 0.932
D21: =D20+1 -> 46004 | E21: 六 | F21: 335.80166 | I21: =F21/$C$1 -> 0.91749087 | L21: 0.0024798355 | O21: 0.0021706002 | R21: 0.91666667 | U21: 0.934
D22: =D21+1 -> 46005 | E22: 日 | F22: 322.87261 | I22: =F22/$C$1 -> 0.8821656 | L22: 0.0024590306 | O22: 0.0018270738 | R22: 0.91666667 | U22: 0.94
D23: =D22+1 -> 46006 | E23: 一 | F23: 337.80334 | I23: =F23/$C$1 -> 0.92295995 | L23: 0.002460941 | O23: 0.0020052804 | R23: 0.91666667 | U23: 0.94
D24: =D23+1 -> 46007 | E24: 二 | F24: 338.58196 | I24: =F24/$C$1 -> 0.92508732 | L24: 0.0024504386 | O24: 0.0018102021 | R24: 0.91666667 | U24: 0.942
D25: =D24+1 -> 46008 | E25: 三 | F25: 330.36543 | I25: =F25/$C$1 -> 0.90263778 | L25: 0.0024700255 | O25: 0.0019784153 | R25: 0.91666667 | U25: 0.942
D26: =D25+1 -> 46009 | E26: 四 | F26: 335.13853 | G26: =AVERAGE(F26:F32) -> 330.28804 | I26: =F26/$C$1 -> 0.91567905 | J26: =AVERAGE(I26:I32) -> 0.90242633 | L26: 0.0024419725 | M26: =AVERAGE(L26:L32) -> 0.0024483335 | O26: 0.0018300101 | P26: =AVERAGE(O26:O32) -> 0.0019816345 | R26: 0.91666667 | S26: =AVERAGE(R26:R32) -> 0.91666667 | U26: 0.946 | V26: =AVERAGE(U26:U32) -> 0.95114286
D27: =D26+1 -> 46010 | E27: 五 | F27: 332.81778 | I27: =F27/$C$1 -> 0.9093382 | L27: 0.002468905 | O27: 0.0020894611 | R27: 0.91666667 | U27: 0.946
D28: =D27+1 -> 46011 | E28: 六 | F28: 326.73067 | I28: =F28/$C$1 -> 0.89270676 | L28: 0.0024710622 | O28: 0.001884978 | R28: 0.91666667 | U28: 0.95
D29: =D28+1 -> 46012 | E29: 日 | F29: 329.30818 | I29: =F29/$C$1 -> 0.89974913 | L29: 0.0024303623 | O29: 0.0018187414 | R29: 0.91666667 | U29: 0.95
D30: =D29+1 -> 46013 | E30: 一 | F30: 330.54215 | I30: =F30/$C$1 -> 0.90312064 | L30: 0.0024569618 | O30: 0.0019842851 | R30: 0.91666667 | U30: 0.952
D31: =D30+1 -> 46014 | E31: 二 | F31: 328.86994 | I31: =F31/$C$1 -> 0.89855175 | L31: 0.0024291096 | O31: 0.0019521134 | R31: 0.91666667 | U31: 0.956
D32: =D31+1 -> 46015 | E32: 三 | F32: 328.60899 | I32: =F32/$C$1 -> 0.89783877 | L32: 0.0024399611 | O32: 0.0023118525 | R32: 0.91666667 | U32: 0.958
D33: =D32+1 -> 46016 | E33: 四 | F33: 338.86367 | G33: =AVERAGE(F33:F39) -> 330.07003 | I33: =F33/$C$1 -> 0.92585702 | J33: =AVERAGE(I33:I39) -> 0.90132152 | L33: 0.0024621147 | M33: =AVERAGE(L33:L39) -> 0.00245732 | O33: 0.002351009 | P33: =AVERAGE(O33:O39) -> 0.0022237035 | R33: 0.91666667 | S33: =AVERAGE(R33:R39) -> 0.91666667 | U33: 0.96 | V33: =AVERAGE(U33:U39) -> 0.97485714
D34: =D33+1 -> 46017 | E34: 五 | F34: 322.91104 | I34: =F34/$C$1 -> 0.88227061 | L34: 0.0024695326 | O34: 0.0025255201 | R34: 0.91666667 | U34: 0.966
D35: =D34+1 -> 46018 | E35: 六 | F35: 332.5964 | I35: =F35/$C$1 -> 0.90873333 | L35: 0.0024719906 | O35: 0.0023272602 | R35: 0.91666667 | U35: 0.968
D36: =D35+1 -> 46019 | E36: 日 | F36: 333.66067 | I36: =F36/$C$1 -> 0.91164118 | L36: 0.0024486257 | O36: 0.0020129143 | R36: 0.91666667 | U36: 0.972
D37: =D36+1 -> 46020 | E37: 一 | F37: 322.03057 | I37: =F37/$C$1 -> 0.87986495 | L37: 0.002441877 | O37: 0.002030685 | R37: 0.91666667 | U37: 0.978
D38: =D37+1 -> 46021 | E38: 二 | F38: 329.23971 | I38: =F38/$C$1 -> 0.89956205 | L38: 0.0024482113 | O38: 0.0019139385 | R38: 0.91666667 | U38: 0.98
D39: =D38+1 -> 46022 | E39: 三 | F39: 331.18811 | L39: 0.0024588882 | O39: 0.0024045973 | R39: 0.91666667 | U39: 1

Sheet （３）業績構成比
B2: （3）業績構成比
C3: 月份 | D3: 日期 | F3: 營業額 | I3: 品類業績
I4: 18℃-飯糰 | O4: 18℃-壽司手卷 | U4: 4℃-飯糰 | W4: 4℃-壽司手卷 | Y4: 主食 | AE4: 便當 | AG4: 熱食義麵 | AI4: 季節調理麵 | AK4: 微波小吃
F5: 日 | G5: 週累積 | H5: 月累積 | I5: 一配 | K5: 二配 | M5: 合計 | O5: 一配 | Q5: 二配 | S5: 合計 | U5: 一配 | W5: 一配 | Y5: 一配 | AA5: 二配 | AC5: 合計 | AE5: 一配 | AG5: 一配 | AI5: 一配 | AK5: 一配
I6: 業績(元) | J6: 比例(%) | K6: 業績(元) | L6: 比例(%) | M6: 業績(元) | N6: 比例(%) | O6: 業績(元) | P6: 比例(%) | Q6: 業績(元) | R6: 比例(%) | S6: 業績(元) | T6: 比例(%) | U6: 業績(元) | V6: 比例(%) | W6: 業績(元) | X6: 比例(%) | Y6: 業績(元) | Z6: 比例(%) | AA6: 業績(元) | AB6: 比例(%) | AC6: 業績(元) | AD6: 比例(%) | AE6: 業績(元) | AF6: 比例(%) | AG6: 業績(元) | AH6: 比例(%) | AI6: 業績(元) | AJ6: 比例(%) | AK6: 業績(元) | AL6: 比例(%)
D11: 45992 | E11: 一 | F11: =SUM(M11,S11,U11,W11,AC11,AE11,AG11,AI11,AK11) -> 7261499 | H11: =SUM(F11:F41) -> 219461716 | I11: 547116.01 | J11: =I11/F11 -> 0.075344775 | K11: 802330.42 | L11: =K11/F11 -> 0.11049102 | M11: =SUM(I11+K11) -> 1349446.4 | N11: =M11/F11 -> 0.18583579 | O11: 143482.93 | P11: =O11/F11 -> 0.01975941 | Q11: 95300.189 | R11: =Q11/$F11 -> 0.013124038 | S11: =SUM(O11+Q11) -> 238783.12 | T11: =S11/F11 -> 0.032883448 | U11: 600702.97 | V11: =U11/F11 -> 0.082724375 | W11: 28417.83 | X11: =W11/F11 -> 0.0039134936 | Y11: 601911.84 | Z11: =Y11/F11 -> 0.082890852 | AA11: 1272400.8 | AB11: =AA11/$F11 -> 0.17522565 | AC11: =SUM(Y11+AA11) -> 1874312.7 | AD11: =AC11/F11 -> 0.2581165 | AE11: 1046304.1 | AF11: =AE11/F11 -> 0.14408928 | AG11: 1206791.6 | AH11: =AG11/F11 -> 0.16619042 | AI11: 378278.15 | AJ11: =AI11/F11 -> 0.052093672 | AK11: 538462.1 | AL11: =AK11/F11 -> 0.074153022
D12: 45993 | E12: 二 | F12: =SUM(M12,S12,U12,W12,AC12,AE12,AG12,AI12,AK12) -> 7236654 | I12: 530333.21 | J12: =I12/F12 -> 0.073284312 | K12: 779594.22 | L12: =K12/F12 -> 0.10772855 | M12: =SUM(I12+K12) -> 1309927.4 | N12: =M12/F12 -> 0.18101286 | O12: 137168.97 | P12: =O12/F12 -> 0.01895475 | Q12: 93054.275 | R12: =Q12/$F12 -> 0.012858743 | S12: =SUM(O12+Q12) -> 230223.24 | T12: =S12/F12 -> 0.031813493 | U12: 588511 | V12: =U12/F12 -> 0.081323634 | W12: 28051.696 | X12: =W12/F12 -> 0.003876335 | Y12: 592360.76 | Z12: =Y12/F12 -> 0.081855614 | AA12: 1231812.8 | AB12: =AA12/$F12 -> 0.17021855 | AC12: =SUM(Y12+AA12) -> 1824173.5 | AD12: =AC12/F12 -> 0.25207417 | AE12: 996597.14 | AF12: =AE12/F12 -> 0.13771518 | AG12: 1383070.2 | AH12: =AG12/F12 -> 0.19112012 | AI12: 349181.96 | AJ12: =AI12/F12 -> 0.048251852 | AK12: 526917.85 | AL12: =AK12/F12 -> 0.072812359
D13: =D12+1 -> 45994 | E13: 三 | F13: =SUM(M13,S13,U13,W13,AC13,AE13,AG13,AI13,AK13) -> 6888543 | I13: 526762.36 | J13: =I13/F13 -> 0.076469343 | K13: 758147.52 | L13: =K13/F13 -> 0.1100592 | M13: =SUM(I13+K13) -> 1284909.9 | N13: =M13/F13 -> 0.18652854 | O13: 142282.63 | P13: =O13/F13 -> 0.020654967 | Q13: 97009.818 | R13: =Q13/$F13 -> 0.014082777 | S13: =SUM(O13+Q13) -> 239292.45 | T13: =S13/F13 -> 0.034737745 | U13: 560035.02 | V13: =U13/F13 -> 0.081299488 | W13: 29194.405 | X13: =W13/F13 -> 0.0042381103 | Y13: 565620.79 | Z13: =Y13/F13 -> 0.082110367 | AA13: 1154648.9 | AB13: =AA13/$F13 -> 0.16761875 | AC13: =SUM(Y13+AA13) -> 1720269.7 | AD13: =AC13/F13 -> 0.24972911 | AE13: 971865.12 | AF13: =AE13/F13 -> 0.14108428 | AG13: 1184600.9 | AH13: =AG13/F13 -> 0.17196682 | AI13: 369726.56 | AJ13: =AI13/F13 -> 0.053672679 | AK13: 528648.98 | AL13: =AK13/F13 -> 0.076743222
D14: =D13+1 -> 45995 | E14: 四 | F14: =SUM(M14,S14,U14,W14,AC14,AE14,AG14,AI14,AK14) -> 6535954 | G14: =SUM(F14:F20) -> 48757489 | I14: 506363.6 | J14: =I14/F14 -> 0.077473556 | K14: 727397.56 | L14: =K14/F14 -> 0.11129172 | M14: =SUM(I14+K14) -> 1233761.2 | N14: =M14/F14 -> 0.18876528 | O14: 141972.22 | P14: =O14/F14 -> 0.021721729 | Q14: 98299.236 | R14: =Q14/$F14 -> 0.015039769 | S14: =SUM(O14+Q14) -> 240271.45 | T14: =S14/F14 -> 0.036761497 | U14: 551591.24 | V14: =U14/F14 -> 0.084393378 | W14: 28616.676 | X14: =W14/F14 -> 0.0043783472 | Y14: 548905.9 | Z14: =Y14/F14 -> 0.083982523 | AA14: 1039376.5 | AB14: =AA14/$F14 -> 0.15902445 | AC14: =SUM(Y14+AA14) -> 1588282.4 | AD14: =AC14/F14 -> 0.24300698 | AE14: 915362.8 | AF14: =AE14/F14 -> 0.14005037 | AG14: 1115453.6 | AH14: =AG14/F14 -> 0.17066424 | AI14: 356002.01 | AJ14: =AI14/F14 -> 0.054468256 | AK14: 506612.6 | AL14: =AK14/F14 -> 0.077511654
D15: =D14+1 -> 45996 | E15: 五 | F15: =SUM(M15,S15,U15,W15,AC15,AE15,AG15,AI15,AK15) -> 6075465 | I15: 446133.99 | J15: =I15/F15 -> 0.073432073 | K15: 734858.95 | L15: =K15/F15 -> 0.12095518 | M15: =SUM(I15+K15) -> 1180992.9 | N15: =M15/F15 -> 0.19438725 | O15: 114585.37 | P15: =O15/F15 -> 0.018860346 | Q15: 84528.439 | R15: =Q15/$F15 -> 0.013913081 | S15: =SUM(O15+Q15) -> 199113.81 | T15: =S15/F15 -> 0.032773427 | U15: 513096.96 | V15: =U15/F15 -> 0.08445394 | W15: 23899.484 | X15: =W15/F15 -> 0.0039337703 | Y15: 489843.76 | Z15: =Y15/F15 -> 0.080626546 | AA15: 1095829.5 | AB15: =AA15/$F15 -> 0.18036965 | AC15: =SUM(Y15+AA15) -> 1585673.2 | AD15: =AC15/F15 -> 0.26099619 | AE15: 791931.46 | AF15: =AE15/F15 -> 0.13034911 | AG15: 1025287.3 | AH15: =AG15/F15 -> 0.16875865 | AI15: 320908.3 | AJ15: =AI15/F15 -> 0.052820368 | AK15: 434561.56 | AL15: =AK15/F15 -> 0.071527292
D16: =D15+1 -> 45997 | E16: 六 | F16: =SUM(M16,S16,U16,W16,AC16,AE16,AG16,AI16,AK16) -> 6262543 | I16: 430934.59 | J16: =I16/F16 -> 0.068811438 | K16: 745486.4 | L16: =K16/F16 -> 0.11903893 | M16: =SUM(I16+K16) -> 1176421 | N16: =M16/F16 -> 0.18785037 | O16: 106928.62 | P16: =O16/F16 -> 0.017074313 | Q16: 80073.032 | R16: =Q16/$F16 -> 0.012786025 | S16: =SUM(O16+Q16) -> 187001.65 | T16: =S16/F16 -> 0.029860338 | U16: 538009.68 | V16: =U16/F16 -> 0.08590914 | W16: 23574.093 | X16: =W16/F16 -> 0.0037643004 | Y16: 487585.78 | Z16: =Y16/F16 -> 0.077857475 | AA16: 1123632.8 | AB16: =AA16/$F16 -> 0.17942116 | AC16: =SUM(Y16+AA16) -> 1611218.5 | AD16: =AC16/F16 -> 0.25727864 | AE16: 860063.64 | AF16: =AE16/F16 -> 0.13733457 | AG16: 1031917.4 | AH16: =AG16/F16 -> 0.1647761 | AI16: 375019.9 | AJ16: =AI16/F16 -> 0.059883006 | AK16: 459317.07 | AL16: =AK16/F16 -> 0.07334354
D17: =D16+1 -> 45998 | E17: 日 | F17: =SUM(M17,S17,U17,W17,AC17,AE17,AG17,AI17,AK17) -> 7283314 | I17: 554780.54 | J17: =I17/F17 -> 0.076171444 | K17: 796646.25 | L17: =K17/F17 -> 0.10937964 | M17: =SUM(I17+K17) -> 1351426.8 | N17: =M17/F17 -> 0.18555108 | O17: 146621.8 | P17: =O17/F17 -> 0.020131193 | Q17: 93931.288 | R17: =Q17/$F17 -> 0.012896779 | S17: =SUM(O17+Q17) -> 240553.09 | T17: =S17/F17 -> 0.033027972 | U17: 633337.47 | V17: =U17/F17 -> 0.086957321 | W17: 26193.367 | X17: =W17/F17 -> 0.0035963529 | Y17: 577616.23 | Z17: =Y17/F17 -> 0.079306787 | AA17: 1247520.3 | AB17: =AA17/$F17 -> 0.1712847 | AC17: =SUM(Y17+AA17) -> 1825136.5 | AD17: =AC17/F17 -> 0.25059149 | AE17: 1038293.7 | AF17: =AE17/F17 -> 0.14255786 | AG17: 1259763.8 | AH17: =AG17/F17 -> 0.17296574 | AI17: 390546.9 | AJ17: =AI17/F17 -> 0.053622142 | AK17: 518062.41 | AL17: =AK17/F17 -> 0.07113004
D18: =D17+1 -> 45999 | E18: 一 | F18: =SUM(M18,S18,U18,W18,AC18,AE18,AG18,AI18,AK18) -> 7299829 | I18: 547022.11 | J18: =I18/F18 -> 0.074936291 | K18: 789491.49 | L18: =K18/F18 -> 0.10815205 | M18: =SUM(I18+K18) -> 1336513.6 | N18: =M18/F18 -> 0.18308834 | O18: 138327.11 | P18: =O18/F18 -> 0.018949362 | Q18: 96716.873 | R18: =Q18/$F18 -> 0.013249197 | S18: =SUM(O18+Q18) -> 235043.98 | T18: =S18/F18 -> 0.032198559 | U18: 618096.68 | V18: =U18/F18 -> 0.084672762 | W18: 26168.331 | X18: =W18/F18 -> 0.0035847868 | Y18: 569642.95 | Z18: =Y18/F18 -> 0.078035108 | AA18: 1426509.4 | AB18: =AA18/$F18 -> 0.19541682 | AC18: =SUM(Y18+AA18) -> 1996152.3 | AD18: =AC18/F18 -> 0.27345193 | AE18: 1002583 | AF18: =AE18/F18 -> 0.13734335 | AG18: 1152517.2 | AH18: =AG18/F18 -> 0.15788277 | AI18: 404682.11 | AJ18: =AI18/F18 -> 0.055437204 | AK18: 528071.79 | AL18: =AK18/F18 -> 0.072340296
D19: =D18+1 -> 46000 | E19: 二 | F19: =SUM(M19,S19,U19,W19,AC19,AE19,AG19,AI19,AK19) -> 7768298 | I19: 536497.28 | J19: =I19/F19 -> 0.069062398 | K19: 785848.36 | L19: =K19/F19 -> 0.10116094 | M19: =SUM(I19+K19) -> 1322345.6 | N19: =M19/F19 -> 0.17022334 | O19: 138497.84 | P19: =O19/F19 -> 0.017828595 | Q19: 101594.57 | R19: =Q19/$F19 -> 0.013078099 | S19: =SUM(O19+Q19) -> 240092.41 | T19: =S19/F19 -> 0.030906694 | U19: 912506.56 | V19: =U19/F19 -> 0.11746544 | W19: 23723.469 | X19: =W19/F19 -> 0.0030538825 | Y19: 567646.45 | Z19: =Y19/F19 -> 0.073072177 | AA19: 1434884.5 | AB19: =AA19/$F19 -> 0.18471028 | AC19: =SUM(Y19+AA19) -> 2002530.9 | AD19: =AC19/F19 -> 0.25778246 | AE19: 970384.7 | AF19: =AE19/F19 -> 0.124916 | AG19: 1393797.8 | AH19: =AG19/F19 -> 0.17942125 | AI19: 395930.2 | AJ19: =AI19/F19 -> 0.050967432 | AK19: 506986.29 | AL19: =AK19/F19 -> 0.065263497
D20: =D19+1 -> 46001 | E20: 三 | F20: =SUM(M20,S20,U20,W20,AC20,AE20,AG20,AI20,AK20) -> 7532086 | I20: 536138.3 | J20: =I20/F20 -> 0.071180587 | K20: 766120.91 | L20: =K20/F20 -> 0.10171431 | M20: =SUM(I20+K20) -> 1302259.2 | N20: =M20/F20 -> 0.17289489 | O20: 146173.12 | P20: =O20/F20 -> 0.019406725 | Q20: 105746.1 | R20: =Q20/$F20 -> 0.014039418 | S20: =SUM(O20+Q20) -> 251919.23 | T20: =S20/F20 -> 0.033446143 | U20: 862223.38 | V20: =U20/F20 -> 0.11447338 | W20: 20863.56 | X20: =W20/F20 -> 0.0027699578 | Y20: 551793.85 | Z20: =Y20/F20 -> 0.073259102 | AA20: 1300651.7 | AB20: =AA20/$F20 -> 0.17268148 | AC20: =SUM(Y20+AA20) -> 1852445.6 | AD20: =AC20/F20 -> 0.24594058 | AE20: 959595.78 | AF20: =AE20/F20 -> 0.12740106 | AG20: 1360502.2 | AH20: =AG20/F20 -> 0.18062755 | AI20: 410674.4 | AJ20: =AI20/F20 -> 0.054523329 | AK20: 511602.63 | AL20: =AK20/F20 -> 0.0679231
D21: =D20+1 -> 46002 | E21: 四 | F21: =SUM(M21,S21,U21,W21,AC21,AE21,AG21,AI21,AK21) -> 6664969 | G21: =SUM(F21:F27) -> 50108332 | I21: 514732.93 | J21: =I21/F21 -> 0.077229606 | K21: 727368.04 | L21: =K21/F21 -> 0.109133 | M21: =SUM(I21+K21) -> 1242101 | N21: =M21/F21 -> 0.1863626 | O21: 141947.32 | P21: =O21/F21 -> 0.021297521 | Q21: 104200.76 | R21: =Q21/$F21 -> 0.015634095 | S21: =SUM(O21+Q21) -> 246148.08 | T21: =S21/F21 -> 0.036931616 | U21: 725958.68 | V21: =U21/F21 -> 0.10892154 | W21: 0 | X21: =W21/F21 -> 0 | Y21: 512285.65 | Z21: =Y21/F21 -> 0.076862421 | AA21: 1099126.2 | AB21: =AA21/$F21 -> 0.16491093 | AC21: =SUM(Y21+AA21) -> 1611411.9 | AD21: =AC21/F21 -> 0.24177335 | AE21: 884609.09 | AF21: =AE21/F21 -> 0.13272516 | AG21: 1109856.2 | AH21: =AG21/F21 -> 0.16652083 | AI21: 364711.04 | AJ21: =AI21/F21 -> 0.054720591 | AK21: 480173.06 | AL21: =AK21/F21 -> 0.072044305
D22: =D21+1 -> 46003 | E22: 五 | F22: =SUM(M22,S22,U22,W22,AC22,AE22,AG22,AI22,AK22) -> 6216944 | I22: 446424.73 | J22: =I22/F22 -> 0.071807745 | K22: 699227.18 | L22: =K22/F22 -> 0.1124712 | M22: =SUM(I22+K22) -> 1145651.9 | N22: =M22/F22 -> 0.18427895 | O22: 111539.58 | P22: =O22/F22 -> 0.017941224 | Q22: 85058.614 | R22: =Q22/$F22 -> 0.01368174 | S22: =SUM(O22+Q22) -> 196598.2 | T22: =S22/F22 -> 0.031622964 | U22: 600760.94 | V22: =U22/F22 -> 0.096632837 | W22: 0 | X22: =W22/F22 -> 0 | Y22: 477087 | Z22: =Y22/F22 -> 0.076739793 | AA22: 1109474.5 | AB22: =AA22/$F22 -> 0.17845979 | AC22: =SUM(Y22+AA22) -> 1586561.5 | AD22: =AC22/F22 -> 0.25519959 | AE22: 817812.44 | AF22: =AE22/F22 -> 0.13154573 | AG22: 965735.85 | AH22: =AG22/F22 -> 0.15533932 | AI22: 503462.25 | AJ22: =AI22/F22 -> 0.080982272 | AK22: 400360.87 | AL22: =AK22/F22 -> 0.06439834
D23: =D22+1 -> 46004 | E23: 六 | F23: =SUM(M23,S23,U23,W23,AC23,AE23,AG23,AI23,AK23) -> 6402844 | I23: 433804.88 | J23: =I23/F23 -> 0.067751905 | K23: 744226.58 | L23: =K23/F23 -> 0.11623375 | M23: =SUM(I23+K23) -> 1178031.5 | N23: =M23/F23 -> 0.18398566 | O23: 101835.65 | P23: =O23/F23 -> 0.015904753 | Q23: 79352.261 | R23: =Q23/$F23 -> 0.012393284 | S23: =SUM(O23+Q23) -> 181187.92 | T23: =S23/F23 -> 0.028298037 | U23: 665423.59 | V23: =U23/F23 -> 0.10392625 | W23: 0 | X23: =W23/F23 -> 0 | Y23: 507445.34 | Z23: =Y23/F23 -> 0.079253117 | AA23: 1163165 | AB23: =AA23/$F23 -> 0.1816638 | AC23: =SUM(Y23+AA23) -> 1670610.3 | AD23: =AC23/F23 -> 0.26091692 | AE23: 889034.09 | AF23: =AE23/F23 -> 0.13884988 | AG23: 948183.88 | AH23: =AG23/F23 -> 0.14808793 | AI23: 435958.29 | AJ23: =AI23/F23 -> 0.068088226 | AK23: 434414.45 | AL23: =AK23/F23 -> 0.067847108
D24: =D23+1 -> 46005 | E24: 日 | F24: =SUM(M24,S24,U24,W24,AC24,AE24,AG24,AI24,AK24) -> 7638376 | I24: 557263.32 | J24: =I24/F24 -> 0.072955733 | K24: 783007.61 | L24: =K24/F24 -> 0.1025097 | M24: =SUM(I24+K24) -> 1340270.9 | N24: =M24/F24 -> 0.17546543 | O24: 137204.9 | P24: =O24/F24 -> 0.017962574 | Q24: 94281.232 | R24: =Q24/$F24 -> 0.012343099 | S24: =SUM(O24+Q24) -> 231486.13 | T24: =S24/F24 -> 0.030305673 | U24: 878229.21 | V24: =U24/F24 -> 0.11497591 | W24: 0 | X24: =W24/F24 -> 0 | Y24: 566410.89 | Z24: =Y24/F24 -> 0.074153313 | AA24: 1300557.6 | AB24: =AA24/$F24 -> 0.17026624 | AC24: =SUM(Y24+AA24) -> 1866968.5 | AD24: =AC24/F24 -> 0.24441956 | AE24: 1065732 | AF24: =AE24/F24 -> 0.13952337 | AG24: 1197865.6 | AH24: =AG24/F24 -> 0.15682203 | AI24: 567724.17 | AJ24: =AI24/F24 -> 0.074325246 | AK24: 490099.49 | AL24: =AK24/F24 -> 0.064162786
D25: =D24+1 -> 46006 | E25: 一 | F25: =SUM(M25,S25,U25,W25,AC25,AE25,AG25,AI25,AK25) -> 7520294 | I25: 546271.89 | J25: =I25/F25 -> 0.072639698 | K25: 771360.39 | L25: =K25/F25 -> 0.10257051 | M25: =SUM(I25+K25) -> 1317632.3 | N25: =M25/F25 -> 0.17521021 | O25: 130926.21 | P25: =O25/F25 -> 0.01740972 | Q25: 96616.123 | R25: =Q25/$F25 -> 0.012847386 | S25: =SUM(O25+Q25) -> 227542.33 | T25: =S25/F25 -> 0.030257106 | U25: 787779.98 | V25: =U25/F25 -> 0.10475388 | W25: 0 | X25: =W25/F25 -> 0 | Y25: 578974.55 | Z25: =Y25/F25 -> 0.076988286 | AA25: 1308937 | AB25: =AA25/$F25 -> 0.17405396 | AC25: =SUM(Y25+AA25) -> 1887911.5 | AD25: =AC25/F25 -> 0.25104225 | AE25: 1031720.9 | AF25: =AE25/F25 -> 0.13719157 | AG25: 1124027.7 | AH25: =AG25/F25 -> 0.14946593 | AI25: 633550.95 | AJ25: =AI25/F25 -> 0.084245503 | AK25: 510128.33 | AL25: =AK25/F25 -> 0.067833561
D26: =D25+1 -> 46007 | E26: 二 | F26: =SUM(M26,S26,U26,W26,AC26,AE26,AG26,AI26,AK26) -> 8052028 | I26: 525147.41 | J26: =I26/F26 -> 0.065219273 | K26: 820752.58 | L26: =K26/F26 -> 0.10193116 | M26: =SUM(I26+K26) -> 1345900 | N26: =M26/F26 -> 0.16715044 | O26: 123993.38 | P26: =O26/F26 -> 0.015399025 | Q26: 93289.863 | R26: =Q26/$F26 -> 0.011585884 | S26: =SUM(O26+Q26) -> 217283.24 | T26: =S26/F26 -> 0.026984909 | U26: 1325852.6 | V26: =U26/F26 -> 0.1646607 | W26: 0 | X26: =W26/F26 -> 0 | Y26: 551723.47 | Z26: =Y26/F26 -> 0.068519815 | AA26: 1288839.6 | AB26: =AA26/$F26 -> 0.16006397 | AC26: =SUM(Y26+AA26) -> 1840563.1 | AD26: =AC26/F26 -> 0.22858379 | AE26: 982638.67 | AF26: =AE26/F26 -> 0.12203617 | AG26: 814453.79 | AH26: =AG26/F26 -> 0.1011489 | AI26: 574360.64 | AJ26: =AI26/F26 -> 0.071331177 | AK26: 950976.01 | AL26: =AK26/F26 -> 0.11810391
D27: =D26+1 -> 46008 | E27: 三 | F27: =SUM(M27,S27,U27,W27,AC27,AE27,AG27,AI27,AK27) -> 7612877 | I27: 521102.05 | J27: =I27/F27 -> 0.068450081 | K27: 799328.78 | L27: =K27/F27 -> 0.10499694 | M27: =SUM(I27+K27) -> 1320430.8 | N27: =M27/F27 -> 0.17344702 | O27: 129448.75 | P27: =O27/F27 -> 0.017003919 | Q27: 94591.239 | R27: =Q27/$F27 -> 0.012425163 | S27: =SUM(O27+Q27) -> 224039.99 | T27: =S27/F27 -> 0.029429083 | U27: 1244521.4 | V27: =U27/F27 -> 0.16347583 | W27: 0 | X27: =W27/F27 -> 0 | Y27: 540832.07 | Z27: =Y27/F27 -> 0.071041745 | AA27: 1207800.7 | AB27: =AA27/$F27 -> 0.15865234 | AC27: =SUM(Y27+AA27) -> 1748632.8 | AD27: =AC27/F27 -> 0.22969408 | AE27: 936303.12 | AF27: =AE27/F27 -> 0.12298939 | AG27: 802956.36 | AH27: =AG27/F27 -> 0.10547345 | AI27: 560274.54 | AJ27: =AI27/F27 -> 0.073595638 | AK27: 775717.96 | AL27: =AK27/F27 -> 0.10189551
D28: =D27+1 -> 46009 | E28: 四 | F28: =SUM(M28,S28,U28,W28,AC28,AE28,AG28,AI28,AK28) -> 7258886 | G28: =SUM(F28:F34) -> 51085132 | I28: 495054.44 | J28: =I28/F28 -> 0.068199782 | K28: 752543.8 | L28: =K28/F28 -> 0.10367208 | M28: =SUM(I28+K28) -> 1247598.2 | N28: =M28/F28 -> 0.17187186 | O28: 127724.62 | P28: =O28/F28 -> 0.017595623 | Q28: 95850.483 | R28: =Q28/$F28 -> 0.013204572 | S28: =SUM(O28+Q28) -> 223575.11 | T28: =S28/F28 -> 0.030800195 | U28: 1182416.7 | V28: =U28/F28 -> 0.16289231 | W28: 0 | X28: =W28/F28 -> 0 | Y28: 522726.87 | Z28: =Y28/F28 -> 0.072011996 | AA28: 1082526.7 | AB28: =AA28/$F28 -> 0.14913124 | AC28: =SUM(Y28+AA28) -> 1605253.6 | AD28: =AC28/F28 -> 0.22114324 | AE28: 863902.47 | AF28: =AE28/F28 -> 0.11901309 | AG28: 850615.86 | AH28: =AG28/F28 -> 0.1171827 | AI28: 544313.08 | AJ28: =AI28/F28 -> 0.07498576 | AK28: 741210.99 | AL28: =AK28/F28 -> 0.10211085
D29: =D28+1 -> 46010 | E29: 五 | F29: =SUM(M29,S29,U29,W29,AC29,AE29,AG29,AI29,AK29) -> 6600497 | I29: 440324.25 | J29: =I29/F29 -> 0.066710772 | K29: 728731.38 | L29: =K29/F29 -> 0.11040553 | M29: =SUM(I29+K29) -> 1169055.6 | N29: =M29/F29 -> 0.1771163 | O29: 101584.26 | P29: =O29/F29 -> 0.015390395 | Q29: 82371.029 | R29: =Q29/$F29 -> 0.012479519 | S29: =SUM(O29+Q29) -> 183955.29 | T29: =S29/F29 -> 0.027869914 | U29: 1108455.1 | V29: =U29/F29 -> 0.1679351 | W29: 0 | X29: =W29/F29 -> 0 | Y29: 478758.96 | Z29: =Y29/F29 -> 0.072533775 | AA29: 1132886.7 | AB29: =AA29/$F29 -> 0.17163658 | AC29: =SUM(Y29+AA29) -> 1611645.7 | AD29: =AC29/F29 -> 0.24417035 | AE29: 766636.2 | AF29: =AE29/F29 -> 0.11614825 | AG29: 699334.19 | AH29: =AG29/F29 -> 0.10595175 | AI29: 514438.96 | AJ29: =AI29/F29 -> 0.077939428 | AK29: 546975.92 | AL29: =AK29/F29 -> 0.082868899
D30: =D29+1 -> 46011 | E30: 六 | F30: =SUM(M30,S30,U30,W30,AC30,AE30,AG30,AI30,AK30) -> 6936693 | I30: 423837.22 | J30: =I30/F30 -> 0.061100761 | K30: 762853 | L30: =K30/F30 -> 0.10997359 | M30: =SUM(I30+K30) -> 1186690.2 | N30: =M30/F30 -> 0.17107435 | O30: 99414.91 | P30: =O30/F30 -> 0.014331744 | Q30: 76977.587 | R30: =Q30/$F30 -> 0.011097159 | S30: =SUM(O30+Q30) -> 176392.5 | T30: =S30/F30 -> 0.025428903 | U30: 1161865 | V30: =U30/F30 -> 0.16749552 | W30: 0 | X30: =W30/F30 -> 0 | Y30: 478170.38 | Z30: =Y30/F30 -> 0.068933479 | AA30: 1174235.6 | AB30: =AA30/$F30 -> 0.16927888 | AC30: =SUM(Y30+AA30) -> 1652406 | AD30: =AC30/F30 -> 0.23821236 | AE30: 863997.8 | AF30: =AE30/F30 -> 0.12455471 | AG30: 727278.97 | AH30: =AG30/F30 -> 0.1048452 | AI30: 585090.36 | AJ30: =AI30/F30 -> 0.084347161 | AK30: 582972.16 | AL30: =AK30/F30 -> 0.0840418
D31: =D30+1 -> 46012 | E31: 日 | F31: =SUM(M31,S31,U31,W31,AC31,AE31,AG31,AI31,AK31) -> 8044891 | I31: 539900.11 | J31: =I31/F31 -> 0.067110929 | K31: 810076.61 | L31: =K31/F31 -> 0.10069454 | M31: =SUM(I31+K31) -> 1349976.7 | N31: =M31/F31 -> 0.16780547 | O31: 129234.63 | P31: =O31/F31 -> 0.016064186 | Q31: 90333.203 | R31: =Q31/$F31 -> 0.011228642 | S31: =SUM(O31+Q31) -> 219567.83 | T31: =S31/F31 -> 0.027292828 | U31: 1399381.4 | V31: =U31/F31 -> 0.17394659 | W31: 0 | X31: =W31/F31 -> 0 | Y31: 542589.33 | Z31: =Y31/F31 -> 0.067445206 | AA31: 1265397.5 | AB31: =AA31/$F31 -> 0.15729207 | AC31: =SUM(Y31+AA31) -> 1807986.9 | AD31: =AC31/F31 -> 0.22473727 | AE31: 1034151.3 | AF31: =AE31/F31 -> 0.12854759 | AG31: 813556.87 | AH31: =AG31/F31 -> 0.10112715 | AI31: 626758.57 | AJ31: =AI31/F31 -> 0.077907652 | AK31: 793511.44 | AL31: =AK31/F31 -> 0.09863545
D32: =D31+1 -> 46013 | E32: 一 | F32: =SUM(M32,S32,U32,W32,AC32,AE32,AG32,AI32,AK32) -> 8079828 | I32: 524083.67 | J32: =I32/F32 -> 0.064863221 | K32: 801157.37 | L32: =K32/F32 -> 0.09915525 | M32: =SUM(I32+K32) -> 1325241 | N32: =M32/F32 -> 0.16401847 | O32: 121060.48 | P32: =O32/F32 -> 0.014983052 | Q32: 90570.935 | R32: =Q32/$F32 -> 0.011209513 | S32: =SUM(O32+Q32) -> 211631.42 | T32: =S32/F32 -> 0.026192565 | U32: 1315764.7 | V32: =U32/F32 -> 0.16284563 | W32: 0 | X32: =W32/F32 -> 0 | Y32: 529849.79 | Z32: =Y32/F32 -> 0.065576865 | AA32: 1621243.4 | AB32: =AA32/$F32 -> 0.20065321 | AC32: =SUM(Y32+AA32) -> 2151093.2 | AD32: =AC32/F32 -> 0.26623008 | AE32: 977986.21 | AF32: =AE32/F32 -> 0.12104047 | AG32: 797520.65 | AH32: =AG32/F32 -> 0.098705151 | AI32: 609490.56 | AJ32: =AI32/F32 -> 0.075433606 | AK32: 691100.23 | AL32: =AK32/F32 -> 0.085534027
D33: =D32+1 -> 46014 | E33: 二 | F33: =SUM(M33,S33,U33,W33,AC33,AE33,AG33,AI33,AK33) -> 7688414 | I33: 529938.45 | J33: =I33/F33 -> 0.068926888 | K33: 732906.96 | L33: =K33/F33 -> 0.095326158 | M33: =SUM(I33+K33) -> 1262845.4 | N33: =M33/F33 -> 0.16425305 | O33: 219102.66 | P33: =O33/F33 -> 0.02849777 | Q33: 94220.516 | R33: =Q33/$F33 -> 0.01225487 | S33: =SUM(O33+Q33) -> 313323.17 | T33: =S33/F33 -> 0.04075264 | U33: 1225827.3 | V33: =U33/F33 -> 0.15943825 | W33: 0 | X33: =W33/F33 -> 0 | Y33: 521443.79 | Z33: =Y33/F33 -> 0.067822023 | AA33: 1493282.5 | AB33: =AA33/$F33 -> 0.19422503 | AC33: =SUM(Y33+AA33) -> 2014726.3 | AD33: =AC33/F33 -> 0.26204706 | AE33: 945977.59 | AF33: =AE33/F33 -> 0.12303937 | AG33: 771397.64 | AH33: =AG33/F33 -> 0.10033248 | AI33: 522528.09 | AJ33: =AI33/F33 -> 0.067963054 | AK33: 631788.52 | AL33: =AK33/F33 -> 0.082174102
D34: =D33+1 -> 46015 | E34: 三 | F34: =SUM(M34,S34,U34,W34,AC34,AE34,AG34,AI34,AK34) -> 6475923 | I34: 446245.79 | J34: =I34/F34 -> 0.068908446 | K34: 719147.36 | L34: =K34/F34 -> 0.1110494 | M34: =SUM(I34+K34) -> 1165393.1 | N34: =M34/F34 -> 0.17995785 | O34: 174928.49 | P34: =O34/F34 -> 0.027012133 | Q34: 87962.283 | R34: =Q34/$F34 -> 0.013582972 | S34: =SUM(O34+Q34) -> 262890.78 | T34: =S34/F34 -> 0.040595105 | U34: 967791.19 | V34: =U34/F34 -> 0.14944452 | W34: 0 | X34: =W34/F34 -> 0 | Y34: 502516.54 | Z34: =Y34/F34 -> 0.07759767 | AA34: 1338368.4 | AB34: =AA34/$F34 -> 0.20666836 | AC34: =SUM(Y34+AA34) -> 1840884.9 | AD34: =AC34/F34 -> 0.28426603 | AE34: 778252.01 | AF34: =AE34/F34 -> 0.12017623 | AG34: 523867.75 | AH34: =AG34/F34 -> 0.080894685 | AI34: 402802.4 | AJ34: =AI34/F34 -> 0.062199998 | AK34: 534040.79 | AL34: =AK34/F34 -> 0.082465587
D35: =D34+1 -> 46016 | E35: 四 | F35: =SUM(M35,S35,U35,W35,AC35,AE35,AG35,AI35,AK35) -> 6755981 | G35: =SUM(F35:F41) -> 48124067 | I35: 504615.87 | J35: =I35/F35 -> 0.074691724 | K35: 729765.21 | L35: =K35/F35 -> 0.10801765 | M35: =SUM(I35+K35) -> 1234381.1 | N35: =M35/F35 -> 0.18270938 | O35: 169565.3 | P35: =O35/F35 -> 0.025098546 | Q35: 102004.69 | R35: =Q35/$F35 -> 0.015098428 | S35: =SUM(O35+Q35) -> 271570 | T35: =S35/F35 -> 0.040196974 | U35: 1040831.5 | V35: =U35/F35 -> 0.15406075 | W35: 0 | X35: =W35/F35 -> 0 | Y35: 506056.25 | Z35: =Y35/F35 -> 0.074904925 | AA35: 1195413.4 | AB35: =AA35/$F35 -> 0.1769415 | AC35: =SUM(Y35+AA35) -> 1701469.7 | AD35: =AC35/F35 -> 0.25184642 | AE35: 841421.43 | AF35: =AE35/F35 -> 0.12454467 | AG35: 636153.52 | AH35: =AG35/F35 -> 0.094161532 | AI35: 420351.31 | AJ35: =AI35/F35 -> 0.062219138 | AK35: 609802.51 | AL35: =AK35/F35 -> 0.090261135
D36: =D35+1 -> 46017 | E36: 五 | F36: =SUM(M36,S36,U36,W36,AC36,AE36,AG36,AI36,AK36) -> 6278111 | I36: 435543.96 | J36: =I36/F36 -> 0.069375002 | K36: 770445.11 | L36: =K36/F36 -> 0.12271926 | M36: =SUM(I36+K36) -> 1205989.1 | N36: =M36/F36 -> 0.19209426 | O36: 143853.19 | P36: =O36/F36 -> 0.022913451 | Q36: 80971.483 | R36: =Q36/$F36 -> 0.012897428 | S36: =SUM(O36+Q36) -> 224824.67 | T36: =S36/F36 -> 0.035810879 | U36: 928360.25 | V36: =U36/F36 -> 0.14787254 | W36: 0 | X36: =W36/F36 -> 0 | Y36: 443715.88 | Z36: =Y36/F36 -> 0.070676654 | AA36: 1198766.8 | AB36: =AA36/$F36 -> 0.19094386 | AC36: =SUM(Y36+AA36) -> 1642482.7 | AD36: =AC36/F36 -> 0.26162052 | AE36: 745558.49 | AF36: =AE36/F36 -> 0.11875523 | AG36: 550674.08 | AH36: =AG36/F36 -> 0.08771334 | AI36: 420047.82 | AJ36: =AI36/F36 -> 0.066906721 | AK36: 560173.96 | AL36: =AK36/F36 -> 0.089226513
D37: =D36+1 -> 46018 | E37: 六 | F37: =SUM(M37,S37,U37,W37,AC37,AE37,AG37,AI37,AK37) -> 6552614 | I37: 411341.63 | J37: =I37/F37 -> 0.062775196 | K37: 732056 | L37: =K37/F37 -> 0.11171969 | M37: =SUM(I37+K37) -> 1143397.6 | N37: =M37/F37 -> 0.17449489 | O37: 141294.43 | P37: =O37/F37 -> 0.021563063 | Q37: 73642.005 | R37: =Q37/$F37 -> 0.011238569 | S37: =SUM(O37+Q37) -> 214936.43 | T37: =S37/F37 -> 0.032801632 | U37: 1036374.9 | V37: =U37/F37 -> 0.15816206 | W37: 0 | X37: =W37/F37 -> 0 | Y37: 478777.51 | Z37: =Y37/F37 -> 0.073066644 | AA37: 1213088.7 | AB37: =AA37/$F37 -> 0.18513049 | AC37: =SUM(Y37+AA37) -> 1691866.2 | AD37: =AC37/F37 -> 0.25819714 | AE37: 815570.19 | AF37: =AE37/F37 -> 0.12446486 | AG37: 586415 | AH37: =AG37/F37 -> 0.089493292 | AI37: 497175.73 | AJ37: =AI37/F37 -> 0.075874411 | AK37: 566877.93 | AL37: =AK37/F37 -> 0.086511723
D38: =D37+1 -> 46019 | E38: 日 | F38: =SUM(M38,S38,U38,W38,AC38,AE38,AG38,AI38,AK38) -> 7539331 | I38: 516487.46 | J38: =I38/F38 -> 0.068505742 | K38: 767610.34 | L38: =K38/F38 -> 0.10181412 | M38: =SUM(I38+K38) -> 1284097.8 | N38: =M38/F38 -> 0.17031986 | O38: 195018.19 | P38: =O38/F38 -> 0.025866776 | Q38: 85910.098 | R38: =Q38/$F38 -> 0.011394923 | S38: =SUM(O38+Q38) -> 280928.29 | T38: =S38/F38 -> 0.0372617 | U38: 1281163.9 | V38: =U38/F38 -> 0.16993072 | W38: 0 | X38: =W38/F38 -> 0 | Y38: 532340.03 | Z38: =Y38/F38 -> 0.070608391 | AA38: 1323828.6 | AB38: =AA38/$F38 -> 0.17558967 | AC38: =SUM(Y38+AA38) -> 1856168.7 | AD38: =AC38/F38 -> 0.24619806 | AE38: 974962.62 | AF38: =AE38/F38 -> 0.12931686 | AG38: 684509.62 | AH38: =AG38/F38 -> 0.090791826 | AI38: 557578.33 | AJ38: =AI38/F38 -> 0.073955942 | AK38: 619921.72 | AL38: =AK38/F38 -> 0.08222503
D39: =D38+1 -> 46020 | E39: 一 | F39: =SUM(M39,S39,U39,W39,AC39,AE39,AG39,AI39,AK39) -> 7494235 | I39: 500845.24 | J39: =I39/F39 -> 0.066830736 | K39: 753870.26 | L39: =K39/F39 -> 0.10059336 | M39: =SUM(I39+K39) -> 1254715.5 | N39: =M39/F39 -> 0.16742409 | O39: 155926.05 | P39: =O39/F39 -> 0.020806133 | Q39: 86507.4 | R39: =Q39/$F39 -> 0.011543193 | S39: =SUM(O39+Q39) -> 242433.45 | T39: =S39/F39 -> 0.032349326 | U39: 1229692.8 | V39: =U39/F39 -> 0.16408517 | W39: 0 | X39: =W39/F39 -> 0 | Y39: 533575.29 | Z39: =Y39/F39 -> 0.0711981 | AA39: 1478437.6 | AB39: =AA39/$F39 -> 0.19727665 | AC39: =SUM(Y39+AA39) -> 2012012.9 | AD39: =AC39/F39 -> 0.26847475 | AE39: 928612.59 | AF39: =AE39/F39 -> 0.12391026 | AG39: 674261.52 | AH39: =AG39/F39 -> 0.089970693 | AI39: 532280.16 | AJ39: =AI39/F39 -> 0.071025283 | AK39: 620226.07 | AL39: =AK39/F39 -> 0.082760424
D40: =D39+1 -> 46021 | E40: 二 | F40: =SUM(M40,S40,U40,W40,AC40,AE40,AG40,AI40,AK40) -> 7242022 | I40: 546978.07 | J40: =I40/F40 -> 0.075528363 | K40: 699592.89 | L40: =K40/F40 -> 0.096601873 | M40: =SUM(I40+K40) -> 1246571 | N40: =M40/F40 -> 0.17213024 | O40: 156788.28 | P40: =O40/F40 -> 0.021649793 | Q40: 88902.038 | R40: =Q40/$F40 -> 0.012275859 | S40: =SUM(O40+Q40) -> 245690.31 | T40: =S40/F40 -> 0.033925652 | U40: 1166492.3 | V40: =U40/F40 -> 0.16107274 | W40: 0 | X40: =W40/F40 -> 0 | Y40: 523058.89 | Z40: =Y40/F40 -> 0.072225531 | AA40: 1463347.4 | AB40: =AA40/$F40 -> 0.20206337 | AC40: =SUM(Y40+AA40) -> 1986406.3 | AD40: =AC40/F40 -> 0.2742889 | AE40: 903715.9 | AF40: =AE40/F40 -> 0.12478779 | AG40: 612661.84 | AH40: =AG40/F40 -> 0.084598175 | AI40: 479158.73 | AJ40: =AI40/F40 -> 0.066163666 | AK40: 601325.65 | AL40: =AK40/F40 -> 0.083032839
D41: =D40+1 -> 46022 | E41: 三 | F41: =SUM(M41,S41,U41,W41,AC41,AE41,AG41,AI41,AK41) -> 6261773 | I41: 438369.89 | J41: =I41/F41 -> 0.070007311 | K41: 672921.99 | L41: =K41/F41 -> 0.10746509 | M41: =SUM(I41+K41) -> 1111291.9 | N41: =M41/F41 -> 0.1774724 | O41: 153906.67 | P41: =O41/F41 -> 0.024578768 | Q41: 79915.038 | R41: =Q41/$F41 -> 0.012762366 | S41: =SUM(O41+Q41) -> 233821.71 | T41: =S41/F41 -> 0.037341134 | U41: 948924.54 | V41: =U41/F41 -> 0.15154247 | W41: 0 | X41: =W41/F41 -> 0 | Y41: 484480.8 | Z41: =Y41/F41 -> 0.077371185 | AA41: 1309558.5 | AB41: =AA41/$F41 -> 0.20913542 | AC41: =SUM(Y41+AA41) -> 1794039.3 | AD41: =AC41/F41 -> 0.2865066 | AE41: 731503.57 | AF41: =AE41/F41 -> 0.11682052 | AG41: 481541.38 | AH41: =AG41/F41 -> 0.076901763 | AI41: 415961.95 | AJ41: =AI41/F41 -> 0.066428782 | AK41: 544688.65 | AL41: =AK41/F41 -> 0.08698633
F42: =SUM(M42,S42,U42,W42,AC42,AE42,AG42,AI42,AK42) -> 0 | J42: =I42/F42 -> #DIV/0! | L42: =K42/F42 -> #DIV/0! | M42: =SUM(I42+K42) -> 0 | N42: =M42/F42 -> #DIV/0! | P42: =O42/F42 -> #DIV/0! | R42: =Q42/$F42 -> #DIV/0! | S42: =SUM(O42+Q42) -> 0 | T42: =S42/F42 -> #DIV/0! | V42: =U42/F42 -> #DIV/0! | X42: =W42/F42 -> #DIV/0! | Z42: =Y42/F42 -> #DIV/0! | AB42: =AA42/$F42 -> #DIV/0! | AC42: =SUM(Y42+AA42) -> 0 | AD42: =AC42/F42 -> #DIV/0! | AF42: =AE42/F42 -> #DIV/0! | AH42: =AG42/F42 -> #DIV/0! | AJ42: =AI42/F42 -> #DIV/0! | AL42: =AK42/F42 -> #DIV/0!
F43: =SUM(M43,S43,U43,W43,AC43,AE43,AG43,AI43,AK43) -> 0 | J43: =I43/F43 -> #DIV/0! | L43: =K43/F43 -> #DIV/0! | M43: =SUM(I43+K43) -> 0 | N43: =M43/F43 -> #DIV/0! | P43: =O43/F43 -> #DIV/0! | R43: =Q43/$F43 -> #DIV/0! | S43: =SUM(O43+Q43) -> 0 | T43: =S43/F43 -> #DIV/0! | V43: =U43/F43 -> #DIV/0! | X43: =W43/F43 -> #DIV/0! | Z43: =Y43/F43 -> #DIV/0! | AB43: =AA43/$F43 -> #DIV/0! | AC43: =SUM(Y43+AA43) -> 0 | AD43: =AC43/F43 -> #DIV/0! | AF43: =AE43/F43 -> #DIV/0! | AH43: =AG43/F43 -> #DIV/0! | AJ43: =AI43/F43 -> #DIV/0! | AL43: =AK43/F43 -> #DIV/0!
F44: =SUM(M44,S44,U44,W44,AC44,AE44,AG44,AI44,AK44) -> 0 | J44: =I44/F44 -> #DIV/0! | L44: =K44/F44 -> #DIV/0! | M44: =SUM(I44+K44) -> 0 | N44: =M44/F44 -> #DIV/0! | P44: =O44/F44 -> #DIV/0! | R44: =Q44/$F44 -> #DIV/0! | S44: =SUM(O44+Q44) -> 0 | T44: =S44/F44 -> #DIV/0! | V44: =U44/F44 -> #DIV/0! | X44: =W44/F44 -> #DIV/0! | Z44: =Y44/F44 -> #DIV/0! | AB44: =AA44/$F44 -> #DIV/0! | AC44: =SUM(Y44+AA44) -> 0 | AD44: =AC44/F44 -> #DIV/0! | AF44: =AE44/F44 -> #DIV/0! | AH44: =AG44/F44 -> #DIV/0! | AJ44: =AI44/F44 -> #DIV/0! | AL44: =AK44/F44 -> #DIV/0!
F45: =SUM(M45,S45,U45,W45,AC45,AE45,AG45,AI45,AK45) -> 0 | J45: =I45/F45 -> #DIV/0! | L45: =K45/F45 -> #DIV/0! | M45: =SUM(I45+K45) -> 0 | N45: =M45/F45 -> #DIV/0! | P45: =O45/F45 -> #DIV/0! | R45: =Q45/$F45 -> #DIV/0! | S45: =SUM(O45+Q45) -> 0 | T45: =S45/F45 -> #DIV/0! | V45: =U45/F45 -> #DIV/0! | X45: =W45/F45 -> #DIV/0! | Z45: =Y45/F45 -> #DIV/0! | AB45: =AA45/$F45 -> #DIV/0! | AC45: =SUM(Y45+AA45) -> 0 | AD45: =AC45/F45 -> #DIV/0! | AF45: =AE45/F45 -> #DIV/0! | AH45: =AG45/F45 -> #DIV/0! | AJ45: =AI45/F45 -> #DIV/0! | AL45: =AK45/F45 -> #DIV/0!
I46: =SUM(I7:I45) -> 15460395 | J46: =I46/$H$7 -> #DIV/0! | K46: =SUM(K7:K45) -> 23464872 | L46: =K46/$H$7 -> #DIV/0! | M46: =SUM(M7:M45) -> 38925267 | N46: =M46/$H$7 -> #DIV/0! | O46: =SUM(O7:O45) -> 4322338.5 | P46: =O46/$H$7 -> #DIV/0! | Q46: =SUM(Q7:Q45) -> 2809782.7 | R46: =Q46/$H$7 -> #DIV/0! | S46: =SUM(S7:S45) -> 7132121.3 | T46: =S46/$H$7 -> #DIV/0! | U46: =SUM(U7:U45) -> 28599979 | V46: =U46/$H$7 -> #DIV/0! | W46: =SUM(W7:W45) -> 258702.91 | X46: =W46/$H$7 -> #DIV/0! | Y46: =SUM(Y7:Y45) -> 16365748 | Z46: =Y46/$H$7 -> #DIV/0! | AA46: =SUM(AA7:AA45) -> 39095550 | AB46: =AA46/$H$7 -> #DIV/0! | AC46: =SUM(AC7:AC45) -> 55461297 | AD46: =AC46/$H$7 -> #DIV/0! | AE46: =SUM(AE7:AE45) -> 28333080 | AF46: =AE46/$H$7 -> #DIV/0! | AG46: =SUM(AG7:AG45) -> 28486570 | AH46: =AG46/$H$7 -> #DIV/0! | AI46: =SUM(AI7:AI45) -> 14518968 | AJ46: =AI46/$H$7 -> #DIV/0! | AK46: =SUM(AK7:AK45) -> 17745730 | AL46: =AK46/$H$7 -> #DIV/0!
M47: =M46 -> 38925267 | S47: =S46 -> 7132121.3 | U47: =U46 -> 28599979 | W47: =W46 -> 258702.91 | AC47: =AC46 -> 55461297 | AE47: =AE46 -> 28333080 | AG47: =AG46 -> 28486570 | AI47: =AI46 -> 14518968 | AK47: =AK46 -> 17745730

Sheet （４）訂單數量構成比
B2: （4）訂單數量構成比
C3: 月份 | D3: 日期 | F3: 訂單量 | I3: 品類訂單量
I4: 18℃-飯糰 | O4: 18℃-壽司手卷 | U4: 4℃-飯糰 | W4: 4℃-壽司手卷 | Y4: 主食 | AE4: 便當 | AG4: 熱食義麵 | AI4: 季節調理麵 | AK4: 微波小吃
F5: 日 | G5: 週累積 | H5: 月累積 | I5: 一配 | K5: 二配 | M5: 合計 | O5: 一配 | Q5: 二配 | S5: 合計 | U5: 一配 | W5: 一配 | Y5: 一配 | AA5: 二配 | AC5: 合計 | AE5: 一配 | AG5: 一配 | AI5: 一配 | AK5: 一配
I6: 訂單數 | J6: 比例(%) | K6: 訂單數 | L6: 比例(%) | M6: 訂單數 | N6: 比例(%) | O6: 訂單數 | P6: 比例(%) | Q6: 訂單數 | R6: 比例(%) | S6: 訂單數 | T6: 比例(%) | U6: 訂單數 | V6: 比例(%) | W6: 訂單數 | X6: 比例(%) | Y6: 訂單數 | Z6: 比例(%) | AA6: 訂單數 | AB6: 比例(%) | AC6: 訂單數 | AD6: 比例(%) | AE6: 訂單數 | AF6: 比例(%) | AG6: 訂單數 | AH6: 比例(%) | AI6: 訂單數 | AJ6: 比例(%) | AK6: 訂單數 | AL6: 比例(%)
D11: 45992 | E11: 一 | F11: =SUM(M11,S11,U11,W11,AC11,AE11,AG11,AI11,AK11) -> 216425 | H11: =SUM(F11:F41) -> 6618327 | I11: 28626 | J11: =I11/F11 -> 0.13226753 | K11: 42791 | L11: =K11/F11 -> 0.19771745 | M11: =SUM(I11+K11) -> 71417 | N11: =M11/F11 -> 0.32998498 | O11: 6246 | P11: =O11/F11 -> 0.028859882 | Q11: 3313 | R11: =Q11/D11 -> 0.072034267 | S11: =SUM(O11+Q11) -> 9559 | T11: =S11/F11 -> 0.044167726 | U11: 18828 | V11: =U11/F11 -> 0.086995495 | W11: 1089 | X11: =W11/F11 -> 0.0050317662 | Y11: 22719 | Z11: =Y11/F11 -> 0.10497401 | AA11: 24105 | AB11: =AA11/D11 -> 0.52411289 | AC11: =SUM(Y11+AA11) -> 46824 | AD11: =AC11/F11 -> 0.21635209 | AE11: 18668 | AF11: =AE11/F11 -> 0.086256209 | AG11: 21683 | AH11: =AG11/F11 -> 0.10018713 | AI11: 10284 | AJ11: =AI11/F11 -> 0.047517616 | AK11: 18073 | AL11: =AK11/F11 -> 0.083506989
D12: 45993 | E12: 二 | F12: =SUM(M12,S12,U12,W12,AC12,AE12,AG12,AI12,AK12) -> 213834 | I12: 27749 | J12: =I12/F12 -> 0.12976889 | K12: 41655 | L12: =K12/F12 -> 0.19480064 | M12: =SUM(I12+K12) -> 69404 | N12: =M12/F12 -> 0.32456953 | O12: 5965 | P12: =O12/F12 -> 0.02789547 | Q12: 3231 | R12: =Q12/D12 -> 0.070249821 | S12: =SUM(O12+Q12) -> 9196 | T12: =S12/F12 -> 0.043005322 | U12: 18404 | V12: =U12/F12 -> 0.086066762 | W12: 1075 | X12: =W12/F12 -> 0.0050272641 | Y12: 23293 | Z12: =Y12/F12 -> 0.10893029 | AA12: 23354 | AB12: =AA12/D12 -> 0.50777292 | AC12: =SUM(Y12+AA12) -> 46647 | AD12: =AC12/F12 -> 0.21814585 | AE12: 17848 | AF12: =AE12/F12 -> 0.083466614 | AG12: 24028 | AH12: =AG12/F12 -> 0.11236754 | AI12: 9483 | AJ12: =AI12/F12 -> 0.044347484 | AK12: 17749 | AL12: =AK12/F12 -> 0.083003638
D13: =D12+1 -> 45994 | E13: 三 | F13: =SUM(M13,S13,U13,W13,AC13,AE13,AG13,AI13,AK13) -> 206960 | I13: 27540 | J13: =I13/F13 -> 0.13306919 | K13: 40604 | L13: =K13/F13 -> 0.1961925 | M13: =SUM(I13+K13) -> 68144 | N13: =M13/F13 -> 0.32926169 | O13: 6226 | P13: =O13/F13 -> 0.030083108 | Q13: 3371 | R13: =Q13/D13 -> 0.073292169 | S13: =SUM(O13+Q13) -> 9597 | T13: =S13/F13 -> 0.046371279 | U13: 17483 | V13: =U13/F13 -> 0.084475261 | W13: 1119 | X13: =W13/F13 -> 0.0054068419 | Y13: 22587 | Z13: =Y13/F13 -> 0.10913703 | AA13: 21920 | AB13: =AA13/D13 -> 0.4765839 | AC13: =SUM(Y13+AA13) -> 44507 | AD13: =AC13/F13 -> 0.21505122 | AE13: 17280 | AF13: =AE13/F13 -> 0.083494395 | AG13: 21014 | AH13: =AG13/F13 -> 0.10153653 | AI13: 10059 | AJ13: =AI13/F13 -> 0.048603595 | AK13: 17757 | AL13: =AK13/F13 -> 0.085799188
D14: =D13+1 -> 45995 | E14: 四 | F14: =SUM(M14,S14,U14,W14,AC14,AE14,AG14,AI14,AK14) -> 197911 | G14: =SUM(F14:F20) -> 1459376 | I14: 26535 | J14: =I14/F14 -> 0.13407542 | K14: 38891 | L14: =K14/F14 -> 0.19650752 | M14: =SUM(I14+K14) -> 65426 | N14: =M14/F14 -> 0.33058294 | O14: 6147 | P14: =O14/F14 -> 0.031059416 | Q14: 3419 | R14: =Q14/D14 -> 0.074334167 | S14: =SUM(O14+Q14) -> 9566 | T14: =S14/F14 -> 0.048334858 | U14: 17279 | V14: =U14/F14 -> 0.087306921 | W14: 1097 | X14: =W14/F14 -> 0.0055428955 | Y14: 21931 | Z14: =Y14/F14 -> 0.11081244 | AA14: 19730 | AB14: =AA14/D14 -> 0.42895967 | AC14: =SUM(Y14+AA14) -> 41661 | AD14: =AC14/F14 -> 0.21050371 | AE14: 16260 | AF14: =AE14/F14 -> 0.082158142 | AG14: 19776 | AH14: =AG14/F14 -> 0.099923703 | AI14: 9691 | AJ14: =AI14/F14 -> 0.048966455 | AK14: 17155 | AL14: =AK14/F14 -> 0.086680377
D15: =D14+1 -> 45996 | E15: 五 | F15: =SUM(M15,S15,U15,W15,AC15,AE15,AG15,AI15,AK15) -> 183552 | I15: 23300 | J15: =I15/F15 -> 0.1269395 | K15: 39195 | L15: =K15/F15 -> 0.21353622 | M15: =SUM(I15+K15) -> 62495 | N15: =M15/F15 -> 0.34047572 | O15: 4916 | P15: =O15/F15 -> 0.026782601 | Q15: 2923 | R15: =Q15/D15 -> 0.063549004 | S15: =SUM(O15+Q15) -> 7839 | T15: =S15/F15 -> 0.042707244 | U15: 16122 | V15: =U15/F15 -> 0.087833421 | W15: 912 | X15: =W15/F15 -> 0.0049686192 | Y15: 20179 | Z15: =Y15/F15 -> 0.10993615 | AA15: 20728 | AB15: =AA15/D15 -> 0.45064788 | AC15: =SUM(Y15+AA15) -> 40907 | AD15: =AC15/F15 -> 0.22286328 | AE15: 14027 | AF15: =AE15/F15 -> 0.076419761 | AG15: 17950 | AH15: =AG15/F15 -> 0.097792451 | AI15: 8675 | AJ15: =AI15/F15 -> 0.047261811 | AK15: 14625 | AL15: =AK15/F15 -> 0.079677694
D16: =D15+1 -> 45997 | E16: 六 | F16: =SUM(M16,S16,U16,W16,AC16,AE16,AG16,AI16,AK16) -> 185894 | I16: 22604 | J16: =I16/F16 -> 0.12159618 | K16: 39986 | L16: =K16/F16 -> 0.21510108 | M16: =SUM(I16+K16) -> 62590 | N16: =M16/F16 -> 0.33669726 | O16: 4583 | P16: =O16/F16 -> 0.024653835 | Q16: 2782 | R16: =Q16/D16 -> 0.060482205 | S16: =SUM(O16+Q16) -> 7365 | T16: =S16/F16 -> 0.039619353 | U16: 16839 | V16: =U16/F16 -> 0.090583881 | W16: 904 | X16: =W16/F16 -> 0.0048629864 | Y16: 17271 | Z16: =Y16/F16 -> 0.092907786 | AA16: 21347 | AB16: =AA16/D16 -> 0.46409548 | AC16: =SUM(Y16+AA16) -> 38618 | AD16: =AC16/F16 -> 0.20774205 | AE16: 15363 | AF16: =AE16/F16 -> 0.082643872 | AG16: 18290 | AH16: =AG16/F16 -> 0.098389405 | AI16: 10352 | AJ16: =AI16/F16 -> 0.05568765 | AK16: 15573 | AL16: =AK16/F16 -> 0.083773548
D17: =D16+1 -> 45998 | E17: 日 | F17: =SUM(M17,S17,U17,W17,AC17,AE17,AG17,AI17,AK17) -> 216841 | I17: 29067 | J17: =I17/F17 -> 0.13404753 | K17: 42688 | L17: =K17/F17 -> 0.19686314 | M17: =SUM(I17+K17) -> 71755 | N17: =M17/F17 -> 0.33091067 | O17: 6350 | P17: =O17/F17 -> 0.02928413 | Q17: 3263 | R17: =Q17/D17 -> 0.070937867 | S17: =SUM(O17+Q17) -> 9613 | T17: =S17/F17 -> 0.044332022 | U17: 19725 | V17: =U17/F17 -> 0.090965269 | W17: 1004 | X17: =W17/F17 -> 0.0046301207 | Y17: 21988 | Z17: =Y17/F17 -> 0.10140149 | AA17: 23664 | AB17: =AA17/D17 -> 0.51445715 | AC17: =SUM(Y17+AA17) -> 45652 | AD17: =AC17/F17 -> 0.21053214 | AE17: 18576 | AF17: =AE17/F17 -> 0.085666456 | AG17: 22230 | AH17: =AG17/F17 -> 0.10251751 | AI17: 10762 | AJ17: =AI17/F17 -> 0.049630835 | AK17: 17524 | AL17: =AK17/F17 -> 0.080814975
D18: =D17+1 -> 45999 | E18: 一 | F18: =SUM(M18,S18,U18,W18,AC18,AE18,AG18,AI18,AK18) -> 216945 | I18: 28684 | J18: =I18/F18 -> 0.13221784 | K18: 42270 | L18: =K18/F18 -> 0.19484201 | M18: =SUM(I18+K18) -> 70954 | N18: =M18/F18 -> 0.32705985 | O18: 5996 | P18: =O18/F18 -> 0.027638342 | Q18: 3361 | R18: =Q18/D18 -> 0.073066806 | S18: =SUM(O18+Q18) -> 9357 | T18: =S18/F18 -> 0.043130747 | U18: 19354 | V18: =U18/F18 -> 0.089211551 | W18: 1003 | X18: =W18/F18 -> 0.0046232916 | Y18: 21620 | Z18: =Y18/F18 -> 0.099656595 | AA18: 27102 | AB18: =AA18/D18 -> 0.58918672 | AC18: =SUM(Y18+AA18) -> 48722 | AD18: =AC18/F18 -> 0.22458227 | AE18: 17960 | AF18: =AE18/F18 -> 0.08278596 | AG18: 20659 | AH18: =AG18/F18 -> 0.095226901 | AI18: 11193 | AJ18: =AI18/F18 -> 0.051593722 | AK18: 17743 | AL18: =AK18/F18 -> 0.081785706
D19: =D18+1 -> 46000 | E19: 二 | F19: =SUM(M19,S19,U19,W19,AC19,AE19,AG19,AI19,AK19) -> 231819 | I19: 28059 | J19: =I19/F19 -> 0.1210384 | K19: 42006 | L19: =K19/F19 -> 0.18120171 | M19: =SUM(I19+K19) -> 70065 | N19: =M19/F19 -> 0.30224011 | O19: 5966 | P19: =O19/F19 -> 0.025735595 | Q19: 3531 | R19: =Q19/D19 -> 0.07676087 | S19: =SUM(O19+Q19) -> 9497 | T19: =S19/F19 -> 0.040967306 | U19: 28232 | V19: =U19/F19 -> 0.12178467 | W19: 909 | X19: =W19/F19 -> 0.0039211626 | Y19: 22083 | Z19: =Y19/F19 -> 0.095259664 | AA19: 27244 | AB19: =AA19/D19 -> 0.59226087 | AC19: =SUM(Y19+AA19) -> 49327 | AD19: =AC19/F19 -> 0.21278239 | AE19: 17400 | AF19: =AE19/F19 -> 0.075058559 | AG19: 28144 | AH19: =AG19/F19 -> 0.12140506 | AI19: 10936 | AJ19: =AI19/F19 -> 0.047174735 | AK19: 17309 | AL19: =AK19/F19 -> 0.074666011
D20: =D19+1 -> 46001 | E20: 三 | F20: =SUM(M20,S20,U20,W20,AC20,AE20,AG20,AI20,AK20) -> 226414 | I20: 28006 | J20: =I20/F20 -> 0.12369376 | K20: 41154 | L20: =K20/F20 -> 0.18176438 | M20: =SUM(I20+K20) -> 69160 | N20: =M20/F20 -> 0.30545814 | O20: 6340 | P20: =O20/F20 -> 0.028001802 | Q20: 3678 | R20: =Q20/D20 -> 0.079954784 | S20: =SUM(O20+Q20) -> 10018 | T20: =S20/F20 -> 0.044246381 | U20: 26774 | V20: =U20/F20 -> 0.1182524 | W20: 799 | X20: =W20/F20 -> 0.0035289337 | Y20: 21754 | Z20: =Y20/F20 -> 0.096080631 | AA20: 24647 | AB20: =AA20/D20 -> 0.5357927 | AC20: =SUM(Y20+AA20) -> 46401 | AD20: =AC20/F20 -> 0.20493874 | AE20: 17120 | AF20: =AE20/F20 -> 0.075613699 | AG20: 27317 | AH20: =AG20/F20 -> 0.12065067 | AI20: 11329 | AJ20: =AI20/F20 -> 0.050036659 | AK20: 17496 | AL20: =AK20/F20 -> 0.077274373
D21: =D20+1 -> 46002 | E21: 四 | F21: =SUM(M21,S21,U21,W21,AC21,AE21,AG21,AI21,AK21) -> 203040 | G21: =SUM(F21:F27) -> 1516815 | I21: 26916 | J21: =I21/F21 -> 0.13256501 | K21: 38801 | L21: =K21/F21 -> 0.19110028 | M21: =SUM(I21+K21) -> 65717 | N21: =M21/F21 -> 0.32366529 | O21: 6069 | P21: =O21/F21 -> 0.029890662 | Q21: 3627 | R21: =Q21/D21 -> 0.078844398 | S21: =SUM(O21+Q21) -> 9696 | T21: =S21/F21 -> 0.047754137 | U21: 22596 | V21: =U21/F21 -> 0.11128842 | W21: 0 | X21: =W21/F21 -> 0 | Y21: 20155 | Z21: =Y21/F21 -> 0.099266154 | AA21: 20728 | AB21: =AA21/D21 -> 0.4505891 | AC21: =SUM(Y21+AA21) -> 40883 | AD21: =AC21/F21 -> 0.20135441 | AE21: 15777 | AF21: =AE21/F21 -> 0.077703901 | AG21: 21756 | AH21: =AG21/F21 -> 0.1071513 | AI21: 10072 | AJ21: =AI21/F21 -> 0.049605989 | AK21: 16543 | AL21: =AK21/F21 -> 0.081476556
D22: =D21+1 -> 46003 | E22: 五 | F22: =SUM(M22,S22,U22,W22,AC22,AE22,AG22,AI22,AK22) -> 188638 | I22: 23417 | J22: =I22/F22 -> 0.12413724 | K22: 37429 | L22: =K22/F22 -> 0.19841707 | M22: =SUM(I22+K22) -> 60846 | N22: =M22/F22 -> 0.32255431 | O22: 4779 | P22: =O22/F22 -> 0.025334238 | Q22: 2955 | R22: =Q22/D22 -> 0.064234941 | S22: =SUM(O22+Q22) -> 7734 | T22: =S22/F22 -> 0.040999162 | U22: 18468 | V22: =U22/F22 -> 0.097901801 | W22: 0 | X22: =W22/F22 -> 0 | Y22: 20011 | Z22: =Y22/F22 -> 0.10608149 | AA22: 20937 | AB22: =AA22/D22 -> 0.45512249 | AC22: =SUM(Y22+AA22) -> 40948 | AD22: =AC22/F22 -> 0.21707185 | AE22: 14612 | AF22: =AE22/F22 -> 0.077460533 | AG22: 18552 | AH22: =AG22/F22 -> 0.098347099 | AI22: 13654 | AJ22: =AI22/F22 -> 0.072382023 | AK22: 13824 | AL22: =AK22/F22 -> 0.07328322
D23: =D22+1 -> 46004 | E23: 六 | F23: =SUM(M23,S23,U23,W23,AC23,AE23,AG23,AI23,AK23) -> 193826 | I23: 22772 | J23: =I23/F23 -> 0.11748682 | K23: 39997 | L23: =K23/F23 -> 0.20635518 | M23: =SUM(I23+K23) -> 62769 | N23: =M23/F23 -> 0.323842 | O23: 4351 | P23: =O23/F23 -> 0.022447969 | Q23: 2754 | R23: =Q23/D23 -> 0.05986436 | S23: =SUM(O23+Q23) -> 7105 | T23: =S23/F23 -> 0.036656589 | U23: 20381 | V23: =U23/F23 -> 0.10515101 | W23: 0 | X23: =W23/F23 -> 0 | Y23: 20351 | Z23: =Y23/F23 -> 0.10499623 | AA23: 21947 | AB23: =AA23/D23 -> 0.47706721 | AC23: =SUM(Y23+AA23) -> 42298 | AD23: =AC23/F23 -> 0.21822666 | AE23: 15932 | AF23: =AE23/F23 -> 0.082197435 | AG23: 18655 | AH23: =AG23/F23 -> 0.096246118 | AI23: 11821 | AJ23: =AI23/F23 -> 0.06098769 | AK23: 14865 | AL23: =AK23/F23 -> 0.076692497
D24: =D23+1 -> 46005 | E24: 日 | F24: =SUM(M24,S24,U24,W24,AC24,AE24,AG24,AI24,AK24) -> 230374 | I24: 29193 | J24: =I24/F24 -> 0.12672003 | K24: 41967 | L24: =K24/F24 -> 0.18216899 | M24: =SUM(I24+K24) -> 71160 | N24: =M24/F24 -> 0.30888902 | O24: 5796 | P24: =O24/F24 -> 0.025159089 | Q24: 3275 | R24: =Q24/D24 -> 0.071187914 | S24: =SUM(O24+Q24) -> 9071 | T24: =S24/F24 -> 0.039375103 | U24: 26682 | V24: =U24/F24 -> 0.11582036 | W24: 0 | X24: =W24/F24 -> 0 | Y24: 23247 | Z24: =Y24/F24 -> 0.10090982 | AA24: 24521 | AB24: =AA24/D24 -> 0.53300728 | AC24: =SUM(Y24+AA24) -> 47768 | AD24: =AC24/F24 -> 0.20734979 | AE24: 19080 | AF24: =AE24/F24 -> 0.082821846 | AG24: 24575 | AH24: =AG24/F24 -> 0.10667436 | AI24: 15347 | AJ24: =AI24/F24 -> 0.066617761 | AK24: 16691 | AL24: =AK24/F24 -> 0.072451752
D25: =D24+1 -> 46006 | E25: 一 | F25: =SUM(M25,S25,U25,W25,AC25,AE25,AG25,AI25,AK25) -> 227619 | I25: 28315 | J25: =I25/F25 -> 0.12439647 | K25: 44964 | L25: =K25/F25 -> 0.19754063 | M25: =SUM(I25+K25) -> 73279 | N25: =M25/F25 -> 0.3219371 | O25: 5486 | P25: =O25/F25 -> 0.024101679 | Q25: 3321 | R25: =Q25/D25 -> 0.072186237 | S25: =SUM(O25+Q25) -> 8807 | T25: =S25/F25 -> 0.038691849 | U25: 23822 | V25: =U25/F25 -> 0.10465734 | W25: 0 | X25: =W25/F25 -> 0 | Y25: 22473 | Z25: =Y25/F25 -> 0.098730774 | AA25: 24415 | AB25: =AA25/D25 -> 0.53069165 | AC25: =SUM(Y25+AA25) -> 46888 | AD25: =AC25/F25 -> 0.20599335 | AE25: 18344 | AF25: =AE25/F25 -> 0.080590812 | AG25: 22352 | AH25: =AG25/F25 -> 0.098199184 | AI25: 16986 | AJ25: =AI25/F25 -> 0.074624702 | AK25: 17141 | AL25: =AK25/F25 -> 0.075305664
D26: =D25+1 -> 46007 | E26: 二 | F26: =SUM(M26,S26,U26,W26,AC26,AE26,AG26,AI26,AK26) -> 241960 | I26: 27501 | J26: =I26/F26 -> 0.11365928 | K26: 43566 | L26: =K26/F26 -> 0.18005455 | M26: =SUM(I26+K26) -> 71067 | N26: =M26/F26 -> 0.29371384 | O26: 5222 | P26: =O26/F26 -> 0.02158208 | Q26: 3236 | R26: =Q26/D26 -> 0.070337123 | S26: =SUM(O26+Q26) -> 8458 | T26: =S26/F26 -> 0.034956191 | U26: 40689 | V26: =U26/F26 -> 0.16816416 | W26: 0 | X26: =W26/F26 -> 0 | Y26: 22717 | Z26: =Y26/F26 -> 0.093887419 | AA26: 24287 | AB26: =AA26/D26 -> 0.52789793 | AC26: =SUM(Y26+AA26) -> 47004 | AD26: =AC26/F26 -> 0.19426351 | AE26: 17617 | AF26: =AE26/F26 -> 0.072809555 | AG26: 16039 | AH26: =AG26/F26 -> 0.066287816 | AI26: 15542 | AJ26: =AI26/F26 -> 0.064233758 | AK26: 25544 | AL26: =AK26/F26 -> 0.10557117
D27: =D26+1 -> 46008 | E27: 三 | F27: =SUM(M27,S27,U27,W27,AC27,AE27,AG27,AI27,AK27) -> 231358 | I27: 27240 | J27: =I27/F27 -> 0.11773961 | K27: 42380 | L27: =K27/F27 -> 0.18317932 | M27: =SUM(I27+K27) -> 69620 | N27: =M27/F27 -> 0.30091892 | O27: 5471 | P27: =O27/F27 -> 0.023647334 | Q27: 3285 | R27: =Q27/D27 -> 0.071400626 | S27: =SUM(O27+Q27) -> 8756 | T27: =S27/F27 -> 0.037846109 | U27: 38179 | V27: =U27/F27 -> 0.16502131 | W27: 0 | X27: =W27/F27 -> 0 | Y27: 22438 | Z27: =Y27/F27 -> 0.096983895 | AA27: 22764 | AB27: =AA27/D27 -> 0.49478352 | AC27: =SUM(Y27+AA27) -> 45202 | AD27: =AC27/F27 -> 0.19537686 | AE27: 16723 | AF27: =AE27/F27 -> 0.072281918 | AG27: 15573 | AH27: =AG27/F27 -> 0.067311267 | AI27: 15182 | AJ27: =AI27/F27 -> 0.065621245 | AK27: 22123 | AL27: =AK27/F27 -> 0.095622369
D28: =D27+1 -> 46009 | E28: 四 | F28: =SUM(M28,S28,U28,W28,AC28,AE28,AG28,AI28,AK28) -> 221397 | G28: =SUM(F28:F34) -> 1538480 | I28: 25932 | J28: =I28/F28 -> 0.11712896 | K28: 39655 | L28: =K28/F28 -> 0.17911263 | M28: =SUM(I28+K28) -> 65587 | N28: =M28/F28 -> 0.29624159 | O28: 5347 | P28: =O28/F28 -> 0.024151185 | Q28: 3325 | R28: =Q28/D28 -> 0.072268469 | S28: =SUM(O28+Q28) -> 8672 | T28: =S28/F28 -> 0.039169456 | U28: 36379 | V28: =U28/F28 -> 0.16431569 | W28: 0 | X28: =W28/F28 -> 0 | Y28: 21690 | Z28: =Y28/F28 -> 0.097968807 | AA28: 20404 | AB28: =AA28/D28 -> 0.44347845 | AC28: =SUM(Y28+AA28) -> 42094 | AD28: =AC28/F28 -> 0.19012904 | AE28: 15444 | AF28: =AE28/F28 -> 0.069757043 | AG28: 17049 | AH28: =AG28/F28 -> 0.077006464 | AI28: 14757 | AJ28: =AI28/F28 -> 0.06665402 | AK28: 21415 | AL28: =AK28/F28 -> 0.096726695
D29: =D28+1 -> 46010 | E29: 五 | F29: =SUM(M29,S29,U29,W29,AC29,AE29,AG29,AI29,AK29) -> 202213 | I29: 23098 | J29: =I29/F29 -> 0.11422609 | K29: 38503 | L29: =K29/F29 -> 0.19040813 | M29: =SUM(I29+K29) -> 61601 | N29: =M29/F29 -> 0.30463422 | O29: 4267 | P29: =O29/F29 -> 0.021101512 | Q29: 2859 | R29: =Q29/D29 -> 0.062138666 | S29: =SUM(O29+Q29) -> 7126 | T29: =S29/F29 -> 0.035240069 | U29: 33754 | V29: =U29/F29 -> 0.166923 | W29: 0 | X29: =W29/F29 -> 0 | Y29: 20123 | Z29: =Y29/F29 -> 0.099513879 | AA29: 21369 | AB29: =AA29/D29 -> 0.46444251 | AC29: =SUM(Y29+AA29) -> 41492 | AD29: =AC29/F29 -> 0.20518958 | AE29: 13739 | AF29: =AE29/F29 -> 0.067943208 | AG29: 14020 | AH29: =AG29/F29 -> 0.069332832 | AI29: 13917 | AJ29: =AI29/F29 -> 0.068823468 | AK29: 16564 | AL29: =AK29/F29 -> 0.081913626
D30: =D29+1 -> 46011 | E30: 六 | F30: =SUM(M30,S30,U30,W30,AC30,AE30,AG30,AI30,AK30) -> 207438 | I30: 22252 | J30: =I30/F30 -> 0.10727061 | K30: 40511 | L30: =K30/F30 -> 0.19529209 | M30: =SUM(I30+K30) -> 62763 | N30: =M30/F30 -> 0.30256269 | O30: 4110 | P30: =O30/F30 -> 0.019813149 | Q30: 2669 | R30: =Q30/D30 -> 0.058007868 | S30: =SUM(O30+Q30) -> 6779 | T30: =S30/F30 -> 0.032679644 | U30: 35449 | V30: =U30/F30 -> 0.17088962 | W30: 0 | X30: =W30/F30 -> 0 | Y30: 16843 | Z30: =Y30/F30 -> 0.081195345 | AA30: 22150 | AB30: =AA30/D30 -> 0.48140662 | AC30: =SUM(Y30+AA30) -> 38993 | AD30: =AC30/F30 -> 0.18797424 | AE30: 15503 | AF30: =AE30/F30 -> 0.074735584 | AG30: 14504 | AH30: =AG30/F30 -> 0.069919687 | AI30: 15853 | AJ30: =AI30/F30 -> 0.076422835 | AK30: 17594 | AL30: =AK30/F30 -> 0.084815704
D31: =D30+1 -> 46012 | E31: 日 | F31: =SUM(M31,S31,U31,W31,AC31,AE31,AG31,AI31,AK31) -> 241311 | I31: 28296 | J31: =I31/F31 -> 0.11725947 | K31: 43001 | L31: =K31/F31 -> 0.17819743 | M31: =SUM(I31+K31) -> 71297 | N31: =M31/F31 -> 0.2954569 | O31: 5419 | P31: =O31/F31 -> 0.022456498 | Q31: 3132 | R31: =Q31/D31 -> 0.068069199 | S31: =SUM(O31+Q31) -> 8551 | T31: =S31/F31 -> 0.0354356 | U31: 42684 | V31: =U31/F31 -> 0.17688377 | W31: 0 | X31: =W31/F31 -> 0 | Y31: 20961 | Z31: =Y31/F31 -> 0.086863011 | AA31: 23844 | AB31: =AA31/D31 -> 0.51821264 | AC31: =SUM(Y31+AA31) -> 44805 | AD31: =AC31/F31 -> 0.18567326 | AE31: 18588 | AF31: =AE31/F31 -> 0.077029228 | AG31: 16379 | AH31: =AG31/F31 -> 0.067875066 | AI31: 16923 | AJ31: =AI31/F31 -> 0.070129418 | AK31: 22084 | AL31: =AK31/F31 -> 0.091516756
D32: =D31+1 -> 46013 | E32: 一 | F32: =SUM(M32,S32,U32,W32,AC32,AE32,AG32,AI32,AK32) -> 239757 | I32: 27492 | J32: =I32/F32 -> 0.1146661 | K32: 42577 | L32: =K32/F32 -> 0.17758397 | M32: =SUM(I32+K32) -> 70069 | N32: =M32/F32 -> 0.29225007 | O32: 5082 | P32: =O32/F32 -> 0.021196461 | Q32: 3141 | R32: =Q32/D32 -> 0.068263317 | S32: =SUM(O32+Q32) -> 8223 | T32: =S32/F32 -> 0.034297226 | U32: 40206 | V32: =U32/F32 -> 0.16769479 | W32: 0 | X32: =W32/F32 -> 0 | Y32: 20289 | Z32: =Y32/F32 -> 0.084623181 | AA32: 30775 | AB32: =AA32/D32 -> 0.66883272 | AC32: =SUM(Y32+AA32) -> 51064 | AD32: =AC32/F32 -> 0.21298231 | AE32: 17619 | AF32: =AE32/F32 -> 0.073486905 | AG32: 15867 | AH32: =AG32/F32 -> 0.066179507 | AI32: 16501 | AJ32: =AI32/F32 -> 0.068823851 | AK32: 20208 | AL32: =AK32/F32 -> 0.084285339
D33: =D32+1 -> 46014 | E33: 二 | F33: =SUM(M33,S33,U33,W33,AC33,AE33,AG33,AI33,AK33) -> 229409 | I33: 27601 | J33: =I33/F33 -> 0.1203135 | K33: 38802 | L33: =K33/F33 -> 0.16913896 | M33: =SUM(I33+K33) -> 66403 | N33: =M33/F33 -> 0.28945246 | O33: 8319 | P33: =O33/F33 -> 0.036262745 | Q33: 3265 | R33: =Q33/D33 -> 0.070956665 | S33: =SUM(O33+Q33) -> 11584 | T33: =S33/F33 -> 0.050494968 | U33: 37365 | V33: =U33/F33 -> 0.16287504 | W33: 0 | X33: =W33/F33 -> 0 | Y33: 20543 | Z33: =Y33/F33 -> 0.089547489 | AA33: 28330 | AB33: =AA33/D33 -> 0.61568218 | AC33: =SUM(Y33+AA33) -> 48873 | AD33: =AC33/F33 -> 0.21303872 | AE33: 17045 | AF33: =AE33/F33 -> 0.074299613 | AG33: 15239 | AH33: =AG33/F33 -> 0.066427211 | AI33: 14135 | AJ33: =AI33/F33 -> 0.061614845 | AK33: 18765 | AL33: =AK33/F33 -> 0.08179714
D34: =D33+1 -> 46015 | E34: 三 | F34: =SUM(M34,S34,U34,W34,AC34,AE34,AG34,AI34,AK34) -> 196955 | I34: 23206 | J34: =I34/F34 -> 0.11782387 | K34: 38018 | L34: =K34/F34 -> 0.19302886 | M34: =SUM(I34+K34) -> 61224 | N34: =M34/F34 -> 0.31085273 | O34: 6898 | P34: =O34/F34 -> 0.035023229 | Q34: 3053 | R34: =Q34/D34 -> 0.06634793 | S34: =SUM(O34+Q34) -> 9951 | T34: =S34/F34 -> 0.050524231 | U34: 29570 | V34: =U34/F34 -> 0.15013582 | W34: 0 | X34: =W34/F34 -> 0 | Y34: 19289 | Z34: =Y34/F34 -> 0.097936077 | AA34: 25415 | AB34: =AA34/D34 -> 0.5523199 | AC34: =SUM(Y34+AA34) -> 44704 | AD34: =AC34/F34 -> 0.22697571 | AE34: 13960 | AF34: =AE34/F34 -> 0.070879135 | AG34: 10483 | AH34: =AG34/F34 -> 0.053225356 | AI34: 10926 | AJ34: =AI34/F34 -> 0.055474601 | AK34: 16137 | AL34: =AK34/F34 -> 0.081932421
D35: =D34+1 -> 46016 | E35: 四 | F35: =SUM(M35,S35,U35,W35,AC35,AE35,AG35,AI35,AK35) -> 206860 | G35: =SUM(F35:F41) -> 1466437 | I35: 26207 | J35: =I35/F35 -> 0.12668955 | K35: 38520 | L35: =K35/F35 -> 0.1862129 | M35: =SUM(I35+K35) -> 64727 | N35: =M35/F35 -> 0.31290245 | O35: 6672 | P35: =O35/F35 -> 0.032253698 | Q35: 3537 | R35: =Q35/D35 -> 0.076864569 | S35: =SUM(O35+Q35) -> 10209 | T35: =S35/F35 -> 0.049352219 | U35: 32129 | V35: =U35/F35 -> 0.15531761 | W35: 0 | X35: =W35/F35 -> 0 | Y35: 19730 | Z35: =Y35/F35 -> 0.095378517 | AA35: 22445 | AB35: =AA35/D35 -> 0.48776513 | AC35: =SUM(Y35+AA35) -> 42175 | AD35: =AC35/F35 -> 0.20388185 | AE35: 15084 | AF35: =AE35/F35 -> 0.072918882 | AG35: 12619 | AH35: =AG35/F35 -> 0.06100261 | AI35: 11406 | AJ35: =AI35/F35 -> 0.055138741 | AK35: 18511 | AL35: =AK35/F35 -> 0.089485642
D36: =D35+1 -> 46017 | E36: 五 | F36: =SUM(M36,S36,U36,W36,AC36,AE36,AG36,AI36,AK36) -> 193343 | I36: 22797 | J36: =I36/F36 -> 0.11790962 | K36: 41150 | L36: =K36/F36 -> 0.21283419 | M36: =SUM(I36+K36) -> 63947 | N36: =M36/F36 -> 0.33074381 | O36: 5512 | P36: =O36/F36 -> 0.028508919 | Q36: 2809 | R36: =Q36/D36 -> 0.061042658 | S36: =SUM(O36+Q36) -> 8321 | T36: =S36/F36 -> 0.043037503 | U36: 28257 | V36: =U36/F36 -> 0.14614959 | W36: 0 | X36: =W36/F36 -> 0 | Y36: 18150 | Z36: =Y36/F36 -> 0.093874617 | AA36: 22525 | AB36: =AA36/D36 -> 0.48949301 | AC36: =SUM(Y36+AA36) -> 40675 | AD36: =AC36/F36 -> 0.21037741 | AE36: 13409 | AF36: =AE36/F36 -> 0.069353429 | AG36: 11102 | AH36: =AG36/F36 -> 0.057421267 | AI36: 11357 | AJ36: =AI36/F36 -> 0.058740166 | AK36: 16275 | AL36: =AK36/F36 -> 0.084176826
D37: =D36+1 -> 46018 | E37: 六 | F37: =SUM(M37,S37,U37,W37,AC37,AE37,AG37,AI37,AK37) -> 199280 | I37: 21555 | J37: =I37/F37 -> 0.10816439 | K37: 38885 | L37: =K37/F37 -> 0.19512746 | M37: =SUM(I37+K37) -> 60440 | N37: =M37/F37 -> 0.30329185 | O37: 5332 | P37: =O37/F37 -> 0.026756323 | Q37: 2554 | R37: =Q37/D37 -> 0.055500022 | S37: =SUM(O37+Q37) -> 7886 | T37: =S37/F37 -> 0.039572461 | U37: 31569 | V37: =U37/F37 -> 0.1584153 | W37: 0 | X37: =W37/F37 -> 0 | Y37: 19951 | Z37: =Y37/F37 -> 0.10011542 | AA37: 22772 | AB37: =AA37/D37 -> 0.49484984 | AC37: =SUM(Y37+AA37) -> 42723 | AD37: =AC37/F37 -> 0.21438679 | AE37: 14761 | AF37: =AE37/F37 -> 0.074071658 | AG37: 11660 | AH37: =AG37/F37 -> 0.058510638 | AI37: 13454 | AJ37: =AI37/F37 -> 0.067513047 | AK37: 16787 | AL37: =AK37/F37 -> 0.084238258
D38: =D37+1 -> 46019 | E38: 日 | F38: =SUM(M38,S38,U38,W38,AC38,AE38,AG38,AI38,AK38) -> 229667 | I38: 26939 | J38: =I38/F38 -> 0.11729591 | K38: 40707 | L38: =K38/F38 -> 0.17724357 | M38: =SUM(I38+K38) -> 67646 | N38: =M38/F38 -> 0.29453949 | O38: 7410 | P38: =O38/F38 -> 0.032264104 | Q38: 2979 | R38: =Q38/D38 -> 0.064734132 | S38: =SUM(O38+Q38) -> 10389 | T38: =S38/F38 -> 0.045235058 | U38: 38976 | V38: =U38/F38 -> 0.16970658 | W38: 0 | X38: =W38/F38 -> 0 | Y38: 22740 | Z38: =Y38/F38 -> 0.099012919 | AA38: 24855 | AB38: =AA38/D38 -> 0.540103 | AC38: =SUM(Y38+AA38) -> 47595 | AD38: =AC38/F38 -> 0.20723482 | AE38: 17548 | AF38: =AE38/F38 -> 0.076406275 | AG38: 13859 | AH38: =AG38/F38 -> 0.060343889 | AI38: 15057 | AJ38: =AI38/F38 -> 0.065560137 | AK38: 18597 | AL38: =AK38/F38 -> 0.080973758
D39: =D38+1 -> 46020 | E39: 一 | F39: =SUM(M39,S39,U39,W39,AC39,AE39,AG39,AI39,AK39) -> 225457 | I39: 26136 | J39: =I39/F39 -> 0.11592454 | K39: 40026 | L39: =K39/F39 -> 0.17753274 | M39: =SUM(I39+K39) -> 66162 | N39: =M39/F39 -> 0.29345729 | O39: 6076 | P39: =O39/F39 -> 0.026949707 | Q39: 3006 | R39: =Q39/D39 -> 0.065319426 | S39: =SUM(O39+Q39) -> 9082 | T39: =S39/F39 -> 0.040282626 | U39: 37587 | V39: =U39/F39 -> 0.16671472 | W39: 0 | X39: =W39/F39 -> 0 | Y39: 21286 | Z39: =Y39/F39 -> 0.094412682 | AA39: 27877 | AB39: =AA39/D39 -> 0.60575837 | AC39: =SUM(Y39+AA39) -> 49163 | AD39: =AC39/F39 -> 0.21805932 | AE39: 16765 | AF39: =AE39/F39 -> 0.074360078 | AG39: 13373 | AH39: =AG39/F39 -> 0.05931508 | AI39: 14409 | AJ39: =AI39/F39 -> 0.063910191 | AK39: 18916 | AL39: =AK39/F39 -> 0.083900699
D40: =D39+1 -> 46021 | E40: 二 | F40: =SUM(M40,S40,U40,W40,AC40,AE40,AG40,AI40,AK40) -> 219598 | I40: 28908 | J40: =I40/F40 -> 0.13164054 | K40: 37164 | L40: =K40/F40 -> 0.16923651 | M40: =SUM(I40+K40) -> 66072 | N40: =M40/F40 -> 0.30087706 | O40: 6074 | P40: =O40/F40 -> 0.027659633 | Q40: 3084 | R40: =Q40/D40 -> 0.067012885 | S40: =SUM(O40+Q40) -> 9158 | T40: =S40/F40 -> 0.041703476 | U40: 35617 | V40: =U40/F40 -> 0.16219182 | W40: 0 | X40: =W40/F40 -> 0 | Y40: 21558 | Z40: =Y40/F40 -> 0.098170293 | AA40: 27542 | AB40: =AA40/D40 -> 0.59846592 | AC40: =SUM(Y40+AA40) -> 49100 | AD40: =AC40/F40 -> 0.22359038 | AE40: 16316 | AF40: =AE40/F40 -> 0.074299402 | AG40: 12175 | AH40: =AG40/F40 -> 0.055442217 | AI40: 12964 | AJ40: =AI40/F40 -> 0.059035146 | AK40: 18196 | AL40: =AK40/F40 -> 0.0828605
D41: =D40+1 -> 46022 | E41: 三 | F41: =SUM(M41,S41,U41,W41,AC41,AE41,AG41,AI41,AK41) -> 192232 | I41: 23231 | J41: =I41/F41 -> 0.12084877 | K41: 35728 | L41: =K41/F41 -> 0.18585875 | M41: =SUM(I41+K41) -> 58959 | N41: =M41/F41 -> 0.30670752 | O41: 6001 | P41: =O41/F41 -> 0.031217487 | Q41: 2774 | R41: =Q41/D41 -> 0.06027552 | S41: =SUM(O41+Q41) -> 8775 | T41: =S41/F41 -> 0.045647967 | U41: 28952 | V41: =U41/F41 -> 0.15060968 | W41: 0 | X41: =W41/F41 -> 0 | Y41: 20296 | Z41: =Y41/F41 -> 0.10558076 | AA41: 24670 | AB41: =AA41/D41 -> 0.53604798 | AC41: =SUM(Y41+AA41) -> 44966 | AD41: =AC41/F41 -> 0.23391527 | AE41: 13175 | AF41: =AE41/F41 -> 0.068536976 | AG41: 9574 | AH41: =AG41/F41 -> 0.049804403 | AI41: 11275 | AJ41: =AI41/F41 -> 0.058653086 | AK41: 16556 | AL41: =AK41/F41 -> 0.086125099
F43: =SUM(M43,S43,U43,W43,AC43,AE43,AG43,AI43,AK43) -> 0 | J43: =I43/F43 -> #DIV/0! | L43: =K43/F43 -> #DIV/0! | M43: =SUM(I43+K43) -> 0 | N43: =M43/F43 -> #DIV/0! | P43: =O43/F43 -> #DIV/0! | R43: =Q43/D43 -> #DIV/0! | S43: =SUM(O43+Q43) -> 0 | T43: =S43/F43 -> #DIV/0! | V43: =U43/F43 -> #DIV/0! | X43: =W43/F43 -> #DIV/0! | Z43: =Y43/F43 -> #DIV/0! | AB43: =AA43/D43 -> #DIV/0! | AC43: =SUM(Y43+AA43) -> 0 | AD43: =AC43/F43 -> #DIV/0! | AF43: =AE43/F43 -> #DIV/0! | AH43: =AG43/F43 -> #DIV/0! | AJ43: =AI43/F43 -> #DIV/0! | AL43: =AK43/F43 -> #DIV/0!
F44: =SUM(M44,S44,U44,W44,AC44,AE44,AG44,AI44,AK44) -> 0 | J44: =I44/F44 -> #DIV/0! | L44: =K44/F44 -> #DIV/0! | M44: =SUM(I44+K44) -> 0 | N44: =M44/F44 -> #DIV/0! | P44: =O44/F44 -> #DIV/0! | R44: =Q44/D44 -> #DIV/0! | S44: =SUM(O44+Q44) -> 0 | T44: =S44/F44 -> #DIV/0! | V44: =U44/F44 -> #DIV/0! | X44: =W44/F44 -> #DIV/0! | Z44: =Y44/F44 -> #DIV/0! | AB44: =AA44/D44 -> #DIV/0! | AC44: =SUM(Y44+AA44) -> 0 | AD44: =AC44/F44 -> #DIV/0! | AF44: =AE44/F44 -> #DIV/0! | AH44: =AG44/F44 -> #DIV/0! | AJ44: =AI44/F44 -> #DIV/0! | AL44: =AK44/F44 -> #DIV/0!
F45: =SUM(M45,S45,U45,W45,AC45,AE45,AG45,AI45,AK45) -> 0 | J45: =I45/F45 -> #DIV/0! | L45: =K45/F45 -> #DIV/0! | M45: =SUM(I45+K45) -> 0 | N45: =M45/F45 -> #DIV/0! | P45: =O45/F45 -> #DIV/0! | R45: =Q45/D45 -> #DIV/0! | S45: =SUM(O45+Q45) -> 0 | T45: =S45/F45 -> #DIV/0! | V45: =U45/F45 -> #DIV/0! | X45: =W45/F45 -> #DIV/0! | Z45: =Y45/F45 -> #DIV/0! | AB45: =AA45/D45 -> #DIV/0! | AC45: =SUM(Y45+AA45) -> 0 | AD45: =AC45/F45 -> #DIV/0! | AF45: =AE45/F45 -> #DIV/0! | AH45: =AG45/F45 -> #DIV/0! | AJ45: =AI45/F45 -> #DIV/0! | AL45: =AK45/F45 -> #DIV/0!
I46: =SUM(I7:I45) -> 809174 | J46: =I46/$H$7 -> #DIV/0! | K46: =SUM(K7:K45) -> 1253591 | L46: =K46/$H$7 -> #DIV/0! | M46: =SUM(M7:M45) -> 2062765 | N46: =M46/$H$7 -> #DIV/0! | O46: =SUM(O7:O45) -> 178428 | P46: =O46/$H$7 -> #DIV/0! | Q46: =SUM(Q7:Q45) -> 97512 | R46: =Q46/$H$7 -> #DIV/0! | S46: =SUM(S7:S45) -> 275940 | T46: =S46/$H$7 -> #DIV/0! | U46: =SUM(U7:U45) -> 878351 | V46: =U46/$H$7 -> #DIV/0! | W46: =SUM(W7:W45) -> 9911 | X46: =W46/$H$7 -> #DIV/0! | Y46: =SUM(Y7:Y45) -> 650266 | Z46: =Y46/$H$7 -> #DIV/0! | AA46: =SUM(AA7:AA45) -> 738413 | AB46: =AA46/$H$7 -> #DIV/0! | AC46: =SUM(AC7:AC45) -> 1388679 | AD46: =AC46/$H$7 -> #DIV/0! | AE46: =SUM(AE7:AE45) -> 507543 | AF46: =AE46/$H$7 -> #DIV/0! | AG46: =SUM(AG7:AG45) -> 546496 | AH46: =AG46/$H$7 -> #DIV/0! | AI46: =SUM(AI7:AI45) -> 394302 | AJ46: =AI46/$H$7 -> #DIV/0! | AK46: =SUM(AK7:AK45) -> 554340 | AL46: =AK46/$H$7 -> #DIV/0!
M47: =M46 -> 2062765 | S47: =S46 -> 275940 | U47: =U46 -> 878351 | W47: =W46 -> 9911 | AC47: =AC46 -> 1388679 | AE47: =AE46 -> 507543 | AG47: =AG46 -> 546496 | AI47: =AI46 -> 394302 | AK47: =AK46 -> 554340

Sheet （５-1）品群別人時生產性（18℃-飯糰）
B1: 月平均人時性 | C1: =AVERAGE(L7,L42,L77,L112,L147,L182) -> 785.96646
B2: 產線配置圖－每週更新 | N2: 資料繳交 | O2: 日期 | AJ2: 45962 | AO2: =AJ2+1 -> 45963 | AT2: 46357
AJ3: 六 | AO3: 日 | AT3: 一
B4: 品群 | C4: 商品名稱 | E4: 計畫 | H4: 平均人時性 | I4: 實績 | L4: 平均人時性 | M4: 排名 | O4: 日報 | P4: 實際 | T4: 平均人時性 | U4: 實際 | Y4: 平均人時性 | Z4: 實際 | AD4: 平均人時性 | AE4: 實際 | AI4: 平均人時性 | AJ4: 實際 | AN4: 平均人時性 | AO4: 實際 | AS4: 平均人時性 | AT4: 實際 | AX4: 平均人時性
E5: 產線配置圖 | I5: 產線配置圖 | P5: 生產實績 | U5: 生產實績 | Z5: 生產實績 | AE5: 生產實績 | AJ5: 生產實績 | AO5: 生產實績 | AT5: 生產實績
E6: 人數 | F6: 產能／時 | G6: 人時性 | I6: 人數 | J6: 產能／時 | K6: 人時性 | P6: 人數 | Q6: 產能／時 | R6: 人時性 | S6: 排名 | U6: 人數 | V6: 產能／時 | W6: 人時性 | X6: 排名 | Z6: 人數 | AA6: 產能／時 | AB6: 人時性 | AC6: 排名 | AE6: 人數 | AF6: 產能／時 | AG6: 人時性 | AH6: 排名 | AJ6: 人數 | AK6: 產能／時 | AL6: 人時性 | AM6: 排名 | AO6: 人數 | AP6: 產能／時 | AQ6: 人時性 | AR6: 排名 | AT6: 人數 | AU6: 產能／時 | AV6: 人時性 | AW6: 排名
B7: 18℃-飯糰 | C7: 1 | D7: 經典肉鬆飯糰 | E7: 4 | F7: 2200 | G7: 550 | H7: =AVERAGE(G7:G36) -> 844.44444 | I7: =AVERAGE(P7,U7,Z7,AE7,AJ7,AO7,AT7) -> 4 | J7: =AVERAGE(Q7,V7,AA7,AF7,AK7,AP7,AU7) -> 3130.3448 | K7: =AVERAGE(R7,W7,AB7,AG7,AL7,AQ7,AV7) -> 782.58621 | L7: =IFERROR(AVERAGE(K7:K36),"-") -> 750.46279 | M7: =RANK(K7, $K$7:K$36) -> 9 | S7: =RANK(R7, R$7:R$36) -> #N/A | T7: =AVERAGE(R7:R36) -> #DIV/0! | X7: =RANK(W7, W$7:W$36) -> #N/A | Y7: =AVERAGE(W7:W36) -> #DIV/0! | AC7: =RANK(AB7, AB$7:AB$36) -> #N/A | AD7: =AVERAGE(AB7:AB36) -> #DIV/0! | AH7: =RANK(AG7, AG$7:AG$36) -> #N/A | AI7: =AVERAGE(AG7:AG36) -> #DIV/0! | AM7: =RANK(AL7, AL$7:AL$36) -> #N/A | AN7: =AVERAGE(AL7:AL36) -> #DIV/0! | AR7: =RANK(AQ7, AQ$7:AQ$36) -> #N/A | AS7: =AVERAGE(AQ7:AQ36) -> #DIV/0! | AT7: 4 | AU7: 3130.3448 | AV7: 782.58621 | AW7: =RANK(AV7, AV$7:AV$36) -> 9 | AX7: =AVERAGE(AV7:AV36) -> 750.46279 | AZ7: =RANK(AX7, $K$7:AX$36) -> #N/A | BB7: =RANK(BA7, BA$7:BA$36) -> #N/A
C8: 2 | D8: 蔬食鮪魚飯糰 | E8: 3 | F8: 2700 | G8: 900 | I8: =AVERAGE(P8,U8,Z8,AE8,AJ8,AO8,AT8) -> 3 | J8: =AVERAGE(Q8,V8,AA8,AF8,AK8,AP8,AU8) -> 2830.9091 | K8: =AVERAGE(R8,W8,AB8,AG8,AL8,AQ8,AV8) -> 943.63636 | M8: =RANK(K8, $K$7:K$36) -> 4 | S8: =RANK(R8, R$7:R$36) -> #N/A | X8: =RANK(W8, W$7:W$36) -> #N/A | AC8: =RANK(AB8, AB$7:AB$36) -> #N/A | AH8: =RANK(AG8, AG$7:AG$36) -> #N/A | AM8: =RANK(AL8, AL$7:AL$36) -> #N/A | AR8: =RANK(AQ8, AQ$7:AQ$36) -> #N/A | AT8: 3 | AU8: 2830.9091 | AV8: 943.63636 | AW8: =RANK(AV8, AV$7:AV$36) -> 4 | AZ8: =RANK(AX8, $K$7:AX$36) -> #N/A | BB8: =RANK(BA8, BA$7:BA$36) -> #N/A
C9: 3 | D9: 北海道秋鮭親子飯糰 | E9: 4 | F9: 3600 | G9: 900 | I9: =AVERAGE(P9,U9,Z9,AE9,AJ9,AO9,AT9) -> 4 | J9: =AVERAGE(Q9,V9,AA9,AF9,AK9,AP9,AU9) -> 3214.7368 | K9: =AVERAGE(R9,W9,AB9,AG9,AL9,AQ9,AV9) -> 803.68421 | M9: =RANK(K9, $K$7:K$36) -> 7 | S9: =RANK(R9, R$7:R$36) -> #N/A | X9: =RANK(W9, W$7:W$36) -> #N/A | AC9: =RANK(AB9, AB$7:AB$36) -> #N/A | AH9: =RANK(AG9, AG$7:AG$36) -> #N/A | AM9: =RANK(AL9, AL$7:AL$36) -> #N/A | AR9: =RANK(AQ9, AQ$7:AQ$36) -> #N/A | AT9: 4 | AU9: 3214.7368 | AV9: 803.68421 | AW9: =RANK(AV9, AV$7:AV$36) -> 7 | AZ9: =RANK(AX9, $K$7:AX$36) -> #N/A | BB9: =RANK(BA9, BA$7:BA$36) -> #N/A
C10: 4 | D10: 鮪魚飯糰 | E10: 3 | F10: 3600 | G10: 1200 | I10: =AVERAGE(P10,U10,Z10,AE10,AJ10,AO10,AT10) -> 3 | J10: =AVERAGE(Q10,V10,AA10,AF10,AK10,AP10,AU10) -> 2559 | K10: =AVERAGE(R10,W10,AB10,AG10,AL10,AQ10,AV10) -> 853 | M10: =RANK(K10, $K$7:K$36) -> 6 | S10: =RANK(R10, R$7:R$36) -> #N/A | X10: =RANK(W10, W$7:W$36) -> #N/A | AC10: =RANK(AB10, AB$7:AB$36) -> #N/A | AH10: =RANK(AG10, AG$7:AG$36) -> #N/A | AM10: =RANK(AL10, AL$7:AL$36) -> #N/A | AR10: =RANK(AQ10, AQ$7:AQ$36) -> #N/A | AT10: 3 | AU10: 2559 | AV10: 853 | AW10: =RANK(AV10, AV$7:AV$36) -> 6 | AZ10: =RANK(AX10, $K$7:AX$36) -> #N/A | BB10: =RANK(BA10, BA$7:BA$36) -> #N/A
C11: 5 | D11: 贅沢鮭魚肚飯糰 | E11: 3 | F11: 3600 | G11: 1200 | I11: =AVERAGE(P11,U11,Z11,AE11,AJ11,AO11,AT11) -> 4 | J11: =AVERAGE(Q11,V11,AA11,AF11,AK11,AP11,AU11) -> 3155.2941 | K11: =AVERAGE(R11,W11,AB11,AG11,AL11,AQ11,AV11) -> 788.82353 | M11: =RANK(K11, $K$7:K$36) -> 8 | S11: =RANK(R11, R$7:R$36) -> #N/A | X11: =RANK(W11, W$7:W$36) -> #N/A | AC11: =RANK(AB11, AB$7:AB$36) -> #N/A | AH11: =RANK(AG11, AG$7:AG$36) -> #N/A | AM11: =RANK(AL11, AL$7:AL$36) -> #N/A | AR11: =RANK(AQ11, AQ$7:AQ$36) -> #N/A | AT11: 4 | AU11: 3155.2941 | AV11: 788.82353 | AW11: =RANK(AV11, AV$7:AV$36) -> 8 | AZ11: =RANK(AX11, $K$7:AX$36) -> #N/A | BB11: =RANK(BA11, BA$7:BA$36) -> #N/A
C12: 6 | D12: 熟成紅鮭飯糰 | E12: 4 | F12: 3600 | G12: 900 | I12: =AVERAGE(P12,U12,Z12,AE12,AJ12,AO12,AT12) -> 4 | J12: =AVERAGE(Q12,V12,AA12,AF12,AK12,AP12,AU12) -> 3112 | K12: =AVERAGE(R12,W12,AB12,AG12,AL12,AQ12,AV12) -> 778 | M12: =RANK(K12, $K$7:K$36) -> 10 | S12: =RANK(R12, R$7:R$36) -> #N/A | X12: =RANK(W12, W$7:W$36) -> #N/A | AC12: =RANK(AB12, AB$7:AB$36) -> #N/A | AH12: =RANK(AG12, AG$7:AG$36) -> #N/A | AM12: =RANK(AL12, AL$7:AL$36) -> #N/A | AR12: =RANK(AQ12, AQ$7:AQ$36) -> #N/A | AT12: 4 | AU12: 3112 | AV12: 778 | AW12: =RANK(AV12, AV$7:AV$36) -> 10 | AZ12: =RANK(AX12, $K$7:AX$36) -> #N/A | BB12: =RANK(BA12, BA$7:BA$36) -> #N/A
C13: 7 | D13: 博多明太子奶油飯糰 | E13: 4 | F13: 3600 | G13: 900 | I13: =AVERAGE(P13,U13,Z13,AE13,AJ13,AO13,AT13) -> 4 | J13: =AVERAGE(Q13,V13,AA13,AF13,AK13,AP13,AU13) -> 2830.9091 | K13: =AVERAGE(R13,W13,AB13,AG13,AL13,AQ13,AV13) -> 707.72727 | M13: =RANK(K13, $K$7:K$36) -> 15 | S13: =RANK(R13, R$7:R$36) -> #N/A | X13: =RANK(W13, W$7:W$36) -> #N/A | AC13: =RANK(AB13, AB$7:AB$36) -> #N/A | AH13: =RANK(AG13, AG$7:AG$36) -> #N/A | AM13: =RANK(AL13, AL$7:AL$36) -> #N/A | AR13: =RANK(AQ13, AQ$7:AQ$36) -> #N/A | AT13: 4 | AU13: 2830.9091 | AV13: 707.72727 | AW13: =RANK(AV13, AV$7:AV$36) -> 15 | AZ13: =RANK(AX13, $K$7:AX$36) -> #N/A | BB13: =RANK(BA13, BA$7:BA$36) -> #N/A
C14: 8 | D14: 壹號醬炙烤牛飯糰 | E14: 4 | F14: 3300 | G14: 825 | I14: =AVERAGE(P14,U14,Z14,AE14,AJ14,AO14,AT14) -> 4 | J14: =AVERAGE(Q14,V14,AA14,AF14,AK14,AP14,AU14) -> 2445.8824 | K14: =AVERAGE(R14,W14,AB14,AG14,AL14,AQ14,AV14) -> 611.47059 | M14: =RANK(K14, $K$7:K$36) -> 18 | S14: =RANK(R14, R$7:R$36) -> #N/A | X14: =RANK(W14, W$7:W$36) -> #N/A | AC14: =RANK(AB14, AB$7:AB$36) -> #N/A | AH14: =RANK(AG14, AG$7:AG$36) -> #N/A | AM14: =RANK(AL14, AL$7:AL$36) -> #N/A | AR14: =RANK(AQ14, AQ$7:AQ$36) -> #N/A | AT14: 4 | AU14: 2445.8824 | AV14: 611.47059 | AW14: =RANK(AV14, AV$7:AV$36) -> 18 | AZ14: =RANK(AX14, $K$7:AX$36) -> #N/A | BB14: =RANK(BA14, BA$7:BA$36) -> #N/A
C15: 9 | D15: 明太子龍蝦風味沙拉飯糰 | E15: 3 | F15: 3300 | G15: 1100 | I15: =AVERAGE(P15,U15,Z15,AE15,AJ15,AO15,AT15) -> 3 | J15: =AVERAGE(Q15,V15,AA15,AF15,AK15,AP15,AU15) -> 2863.125 | K15: =AVERAGE(R15,W15,AB15,AG15,AL15,AQ15,AV15) -> 954.375 | M15: =RANK(K15, $K$7:K$36) -> 3 | S15: =RANK(R15, R$7:R$36) -> #N/A | X15: =RANK(W15, W$7:W$36) -> #N/A | AC15: =RANK(AB15, AB$7:AB$36) -> #N/A | AH15: =RANK(AG15, AG$7:AG$36) -> #N/A | AM15: =RANK(AL15, AL$7:AL$36) -> #N/A | AR15: =RANK(AQ15, AQ$7:AQ$36) -> #N/A | AT15: 3 | AU15: 2863.125 | AV15: 954.375 | AW15: =RANK(AV15, AV$7:AV$36) -> 3 | AZ15: =RANK(AX15, $K$7:AX$36) -> #N/A | BB15: =RANK(BA15, BA$7:BA$36) -> #N/A
C16: 10 | D16: 鹽蔥燒肉飯糰 | E16: 3 | F16: 3300 | G16: 1100 | I16: =AVERAGE(P16,U16,Z16,AE16,AJ16,AO16,AT16) -> 3 | J16: =AVERAGE(Q16,V16,AA16,AF16,AK16,AP16,AU16) -> 2884.7368 | K16: =AVERAGE(R16,W16,AB16,AG16,AL16,AQ16,AV16) -> 961.57895 | M16: =RANK(K16, $K$7:K$36) -> 2 | S16: =RANK(R16, R$7:R$36) -> #N/A | X16: =RANK(W16, W$7:W$36) -> #N/A | AC16: =RANK(AB16, AB$7:AB$36) -> #N/A | AH16: =RANK(AG16, AG$7:AG$36) -> #N/A | AM16: =RANK(AL16, AL$7:AL$36) -> #N/A | AR16: =RANK(AQ16, AQ$7:AQ$36) -> #N/A | AT16: 3 | AU16: 2884.7368 | AV16: 961.57895 | AW16: =RANK(AV16, AV$7:AV$36) -> 2 | AZ16: =RANK(AX16, $K$7:AX$36) -> #N/A | BB16: =RANK(BA16, BA$7:BA$36) -> #N/A
C17: 11 | D17: 胡麻鮮蔬雞絲飯糰(區) | E17: 4 | F17: 2500 | G17: 625 | M17: =RANK(K17, $K$7:K$36) -> #N/A | S17: =RANK(R17, R$7:R$36) -> #N/A | X17: =RANK(W17, W$7:W$36) -> #N/A | AC17: =RANK(AB17, AB$7:AB$36) -> #N/A | AH17: =RANK(AG17, AG$7:AG$36) -> #N/A | AM17: =RANK(AL17, AL$7:AL$36) -> #N/A | AR17: =RANK(AQ17, AQ$7:AQ$36) -> #N/A | AW17: =RANK(AV17, AV$7:AV$36) -> #N/A | AZ17: =RANK(AX17, $K$7:AX$36) -> #N/A | BB17: =RANK(BA17, BA$7:BA$36) -> #N/A
C18: 12 | D18: 雞肉飯飯糰 | E18: 4 | F18: 3300 | G18: 825 | I18: =AVERAGE(P18,U18,Z18,AE18,AJ18,AO18,AT18) -> 4 | J18: =AVERAGE(Q18,V18,AA18,AF18,AK18,AP18,AU18) -> 2831.8033 | K18: =AVERAGE(R18,W18,AB18,AG18,AL18,AQ18,AV18) -> 707.95082 | M18: =RANK(K18, $K$7:K$36) -> 14 | S18: =RANK(R18, R$7:R$36) -> #N/A | X18: =RANK(W18, W$7:W$36) -> #N/A | AC18: =RANK(AB18, AB$7:AB$36) -> #N/A | AH18: =RANK(AG18, AG$7:AG$36) -> #N/A | AM18: =RANK(AL18, AL$7:AL$36) -> #N/A | AR18: =RANK(AQ18, AQ$7:AQ$36) -> #N/A | AT18: 4 | AU18: 2831.8033 | AV18: 707.95082 | AW18: =RANK(AV18, AV$7:AV$36) -> 14 | AZ18: =RANK(AX18, $K$7:AX$36) -> #N/A | BB18: =RANK(BA18, BA$7:BA$36) -> #N/A
C19: 13 | D19: 碳烤燒肉飯飯糰(區) | E19: 4 | F19: 3300 | G19: 825 | I19: =AVERAGE(P19,U19,Z19,AE19,AJ19,AO19,AT19) -> 4 | J19: =AVERAGE(Q19,V19,AA19,AF19,AK19,AP19,AU19) -> 2803.2353 | K19: =AVERAGE(R19,W19,AB19,AG19,AL19,AQ19,AV19) -> 700.80882 | M19: =RANK(K19, $K$7:K$36) -> 16 | S19: =RANK(R19, R$7:R$36) -> #N/A | X19: =RANK(W19, W$7:W$36) -> #N/A | AC19: =RANK(AB19, AB$7:AB$36) -> #N/A | AH19: =RANK(AG19, AG$7:AG$36) -> #N/A | AM19: =RANK(AL19, AL$7:AL$36) -> #N/A | AR19: =RANK(AQ19, AQ$7:AQ$36) -> #N/A | AT19: 4 | AU19: 2803.2353 | AV19: 700.80882 | AW19: =RANK(AV19, AV$7:AV$36) -> 16 | AZ19: =RANK(AX19, $K$7:AX$36) -> #N/A | BB19: =RANK(BA19, BA$7:BA$36) -> #N/A
C20: 14 | D20: 油蔥雞汁飯糰(區) | E20: 4 | F20: 2800 | G20: 700 | I20: =AVERAGE(P20,U20,Z20,AE20,AJ20,AO20,AT20) -> 4 | J20: =AVERAGE(Q20,V20,AA20,AF20,AK20,AP20,AU20) -> 2848.6957 | K20: =AVERAGE(R20,W20,AB20,AG20,AL20,AQ20,AV20) -> 712.17391 | M20: =RANK(K20, $K$7:K$36) -> 13 | S20: =RANK(R20, R$7:R$36) -> #N/A | X20: =RANK(W20, W$7:W$36) -> #N/A | AC20: =RANK(AB20, AB$7:AB$36) -> #N/A | AH20: =RANK(AG20, AG$7:AG$36) -> #N/A | AM20: =RANK(AL20, AL$7:AL$36) -> #N/A | AR20: =RANK(AQ20, AQ$7:AQ$36) -> #N/A | AT20: 4 | AU20: 2848.6957 | AV20: 712.17391 | AW20: =RANK(AV20, AV$7:AV$36) -> 13 | AZ20: =RANK(AX20, $K$7:AX$36) -> #N/A | BB20: =RANK(BA20, BA$7:BA$36) -> #N/A
C21: 15 | D21: 二配芝麻香鬆飯糰 | E21: 4 | F21: 3600 | G21: 900 | I21: =AVERAGE(P21,U21,Z21,AE21,AJ21,AO21,AT21) -> 4 | J21: =AVERAGE(Q21,V21,AA21,AF21,AK21,AP21,AU21) -> 2657.5 | K21: =AVERAGE(R21,W21,AB21,AG21,AL21,AQ21,AV21) -> 664.375 | M21: =RANK(K21, $K$7:K$36) -> 17 | S21: =RANK(R21, R$7:R$36) -> #N/A | X21: =RANK(W21, W$7:W$36) -> #N/A | AC21: =RANK(AB21, AB$7:AB$36) -> #N/A | AH21: =RANK(AG21, AG$7:AG$36) -> #N/A | AM21: =RANK(AL21, AL$7:AL$36) -> #N/A | AR21: =RANK(AQ21, AQ$7:AQ$36) -> #N/A | AT21: 4 | AU21: 2657.5 | AV21: 664.375 | AW21: =RANK(AV21, AV$7:AV$36) -> 17 | AZ21: =RANK(AX21, $K$7:AX$36) -> #N/A | BB21: =RANK(BA21, BA$7:BA$36) -> #N/A
C22: 16 | D22: 二配油蔥G絲飯糰 | E22: 4 | F22: 3600 | G22: 900 | I22: =AVERAGE(P22,U22,Z22,AE22,AJ22,AO22,AT22) -> 4 | J22: =AVERAGE(Q22,V22,AA22,AF22,AK22,AP22,AU22) -> 3083.0769 | K22: =AVERAGE(R22,W22,AB22,AG22,AL22,AQ22,AV22) -> 770.76923 | M22: =RANK(K22, $K$7:K$36) -> 11 | S22: =RANK(R22, R$7:R$36) -> #N/A | X22: =RANK(W22, W$7:W$36) -> #N/A | AC22: =RANK(AB22, AB$7:AB$36) -> #N/A | AH22: =RANK(AG22, AG$7:AG$36) -> #N/A | AM22: =RANK(AL22, AL$7:AL$36) -> #N/A | AR22: =RANK(AQ22, AQ$7:AQ$36) -> #N/A | AT22: 4 | AU22: 3083.0769 | AV22: 770.76923 | AW22: =RANK(AV22, AV$7:AV$36) -> 11 | AZ22: =RANK(AX22, $K$7:AX$36) -> #N/A | BB22: =RANK(BA22, BA$7:BA$36) -> #N/A
C23: 17 | D23: 照燒雞肉飯糰 | E23: 4 | F23: 3300 | G23: 825 | I23: =AVERAGE(P23,U23,Z23,AE23,AJ23,AO23,AT23) -> 3 | J23: =AVERAGE(Q23,V23,AA23,AF23,AK23,AP23,AU23) -> 2893.5484 | K23: =AVERAGE(R23,W23,AB23,AG23,AL23,AQ23,AV23) -> 964.51613 | M23: =RANK(K23, $K$7:K$36) -> 1 | S23: =RANK(R23, R$7:R$36) -> #N/A | X23: =RANK(W23, W$7:W$36) -> #N/A | AC23: =RANK(AB23, AB$7:AB$36) -> #N/A | AH23: =RANK(AG23, AG$7:AG$36) -> #N/A | AM23: =RANK(AL23, AL$7:AL$36) -> #N/A | AR23: =RANK(AQ23, AQ$7:AQ$36) -> #N/A | AT23: 3 | AU23: 2893.5484 | AV23: 964.51613 | AW23: =RANK(AV23, AV$7:AV$36) -> 1 | AZ23: =RANK(AX23, $K$7:AX$36) -> #N/A | BB23: =RANK(BA23, BA$7:BA$36) -> #N/A
C24: 18 | D24: 二配三杯醬爆菇菇飯糰 | E24: 3 | F24: 2800 | G24: 933.33333 | I24: =AVERAGE(P24,U24,Z24,AE24,AJ24,AO24,AT24) -> 3 | J24: =AVERAGE(Q24,V24,AA24,AF24,AK24,AP24,AU24) -> 2718.1395 | K24: =AVERAGE(R24,W24,AB24,AG24,AL24,AQ24,AV24) -> 906.04651 | M24: =RANK(K24, $K$7:K$36) -> 5 | S24: =RANK(R24, R$7:R$36) -> #N/A | X24: =RANK(W24, W$7:W$36) -> #N/A | AC24: =RANK(AB24, AB$7:AB$36) -> #N/A | AH24: =RANK(AG24, AG$7:AG$36) -> #N/A | AM24: =RANK(AL24, AL$7:AL$36) -> #N/A | AR24: =RANK(AQ24, AQ$7:AQ$36) -> #N/A | AT24: 3 | AU24: 2718.1395 | AV24: 906.04651 | AW24: =RANK(AV24, AV$7:AV$36) -> 5 | AZ24: =RANK(AX24, $K$7:AX$36) -> #N/A | BB24: =RANK(BA24, BA$7:BA$36) -> #N/A
C25: 19 | D25: 二配大飯糰鮪魚昆布 | E25: 4 | F25: 3000 | G25: 750 | I25: =AVERAGE(P25,U25,Z25,AE25,AJ25,AO25,AT25) -> 4 | J25: =AVERAGE(Q25,V25,AA25,AF25,AK25,AP25,AU25) -> 2076 | K25: =AVERAGE(R25,W25,AB25,AG25,AL25,AQ25,AV25) -> 519 | M25: =RANK(K25, $K$7:K$36) -> 19 | S25: =RANK(R25, R$7:R$36) -> #N/A | X25: =RANK(W25, W$7:W$36) -> #N/A | AC25: =RANK(AB25, AB$7:AB$36) -> #N/A | AH25: =RANK(AG25, AG$7:AG$36) -> #N/A | AM25: =RANK(AL25, AL$7:AL$36) -> #N/A | AR25: =RANK(AQ25, AQ$7:AQ$36) -> #N/A | AT25: 4 | AU25: 2076 | AV25: 519 | AW25: =RANK(AV25, AV$7:AV$36) -> 19 | AZ25: =RANK(AX25, $K$7:AX$36) -> #N/A | BB25: =RANK(BA25, BA$7:BA$36) -> #N/A
C26: 20 | D26: 兩粒飯糰(鮪魚.焦糖鮭魚) | E26: 12 | F26: 1500 | G26: 125 | I26: =AVERAGE(P26,U26,Z26,AE26,AJ26,AO26,AT26) -> 12 | J26: =AVERAGE(Q26,V26,AA26,AF26,AK26,AP26,AU26) -> 1447.2 | K26: =AVERAGE(R26,W26,AB26,AG26,AL26,AQ26,AV26) -> 120.6 | M26: =RANK(K26, $K$7:K$36) -> 20 | S26: =RANK(R26, R$7:R$36) -> #N/A | X26: =RANK(W26, W$7:W$36) -> #N/A | AC26: =RANK(AB26, AB$7:AB$36) -> #N/A | AH26: =RANK(AG26, AG$7:AG$36) -> #N/A | AM26: =RANK(AL26, AL$7:AL$36) -> #N/A | AR26: =RANK(AQ26, AQ$7:AQ$36) -> #N/A | AT26: 12 | AU26: 1447.2 | AV26: 120.6 | AW26: =RANK(AV26, AV$7:AV$36) -> 20 | AZ26: =RANK(AX26, $K$7:AX$36) -> #N/A | BB26: =RANK(BA26, BA$7:BA$36) -> #N/A
C27: 21 | D27: 二配大飯糰韓式蒜烤豬五花 | E27: 4 | F27: 3000 | G27: 750 | I27: =AVERAGE(P27,U27,Z27,AE27,AJ27,AO27,AT27) -> 3 | J27: =AVERAGE(Q27,V27,AA27,AF27,AK27,AP27,AU27) -> 2274.4 | K27: =AVERAGE(R27,W27,AB27,AG27,AL27,AQ27,AV27) -> 758.13333 | M27: =RANK(K27, $K$7:K$36) -> 12 | S27: =RANK(R27, R$7:R$36) -> #N/A | X27: =RANK(W27, W$7:W$36) -> #N/A | AC27: =RANK(AB27, AB$7:AB$36) -> #N/A | AH27: =RANK(AG27, AG$7:AG$36) -> #N/A | AM27: =RANK(AL27, AL$7:AL$36) -> #N/A | AR27: =RANK(AQ27, AQ$7:AQ$36) -> #N/A | AT27: 3 | AU27: 2274.4 | AV27: 758.13333 | AW27: =RANK(AV27, AV$7:AV$36) -> 12 | AZ27: =RANK(AX27, $K$7:AX$36) -> #N/A | BB27: =RANK(BA27, BA$7:BA$36) -> #N/A
C28: 22 | M28: =RANK(K28, $K$7:K$36) -> #N/A | S28: =RANK(R28, R$7:R$36) -> #N/A | X28: =RANK(W28, W$7:W$36) -> #N/A | AC28: =RANK(AB28, AB$7:AB$36) -> #N/A | AH28: =RANK(AG28, AG$7:AG$36) -> #N/A | AM28: =RANK(AL28, AL$7:AL$36) -> #N/A | AR28: =RANK(AQ28, AQ$7:AQ$36) -> #N/A | AW28: =RANK(AV28, AV$7:AV$36) -> #N/A | AZ28: =RANK(AX28, $K$7:AX$36) -> #N/A | BB28: =RANK(BA28, BA$7:BA$36) -> #N/A
C29: 23 | M29: =RANK(K29, $K$7:K$36) -> #N/A | S29: =RANK(R29, R$7:R$36) -> #N/A | X29: =RANK(W29, W$7:W$36) -> #N/A | AC29: =RANK(AB29, AB$7:AB$36) -> #N/A | AH29: =RANK(AG29, AG$7:AG$36) -> #N/A | AM29: =RANK(AL29, AL$7:AL$36) -> #N/A | AR29: =RANK(AQ29, AQ$7:AQ$36) -> #N/A | AW29: =RANK(AV29, AV$7:AV$36) -> #N/A | AZ29: =RANK(AX29, $K$7:AX$36) -> #N/A | BB29: =RANK(BA29, BA$7:BA$36) -> #N/A
C30: 24 | M30: =RANK(K30, $K$7:K$36) -> #N/A | S30: =RANK(R30, R$7:R$36) -> #N/A | X30: =RANK(W30, W$7:W$36) -> #N/A | AC30: =RANK(AB30, AB$7:AB$36) -> #N/A | AH30: =RANK(AG30, AG$7:AG$36) -> #N/A | AM30: =RANK(AL30, AL$7:AL$36) -> #N/A | AR30: =RANK(AQ30, AQ$7:AQ$36) -> #N/A | AW30: =RANK(AV30, AV$7:AV$36) -> #N/A | AZ30: =RANK(AX30, $K$7:AX$36) -> #N/A | BB30: =RANK(BA30, BA$7:BA$36) -> #N/A
C31: 25 | M31: =RANK(K31, $K$7:K$36) -> #N/A | S31: =RANK(R31, R$7:R$36) -> #N/A | X31: =RANK(W31, W$7:W$36) -> #N/A | AC31: =RANK(AB31, AB$7:AB$36) -> #N/A | AH31: =RANK(AG31, AG$7:AG$36) -> #N/A | AM31: =RANK(AL31, AL$7:AL$36) -> #N/A | AR31: =RANK(AQ31, AQ$7:AQ$36) -> #N/A | AW31: =RANK(AV31, AV$7:AV$36) -> #N/A | AZ31: =RANK(AX31, $K$7:AX$36) -> #N/A | BB31: =RANK(BA31, BA$7:BA$36) -> #N/A
C32: 26 | M32: =RANK(K32, $K$7:K$36) -> #N/A | S32: =RANK(R32, R$7:R$36) -> #N/A | X32: =RANK(W32, W$7:W$36) -> #N/A | AC32: =RANK(AB32, AB$7:AB$36) -> #N/A | AH32: =RANK(AG32, AG$7:AG$36) -> #N/A | AM32: =RANK(AL32, AL$7:AL$36) -> #N/A | AR32: =RANK(AQ32, AQ$7:AQ$36) -> #N/A | AW32: =RANK(AV32, AV$7:AV$36) -> #N/A | AZ32: =RANK(AX32, $K$7:AX$36) -> #N/A | BB32: =RANK(BA32, BA$7:BA$36) -> #N/A
C33: 27 | M33: =RANK(K33, $K$7:K$36) -> #N/A | S33: =RANK(R33, R$7:R$36) -> #N/A | X33: =RANK(W33, W$7:W$36) -> #N/A | AC33: =RANK(AB33, AB$7:AB$36) -> #N/A | AH33: =RANK(AG33, AG$7:AG$36) -> #N/A | AM33: =RANK(AL33, AL$7:AL$36) -> #N/A | AR33: =RANK(AQ33, AQ$7:AQ$36) -> #N/A | AW33: =RANK(AV33, AV$7:AV$36) -> #N/A | AZ33: =RANK(AX33, $K$7:AX$36) -> #N/A | BB33: =RANK(BA33, BA$7:BA$36) -> #N/A
C34: 28 | M34: =RANK(K34, $K$7:K$36) -> #N/A | S34: =RANK(R34, R$7:R$36) -> #N/A | X34: =RANK(W34, W$7:W$36) -> #N/A | AC34: =RANK(AB34, AB$7:AB$36) -> #N/A | AH34: =RANK(AG34, AG$7:AG$36) -> #N/A | AM34: =RANK(AL34, AL$7:AL$36) -> #N/A | AR34: =RANK(AQ34, AQ$7:AQ$36) -> #N/A | AW34: =RANK(AV34, AV$7:AV$36) -> #N/A | AZ34: =RANK(AX34, $K$7:AX$36) -> #N/A | BB34: =RANK(BA34, BA$7:BA$36) -> #N/A
C35: 29 | M35: =RANK(K35, $K$7:K$36) -> #N/A | S35: =RANK(R35, R$7:R$36) -> #N/A | X35: =RANK(W35, W$7:W$36) -> #N/A | AC35: =RANK(AB35, AB$7:AB$36) -> #N/A | AH35: =RANK(AG35, AG$7:AG$36) -> #N/A | AM35: =RANK(AL35, AL$7:AL$36) -> #N/A | AR35: =RANK(AQ35, AQ$7:AQ$36) -> #N/A | AW35: =RANK(AV35, AV$7:AV$36) -> #N/A | AZ35: =RANK(AX35, $K$7:AX$36) -> #N/A | BB35: =RANK(BA35, BA$7:BA$36) -> #N/A
C36: 30 | M36: =RANK(K36, $K$7:K$36) -> #N/A | S36: =RANK(R36, R$7:R$36) -> #N/A | X36: =RANK(W36, W$7:W$36) -> #N/A | AC36: =RANK(AB36, AB$7:AB$36) -> #N/A | AH36: =RANK(AG36, AG$7:AG$36) -> #N/A | AM36: =RANK(AL36, AL$7:AL$36) -> #N/A | AR36: =RANK(AQ36, AQ$7:AQ$36) -> #N/A | AW36: =RANK(AV36, AV$7:AV$36) -> #N/A | AZ36: =RANK(AX36, $K$7:AX$36) -> #N/A | BB36: =RANK(BA36, BA$7:BA$36) -> #N/A
B37: 產線配置圖－每週更新 | N37: 資料繳交 | O37: 日期 | P37: =AT2+1 -> 46358 | U37: =P37+1 -> 46359 | Z37: =U37+1 -> 46360 | AE37: =Z37+1 -> 46361 | AJ37: =AE37+1 -> 46362 | AO37: =AJ37+1 -> 46363 | AT37: =AO37+1 -> 46364
P38: 二 | U38: 三 | Z38: 四 | AE38: 五 | AJ38: 六 | AO38: 日 | AT38: 一
B39: 品群 | C39: 商品名稱 | E39: 計畫 | H39: 平均人時性 | I39: 實績 | L39: 平均人時性 | M39: 排名 | O39: 日報 | P39: 實際 | T39: 平均人時性 | U39: 實際 | Y39: 平均人時性 | Z39: 實際 | AD39: 平均人時性 | AE39: 實際 | AI39: 平均人時性 | AJ39: 實際 | AN39: 平均人時性 | AO39: 實際 | AS39: 平均人時性 | AT39: 實際 | AX39: 平均人時性
E40: 產線配置圖 | I40: 產線配置圖 | P40: 生產實績 | U40: 生產實績 | Z40: 生產實績 | AE40: 生產實績 | AJ40: 生產實績 | AO40: 生產實績 | AT40: 生產實績
E41: 人數 | F41: 產能／時 | G41: 人時性 | I41: 人數 | J41: 產能／時 | K41: 人時性 | P41: 人數 | Q41: 產能／時 | R41: 人時性 | S41: 排名 | U41: 人數 | V41: 產能／時 | W41: 人時性 | X41: 排名 | Z41: 人數 | AA41: 產能／時 | AB41: 人時性 | AC41: 排名 | AE41: 人數 | AF41: 產能／時 | AG41: 人時性 | AH41: 排名 | AJ41: 人數 | AK41: 產能／時 | AL41: 人時性 | AM41: 排名 | AO41: 人數 | AP41: 產能／時 | AQ41: 人時性 | AR41: 排名 | AT41: 人數 | AU41: 產能／時 | AV41: 人時性 | AW41: 排名
B42: 18℃-飯糰 | C42: 1 | D42: 經典肉鬆飯糰 | E42: 4 | F42: 2200 | G42: 550 | H42: =AVERAGE(G42:G71) -> 860.96491 | I42: =AVERAGE(P42,U42,Z42,AE42,AJ42,AO42,AT42) -> 4 | J42: =AVERAGE(Q42,V42,AA42,AF42,AK42,AP42,AU42) -> 3202.0106 | K42: =AVERAGE(R42,W42,AB42,AG42,AL42,AQ42,AV42) -> 800.50265 | L42: =IFERROR(AVERAGE(K42:K71),"-") -> 776.1513 | M42: =RANK(K42, K$42:$K$71) -> 9 | P42: 4 | Q42: 3225.8182 | R42: 806.45455 | S42: =RANK(R42, R$42:R$71) -> 10 | T42: =AVERAGE(R42:R71) -> 770.34459 | U42: 4 | V42: 3163.6364 | W42: 790.90909 | X42: =RANK(W42, W$42:W$71) -> 7 | Y42: =AVERAGE(W42:W71) -> 749.14565 | Z42: 4 | AA42: 3156.6667 | AB42: 789.16667 | AC42: =RANK(AB42, AB$42:AB$71) -> 8 | AD42: =AVERAGE(AB42:AB71) -> 750.12363 | AE42: 4 | AF42: 3208.75 | AG42: 802.1875 | AH42: =RANK(AG42, AG$42:AG$71) -> 11 | AI42: =AVERAGE(AG42:AG71) -> 805.23882 | AJ42: 4 | AK42: 3219.1304 | AL42: 804.78261 | AM42: =RANK(AL42, AL$42:AL$71) -> 9 | AN42: =AVERAGE(AL42:AL71) -> 785.77991 | AO42: 4 | AP42: 3264.2105 | AQ42: 816.05263 | AR42: =RANK(AQ42, AQ$42:AQ$71) -> 9 | AS42: =AVERAGE(AQ42:AQ71) -> 801.71445 | AT42: 4 | AU42: 3175.8621 | AV42: 793.96552 | AW42: =RANK(AV42, AV$42:AV$71) -> 8 | AX42: =AVERAGE(AV42:AV71) -> 770.71203
C43: 2 | D43: 蔬食鮪魚飯糰 | E43: 3 | F43: 2700 | G43: 900 | I43: =AVERAGE(P43,U43,Z43,AE43,AJ43,AO43,AT43) -> 3 | J43: =AVERAGE(Q43,V43,AA43,AF43,AK43,AP43,AU43) -> 2793.8341 | K43: =AVERAGE(R43,W43,AB43,AG43,AL43,AQ43,AV43) -> 931.27803 | M43: =RANK(K43, K$42:$K$71) -> 4 | P43: 3 | Q43: 2865 | R43: 955 | S43: =RANK(R43, R$42:R$71) -> 2 | U43: 3 | V43: 2694.2857 | W43: 898.09524 | X43: =RANK(W43, W$42:W$71) -> 5 | Z43: 3 | AA43: 2677.1429 | AB43: 892.38095 | AC43: =RANK(AB43, AB$42:AB$71) -> 6 | AE43: 3 | AF43: 2826.6667 | AG43: 942.22222 | AH43: =RANK(AG43, AG$42:AG$71) -> 6 | AJ43: 3 | AK43: 2876.4706 | AL43: 958.82353 | AM43: =RANK(AL43, AL$42:AL$71) -> 5 | AO43: 3 | AP43: 2920 | AQ43: 973.33333 | AR43: =RANK(AQ43, AQ$42:AQ$71) -> 2 | AT43: 3 | AU43: 2697.2727 | AV43: 899.09091 | AW43: =RANK(AV43, AV$42:AV$71) -> 5
C44: 3 | D44: 北海道秋鮭親子飯糰 | E44: 4 | F44: 3600 | G44: 900 | I44: =AVERAGE(P44,U44,Z44,AE44,AJ44,AO44,AT44) -> 4 | J44: =AVERAGE(Q44,V44,AA44,AF44,AK44,AP44,AU44) -> 3234.226 | K44: =AVERAGE(R44,W44,AB44,AG44,AL44,AQ44,AV44) -> 808.5565 | M44: =RANK(K44, K$42:$K$71) -> 8 | P44: 4 | Q44: 3483.5294 | R44: 870.88235 | S44: =RANK(R44, R$42:R$71) -> 8 | U44: 4 | V44: 3161.0526 | W44: 790.26316 | X44: =RANK(W44, W$42:W$71) -> 8 | Z44: 4 | AA44: 2913 | AB44: 728.25 | AC44: =RANK(AB44, AB$42:AB$71) -> 11 | AE44: 4 | AF44: 3348 | AG44: 837 | AH44: =RANK(AG44, AG$42:AG$71) -> 9 | AJ44: 4 | AK44: 3184 | AL44: 796 | AM44: =RANK(AL44, AL$42:AL$71) -> 10 | AO44: 4 | AP44: 3460 | AQ44: 865 | AR44: =RANK(AQ44, AQ$42:AQ$71) -> 6 | AT44: 4 | AU44: 3090 | AV44: 772.5 | AW44: =RANK(AV44, AV$42:AV$71) -> 10
C45: 4 | D45: 鮪魚飯糰 | E45: 3 | F45: 3600 | G45: 1200 | I45: =AVERAGE(P45,U45,Z45,AE45,AJ45,AO45,AT45) -> 3 | J45: =AVERAGE(Q45,V45,AA45,AF45,AK45,AP45,AU45) -> 3164.3878 | K45: =AVERAGE(R45,W45,AB45,AG45,AL45,AQ45,AV45) -> 1054.7959 | M45: =RANK(K45, K$42:$K$71) -> 1 | P45: 3 | Q45: 3255 | R45: 1085 | S45: =RANK(R45, R$42:R$71) -> 1 | U45: 3 | V45: 3202.5 | W45: 1067.5 | X45: =RANK(W45, W$42:W$71) -> 1 | Z45: 3 | AA45: 3060 | AB45: 1020 | AC45: =RANK(AB45, AB$42:AB$71) -> 1 | AE45: 3 | AF45: 2905.7143 | AG45: 968.57143 | AH45: =RANK(AG45, AG$42:AG$71) -> 1 | AJ45: 3 | AK45: 3350 | AL45: 1116.6667 | AM45: =RANK(AL45, AL$42:AL$71) -> 1 | AO45: 3 | AP45: 3397.5 | AQ45: 1132.5 | AR45: =RANK(AQ45, AQ$42:AQ$71) -> 1 | AT45: 3 | AU45: 2980 | AV45: 993.33333 | AW45: =RANK(AV45, AV$42:AV$71) -> 1
C46: 5 | D46: 贅沢鮭魚肚飯糰 | E46: 3 | F46: 3600 | G46: 1200 | I46: =AVERAGE(P46,U46,Z46,AE46,AJ46,AO46,AT46) -> 4 | J46: =AVERAGE(Q46,V46,AA46,AF46,AK46,AP46,AU46) -> 3135.2147 | K46: =AVERAGE(R46,W46,AB46,AG46,AL46,AQ46,AV46) -> 783.80368 | M46: =RANK(K46, K$42:$K$71) -> 10 | P46: 4 | Q46: 3174.5455 | R46: 793.63636 | S46: =RANK(R46, R$42:R$71) -> 11 | U46: 4 | V46: 2976 | W46: 744 | X46: =RANK(W46, W$42:W$71) -> 11 | Z46: 4 | AA46: 3121.875 | AB46: 780.46875 | AC46: =RANK(AB46, AB$42:AB$71) -> 9 | AE46: 4 | AF46: 3111.1111 | AG46: 777.77778 | AH46: =RANK(AG46, AG$42:AG$71) -> 12 | AJ46: 4 | AK46: 3302.4 | AL46: 825.6 | AM46: =RANK(AL46, AL$42:AL$71) -> 7 | AO46: 4 | AP46: 3116.5714 | AQ46: 779.14286 | AR46: =RANK(AQ46, AQ$42:AQ$71) -> 13 | AT46: 4 | AU46: 3144 | AV46: 786 | AW46: =RANK(AV46, AV$42:AV$71) -> 9
C47: 6 | D47: 熟成紅鮭飯糰 | E47: 4 | F47: 3600 | G47: 900 | I47: =AVERAGE(P47,U47,Z47,AE47,AJ47,AO47,AT47) -> 4 | J47: =AVERAGE(Q47,V47,AA47,AF47,AK47,AP47,AU47) -> 3357.3783 | K47: =AVERAGE(R47,W47,AB47,AG47,AL47,AQ47,AV47) -> 839.34458 | M47: =RANK(K47, K$42:$K$71) -> 7 | P47: 4 | Q47: 3503.0769 | R47: 875.76923 | S47: =RANK(R47, R$42:R$71) -> 7 | U47: 4 | V47: 3156 | W47: 789 | X47: =RANK(W47, W$42:W$71) -> 9 | Z47: 4 | AA47: 3214.2857 | AB47: 803.57143 | AC47: =RANK(AB47, AB$42:AB$71) -> 7 | AE47: 4 | AF47: 3738 | AG47: 934.5 | AH47: =RANK(AG47, AG$42:AG$71) -> 7 | AJ47: 4 | AK47: 3240 | AL47: 810 | AM47: =RANK(AL47, AL$42:AL$71) -> 8 | AO47: 4 | AP47: 3454.2857 | AQ47: 863.57143 | AR47: =RANK(AQ47, AQ$42:AQ$71) -> 8 | AT47: 4 | AU47: 3196 | AV47: 799 | AW47: =RANK(AV47, AV$42:AV$71) -> 7
C48: 7 | D48: 博多明太子奶油飯糰 | E48: 4 | F48: 3600 | G48: 900 | I48: =AVERAGE(P48,U48,Z48,AE48,AJ48,AO48,AT48) -> 4 | J48: =AVERAGE(Q48,V48,AA48,AF48,AK48,AP48,AU48) -> 3134.7075 | K48: =AVERAGE(R48,W48,AB48,AG48,AL48,AQ48,AV48) -> 783.67687 | M48: =RANK(K48, K$42:$K$71) -> 11 | P48: 4 | Q48: 3386.6667 | R48: 846.66667 | S48: =RANK(R48, R$42:R$71) -> 9 | U48: 4 | V48: 3072 | W48: 768 | X48: =RANK(W48, W$42:W$71) -> 10 | Z48: 4 | AA48: 2910 | AB48: 727.5 | AC48: =RANK(AB48, AB$42:AB$71) -> 12 | AE48: 4 | AF48: 3308.5714 | AG48: 827.14286 | AH48: =RANK(AG48, AG$42:AG$71) -> 10 | AJ48: 4 | AK48: 3085.7143 | AL48: 771.42857 | AM48: =RANK(AL48, AL$42:AL$71) -> 11 | AO48: 4 | AP48: 3150 | AQ48: 787.5 | AR48: =RANK(AQ48, AQ$42:AQ$71) -> 12 | AT48: 4 | AU48: 3030 | AV48: 757.5 | AW48: =RANK(AV48, AV$42:AV$71) -> 13
C49: 8 | D49: 壹號醬炙烤牛飯糰 | E49: 4 | F49: 3300 | G49: 825 | I49: =AVERAGE(P49,U49,Z49,AE49,AJ49,AO49,AT49) -> 4 | J49: =AVERAGE(Q49,V49,AA49,AF49,AK49,AP49,AU49) -> 2814.2794 | K49: =AVERAGE(R49,W49,AB49,AG49,AL49,AQ49,AV49) -> 703.56986 | M49: =RANK(K49, K$42:$K$71) -> 13 | P49: 4 | Q49: 2640 | R49: 660 | S49: =RANK(R49, R$42:R$71) -> 15 | U49: 4 | V49: 2560 | W49: 640 | X49: =RANK(W49, W$42:W$71) -> 16 | Z49: 4 | AA49: 2755.3846 | AB49: 688.84615 | AC49: =RANK(AB49, AB$42:AB$71) -> 15 | AE49: 4 | AF49: 3108 | AG49: 777 | AH49: =RANK(AG49, AG$42:AG$71) -> 13 | AJ49: 4 | AK49: 2958 | AL49: 739.5 | AM49: =RANK(AL49, AL$42:AL$71) -> 12 | AO49: 4 | AP49: 2884.2857 | AQ49: 721.07143 | AR49: =RANK(AQ49, AQ$42:AQ$71) -> 15 | AT49: 4 | AU49: 2794.2857 | AV49: 698.57143 | AW49: =RANK(AV49, AV$42:AV$71) -> 17
C50: 9 | D50: 明太子龍蝦風味沙拉飯糰 | E50: 3 | F50: 3300 | G50: 1100 | I50: =AVERAGE(P50,U50,Z50,AE50,AJ50,AO50,AT50) -> 3 | J50: =AVERAGE(Q50,V50,AA50,AF50,AK50,AP50,AU50) -> 2831.0284 | K50: =AVERAGE(R50,W50,AB50,AG50,AL50,AQ50,AV50) -> 943.67614 | M50: =RANK(K50, K$42:$K$71) -> 2 | P50: 3 | Q50: 2749.0909 | R50: 916.36364 | S50: =RANK(R50, R$42:R$71) -> 6 | U50: 3 | V50: 2782.5 | W50: 927.5 | X50: =RANK(W50, W$42:W$71) -> 2 | Z50: 3 | AA50: 2760 | AB50: 920 | AC50: =RANK(AB50, AB$42:AB$71) -> 4 | AE50: 3 | AF50: 2904.4444 | AG50: 968.14815 | AH50: =RANK(AG50, AG$42:AG$71) -> 2 | AJ50: 3 | AK50: 3004.8 | AL50: 1001.6 | AM50: =RANK(AL50, AL$42:AL$71) -> 2 | AO50: 3 | AP50: 2838.1818 | AQ50: 946.06061 | AR50: =RANK(AQ50, AQ$42:AQ$71) -> 3 | AT50: 3 | AU50: 2778.1818 | AV50: 926.06061 | AW50: =RANK(AV50, AV$42:AV$71) -> 2
C51: 10 | D51: 鹽蔥燒肉飯糰 | E51: 3 | F51: 3300 | G51: 1100 | I51: =AVERAGE(P51,U51,Z51,AE51,AJ51,AO51,AT51) -> 3 | J51: =AVERAGE(Q51,V51,AA51,AF51,AK51,AP51,AU51) -> 2809.9199 | K51: =AVERAGE(R51,W51,AB51,AG51,AL51,AQ51,AV51) -> 936.63996 | M51: =RANK(K51, K$42:$K$71) -> 3 | P51: 3 | Q51: 2777.3684 | R51: 925.78947 | S51: =RANK(R51, R$42:R$71) -> 4 | U51: 3 | V51: 2772.6316 | W51: 924.21053 | X51: =RANK(W51, W$42:W$71) -> 3 | Z51: 3 | AA51: 2774.5946 | AB51: 924.86486 | AC51: =RANK(AB51, AB$42:AB$71) -> 2 | AE51: 3 | AF51: 2840.625 | AG51: 946.875 | AH51: =RANK(AG51, AG$42:AG$71) -> 4 | AJ51: 3 | AK51: 2924 | AL51: 974.66667 | AM51: =RANK(AL51, AL$42:AL$71) -> 3 | AO51: 3 | AP51: 2829 | AQ51: 943 | AR51: =RANK(AQ51, AQ$42:AQ$71) -> 4 | AT51: 3 | AU51: 2751.2195 | AV51: 917.07317 | AW51: =RANK(AV51, AV$42:AV$71) -> 4
C52: 11 | D52: 雞肉飯飯糰 | E52: 4 | F52: 3300 | G52: 825 | I52: =AVERAGE(P52,U52,Z52,AE52,AJ52,AO52,AT52) -> 4 | J52: =AVERAGE(Q52,V52,AA52,AF52,AK52,AP52,AU52) -> 2800.9545 | K52: =AVERAGE(R52,W52,AB52,AG52,AL52,AQ52,AV52) -> 700.23863 | M52: =RANK(K52, K$42:$K$71) -> 14 | P52: 4 | Q52: 2807.7966 | R52: 701.94915 | S52: =RANK(R52, R$42:R$71) -> 13 | U52: 4 | V52: 2771 | W52: 692.75 | X52: =RANK(W52, W$42:W$71) -> 13 | Z52: 4 | AA52: 2773.6842 | AB52: 693.42105 | AC52: =RANK(AB52, AB$42:AB$71) -> 14 | AE52: 4 | AF52: 2750.4 | AG52: 687.6 | AH52: =RANK(AG52, AG$42:AG$71) -> 18 | AJ52: 4 | AK52: 2903.4783 | AL52: 725.86957 | AM52: =RANK(AL52, AL$42:AL$71) -> 13 | AO52: 4 | AP52: 2801.6129 | AQ52: 700.40323 | AR52: =RANK(AQ52, AQ$42:AQ$71) -> 18 | AT52: 4 | AU52: 2798.7097 | AV52: 699.67742 | AW52: =RANK(AV52, AV$42:AV$71) -> 16
C53: 12 | D53: 碳烤燒肉飯飯糰(區) | E53: 4 | F53: 3300 | G53: 825 | I53: =AVERAGE(P53,U53,Z53,AE53,AJ53,AO53,AT53) -> 4 | J53: =AVERAGE(Q53,V53,AA53,AF53,AK53,AP53,AU53) -> 2800.1398 | K53: =AVERAGE(R53,W53,AB53,AG53,AL53,AQ53,AV53) -> 700.03496 | M53: =RANK(K53, K$42:$K$71) -> 16 | P53: 4 | Q53: 2801.8182 | R53: 700.45455 | S53: =RANK(R53, R$42:R$71) -> 14 | U53: 4 | V53: 2640 | W53: 660 | X53: =RANK(W53, W$42:W$71) -> 15 | Z53: 4 | AA53: 2793.75 | AB53: 698.4375 | AC53: =RANK(AB53, AB$42:AB$71) -> 13 | AE53: 4 | AF53: 2810.3571 | AG53: 702.58929 | AH53: =RANK(AG53, AG$42:AG$71) -> 17 | AJ53: 4 | AK53: 2781.8182 | AL53: 695.45455 | AM53: =RANK(AL53, AL$42:AL$71) -> 16 | AO53: 4 | AP53: 2872.9412 | AQ53: 718.23529 | AR53: =RANK(AQ53, AQ$42:AQ$71) -> 16 | AT53: 4 | AU53: 2900.2941 | AV53: 725.07353 | AW53: =RANK(AV53, AV$42:AV$71) -> 15
C54: 13 | D54: 油蔥雞汁飯糰(區) | E54: 4 | F54: 2800 | G54: 700 | I54: =AVERAGE(P54,U54,Z54,AE54,AJ54,AO54,AT54) -> 4 | J54: =AVERAGE(Q54,V54,AA54,AF54,AK54,AP54,AU54) -> 2800.5044 | K54: =AVERAGE(R54,W54,AB54,AG54,AL54,AQ54,AV54) -> 700.1261 | M54: =RANK(K54, K$42:$K$71) -> 15 | P54: 4 | Q54: 2848 | R54: 712 | S54: =RANK(R54, R$42:R$71) -> 12 | U54: 4 | V54: 2761.3043 | W54: 690.32609 | X54: =RANK(W54, W$42:W$71) -> 14 | Z54: 4 | AA54: 2745 | AB54: 686.25 | AC54: =RANK(AB54, AB$42:AB$71) -> 16 | AE54: 4 | AF54: 2859.4737 | AG54: 714.86842 | AH54: =RANK(AG54, AG$42:AG$71) -> 16 | AJ54: 4 | AK54: 2837.8378 | AL54: 709.45946 | AM54: =RANK(AL54, AL$42:AL$71) -> 15 | AO54: 4 | AP54: 2807.234 | AQ54: 701.80851 | AR54: =RANK(AQ54, AQ$42:AQ$71) -> 17 | AT54: 4 | AU54: 2744.6809 | AV54: 686.17021 | AW54: =RANK(AV54, AV$42:AV$71) -> 18
... C60: 19 | D60: 兩粒飯糰(鮪魚.焦糖鮭魚) | E60: 12 | F60: 1500 | G60: 125 | I60: =AVERAGE(P60,U60,Z60,AE60,AJ60,AO60,AT60) -> 12 | J60: =AVERAGE(Q60,V60,AA60,AF60,AK60,AP60,AU60) -> 1490.9299 | K60: =AVERAGE(R60,W60,AB60,AG60,AL60,AQ60,AV60) -> 124.24416 | M60: =RANK(K60, K$42:$K$71) -> 19 | P60: 12 | Q60: 1480 | R60: 123.33333 | S60: =RANK(R60, R$42:R$71) -> 19 | U60: 12 | V60: 1507.8261 | W60: 125.65217 | X60: =RANK(W60, W$42:W$71) -> 19 | Z60: 12 | AA60: 1484.8276 | AB60: 123.73563 | AC60: =RANK(AB60, AB$42:AB$71) -> 19 | AE60: 12 | AF60: 1503.7975 | AG60: 125.31646 | AH60: =RANK(AG60, AG$42:AG$71) -> 19 | AJ60: 12 | AK60: 1500 | AL60: 125 | AM60: =RANK(AL60, AL$42:AL$71) -> 19 | AO60: 12 | AP60: 1470.9091 | AQ60: 122.57576 | AR60: =RANK(AQ60, AQ$42:AQ$71) -> 19 | AT60: 12 | AU60: 1489.1489 | AV60: 124.09574 | AW60: =RANK(AV60, AV$42:AV$71) -> 19
C61: 20 | M61: =RANK(K61, K$42:$K$71) -> #N/A | S61: =RANK(R61, R$42:R$71) -> #N/A | X61: =RANK(W61, W$42:W$71) -> #N/A | AC61: =RANK(AB61, AB$42:AB$71) -> #N/A | AH61: =RANK(AG61, AG$42:AG$71) -> #N/A | AM61: =RANK(AL61, AL$42:AL$71) -> #N/A | AR61: =RANK(AQ61, AQ$42:AQ$71) -> #N/A | AW61: =RANK(AV61, AV$42:AV$71) -> #N/A
C62: 21 | M62: =RANK(K62, K$42:$K$71) -> #N/A | S62: =RANK(R62, R$42:R$71) -> #N/A | X62: =RANK(W62, W$42:W$71) -> #N/A | AC62: =RANK(AB62, AB$42:AB$71) -> #N/A | AH62: =RANK(AG62, AG$42:AG$71) -> #N/A | AM62: =RANK(AL62, AL$42:AL$71) -> #N/A | AR62: =RANK(AQ62, AQ$42:AQ$71) -> #N/A | AW62: =RANK(AV62, AV$42:AV$71) -> #N/A
C63: 22 | M63: =RANK(K63, K$42:$K$71) -> #N/A | S63: =RANK(R63, R$42:R$71) -> #N/A | X63: =RANK(W63, W$42:W$71) -> #N/A | AC63: =RANK(AB63, AB$42:AB$71) -> #N/A | AH63: =RANK(AG63, AG$42:AG$71) -> #N/A | AM63: =RANK(AL63, AL$42:AL$71) -> #N/A | AR63: =RANK(AQ63, AQ$42:AQ$71) -> #N/A | AW63: =RANK(AV63, AV$42:AV$71) -> #N/A
C64: 23 | M64: =RANK(K64, K$42:$K$71) -> #N/A | S64: =RANK(R64, R$42:R$71) -> #N/A | X64: =RANK(W64, W$42:W$71) -> #N/A | AC64: =RANK(AB64, AB$42:AB$71) -> #N/A | AH64: =RANK(AG64, AG$42:AG$71) -> #N/A | AM64: =RANK(AL64, AL$42:AL$71) -> #N/A | AR64: =RANK(AQ64, AQ$42:AQ$71) -> #N/A | AW64: =RANK(AV64, AV$42:AV$71) -> #N/A
C65: 24 | M65: =RANK(K65, K$42:$K$71) -> #N/A | S65: =RANK(R65, R$42:R$71) -> #N/A | X65: =RANK(W65, W$42:W$71) -> #N/A | AC65: =RANK(AB65, AB$42:AB$71) -> #N/A | AH65: =RANK(AG65, AG$42:AG$71) -> #N/A | AM65: =RANK(AL65, AL$42:AL$71) -> #N/A | AR65: =RANK(AQ65, AQ$42:AQ$71) -> #N/A | AW65: =RANK(AV65, AV$42:AV$71) -> #N/A
C66: 25 | M66: =RANK(K66, K$42:$K$71) -> #N/A | S66: =RANK(R66, R$42:R$71) -> #N/A | X66: =RANK(W66, W$42:W$71) -> #N/A | AC66: =RANK(AB66, AB$42:AB$71) -> #N/A | AH66: =RANK(AG66, AG$42:AG$71) -> #N/A | AM66: =RANK(AL66, AL$42:AL$71) -> #N/A | AR66: =RANK(AQ66, AQ$42:AQ$71) -> #N/A | AW66: =RANK(AV66, AV$42:AV$71) -> #N/A
C67: 26 | M67: =RANK(K67, K$42:$K$71) -> #N/A | S67: =RANK(R67, R$42:R$71) -> #N/A | X67: =RANK(W67, W$42:W$71) -> #N/A | AC67: =RANK(AB67, AB$42:AB$71) -> #N/A | AH67: =RANK(AG67, AG$42:AG$71) -> #N/A | AM67: =RANK(AL67, AL$42:AL$71) -> #N/A | AR67: =RANK(AQ67, AQ$42:AQ$71) -> #N/A | AW67: =RANK(AV67, AV$42:AV$71) -> #N/A
C68: 27 | M68: =RANK(K68, K$42:$K$71) -> #N/A | S68: =RANK(R68, R$42:R$71) -> #N/A | X68: =RANK(W68, W$42:W$71) -> #N/A | AC68: =RANK(AB68, AB$42:AB$71) -> #N/A | AH68: =RANK(AG68, AG$42:AG$71) -> #N/A | AM68: =RANK(AL68, AL$42:AL$71) -> #N/A | AR68: =RANK(AQ68, AQ$42:AQ$71) -> #N/A | AW68: =RANK(AV68, AV$42:AV$71) -> #N/A
C69: 28 | M69: =RANK(K69, K$42:$K$71) -> #N/A | S69: =RANK(R69, R$42:R$71) -> #N/A | X69: =RANK(W69, W$42:W$71) -> #N/A | AC69: =RANK(AB69, AB$42:AB$71) -> #N/A | AH69: =RANK(AG69, AG$42:AG$71) -> #N/A | AM69: =RANK(AL69, AL$42:AL$71) -> #N/A | AR69: =RANK(AQ69, AQ$42:AQ$71) -> #N/A | AW69: =RANK(AV69, AV$42:AV$71) -> #N/A
C70: 29 | M70: =RANK(K70, K$42:$K$71) -> #N/A | S70: =RANK(R70, R$42:R$71) -> #N/A | X70: =RANK(W70, W$42:W$71) -> #N/A | AC70: =RANK(AB70, AB$42:AB$71) -> #N/A | AH70: =RANK(AG70, AG$42:AG$71) -> #N/A | AM70: =RANK(AL70, AL$42:AL$71) -> #N/A | AR70: =RANK(AQ70, AQ$42:AQ$71) -> #N/A | AW70: =RANK(AV70, AV$42:AV$71) -> #N/A
C71: 30 | M71: =RANK(K71, K$42:$K$71) -> #N/A | S71: =RANK(R71, R$42:R$71) -> #N/A | X71: =RANK(W71, W$42:W$71) -> #N/A | AC71: =RANK(AB71, AB$42:AB$71) -> #N/A | AH71: =RANK(AG71, AG$42:AG$71) -> #N/A | AM71: =RANK(AL71, AL$42:AL$71) -> #N/A | AR71: =RANK(AQ71, AQ$42:AQ$71) -> #N/A | AW71: =RANK(AV71, AV$42:AV$71) -> #N/A
B72: 產線配置圖－每週更新 | N72: 資料繳交 | O72: 日期 | P72: =P37+7 -> 46365 | U72: =P72+1 -> 46366 | Z72: =U72+1 -> 46367 | AE72: =Z72+1 -> 46368 | AJ72: =AE72+1 -> 46369 | AO72: =AJ72+1 -> 46370 | AT72: =AO72+1 -> 46371
P73: 二 | U73: 三 | Z73: 四 | AE73: 五 | AJ73: 六 | AO73: 日 | AT73: 一
B74: 品群 | C74: 商品名稱 | E74: 計畫 | H74: 平均人時性 | I74: 實績 | L74: 平均人時性 | M74: 排名 | O74: 日報 | P74: 實際 | T74: 平均人時性 | U74: 實際 | Y74: 平均人時性 | Z74: 實際 | AD74: 平均人時性 | AE74: 實際 | AI74: 平均人時性 | AJ74: 實際 | AN74: 平均人時性 | AO74: 實際 | AS74: 平均人時性 | AT74: 實際 | AX74: 平均人時性
E75: 產線配置圖 | I75: 產線配置圖 | P75: 生產實績 | U75: 生產實績 | Z75: 生產實績 | AE75: 生產實績 | AJ75: 生產實績 | AO75: 生產實績 | AT75: 生產實績
E76: 人數 | F76: 產能／時 | G76: 人時性 | I76: 人數 | J76: 產能／時 | K76: 人時性 | P76: 人數 | Q76: 產能／時 | R76: 人時性 | S76: 排名 | U76: 人數 | V76: 產能／時 | W76: 人時性 | X76: 排名 | Z76: 人數 | AA76: 產能／時 | AB76: 人時性 | AC76: 排名 | AE76: 人數 | AF76: 產能／時 | AG76: 人時性 | AH76: 排名 | AJ76: 人數 | AK76: 產能／時 | AL76: 人時性 | AM76: 排名 | AO76: 人數 | AP76: 產能／時 | AQ76: 人時性 | AR76: 排名 | AT76: 人數 | AU76: 產能／時 | AV76: 人時性 | AW76: 排名
B77: 18℃-飯糰 | C77: 1 | D77: 經典肉鬆飯糰 | E77: 4 | F77: 2200 | G77: 550 | H77: =AVERAGE(G77:G106) -> 860.96491 | I77: =AVERAGE(P77,U77,Z77,AE77,AJ77,AO77,AT77) -> 3 | J77: =AVERAGE(Q77,V77,AA77,AF77,AK77,AP77,AU77) -> 3166.0783 | K77: =AVERAGE(R77,W77,AB77,AG77,AL77,AQ77,AV77) -> 1055.3594 | L77: =IFERROR(AVERAGE(K77:K106),"-") -> 788.19845 | M77: =RANK(K77, K$77:$K$106) -> 2 | P77: 3 | Q77: 3166.3158 | R77: 1055.4386 | S77: =RANK(R77, R$77:R$106) -> 2 | T77: =AVERAGE(R77:R106) -> 789.94169 | U77: 3 | V77: 3188.7273 | W77: 1062.9091 | X77: =RANK(W77, W$77:W$106) -> 2 | Y77: =AVERAGE(W77:W106) -> 777.92051 | Z77: 3 | AA77: 3238.8462 | AB77: 1079.6154 | AC77: =RANK(AB77, AB$77:AB$106) -> 2 | AD77: =AVERAGE(AB77:AB106) -> 806.65471 | AE77: 3 | AF77: 3254.0426 | AG77: 1084.6809 | AH77: =RANK(AG77, AG$77:AG$106) -> 1 | AI77: =AVERAGE(AG77:AG106) -> 798.05993 | AJ77: 3 | AK77: 2973.6 | AL77: 991.2 | AM77: =RANK(AL77, AL$77:AL$106) -> 2 | AN77: =AVERAGE(AL77:AL106) -> 778.57333 | AO77: 3 | AP77: 3182.069 | AQ77: 1060.6897 | AR77: =RANK(AQ77, AQ$77:AQ$106) -> 2 | AS77: =AVERAGE(AQ77:AQ106) -> 761.77763 | AT77: 3 | AU77: 3158.9474 | AV77: 1052.9825 | AW77: =RANK(AV77, AV$77:AV$106) -> 2 | AX77: =AVERAGE(AV77:AV106) -> 804.46132
C78: 2 | D78: 蔬食鮪魚飯糰 | E78: 3 | F78: 2700 | G78: 900 | I78: =AVERAGE(P78,U78,Z78,AE78,AJ78,AO78,AT78) -> 3 | J78: =AVERAGE(Q78,V78,AA78,AF78,AK78,AP78,AU78) -> 2830.1682 | K78: =AVERAGE(R78,W78,AB78,AG78,AL78,AQ78,AV78) -> 943.3894 | M78: =RANK(K78, K$77:$K$106) -> 4 | P78: 3 | Q78: 2982 | R78: 994 | S78: =RANK(R78, R$77:R$106) -> 3 | U78: 3 | V78: 2776.3636 | W78: 925.45455 | X78: =RANK(W78, W$77:W$106) -> 5 | Z78: 3 | AA78: 2908.5714 | AB78: 969.52381 | AC78: =RANK(AB78, AB$77:AB$106) -> 3 | AE78: 3 | AF78: 2823.3333 | AG78: 941.11111 | AH78: =RANK(AG78, AG$77:AG$106) -> 6 | AJ78: 3 | AK78: 2730 | AL78: 910 | AM78: =RANK(AL78, AL$77:AL$106) -> 5 | AO78: 3 | AP78: 2852.7273 | AQ78: 950.90909 | AR78: =RANK(AQ78, AQ$77:AQ$106) -> 3 | AT78: 3 | AU78: 2738.1818 | AV78: 912.72727 | AW78: =RANK(AV78, AV$77:AV$106) -> 7
C79: 3 | D79: 北海道秋鮭親子飯糰 | E79: 4 | F79: 3600 | G79: 900 | I79: =AVERAGE(P79,U79,Z79,AE79,AJ79,AO79,AT79) -> 4 | J79: =AVERAGE(Q79,V79,AA79,AF79,AK79,AP79,AU79) -> 3135.3409 | K79: =AVERAGE(R79,W79,AB79,AG79,AL79,AQ79,AV79) -> 783.83523 | M79: =RANK(K79, K$77:$K$106) -> 10 | P79: 4 | Q79: 3370 | R79: 842.5 | S79: =RANK(R79, R$77:R$106) -> 8 | U79: 4 | V79: 2743.6364 | W79: 685.90909 | X79: =RANK(W79, W$77:W$106) -> 17 | Z79: 4 | AA79: 3210 | AB79: 802.5 | AC79: =RANK(AB79, AB$77:AB$106) -> 11 | AE79: 4 | AF79: 3392 | AG79: 848 | AH79: =RANK(AG79, AG$77:AG$106) -> 9 | AJ79: 4 | AK79: 3048.75 | AL79: 762.1875 | AM79: =RANK(AL79, AL$77:AL$106) -> 10 | AO79: 4 | AP79: 3117 | AQ79: 779.25 | AR79: =RANK(AQ79, AQ$77:AQ$106) -> 10 | AT79: 4 | AU79: 3066 | AV79: 766.5 | AW79: =RANK(AV79, AV$77:AV$106) -> 12
C80: 4 | D80: 鮪魚飯糰 | E80: 3 | F80: 3600 | G80: 1200 | I80: =AVERAGE(P80,U80,Z80,AE80,AJ80,AO80,AT80) -> 3 | J80: =AVERAGE(Q80,V80,AA80,AF80,AK80,AP80,AU80) -> 3197.5847 | K80: =AVERAGE(R80,W80,AB80,AG80,AL80,AQ80,AV80) -> 1065.8616 | M80: =RANK(K80, K$77:$K$106) -> 1 | P80: 3 | Q80: 3252.3077 | R80: 1084.1026 | S80: =RANK(R80, R$77:R$106) -> 1 | U80: 3 | V80: 3205.0633 | W80: 1068.3544 | X80: =RANK(W80, W$77:W$106) -> 1 | Z80: 3 | AA80: 3290.137 | AB80: 1096.7123 | AC80: =RANK(AB80, AB$77:AB$106) -> 1 | AE80: 3 | AF80: 3204.9231 | AG80: 1068.3077 | AH80: =RANK(AG80, AG$77:AG$106) -> 2 | AJ80: 3 | AK80: 2922.8571 | AL80: 974.28571 | AM80: =RANK(AL80, AL$77:AL$106) -> 3 | AO80: 3 | AP80: 3320.4878 | AQ80: 1106.8293 | AR80: =RANK(AQ80, AQ$77:AQ$106) -> 1 | AT80: 3 | AU80: 3187.3171 | AV80: 1062.439 | AW80: =RANK(AV80, AV$77:AV$106) -> 1
C81: 5 | D81: 贅沢鮭魚肚飯糰 | E81: 3 | F81: 3600 | G81: 1200 | I81: =AVERAGE(P81,U81,Z81,AE81,AJ81,AO81,AT81) -> 4 | J81: =AVERAGE(Q81,V81,AA81,AF81,AK81,AP81,AU81) -> 3100.7375 | K81: =AVERAGE(R81,W81,AB81,AG81,AL81,AQ81,AV81) -> 775.18438 | M81: =RANK(K81, K$77:$K$106) -> 11 | P81: 4 | Q81: 2754 | R81: 688.5 | S81: =RANK(R81, R$77:R$106) -> 17 | U81: 4 | V81: 3130.2857 | W81: 782.57143 | X81: =RANK(W81, W$77:W$106) -> 8 | Z81: 4 | AA81: 3273.75 | AB81: 818.4375 | AC81: =RANK(AB81, AB$77:AB$106) -> 10 | AE81: 4 | AF81: 3242.2222 | AG81: 810.55556 | AH81: =RANK(AG81, AG$77:AG$106) -> 10 | AJ81: 4 | AK81: 2874 | AL81: 718.5 | AM81: =RANK(AL81, AL$77:AL$106) -> 15 | AO81: 4 | AP81: 3272.5714 | AQ81: 818.14286 | AR81: =RANK(AQ81, AQ$77:AQ$106) -> 9 | AT81: 4 | AU81: 3158.3333 | AV81: 789.58333 | AW81: =RANK(AV81, AV$77:AV$106) -> 11
C82: 6 | D82: 熟成紅鮭飯糰 | E82: 4 | F82: 3600 | G82: 900 | I82: =AVERAGE(P82,U82,Z82,AE82,AJ82,AO82,AT82) -> 4 | J82: =AVERAGE(Q82,V82,AA82,AF82,AK82,AP82,AU82) -> 3202.6224 | K82: =AVERAGE(R82,W82,AB82,AG82,AL82,AQ82,AV82) -> 800.65561 | M82: =RANK(K82, K$77:$K$106) -> 8 | P82: 4 | Q82: 3168 | R82: 792 | S82: =RANK(R82, R$77:R$106) -> 9 | U82: 4 | V82: 3067.5 | W82: 766.875 | X82: =RANK(W82, W$77:W$106) -> 9 | Z82: 4 | AA82: 3402.8571 | AB82: 850.71429 | AC82: =RANK(AB82, AB$77:AB$106) -> 9 | AE82: 4 | AF82: 3230 | AG82: 807.5 | AH82: =RANK(AG82, AG$77:AG$106) -> 11 | AJ82: 4 | AK82: 3050 | AL82: 762.5 | AM82: =RANK(AL82, AL$77:AL$106) -> 9 | AO82: 4 | AP82: 3308 | AQ82: 827 | AR82: =RANK(AQ82, AQ$77:AQ$106) -> 8 | AT82: 4 | AU82: 3192 | AV82: 798 | AW82: =RANK(AV82, AV$77:AV$106) -> 10
C83: 7 | D83: 博多明太子奶油飯糰 | E83: 4 | F83: 3600 | G83: 900 | I83: =AVERAGE(P83,U83,Z83,AE83,AJ83,AO83,AT83) -> 4 | J83: =AVERAGE(Q83,V83,AA83,AF83,AK83,AP83,AU83) -> 3168.8878 | K83: =AVERAGE(R83,W83,AB83,AG83,AL83,AQ83,AV83) -> 792.22194 | M83: =RANK(K83, K$77:$K$106) -> 9 | P83: 4 | Q83: 2958 | R83: 739.5 | S83: =RANK(R83, R$77:R$106) -> 10 | U83: 4 | V83: 3054 | W83: 763.5 | X83: =RANK(W83, W$77:W$106) -> 10 | Z83: 4 | AA83: 3592.5 | AB83: 898.125 | AC83: =RANK(AB83, AB$77:AB$106) -> 8 | AE83: 4 | AF83: 3660 | AG83: 915 | AH83: =RANK(AG83, AG$77:AG$106) -> 8 | AJ83: 4 | AK83: 2965.7143 | AL83: 741.42857 | AM83: =RANK(AL83, AL$77:AL$106) -> 13 | AO83: 4 | AP83: 3054 | AQ83: 763.5 | AR83: =RANK(AQ83, AQ$77:AQ$106) -> 11 | AT83: 4 | AU83: 2898 | AV83: 724.5 | AW83: =RANK(AV83, AV$77:AV$106) -> 13
C84: 8 | D84: 壹號醬炙烤牛飯糰 | E84: 4 | F84: 3300 | G84: 825 | I84: =AVERAGE(P84,U84,Z84,AE84,AJ84,AO84,AT84) -> 4 | J84: =AVERAGE(Q84,V84,AA84,AF84,AK84,AP84,AU84) -> 2816.711 | K84: =AVERAGE(R84,W84,AB84,AG84,AL84,AQ84,AV84) -> 704.17776 | M84: =RANK(K84, K$77:$K$106) -> 16 | P84: 4 | Q84: 2936 | R84: 734 | S84: =RANK(R84, R$77:R$106) -> 12 | U84: 4 | V84: 2771.25 | W84: 692.8125 | X84: =RANK(W84, W$77:W$106) -> 15 | Z84: 4 | AA84: 2884 | AB84: 721 | AC84: =RANK(AB84, AB$77:AB$106) -> 14 | AE84: 4 | AF84: 2912.7273 | AG84: 728.18182 | AH84: =RANK(AG84, AG$77:AG$106) -> 13 | AJ84: 4 | AK84: 2525 | AL84: 631.25 | AM84: =RANK(AL84, AL$77:AL$106) -> 18 | AO84: 4 | AP84: 2928 | AQ84: 732 | AR84: =RANK(AQ84, AQ$77:AQ$106) -> 13 | AT84: 4 | AU84: 2760 | AV84: 690 | AW84: =RANK(AV84, AV$77:AV$106) -> 17
C85: 9 | D85: 明太子龍蝦風味沙拉飯糰 | E85: 3 | F85: 3300 | G85: 1100 | I85: =AVERAGE(P85,U85,Z85,AE85,AJ85,AO85,AT85) -> 3 | J85: =AVERAGE(Q85,V85,AA85,AF85,AK85,AP85,AU85) -> 2808.8766 | K85: =AVERAGE(R85,W85,AB85,AG85,AL85,AQ85,AV85) -> 936.29221 | M85: =RANK(K85, K$77:$K$106) -> 5 | P85: 3 | Q85: 2722.9412 | R85: 907.64706 | S85: =RANK(R85, R$77:R$106) -> 7 | U85: 3 | V85: 2792.7273 | W85: 930.90909 | X85: =RANK(W85, W$77:W$106) -> 3 | Z85: 3 | AA85: 2821.875 | AB85: 940.625 | AC85: =RANK(AB85, AB$77:AB$106) -> 5 | AE85: 3 | AF85: 2891.1111 | AG85: 963.7037 | AH85: =RANK(AG85, AG$77:AG$106) -> 3 | AJ85: 3 | AK85: 2844.4444 | AL85: 948.14815 | AM85: =RANK(AL85, AL$77:AL$106) -> 4 | AO85: 3 | AP85: 2821.7647 | AQ85: 940.58824 | AR85: =RANK(AQ85, AQ$77:AQ$106) -> 4 | AT85: 3 | AU85: 2767.2727 | AV85: 922.42424 | AW85: =RANK(AV85, AV$77:AV$106) -> 5
C86: 10 | D86: 鹽蔥燒肉飯糰 | E86: 3 | F86: 3300 | G86: 1100 | I86: =AVERAGE(P86,U86,Z86,AE86,AJ86,AO86,AT86) -> 3 | J86: =AVERAGE(Q86,V86,AA86,AF86,AK86,AP86,AU86) -> 2782.627 | K86: =AVERAGE(R86,W86,AB86,AG86,AL86,AQ86,AV86) -> 927.54233 | M86: =RANK(K86, K$77:$K$106) -> 6 | P86: 3 | Q86: 2859.4737 | R86: 953.15789 | S86: =RANK(R86, R$77:R$106) -> 4 | U86: 3 | V86: 2769.2308 | W86: 923.07692 | X86: =RANK(W86, W$77:W$106) -> 6 | Z86: 3 | AA86: 2854.0541 | AB86: 951.35135 | AC86: =RANK(AB86, AB$77:AB$106) -> 4 | AE86: 3 | AF86: 2885.625 | AG86: 961.875 | AH86: =RANK(AG86, AG$77:AG$106) -> 4 | AJ86: 3 | AK86: 2523.4286 | AL86: 841.14286 | AM86: =RANK(AL86, AL$77:AL$106) -> 8 | AO86: 3 | AP86: 2803.5 | AQ86: 934.5 | AR86: =RANK(AQ86, AQ$77:AQ$106) -> 5 | AT86: 3 | AU86: 2783.0769 | AV86: 927.69231 | AW86: =RANK(AV86, AV$77:AV$106) -> 4
C87: 11 | D87: 雞肉飯飯糰 | E87: 4 | F87: 3300 | G87: 825 | I87: =AVERAGE(P87,U87,Z87,AE87,AJ87,AO87,AT87) -> 4 | J87: =AVERAGE(Q87,V87,AA87,AF87,AK87,AP87,AU87) -> 2748.8677 | K87: =AVERAGE(R87,W87,AB87,AG87,AL87,AQ87,AV87) -> 687.21692 | M87: =RANK(K87, K$77:$K$106) -> 17 | P87: 4 | Q87: 2783 | R87: 695.75 | S87: =RANK(R87, R$77:R$106) -> 15 | U87: 4 | V87: 2759 | W87: 689.75 | X87: =RANK(W87, W$77:W$106) -> 16 | Z87: 4 | AA87: 2807.3684 | AB87: 701.84211 | AC87: =RANK(AB87, AB$77:AB$106) -> 16 | AE87: 4 | AF87: 2763.6 | AG87: 690.9 | AH87: =RANK(AG87, AG$77:AG$106) -> 16 | AJ87: 4 | AK87: 2547.1698 | AL87: 636.79245 | AM87: =RANK(AL87, AL$77:AL$106) -> 17 | AO87: 4 | AP87: 2808.3871 | AQ87: 702.09677 | AR87: =RANK(AQ87, AQ$77:AQ$106) -> 17 | AT87: 4 | AU87: 2773.5484 | AV87: 693.3871 | AW87: =RANK(AV87, AV$77:AV$106) -> 16
C88: 12 | D88: 碳烤燒肉飯飯糰(區) | E88: 4 | F88: 3300 | G88: 825 | I88: =AVERAGE(P88,U88,Z88,AE88,AJ88,AO88,AT88) -> 4 | J88: =AVERAGE(Q88,V88,AA88,AF88,AK88,AP88,AU88) -> 2822.3023 | K88: =AVERAGE(R88,W88,AB88,AG88,AL88,AQ88,AV88) -> 705.57558 | M88: =RANK(K88, K$77:$K$106) -> 15 | P88: 4 | Q88: 2829.8507 | R88: 707.46269 | S88: =RANK(R88, R$77:R$106) -> 13 | U88: 4 | V88: 2786.4706 | W88: 696.61765 | X88: =RANK(W88, W$77:W$106) -> 14 | Z88: 4 | AA88: 2843.4375 | AB88: 710.85937 | AC88: =RANK(AB88, AB$77:AB$106) -> 15 | AE88: 4 | AF88: 2826.4286 | AG88: 706.60714 | AH88: =RANK(AG88, AG$77:AG$106) -> 15 | AJ88: 4 | AK88: 2848.3636 | AL88: 712.09091 | AM88: =RANK(AL88, AL$77:AL$106) -> 16 | AO88: 4 | AP88: 2832 | AQ88: 708 | AR88: =RANK(AQ88, AQ$77:AQ$106) -> 15 | AT88: 4 | AU88: 2789.5652 | AV88: 697.3913 | AW88: =RANK(AV88, AV$77:AV$106) -> 14
C89: 13 | D89: 油蔥雞汁飯糰(區) | E89: 4 | F89: 2800 | G89: 700 | I89: =AVERAGE(P89,U89,Z89,AE89,AJ89,AO89,AT89) -> 4 | J89: =AVERAGE(Q89,V89,AA89,AF89,AK89,AP89,AU89) -> 2847.2162 | K89: =AVERAGE(R89,W89,AB89,AG89,AL89,AQ89,AV89) -> 711.80405 | M89: =RANK(K89, K$77:$K$106) -> 14 | P89: 4 | Q89: 2760 | R89: 690 | S89: =RANK(R89, R$77:R$106) -> 16 | U89: 4 | V89: 2797.3333 | W89: 699.33333 | X89: =RANK(W89, W$77:W$106) -> 13 | Z89: 4 | AA89: 2937 | AB89: 734.25 | AC89: =RANK(AB89, AB$77:AB$106) -> 12 | AE89: 4 | AF89: 2873.5135 | AG89: 718.37838 | AH89: =RANK(AG89, AG$77:AG$106) -> 14 | AJ89: 4 | AK89: 2952 | AL89: 738 | AM89: =RANK(AL89, AL$77:AL$106) -> 14 | AO89: 4 | AP89: 2824 | AQ89: 706 | AR89: =RANK(AQ89, AQ$77:AQ$106) -> 16 | AT89: 4 | AU89: 2786.6667 | AV89: 696.66667 | AW89: =RANK(AV89, AV$77:AV$106) -> 15
... C95: 19 | D95: 兩粒飯糰(鮪魚.焦糖鮭魚) | E95: 12 | F95: 1500 | G95: 125 | I95: =AVERAGE(P95,U95,Z95,AE95,AJ95,AO95,AT95) -> 10.428571 | J95: =AVERAGE(Q95,V95,AA95,AF95,AK95,AP95,AU95) -> 1496.9426 | K95: =AVERAGE(R95,W95,AB95,AG95,AL95,AQ95,AV95) -> 144.73058 | M95: =RANK(K95, K$77:$K$106) -> 19 | P95: 10 | Q95: 1524.6667 | R95: 152.46667 | S95: =RANK(R95, R$77:R$106) -> 19 | U95: 10 | V95: 1507.3333 | W95: 150.73333 | X95: =RANK(W95, W$77:W$106) -> 19 | Z95: 13 | AA95: 1505.6471 | AB95: 115.819 | AC95: =RANK(AB95, AB$77:AB$106) -> 19 | AE95: 10 | AF95: 1455 | AG95: 145.5 | AH95: =RANK(AG95, AG$77:AG$106) -> 19 | AJ95: 10 | AK95: 1521.6 | AL95: 152.16 | AM95: =RANK(AL95, AL$77:AL$106) -> 19 | AO95: 10 | AP95: 1469.6842 | AQ95: 146.96842 | AR95: =RANK(AQ95, AQ$77:AQ$106) -> 18 | AT95: 10 | AU95: 1494.6667 | AV95: 149.46667 | AW95: =RANK(AV95, AV$77:AV$106) -> 19
C96: 20 | M96: =RANK(K96, K$77:$K$106) -> #N/A | S96: =RANK(R96, R$77:R$106) -> #N/A | X96: =RANK(W96, W$77:W$106) -> #N/A | AC96: =RANK(AB96, AB$77:AB$106) -> #N/A | AH96: =RANK(AG96, AG$77:AG$106) -> #N/A | AM96: =RANK(AL96, AL$77:AL$106) -> #N/A | AR96: =RANK(AQ96, AQ$77:AQ$106) -> #N/A | AW96: =RANK(AV96, AV$77:AV$106) -> #N/A
C97: 21 | M97: =RANK(K97, K$77:$K$106) -> #N/A | S97: =RANK(R97, R$77:R$106) -> #N/A | X97: =RANK(W97, W$77:W$106) -> #N/A | AC97: =RANK(AB97, AB$77:AB$106) -> #N/A | AH97: =RANK(AG97, AG$77:AG$106) -> #N/A | AM97: =RANK(AL97, AL$77:AL$106) -> #N/A | AR97: =RANK(AQ97, AQ$77:AQ$106) -> #N/A | AW97: =RANK(AV97, AV$77:AV$106) -> #N/A
C98: 22 | M98: =RANK(K98, K$77:$K$106) -> #N/A | S98: =RANK(R98, R$77:R$106) -> #N/A | X98: =RANK(W98, W$77:W$106) -> #N/A | AC98: =RANK(AB98, AB$77:AB$106) -> #N/A | AH98: =RANK(AG98, AG$77:AG$106) -> #N/A | AM98: =RANK(AL98, AL$77:AL$106) -> #N/A | AR98: =RANK(AQ98, AQ$77:AQ$106) -> #N/A | AW98: =RANK(AV98, AV$77:AV$106) -> #N/A
C99: 23 | M99: =RANK(K99, K$77:$K$106) -> #N/A | S99: =RANK(R99, R$77:R$106) -> #N/A | X99: =RANK(W99, W$77:W$106) -> #N/A | AC99: =RANK(AB99, AB$77:AB$106) -> #N/A | AH99: =RANK(AG99, AG$77:AG$106) -> #N/A | AM99: =RANK(AL99, AL$77:AL$106) -> #N/A | AR99: =RANK(AQ99, AQ$77:AQ$106) -> #N/A | AW99: =RANK(AV99, AV$77:AV$106) -> #N/A
C100: 24 | M100: =RANK(K100, K$77:$K$106) -> #N/A | S100: =RANK(R100, R$77:R$106) -> #N/A | X100: =RANK(W100, W$77:W$106) -> #N/A | AC100: =RANK(AB100, AB$77:AB$106) -> #N/A | AH100: =RANK(AG100, AG$77:AG$106) -> #N/A | AM100: =RANK(AL100, AL$77:AL$106) -> #N/A | AR100: =RANK(AQ100, AQ$77:AQ$106) -> #N/A | AW100: =RANK(AV100, AV$77:AV$106) -> #N/A
C101: 25 | M101: =RANK(K101, K$77:$K$106) -> #N/A | S101: =RANK(R101, R$77:R$106) -> #N/A | X101: =RANK(W101, W$77:W$106) -> #N/A | AC101: =RANK(AB101, AB$77:AB$106) -> #N/A | AH101: =RANK(AG101, AG$77:AG$106) -> #N/A | AM101: =RANK(AL101, AL$77:AL$106) -> #N/A | AR101: =RANK(AQ101, AQ$77:AQ$106) -> #N/A | AW101: =RANK(AV101, AV$77:AV$106) -> #N/A
C102: 26 | M102: =RANK(K102, K$77:$K$106) -> #N/A | S102: =RANK(R102, R$77:R$106) -> #N/A | X102: =RANK(W102, W$77:W$106) -> #N/A | AC102: =RANK(AB102, AB$77:AB$106) -> #N/A | AH102: =RANK(AG102, AG$77:AG$106) -> #N/A | AM102: =RANK(AL102, AL$77:AL$106) -> #N/A | AR102: =RANK(AQ102, AQ$77:AQ$106) -> #N/A | AW102: =RANK(AV102, AV$77:AV$106) -> #N/A
C103: 27 | M103: =RANK(K103, K$77:$K$106) -> #N/A | S103: =RANK(R103, R$77:R$106) -> #N/A | X103: =RANK(W103, W$77:W$106) -> #N/A | AC103: =RANK(AB103, AB$77:AB$106) -> #N/A | AH103: =RANK(AG103, AG$77:AG$106) -> #N/A | AM103: =RANK(AL103, AL$77:AL$106) -> #N/A | AR103: =RANK(AQ103, AQ$77:AQ$106) -> #N/A | AW103: =RANK(AV103, AV$77:AV$106) -> #N/A
C104: 28 | M104: =RANK(K104, K$77:$K$106) -> #N/A | S104: =RANK(R104, R$77:R$106) -> #N/A | X104: =RANK(W104, W$77:W$106) -> #N/A | AC104: =RANK(AB104, AB$77:AB$106) -> #N/A | AH104: =RANK(AG104, AG$77:AG$106) -> #N/A | AM104: =RANK(AL104, AL$77:AL$106) -> #N/A | AR104: =RANK(AQ104, AQ$77:AQ$106) -> #N/A | AW104: =RANK(AV104, AV$77:AV$106) -> #N/A
C105: 29 | M105: =RANK(K105, K$77:$K$106) -> #N/A | S105: =RANK(R105, R$77:R$106) -> #N/A | X105: =RANK(W105, W$77:W$106) -> #N/A | AC105: =RANK(AB105, AB$77:AB$106) -> #N/A | AH105: =RANK(AG105, AG$77:AG$106) -> #N/A | AM105: =RANK(AL105, AL$77:AL$106) -> #N/A | AR105: =RANK(AQ105, AQ$77:AQ$106) -> #N/A | AW105: =RANK(AV105, AV$77:AV$106) -> #N/A
C106: 30 | M106: =RANK(K106, K$77:$K$106) -> #N/A | S106: =RANK(R106, R$77:R$106) -> #N/A | X106: =RANK(W106, W$77:W$106) -> #N/A | AC106: =RANK(AB106, AB$77:AB$106) -> #N/A | AH106: =RANK(AG106, AG$77:AG$106) -> #N/A | AM106: =RANK(AL106, AL$77:AL$106) -> #N/A | AR106: =RANK(AQ106, AQ$77:AQ$106) -> #N/A | AW106: =RANK(AV106, AV$77:AV$106) -> #N/A
B107: 產線配置圖－每週更新 | N107: 資料繳交 | O107: 日期 | P107: =P72+7 -> 46372 | U107: =P107+1 -> 46373 | Z107: =U107+1 -> 46374 | AE107: =Z107+1 -> 46375 | AJ107: =AE107+1 -> 46376 | AO107: =AJ107+1 -> 46377 | AT107: =AO107+1 -> 46378
P108: 二 | U108: 三 | Z108: 四 | AE108: 五 | AJ108: 六 | AO108: 日 | AT108: 一
B109: 品群 | C109: 商品名稱 | E109: 計畫 | H109: 平均人時性 | I109: 實績 | L109: 平均人時性 | M109: 排名 | O109: 日報 | P109: 實際 | T109: 平均人時性 | U109: 實際 | Y109: 平均人時性 | Z109: 實際 | AD109: 平均人時性 | AE109: 實際 | AI109: 平均人時性 | AJ109: 實際 | AN109: 平均人時性 | AO109: 實際 | AS109: 平均人時性 | AT109: 實際 | AX109: 平均人時性
E110: 產線配置圖 | I110: 產線配置圖 | P110: 生產實績 | U110: 生產實績 | Z110: 生產實績 | AE110: 生產實績 | AJ110: 生產實績 | AO110: 生產實績 | AT110: 生產實績
...

Sheet （５-2）品群別人時生產性（18-壽司手卷)
B1: 月平均人時性 | C1: =AVERAGE(L7,L27,L47,L67,L87,L107) -> 184.98535
B2: 產線配置圖－每週更新 | N2: 資料繳交 | O2: 日期 | AJ2: 45962 | AO2: =AJ2+1 -> 45963 | AT2: 46357
AJ3: 六 | AO3: 日 | AT3: 一
B4: 品群 | C4: 商品名稱 | E4: 計畫 | H4: 平均人時性 | I4: 實績 | L4: 平均人時性 | M4: 排名 | O4: 日報 | P4: 實際 | T4: 平均人時性 | U4: 實際 | Y4: 平均人時性 | Z4: 實際 | AD4: 平均人時性 | AE4: 實際 | AI4: 平均人時性 | AJ4: 實際 | AN4: 平均人時性 | AO4: 實際 | AS4: 平均人時性 | AT4: 實際 | AX4: 平均人時性
E5: 產線配置圖 | I5: 產線配置圖 | P5: 生產實績 | U5: 生產實績 | Z5: 生產實績 | AE5: 生產實績 | AJ5: 生產實績 | AO5: 生產實績 | AT5: 生產實績
E6: 人數 | F6: 產能／時 | G6: 人時性 | I6: 人數 | J6: 產能／時 | K6: 人時性 | P6: 人數 | Q6: 產能／時 | R6: 人時性 | S6: 排名 | U6: 人數 | V6: 產能／時 | W6: 人時性 | X6: 排名 | Z6: 人數 | AA6: 產能／時 | AB6: 人時性 | AC6: 排名 | AE6: 人數 | AF6: 產能／時 | AG6: 人時性 | AH6: 排名 | AJ6: 人數 | AK6: 產能／時 | AL6: 人時性 | AM6: 排名 | AO6: 人數 | AP6: 產能／時 | AQ6: 人時性 | AR6: 排名 | AT6: 人數 | AU6: 產能／時 | AV6: 人時性 | AW6: 排名
B7: 18℃-壽司手卷 | C7: 1 | D7: 長野稻荷壽司 | E7: 10 | F7: 1500 | G7: 150 | H7: =AVERAGE(G7:G21) -> 181.25 | I7: =AVERAGE(P7,U7,Z7,AE7,AJ7,AO7,AT7) -> 10 | J7: =AVERAGE(Q7,V7,AA7,AF7,AK7,AP7,AU7) -> 1020 | K7: =AVERAGE(R7,W7,AB7,AG7,AL7,AQ7,AV7) -> 102 | L7: =IFERROR(AVERAGE(K7:K21),"-") -> 190.40508 | M7: =RANK(K7, $K$7:K$21) -> 6 | S7: =RANK(R7, R$7:R$21) -> #N/A | T7: =AVERAGE(R7:R21) -> #DIV/0! | X7: =RANK(W7, W$7:W$21) -> #N/A | Y7: =AVERAGE(W7:W21) -> #DIV/0! | AC7: =RANK(AB7, AB$7:AB$21) -> #N/A | AD7: =AVERAGE(AB7:AB21) -> #DIV/0! | AH7: =RANK(AG7, AG$7:AG$21) -> #N/A | AI7: =AVERAGE(AG7:AG21) -> #DIV/0! | AM7: =RANK(AL7, AL$7:AL$21) -> #N/A | AN7: =AVERAGE(AL7:AL21) -> #DIV/0! | AR7: =RANK(AQ7, AQ$7:AQ$21) -> #N/A | AS7: =AVERAGE(AQ7:AQ21) -> #DIV/0! | AT7: 10 | AU7: 1020 | AV7: 102 | AW7: =RANK(AV7, AV$7:AV$21) -> 6 | AX7: =AVERAGE(AV7:AV21) -> 190.40508 | AZ7: =RANK(AX7, $K$7:AX$21) -> #N/A | BB7: =RANK(BA7, BA$7:BA$21) -> #N/A
C8: 2 | D8: 雙饗雙手卷 | E8: 15 | F8: 1800 | G8: 120 | I8: =AVERAGE(P8,U8,Z8,AE8,AJ8,AO8,AT8) -> 12 | J8: =AVERAGE(Q8,V8,AA8,AF8,AK8,AP8,AU8) -> 1744.898 | K8: =AVERAGE(R8,W8,AB8,AG8,AL8,AQ8,AV8) -> 145.40816 | M8: =RANK(K8, $K$7:K$21) -> 5 | S8: =RANK(R8, R$7:R$21) -> #N/A | X8: =RANK(W8, W$7:W$21) -> #N/A | AC8: =RANK(AB8, AB$7:AB$21) -> #N/A | AH8: =RANK(AG8, AG$7:AG$21) -> #N/A | AM8: =RANK(AL8, AL$7:AL$21) -> #N/A | AR8: =RANK(AQ8, AQ$7:AQ$21) -> #N/A | AT8: 12 | AU8: 1744.898 | AV8: 145.40816 | AW8: =RANK(AV8, AV$7:AV$21) -> 5 | AZ8: =RANK(AX8, $K$7:AX$21) -> #N/A | BB8: =RANK(BA8, BA$7:BA$21) -> #N/A
C9: 3 | D9: 海饌雙手卷 | E9: 15 | F9: 1800 | G9: 120 | I9: =AVERAGE(P9,U9,Z9,AE9,AJ9,AO9,AT9) -> 12 | J9: =AVERAGE(Q9,V9,AA9,AF9,AK9,AP9,AU9) -> 1771.9149 | K9: =AVERAGE(R9,W9,AB9,AG9,AL9,AQ9,AV9) -> 147.65957 | M9: =RANK(K9, $K$7:K$21) -> 4 | S9: =RANK(R9, R$7:R$21) -> #N/A | X9: =RANK(W9, W$7:W$21) -> #N/A | AC9: =RANK(AB9, AB$7:AB$21) -> #N/A | AH9: =RANK(AG9, AG$7:AG$21) -> #N/A | AM9: =RANK(AL9, AL$7:AL$21) -> #N/A | AR9: =RANK(AQ9, AQ$7:AQ$21) -> #N/A | AT9: 12 | AU9: 1771.9149 | AV9: 147.65957 | AW9: =RANK(AV9, AV$7:AV$21) -> 4 | AZ9: =RANK(AX9, $K$7:AX$21) -> #N/A | BB9: =RANK(BA9, BA$7:BA$21) -> #N/A
C10: 4 | D10: 雙鬆細卷 | E10: 5 | F10: 1500 | G10: 300 | I10: =AVERAGE(P10,U10,Z10,AE10,AJ10,AO10,AT10) -> 6 | J10: =AVERAGE(Q10,V10,AA10,AF10,AK10,AP10,AU10) -> 1525.4545 | K10: =AVERAGE(R10,W10,AB10,AG10,AL10,AQ10,AV10) -> 254.24242 | M10: =RANK(K10, $K$7:K$21) -> 3 | S10: =RANK(R10, R$7:R$21) -> #N/A | X10: =RANK(W10, W$7:W$21) -> #N/A | AC10: =RANK(AB10, AB$7:AB$21) -> #N/A | AH10: =RANK(AG10, AG$7:AG$21) -> #N/A | AM10: =RANK(AL10, AL$7:AL$21) -> #N/A | AR10: =RANK(AQ10, AQ$7:AQ$21) -> #N/A | AT10: 6 | AU10: 1525.4545 | AV10: 254.24242 | AW10: =RANK(AV10, AV$7:AV$21) -> 3 | AZ10: =RANK(AX10, $K$7:AX$21) -> #N/A | BB10: =RANK(BA10, BA$7:BA$21) -> #N/A
C11: 5 | D11: 經典鮪魚沙拉細卷 | E11: 5 | F11: 1500 | G11: 300 | I11: =AVERAGE(P11,U11,Z11,AE11,AJ11,AO11,AT11) -> 5 | J11: =AVERAGE(Q11,V11,AA11,AF11,AK11,AP11,AU11) -> 1522.7027 | K11: =AVERAGE(R11,W11,AB11,AG11,AL11,AQ11,AV11) -> 304.54054 | M11: =RANK(K11, $K$7:K$21) -> 1 | S11: =RANK(R11, R$7:R$21) -> #N/A | X11: =RANK(W11, W$7:W$21) -> #N/A | AC11: =RANK(AB11, AB$7:AB$21) -> #N/A | AH11: =RANK(AG11, AG$7:AG$21) -> #N/A | AM11: =RANK(AL11, AL$7:AL$21) -> #N/A | AR11: =RANK(AQ11, AQ$7:AQ$21) -> #N/A | AT11: 5 | AU11: 1522.7027 | AV11: 304.54054 | AW11: =RANK(AV11, AV$7:AV$21) -> 1 | AZ11: =RANK(AX11, $K$7:AX$21) -> #N/A | BB11: =RANK(BA11, BA$7:BA$21) -> #N/A
C12: 6 | D12: 香濃起司蟹風味棒細卷 | E12: 5 | F12: 1500 | G12: 300 | I12: =AVERAGE(P12,U12,Z12,AE12,AJ12,AO12,AT12) -> 5 | J12: =AVERAGE(Q12,V12,AA12,AF12,AK12,AP12,AU12) -> 1452.8571 | K12: =AVERAGE(R12,W12,AB12,AG12,AL12,AQ12,AV12) -> 290.57143 | M12: =RANK(K12, $K$7:K$21) -> 2 | S12: =RANK(R12, R$7:R$21) -> #N/A | X12: =RANK(W12, W$7:W$21) -> #N/A | AC12: =RANK(AB12, AB$7:AB$21) -> #N/A | AH12: =RANK(AG12, AG$7:AG$21) -> #N/A | AM12: =RANK(AL12, AL$7:AL$21) -> #N/A | AR12: =RANK(AQ12, AQ$7:AQ$21) -> #N/A | AT12: 5 | AU12: 1452.8571 | AV12: 290.57143 | AW12: =RANK(AV12, AV$7:AV$21) -> 2 | AZ12: =RANK(AX12, $K$7:AX$21) -> #N/A | BB12: =RANK(BA12, BA$7:BA$21) -> #N/A
C13: 7 | D13: 滿滿海鮮沙拉脆卷 | E13: 15 | F13: 1200 | G13: 80 | M13: =RANK(K13, $K$7:K$21) -> #N/A | S13: =RANK(R13, R$7:R$21) -> #N/A | X13: =RANK(W13, W$7:W$21) -> #N/A | AC13: =RANK(AB13, AB$7:AB$21) -> #N/A | AH13: =RANK(AG13, AG$7:AG$21) -> #N/A | AM13: =RANK(AL13, AL$7:AL$21) -> #N/A | AR13: =RANK(AQ13, AQ$7:AQ$21) -> #N/A | AW13: =RANK(AV13, AV$7:AV$21) -> #N/A | AZ13: =RANK(AX13, $K$7:AX$21) -> #N/A | BB13: =RANK(BA13, BA$7:BA$21) -> #N/A
C14: 8 | D14: 明太子玉子脆卷 | E14: 15 | F14: 1200 | G14: 80 | I14: =AVERAGE(P14,U14,Z14,AE14,AJ14,AO14,AT14) -> 13 | J14: =AVERAGE(Q14,V14,AA14,AF14,AK14,AP14,AU14) -> 1149.375 | K14: =AVERAGE(R14,W14,AB14,AG14,AL14,AQ14,AV14) -> 88.413462 | M14: =RANK(K14, $K$7:K$21) -> 7 | S14: =RANK(R14, R$7:R$21) -> #N/A | X14: =RANK(W14, W$7:W$21) -> #N/A | AC14: =RANK(AB14, AB$7:AB$21) -> #N/A | AH14: =RANK(AG14, AG$7:AG$21) -> #N/A | AM14: =RANK(AL14, AL$7:AL$21) -> #N/A | AR14: =RANK(AQ14, AQ$7:AQ$21) -> #N/A | AT14: 13 | AU14: 1149.375 | AV14: 88.413462 | AW14: =RANK(AV14, AV$7:AV$21) -> 7 | AZ14: =RANK(AX14, $K$7:AX$21) -> #N/A | BB14: =RANK(BA14, BA$7:BA$21) -> #N/A
C15: 9 | M15: =RANK(K15, $K$7:K$21) -> #N/A | S15: =RANK(R15, R$7:R$21) -> #N/A | X15: =RANK(W15, W$7:W$21) -> #N/A | AC15: =RANK(AB15, AB$7:AB$21) -> #N/A | AH15: =RANK(AG15, AG$7:AG$21) -> #N/A | AM15: =RANK(AL15, AL$7:AL$21) -> #N/A | AR15: =RANK(AQ15, AQ$7:AQ$21) -> #N/A | AW15: =RANK(AV15, AV$7:AV$21) -> #N/A | AZ15: =RANK(AX15, $K$7:AX$21) -> #N/A | BB15: =RANK(BA15, BA$7:BA$21) -> #N/A
C16: 10 | M16: =RANK(K16, $K$7:K$21) -> #N/A | S16: =RANK(R16, R$7:R$21) -> #N/A | X16: =RANK(W16, W$7:W$21) -> #N/A | AC16: =RANK(AB16, AB$7:AB$21) -> #N/A | AH16: =RANK(AG16, AG$7:AG$21) -> #N/A | AM16: =RANK(AL16, AL$7:AL$21) -> #N/A | AR16: =RANK(AQ16, AQ$7:AQ$21) -> #N/A | AW16: =RANK(AV16, AV$7:AV$21) -> #N/A | AZ16: =RANK(AX16, $K$7:AX$21) -> #N/A | BB16: =RANK(BA16, BA$7:BA$21) -> #N/A
C17: 11 | M17: =RANK(K17, $K$7:K$21) -> #N/A | S17: =RANK(R17, R$7:R$21) -> #N/A | X17: =RANK(W17, W$7:W$21) -> #N/A | AC17: =RANK(AB17, AB$7:AB$21) -> #N/A | AH17: =RANK(AG17, AG$7:AG$21) -> #N/A | AM17: =RANK(AL17, AL$7:AL$21) -> #N/A | AR17: =RANK(AQ17, AQ$7:AQ$21) -> #N/A | AW17: =RANK(AV17, AV$7:AV$21) -> #N/A | AZ17: =RANK(AX17, $K$7:AX$21) -> #N/A | BB17: =RANK(BA17, BA$7:BA$21) -> #N/A
C18: 12 | M18: =RANK(K18, $K$7:K$21) -> #N/A | S18: =RANK(R18, R$7:R$21) -> #N/A | X18: =RANK(W18, W$7:W$21) -> #N/A | AC18: =RANK(AB18, AB$7:AB$21) -> #N/A | AH18: =RANK(AG18, AG$7:AG$21) -> #N/A | AM18: =RANK(AL18, AL$7:AL$21) -> #N/A | AR18: =RANK(AQ18, AQ$7:AQ$21) -> #N/A | AW18: =RANK(AV18, AV$7:AV$21) -> #N/A | AZ18: =RANK(AX18, $K$7:AX$21) -> #N/A | BB18: =RANK(BA18, BA$7:BA$21) -> #N/A
C19: 13 | M19: =RANK(K19, $K$7:K$21) -> #N/A | S19: =RANK(R19, R$7:R$21) -> #N/A | X19: =RANK(W19, W$7:W$21) -> #N/A | AC19: =RANK(AB19, AB$7:AB$21) -> #N/A | AH19: =RANK(AG19, AG$7:AG$21) -> #N/A | AM19: =RANK(AL19, AL$7:AL$21) -> #N/A | AR19: =RANK(AQ19, AQ$7:AQ$21) -> #N/A | AW19: =RANK(AV19, AV$7:AV$21) -> #N/A | AZ19: =RANK(AX19, $K$7:AX$21) -> #N/A | BB19: =RANK(BA19, BA$7:BA$21) -> #N/A
C20: 14 | M20: =RANK(K20, $K$7:K$21) -> #N/A | S20: =RANK(R20, R$7:R$21) -> #N/A | X20: =RANK(W20, W$7:W$21) -> #N/A | AC20: =RANK(AB20, AB$7:AB$21) -> #N/A | AH20: =RANK(AG20, AG$7:AG$21) -> #N/A | AM20: =RANK(AL20, AL$7:AL$21) -> #N/A | AR20: =RANK(AQ20, AQ$7:AQ$21) -> #N/A | AW20: =RANK(AV20, AV$7:AV$21) -> #N/A | AZ20: =RANK(AX20, $K$7:AX$21) -> #N/A | BB20: =RANK(BA20, BA$7:BA$21) -> #N/A
C21: 15 | M21: =RANK(K21, $K$7:K$21) -> #N/A | S21: =RANK(R21, R$7:R$21) -> #N/A | X21: =RANK(W21, W$7:W$21) -> #N/A | AC21: =RANK(AB21, AB$7:AB$21) -> #N/A | AH21: =RANK(AG21, AG$7:AG$21) -> #N/A | AM21: =RANK(AL21, AL$7:AL$21) -> #N/A | AR21: =RANK(AQ21, AQ$7:AQ$21) -> #N/A | AW21: =RANK(AV21, AV$7:AV$21) -> #N/A | AZ21: =RANK(AX21, $K$7:AX$21) -> #N/A | BB21: =RANK(BA21, BA$7:BA$21) -> #N/A
B22: 產線配置圖－每週更新 | N22: 資料繳交 | O22: 日期 | P22: =AT2+1 -> 46358 | U22: =P22+1 -> 46359 | Z22: =U22+1 -> 46360 | AE22: =Z22+1 -> 46361 | AJ22: =AE22+1 -> 46362 | AO22: =AJ22+1 -> 46363 | AT22: =AO22+1 -> 46364
P23: 二 | U23: 三 | Z23: 四 | AE23: 五 | AJ23: 六 | AO23: 日 | AT23: 一
B24: 品群 | C24: 商品名稱 | E24: 計畫 | H24: 平均人時性 | I24: 實績 | L24: 平均人時性 | M24: 排名 | O24: 日報 | P24: 實際 | T24: 平均人時性 | U24: 實際 | Y24: 平均人時性 | Z24: 實際 | AD24: 平均人時性 | AE24: 實際 | AI24: 平均人時性 | AJ24: 實際 | AN24: 平均人時性 | AO24: 實際 | AS24: 平均人時性 | AT24: 實際 | AX24: 平均人時性
E25: 產線配置圖 | I25: 產線配置圖 | P25: 生產實績 | U25: 生產實績 | Z25: 生產實績 | AE25: 生產實績 | AJ25: 生產實績 | AO25: 生產實績 | AT25: 生產實績
E26: 人數 | F26: 產能／時 | G26: 人時性 | I26: 人數 | J26: 產能／時 | K26: 人時性 | P26: 人數 | Q26: 產能／時 | R26: 人時性 | S26: 排名 | U26: 人數 | V26: 產能／時 | W26: 人時性 | X26: 排名 | Z26: 人數 | AA26: 產能／時 | AB26: 人時性 | AC26: 排名 | AE26: 人數 | AF26: 產能／時 | AG26: 人時性 | AH26: 排名 | AJ26: 人數 | AK26: 產能／時 | AL26: 人時性 | AM26: 排名 | AO26: 人數 | AP26: 產能／時 | AQ26: 人時性 | AR26: 排名 | AT26: 人數 | AU26: 產能／時 | AV26: 人時性 | AW26: 排名
B27: 18℃-壽司手卷 | C27: 1 | D27: 長野稻荷壽司 | E27: 10 | F27: 1500 | G27: 150 | H27: =AVERAGE(G27:G41) -> 195.71429 | I27: =AVERAGE(P27,U27,Z27,AE27,AJ27,AO27,AT27) -> 10 | J27: =AVERAGE(Q27,V27,AA27,AF27,AK27,AP27,AU27) -> 1521.3714 | K27: =AVERAGE(R27,W27,AB27,AG27,AL27,AQ27,AV27) -> 152.13714 | L27: =IFERROR(AVERAGE(K27:K41),"-") -> 200.6206 | M27: =RANK(K27, K$27:$K$41) -> 4 | P27: 10 | Q27: 1626 | R27: 162.6 | S27: =RANK(R27, R$27:R$41) -> 5 | T27: =AVERAGE(R27:R41) -> 212.57726 | U27: 10 | V27: 1656 | W27: 165.6 | X27: =RANK(W27, W$27:W$41) -> 4 | Y27: =AVERAGE(W27:W41) -> 206.97732 | Z27: 10 | AA27: 1542 | AB27: 154.2 | AC27: =RANK(AB27, AB$27:AB$41) -> 4 | AD27: =AVERAGE(AB27:AB41) -> 200.31894 | AE27: 10 | AF27: 1290 | AG27: 129 | AH27: =RANK(AG27, AG$27:AG$41) -> 6 | AI27: =AVERAGE(AG27:AG41) -> 192.66459 | AJ27: 10 | AK27: 1688 | AL27: 168.8 | AM27: =RANK(AL27, AL$27:AL$41) -> 4 | AN27: =AVERAGE(AL27:AL41) -> 198.02254 | AO27: 10 | AP27: 1281.6 | AQ27: 128.16 | AR27: =RANK(AQ27, AQ$27:AQ$41) -> 6 | AS27: =AVERAGE(AQ27:AQ41) -> 195.45509 | AT27: 10 | AU27: 1566 | AV27: 156.6 | AW27: =RANK(AV27, AV$27:AV$41) -> 4 | AX27: =AVERAGE(AV27:AV41) -> 198.32848
C28: 2 | D28: 雙饗雙手卷 | E28: 15 | F28: 1800 | G28: 120 | I28: =AVERAGE(P28,U28,Z28,AE28,AJ28,AO28,AT28) -> 12.142857 | J28: =AVERAGE(Q28,V28,AA28,AF28,AK28,AP28,AU28) -> 1767.8667 | K28: =AVERAGE(R28,W28,AB28,AG28,AL28,AQ28,AV28) -> 145.75299 | M28: =RANK(K28, K$27:$K$41) -> 6 | P28: 12 | Q28: 1798.6667 | R28: 149.88889 | S28: =RANK(R28, R$27:R$41) -> 6 | U28: 12 | V28: 1836 | W28: 153 | X28: =RANK(W28, W$27:W$41) -> 6 | Z28: 13 | AA28: 1713.6 | AB28: 131.81538 | AC28: =RANK(AB28, AB$27:AB$41) -> 6 | AE28: 12 | AF28: 1741.5 | AG28: 145.125 | AH28: =RANK(AG28, AG$27:AG$41) -> 5 | AJ28: 12 | AK28: 1672.5 | AL28: 139.375 | AM28: =RANK(AL28, AL$27:AL$41) -> 5 | AO28: 12 | AP28: 1780.8 | AQ28: 148.4 | AR28: =RANK(AQ28, AQ$27:AQ$41) -> 4 | AT28: 12 | AU28: 1832 | AV28: 152.66667 | AW28: =RANK(AV28, AV$27:AV$41) -> 6
C29: 3 | D29: 海饌雙手卷 | E29: 15 | F29: 1800 | G29: 120 | I29: =AVERAGE(P29,U29,Z29,AE29,AJ29,AO29,AT29) -> 12.142857 | J29: =AVERAGE(Q29,V29,AA29,AF29,AK29,AP29,AU29) -> 1792.7476 | K29: =AVERAGE(R29,W29,AB29,AG29,AL29,AQ29,AV29) -> 147.82311 | M29: =RANK(K29, K$27:$K$41) -> 5 | P29: 12 | Q29: 1993.5 | R29: 166.125 | S29: =RANK(R29, R$27:R$41) -> 4 | U29: 12 | V29: 1840 | W29: 153.33333 | X29: =RANK(W29, W$27:W$41) -> 5 | Z29: 13 | AA29: 1717.2 | AB29: 132.09231 | AC29: =RANK(AB29, AB$27:AB$41) -> 5 | AE29: 12 | AF29: 1744.5 | AG29: 145.375 | AH29: =RANK(AG29, AG$27:AG$41) -> 4 | AJ29: 12 | AK29: 1645.5 | AL29: 137.125 | AM29: =RANK(AL29, AL$27:AL$41) -> 6 | AO29: 12 | AP29: 1759.2 | AQ29: 146.6 | AR29: =RANK(AQ29, AQ$27:AQ$41) -> 5 | AT29: 12 | AU29: 1849.3333 | AV29: 154.11111 | AW29: =RANK(AV29, AV$27:AV$41) -> 5
C30: 4 | D30: 雙鬆細卷 | E30: 5 | F30: 1500 | G30: 300 | I30: =AVERAGE(P30,U30,Z30,AE30,AJ30,AO30,AT30) -> 5.5714286 | J30: =AVERAGE(Q30,V30,AA30,AF30,AK30,AP30,AU30) -> 1503.6598 | K30: =AVERAGE(R30,W30,AB30,AG30,AL30,AQ30,AV30) -> 271.7574 | M30: =RANK(K30, K$27:$K$41) -> 3 | P30: 5 | Q30: 1468 | R30: 293.6 | S30: =RANK(R30, R$27:R$41) -> 3 | U30: 5 | V30: 1498.125 | W30: 299.625 | X30: =RANK(W30, W$27:W$41) -> 1 | Z30: 5 | AA30: 1474.8387 | AB30: 294.96774 | AC30: =RANK(AB30, AB$27:AB$41) -> 3 | AE30: 6 | AF30: 1507.2 | AG30: 251.2 | AH30: =RANK(AG30, AG$27:AG$41) -> 3 | AJ30: 6 | AK30: 1565.4545 | AL30: 260.90909 | AM30: =RANK(AL30, AL$27:AL$41) -> 3 | AO30: 6 | AP30: 1544 | AQ30: 257.33333 | AR30: =RANK(AQ30, AQ$27:AQ$41) -> 3 | AT30: 6 | AU30: 1468 | AV30: 244.66667 | AW30: =RANK(AV30, AV$27:AV$41) -> 3
C31: 5 | D31: 經典鮪魚沙拉細卷 | E31: 5 | F31: 1500 | G31: 300 | I31: =AVERAGE(P31,U31,Z31,AE31,AJ31,AO31,AT31) -> 5 | J31: =AVERAGE(Q31,V31,AA31,AF31,AK31,AP31,AU31) -> 1487.2276 | K31: =AVERAGE(R31,W31,AB31,AG31,AL31,AQ31,AV31) -> 297.44553 | M31: =RANK(K31, K$27:$K$41) -> 2 | P31: 5 | Q31: 1563.75 | R31: 312.75 | S31: =RANK(R31, R$27:R$41) -> 1 | U31: 5 | V31: 1427.3684 | W31: 285.47368 | X31: =RANK(W31, W$27:W$41) -> 3 | Z31: 5 | AA31: 1498.2857 | AB31: 299.65714 | AC31: =RANK(AB31, AB$27:AB$41) -> 1 | AE31: 5 | AF31: 1482.2222 | AG31: 296.44444 | AH31: =RANK(AG31, AG$27:AG$41) -> 1 | AJ31: 5 | AK31: 1451.5385 | AL31: 290.30769 | AM31: =RANK(AL31, AL$27:AL$41) -> 2 | AO31: 5 | AP31: 1520 | AQ31: 304 | AR31: =RANK(AQ31, AQ$27:AQ$41) -> 1 | AT31: 5 | AU31: 1467.4286 | AV31: 293.48571 | AW31: =RANK(AV31, AV$27:AV$41) -> 1
C32: 6 | D32: 香濃起司蟹風味棒細卷 | E32: 5 | F32: 1500 | G32: 300 | I32: =AVERAGE(P32,U32,Z32,AE32,AJ32,AO32,AT32) -> 5 | J32: =AVERAGE(Q32,V32,AA32,AF32,AK32,AP32,AU32) -> 1490.2557 | K32: =AVERAGE(R32,W32,AB32,AG32,AL32,AQ32,AV32) -> 298.05114 | M32: =RANK(K32, K$27:$K$41) -> 1 | P32: 5 | Q32: 1560 | R32: 312 | S32: =RANK(R32, R$27:R$41) -> 2 | U32: 5 | V32: 1495.2 | W32: 299.04 | X32: =RANK(W32, W$27:W$41) -> 2 | Z32: 5 | AA32: 1490 | AB32: 298 | AC32: =RANK(AB32, AB$27:AB$41) -> 2 | AE32: 5 | AF32: 1461 | AG32: 292.2 | AH32: =RANK(AG32, AG$27:AG$41) -> 2 | AJ32: 5 | AK32: 1466.6667 | AL32: 293.33333 | AM32: =RANK(AL32, AL$27:AL$41) -> 1 | AO32: 5 | AP32: 1506.9231 | AQ32: 301.38462 | AR32: =RANK(AQ32, AQ$27:AQ$41) -> 2 | AT32: 5 | AU32: 1452 | AV32: 290.4 | AW32: =RANK(AV32, AV$27:AV$41) -> 2
C33: 7 | D33: 明太子玉子脆卷 | E33: 15 | F33: 1200 | G33: 80 | I33: =AVERAGE(P33,U33,Z33,AE33,AJ33,AO33,AT33) -> 12.857143 | J33: =AVERAGE(Q33,V33,AA33,AF33,AK33,AP33,AU33) -> 1174.8286 | K33: =AVERAGE(R33,W33,AB33,AG33,AL33,AQ33,AV33) -> 91.376923 | M33: =RANK(K33, K$27:$K$41) -> 7 | P33: 13 | Q33: 1184 | R33: 91.076923 | S33: =RANK(R33, R$27:R$41) -> 7 | U33: 13 | V33: 1206 | W33: 92.769231 | X33: =RANK(W33, W$27:W$41) -> 7 | Z33: 12 | AA33: 1098 | AB33: 91.5 | AC33: =RANK(AB33, AB$27:AB$41) -> 7 | AE33: 13 | AF33: 1161 | AG33: 89.307692 | AH33: =RANK(AG33, AG$27:AG$41) -> 7 | AJ33: 13 | AK33: 1252 | AL33: 96.307692 | AM33: =RANK(AL33, AL$27:AL$41) -> 7 | AO33: 13 | AP33: 1070 | AQ33: 82.307692 | AR33: =RANK(AQ33, AQ$27:AQ$41) -> 7 | AT33: 13 | AU33: 1252.8 | AV33: 96.369231 | AW33: =RANK(AV33, AV$27:AV$41) -> 7
C34: 8 | M34: =RANK(K34, K$27:$K$41) -> #N/A | S34: =RANK(R34, R$27:R$41) -> #N/A | X34: =RANK(W34, W$27:W$41) -> #N/A | AC34: =RANK(AB34, AB$27:AB$41) -> #N/A | AH34: =RANK(AG34, AG$27:AG$41) -> #N/A | AM34: =RANK(AL34, AL$27:AL$41) -> #N/A | AR34: =RANK(AQ34, AQ$27:AQ$41) -> #N/A | AW34: =RANK(AV34, AV$27:AV$41) -> #N/A
C35: 9 | M35: =RANK(K35, K$27:$K$41) -> #N/A | S35: =RANK(R35, R$27:R$41) -> #N/A | X35: =RANK(W35, W$27:W$41) -> #N/A | AC35: =RANK(AB35, AB$27:AB$41) -> #N/A | AH35: =RANK(AG35, AG$27:AG$41) -> #N/A | AM35: =RANK(AL35, AL$27:AL$41) -> #N/A | AR35: =RANK(AQ35, AQ$27:AQ$41) -> #N/A | AW35: =RANK(AV35, AV$27:AV$41) -> #N/A
C36: 10 | M36: =RANK(K36, K$27:$K$41) -> #N/A | S36: =RANK(R36, R$27:R$41) -> #N/A | X36: =RANK(W36, W$27:W$41) -> #N/A | AC36: =RANK(AB36, AB$27:AB$41) -> #N/A | AH36: =RANK(AG36, AG$27:AG$41) -> #N/A | AM36: =RANK(AL36, AL$27:AL$41) -> #N/A | AR36: =RANK(AQ36, AQ$27:AQ$41) -> #N/A | AW36: =RANK(AV36, AV$27:AV$41) -> #N/A
C37: 11 | M37: =RANK(K37, K$27:$K$41) -> #N/A | S37: =RANK(R37, R$27:R$41) -> #N/A | X37: =RANK(W37, W$27:W$41) -> #N/A | AC37: =RANK(AB37, AB$27:AB$41) -> #N/A | AH37: =RANK(AG37, AG$27:AG$41) -> #N/A | AM37: =RANK(AL37, AL$27:AL$41) -> #N/A | AR37: =RANK(AQ37, AQ$27:AQ$41) -> #N/A | AW37: =RANK(AV37, AV$27:AV$41) -> #N/A
C38: 12 | M38: =RANK(K38, K$27:$K$41) -> #N/A | S38: =RANK(R38, R$27:R$41) -> #N/A | X38: =RANK(W38, W$27:W$41) -> #N/A | AC38: =RANK(AB38, AB$27:AB$41) -> #N/A | AH38: =RANK(AG38, AG$27:AG$41) -> #N/A | AM38: =RANK(AL38, AL$27:AL$41) -> #N/A | AR38: =RANK(AQ38, AQ$27:AQ$41) -> #N/A | AW38: =RANK(AV38, AV$27:AV$41) -> #N/A
C39: 13 | M39: =RANK(K39, K$27:$K$41) -> #N/A | S39: =RANK(R39, R$27:R$41) -> #N/A | X39: =RANK(W39, W$27:W$41) -> #N/A | AC39: =RANK(AB39, AB$27:AB$41) -> #N/A | AH39: =RANK(AG39, AG$27:AG$41) -> #N/A | AM39: =RANK(AL39, AL$27:AL$41) -> #N/A | AR39: =RANK(AQ39, AQ$27:AQ$41) -> #N/A | AW39: =RANK(AV39, AV$27:AV$41) -> #N/A
C40: 14 | M40: =RANK(K40, K$27:$K$41) -> #N/A | S40: =RANK(R40, R$27:R$41) -> #N/A | X40: =RANK(W40, W$27:W$41) -> #N/A | AC40: =RANK(AB40, AB$27:AB$41) -> #N/A | AH40: =RANK(AG40, AG$27:AG$41) -> #N/A | AM40: =RANK(AL40, AL$27:AL$41) -> #N/A | AR40: =RANK(AQ40, AQ$27:AQ$41) -> #N/A | AW40: =RANK(AV40, AV$27:AV$41) -> #N/A
C41: 15 | M41: =RANK(K41, K$27:$K$41) -> #N/A | S41: =RANK(R41, R$27:R$41) -> #N/A | X41: =RANK(W41, W$27:W$41) -> #N/A | AC41: =RANK(AB41, AB$27:AB$41) -> #N/A | AH41: =RANK(AG41, AG$27:AG$41) -> #N/A | AM41: =RANK(AL41, AL$27:AL$41) -> #N/A | AR41: =RANK(AQ41, AQ$27:AQ$41) -> #N/A | AW41: =RANK(AV41, AV$27:AV$41) -> #N/A
B42: 產線配置圖－每週更新 | N42: 資料繳交 | O42: 日期 | P42: =P22+7 -> 46365 | U42: =P42+1 -> 46366 | Z42: =U42+1 -> 46367 | AE42: =Z42+1 -> 46368 | AJ42: =AE42+1 -> 46369 | AO42: =AJ42+1 -> 46370 | AT42: =AO42+1 -> 46371
P43: 二 | U43: 三 | Z43: 四 | AE43: 五 | AJ43: 六 | AO43: 日 | AT43: 一
B44: 品群 | C44: 商品名稱 | E44: 計畫 | H44: 平均人時性 | I44: 實績 | L44: 平均人時性 | M44: 排名 | O44: 日報 | P44: 實際 | T44: 平均人時性 | U44: 實際 | Y44: 平均人時性 | Z44: 實際 | AD44: 平均人時性 | AE44: 實際 | AI44: 平均人時性 | AJ44: 實際 | AN44: 平均人時性 | AO44: 實際 | AS44: 平均人時性 | AT44: 實際 | AX44: 平均人時性
E45: 產線配置圖 | I45: 產線配置圖 | P45: 生產實績 | U45: 生產實績 | Z45: 生產實績 | AE45: 生產實績 | AJ45: 生產實績 | AO45: 生產實績 | AT45: 生產實績
E46: 人數 | F46: 產能／時 | G46: 人時性 | I46: 人數 | J46: 產能／時 | K46: 人時性 | P46: 人數 | Q46: 產能／時 | R46: 人時性 | S46: 排名 | U46: 人數 | V46: 產能／時 | W46: 人時性 | X46: 排名 | Z46: 人數 | AA46: 產能／時 | AB46: 人時性 | AC46: 排名 | AE46: 人數 | AF46: 產能／時 | AG46: 人時性 | AH46: 排名 | AJ46: 人數 | AK46: 產能／時 | AL46: 人時性 | AM46: 排名 | AO46: 人數 | AP46: 產能／時 | AQ46: 人時性 | AR46: 排名 | AT46: 人數 | AU46: 產能／時 | AV46: 人時性 | AW46: 排名
B47: 18℃-壽司手卷 | C47: 1 | D47: 長野稻荷壽司 | E47: 10 | F47: 1500 | G47: 150 | H47: =AVERAGE(G47:G61) -> 195.71429 | I47: =AVERAGE(P47,U47,Z47,AE47,AJ47,AO47,AT47) -> 10 | J47: =AVERAGE(Q47,V47,AA47,AF47,AK47,AP47,AU47) -> 1382.8286 | K47: =AVERAGE(R47,W47,AB47,AG47,AL47,AQ47,AV47) -> 138.28286 | L47: =IFERROR(AVERAGE(K47:K61),"-") -> 197.06572 | M47: =RANK(K47, K$47:$K$61) -> 6 | P47: 10 | Q47: 1442.4 | R47: 144.24 | S47: =RANK(R47, R$47:R$61) -> 6 | T47: =AVERAGE(R47:R61) -> 200.0669 | U47: 10 | V47: 1502.4 | W47: 150.24 | X47: =RANK(W47, W$47:W$61) -> 4 | Y47: =AVERAGE(W47:W61) -> 193.45451 | Z47: 10 | AA47: 1413.6 | AB47: 141.36 | AC47: =RANK(AB47, AB$47:AB$61) -> 5 | AD47: =AVERAGE(AB47:AB61) -> 193.59641 | AE47: 10 | AF47: 1344 | AG47: 134.4 | AH47: =RANK(AG47, AG$47:AG$61) -> 6 | AI47: =AVERAGE(AG47:AG61) -> 192.90482 | AJ47: 10 | AK47: 1275 | AL47: 127.5 | AM47: =RANK(AL47, AL$47:AL$61) -> 6 | AN47: =AVERAGE(AL47:AL61) -> 202.8102 | AO47: 10 | AP47: 1260 | AQ47: 126 | AR47: =RANK(AQ47, AQ$47:AQ$61) -> 5 | AS47: =AVERAGE(AQ47:AQ61) -> 181.54159 | AT47: 10 | AU47: 1442.4 | AV47: 144.24 | AW47: =RANK(AV47, AV$47:AV$61) -> 5 | AX47: =AVERAGE(AV47:AV61) -> 185.00637
C48: 2 | D48: 雙饗雙手卷 | E48: 15 | F48: 1800 | G48: 120 | I48: =AVERAGE(P48,U48,Z48,AE48,AJ48,AO48,AT48) -> 12 | J48: =AVERAGE(Q48,V48,AA48,AF48,AK48,AP48,AU48) -> 1734.7639 | K48: =AVERAGE(R48,W48,AB48,AG48,AL48,AQ48,AV48) -> 144.56366 | M48: =RANK(K48, K$47:$K$61) -> 5 | P48: 12 | Q48: 1837.3333 | R48: 153.11111 | S48: =RANK(R48, R$47:R$61) -> 4 | U48: 12 | V48: 1708.8 | W48: 142.4 | X48: =RANK(W48, W$47:W$61) -> 6 | Z48: 12 | AA48: 1447 | AB48: 120.58333 | AC48: =RANK(AB48, AB$47:AB$61) -> 6 | AE48: 12 | AF48: 1714.5 | AG48: 142.875 | AH48: =RANK(AG48, AG$47:AG$61) -> 5 | AJ48: 12 | AK48: 1837.7143 | AL48: 153.14286 | AM48: =RANK(AL48, AL$47:AL$61) -> 4 | AO48: 12 | AP48: 1770 | AQ48: 147.5 | AR48: =RANK(AQ48, AQ$47:AQ$61) -> 3 | AT48: 12 | AU48: 1828 | AV48: 152.33333 | AW48: =RANK(AV48, AV$47:AV$61) -> 4
C49: 3 | D49: 海饌雙手卷 | E49: 15 | F49: 1800 | G49: 120 | I49: =AVERAGE(P49,U49,Z49,AE49,AJ49,AO49,AT49) -> 12 | J49: =AVERAGE(Q49,V49,AA49,AF49,AK49,AP49,AU49) -> 1765.3442 | K49: =AVERAGE(R49,W49,AB49,AG49,AL49,AQ49,AV49) -> 147.11202 | M49: =RANK(K49, K$47:$K$61) -> 4 | P49: 12 | Q49: 1830.6667 | R49: 152.55556 | S49: =RANK(R49, R$47:R$61) -> 5 | U49: 12 | V49: 1710 | W49: 142.5 | X49: =RANK(W49, W$47:W$61) -> 5 | Z49: 12 | AA49: 1747.2 | AB49: 145.6 | AC49: =RANK(AB49, AB$47:AB$61) -> 4 | AE49: 12 | AF49: 1722 | AG49: 143.5 | AH49: =RANK(AG49, AG$47:AG$61) -> 4 | AJ49: 12 | AK49: 1769.1429 | AL49: 147.42857 | AM49: =RANK(AL49, AL$47:AL$61) -> 5 | AO49: 12 | AP49: 1742.4 | AQ49: 145.2 | AR49: =RANK(AQ49, AQ$47:AQ$61) -> 4 | AT49: 12 | AU49: 1836 | AV49: 153 | AW49: =RANK(AV49, AV$47:AV$61) -> 3
C50: 4 | D50: 雙鬆細卷 | E50: 5 | F50: 1500 | G50: 300 | I50: =AVERAGE(P50,U50,Z50,AE50,AJ50,AO50,AT50) -> 6 | J50: =AVERAGE(Q50,V50,AA50,AF50,AK50,AP50,AU50) -> 1505.1519 | K50: =AVERAGE(R50,W50,AB50,AG50,AL50,AQ50,AV50) -> 250.85865 | M50: =RANK(K50, K$47:$K$61) -> 3 | P50: 6 | Q50: 1360 | R50: 226.66667 | S50: =RANK(R50, R$47:R$61) -> 3 | U50: 6 | V50: 1482 | W50: 247 | X50: =RANK(W50, W$47:W$61) -> 3 | Z50: 6 | AA50: 1557.7778 | AB50: 259.62963 | AC50: =RANK(AB50, AB$47:AB$61) -> 3 | AE50: 6 | AF50: 1574.2857 | AG50: 262.38095 | AH50: =RANK(AG50, AG$47:AG$61) -> 3 | AJ50: 6 | AK50: 1488 | AL50: 248 | AM50: =RANK(AL50, AL$47:AL$61) -> 3 | AO50: 6 | AP50: 1574 | AQ50: 262.33333 | AR50: =RANK(AQ50, AQ$47:AQ$61) -> 2 | AT50: 6 | AU50: 1500 | AV50: 250 | AW50: =RANK(AV50, AV$47:AV$61) -> 2
C51: 5 | D51: 經典鮪魚沙拉細卷 | E51: 5 | F51: 1500 | G51: 300 | I51: =AVERAGE(P51,U51,Z51,AE51,AJ51,AO51,AT51) -> 5 | J51: =AVERAGE(Q51,V51,AA51,AF51,AK51,AP51,AU51) -> 1569.139 | K51: =AVERAGE(R51,W51,AB51,AG51,AL51,AQ51,AV51) -> 313.82781 | M51: =RANK(K51, K$47:$K$61) -> 1 | P51: 5 | Q51: 1605 | R51: 321 | S51: =RANK(R51, R$47:R$61) -> 1 | U51: 5 | V51: 1474.0541 | W51: 294.81081 | X51: =RANK(W51, W$47:W$61) -> 1 | Z51: 5 | AA51: 1550.625 | AB51: 310.125 | AC51: =RANK(AB51, AB$47:AB$61) -> 1 | AE51: 5 | AF51: 1508.8889 | AG51: 301.77778 | AH51: =RANK(AG51, AG$47:AG$61) -> 1 | AJ51: 5 | AK51: 1860 | AL51: 372 | AM51: =RANK(AL51, AL$47:AL$61) -> 1 | AO51: 5 | AP51: 1521.0811 | AQ51: 304.21622 | AR51: =RANK(AQ51, AQ$47:AQ$61) -> 1 | AT51: 5 | AU51: 1464.3243 | AV51: 292.86486 | AW51: =RANK(AV51, AV$47:AV$61) -> 1
C52: 6 | D52: 香濃起司蟹風味棒細卷 | E52: 5 | F52: 1500 | G52: 300 | I52: =AVERAGE(P52,U52,Z52,AE52,AJ52,AO52,AT52) -> 5 | J52: =AVERAGE(Q52,V52,AA52,AF52,AK52,AP52,AU52) -> 1442.7565 | K52: =AVERAGE(R52,W52,AB52,AG52,AL52,AQ52,AV52) -> 288.5513 | M52: =RANK(K52, K$47:$K$61) -> 2 | P52: 5 | Q52: 1554.7826 | R52: 310.95652 | S52: =RANK(R52, R$47:R$61) -> 2 | U52: 5 | V52: 1470 | W52: 294 | X52: =RANK(W52, W$47:W$61) -> 2 | Z52: 5 | AA52: 1450 | AB52: 290 | AC52: =RANK(AB52, AB$47:AB$61) -> 2 | AE52: 5 | AF52: 1437 | AG52: 287.4 | AH52: =RANK(AG52, AG$47:AG$61) -> 2 | AJ52: 5 | AK52: 1302 | AL52: 260.4 | AM52: =RANK(AL52, AL$47:AL$61) -> 2 | AR52: =RANK(AQ52, AQ$47:AQ$61) -> #N/A | AW52: =RANK(AV52, AV$47:AV$61) -> #N/A
C53: 7 | D53: 明太子玉子脆卷 | E53: 15 | F53: 1200 | G53: 80 | I53: =AVERAGE(P53,U53,Z53,AE53,AJ53,AO53,AT53) -> 11.714286 | J53: =AVERAGE(Q53,V53,AA53,AF53,AK53,AP53,AU53) -> 1108.8 | K53: =AVERAGE(R53,W53,AB53,AG53,AL53,AQ53,AV53) -> 96.263736 | M53: =RANK(K53, K$47:$K$61) -> 7 | P53: 13 | Q53: 1195.2 | R53: 91.938462 | S53: =RANK(R53, R$47:R$61) -> 7 | U53: 13 | V53: 1082 | W53: 83.230769 | X53: =RANK(W53, W$47:W$61) -> 7 | Z53: 13 | AA53: 1142.4 | AB53: 87.876923 | AC53: =RANK(AB53, AB$47:AB$61) -> 7 | AE53: 13 | AF53: 1014 | AG53: 78 | AH53: =RANK(AG53, AG$47:AG$61) -> 7 | AJ53: 10 | AK53: 1112 | AL53: 111.2 | AM53: =RANK(AL53, AL$47:AL$61) -> 7 | AO53: 10 | AP53: 1040 | AQ53: 104 | AR53: =RANK(AQ53, AQ$47:AQ$61) -> 6 | AT53: 10 | AU53: 1176 | AV53: 117.6 | AW53: =RANK(AV53, AV$47:AV$61) -> 6
C54: 8 | M54: =RANK(K54, K$47:$K$61) -> #N/A | S54: =RANK(R54, R$47:R$61) -> #N/A | X54: =RANK(W54, W$47:W$61) -> #N/A | AC54: =RANK(AB54, AB$47:AB$61) -> #N/A | AH54: =RANK(AG54, AG$47:AG$61) -> #N/A | AM54: =RANK(AL54, AL$47:AL$61) -> #N/A | AR54: =RANK(AQ54, AQ$47:AQ$61) -> #N/A | AW54: =RANK(AV54, AV$47:AV$61) -> #N/A
C55: 9 | M55: =RANK(K55, K$47:$K$61) -> #N/A | S55: =RANK(R55, R$47:R$61) -> #N/A | X55: =RANK(W55, W$47:W$61) -> #N/A | AC55: =RANK(AB55, AB$47:AB$61) -> #N/A | AH55: =RANK(AG55, AG$47:AG$61) -> #N/A | AM55: =RANK(AL55, AL$47:AL$61) -> #N/A | AR55: =RANK(AQ55, AQ$47:AQ$61) -> #N/A | AW55: =RANK(AV55, AV$47:AV$61) -> #N/A
C56: 10 | M56: =RANK(K56, K$47:$K$61) -> #N/A | S56: =RANK(R56, R$47:R$61) -> #N/A | X56: =RANK(W56, W$47:W$61) -> #N/A | AC56: =RANK(AB56, AB$47:AB$61) -> #N/A | AH56: =RANK(AG56, AG$47:AG$61) -> #N/A | AM56: =RANK(AL56, AL$47:AL$61) -> #N/A | AR56: =RANK(AQ56, AQ$47:AQ$61) -> #N/A | AW56: =RANK(AV56, AV$47:AV$61) -> #N/A
C57: 11 | M57: =RANK(K57, K$47:$K$61) -> #N/A | S57: =RANK(R57, R$47:R$61) -> #N/A | X57: =RANK(W57, W$47:W$61) -> #N/A | AC57: =RANK(AB57, AB$47:AB$61) -> #N/A | AH57: =RANK(AG57, AG$47:AG$61) -> #N/A | AM57: =RANK(AL57, AL$47:AL$61) -> #N/A | AR57: =RANK(AQ57, AQ$47:AQ$61) -> #N/A | AW57: =RANK(AV57, AV$47:AV$61) -> #N/A
C58: 12 | M58: =RANK(K58, K$47:$K$61) -> #N/A | S58: =RANK(R58, R$47:R$61) -> #N/A | X58: =RANK(W58, W$47:W$61) -> #N/A | AC58: =RANK(AB58, AB$47:AB$61) -> #N/A | AH58: =RANK(AG58, AG$47:AG$61) -> #N/A | AM58: =RANK(AL58, AL$47:AL$61) -> #N/A | AR58: =RANK(AQ58, AQ$47:AQ$61) -> #N/A | AW58: =RANK(AV58, AV$47:AV$61) -> #N/A
C59: 13 | M59: =RANK(K59, K$47:$K$61) -> #N/A | S59: =RANK(R59, R$47:R$61) -> #N/A | X59: =RANK(W59, W$47:W$61) -> #N/A | AC59: =RANK(AB59, AB$47:AB$61) -> #N/A | AH59: =RANK(AG59, AG$47:AG$61) -> #N/A | AM59: =RANK(AL59, AL$47:AL$61) -> #N/A | AR59: =RANK(AQ59, AQ$47:AQ$61) -> #N/A | AW59: =RANK(AV59, AV$47:AV$61) -> #N/A
C60: 14 | M60: =RANK(K60, K$47:$K$61) -> #N/A | S60: =RANK(R60, R$47:R$61) -> #N/A | X60: =RANK(W60, W$47:W$61) -> #N/A | AC60: =RANK(AB60, AB$47:AB$61) -> #N/A | AH60: =RANK(AG60, AG$47:AG$61) -> #N/A | AM60: =RANK(AL60, AL$47:AL$61) -> #N/A | AR60: =RANK(AQ60, AQ$47:AQ$61) -> #N/A | AW60: =RANK(AV60, AV$47:AV$61) -> #N/A
C61: 15 | M61: =RANK(K61, K$47:$K$61) -> #N/A | S61: =RANK(R61, R$47:R$61) -> #N/A | X61: =RANK(W61, W$47:W$61) -> #N/A | AC61: =RANK(AB61, AB$47:AB$61) -> #N/A | AH61: =RANK(AG61, AG$47:AG$61) -> #N/A | AM61: =RANK(AL61, AL$47:AL$61) -> #N/A | AR61: =RANK(AQ61, AQ$47:AQ$61) -> #N/A | AW61: =RANK(AV61, AV$47:AV$61) -> #N/A
B62: 產線配置圖－每週更新 | N62: 資料繳交 | O62: 日期 | P62: =P42+7 -> 46372 | U62: =P62+1 -> 46373 | Z62: =U62+1 -> 46374 | AE62: =Z62+1 -> 46375 | AJ62: =AE62+1 -> 46376 | AO62: =AJ62+1 -> 46377 | AT62: =AO62+1 -> 46378
P63: 二 | U63: 三 | Z63: 四 | AE63: 五 | AJ63: 六 | AO63: 日 | AT63: 一
B64: 品群 | C64: 商品名稱 | E64: 計畫 | H64: 平均人時性 | I64: 實績 | L64: 平均人時性 | M64: 排名 | O64: 日報 | P64: 實際 | T64: 平均人時性 | U64: 實際 | Y64: 平均人時性 | Z64: 實際 | AD64: 平均人時性 | AE64: 實際 | AI64: 平均人時性 | AJ64: 實際 | AN64: 平均人時性 | AO64: 實際 | AS64: 平均人時性 | AT64: 實際 | AX64: 平均人時性
E65: 產線配置圖 | I65: 產線配置圖 | P65: 生產實績 | U65: 生產實績 | Z65: 生產實績 | AE65: 生產實績 | AJ65: 生產實績 | AO65: 生產實績 | AT65: 生產實績
E66: 人數 | F66: 產能／時 | G66: 人時性 | I66: 人數 | J66: 產能／時 | K66: 人時性 | P66: 人數 | Q66: 產能／時 | R66: 人時性 | S66: 排名 | U66: 人數 | V66: 產能／時 | W66: 人時性 | X66: 排名 | Z66: 人數 | AA66: 產能／時 | AB66: 人時性 | AC66: 排名 | AE66: 人數 | AF66: 產能／時 | AG66: 人時性 | AH66: 排名 | AJ66: 人數 | AK66: 產能／時 | AL66: 人時性 | AM66: 排名 | AO66: 人數 | AP66: 產能／時 | AQ66: 人時性 | AR66: 排名 | AT66: 人數 | AU66: 產能／時 | AV66: 人時性 | AW66: 排名
B67: 18℃-壽司手卷 | C67: 1 | D67: 長野稻荷壽司 | E67: 10 | F67: 1500 | G67: 150 | H67: =AVERAGE(G67:G81) -> 178.33333 | I67: =AVERAGE(P67,U67,Z67,AE67,AJ67,AO67,AT67) -> 10 | J67: =AVERAGE(Q67,V67,AA67,AF67,AK67,AP67,AU67) -> 1462.8 | K67: =AVERAGE(R67,W67,AB67,AG67,AL67,AQ67,AV67) -> 146.28 | L67: =IFERROR(AVERAGE(K67:K81),"-") -> 184.45442 | M67: =RANK(K67, K$67:$K$81) -> 3 | P67: 10 | Q67: 1464 | R67: 146.4 | S67: =RANK(R67, R$67:R$81) -> 4 | T67: =AVERAGE(R67:R81) -> 185.08517 | U67: 10 | V67: 1512 | W67: 151.2 | X67: =RANK(W67, W$67:W$81) -> 5 | Y67: =AVERAGE(W67:W81) -> 186.86534 | Z67: 10 | AA67: 1444.8 | AB67: 144.48 | AC67: =RANK(AB67, AB$67:AB$81) -> 5 | AD67: =AVERAGE(AB67:AB81) -> 193.08957 | AE67: 10 | AF67: 1422 | AG67: 142.2 | AH67: =RANK(AG67, AG$67:AG$81) -> 4 | AI67: =AVERAGE(AG67:AG81) -> 185.42795 | AJ67: 10 | AK67: 1347 | AL67: 134.7 | AM67: =RANK(AL67, AL$67:AL$81) -> 5 | AN67: =AVERAGE(AL67:AL81) -> 174.84259 | AO67: 10 | AP67: 1384.8 | AQ67: 138.48 | AR67: =RANK(AQ67, AQ$67:AQ$81) -> 3 | AS67: =AVERAGE(AQ67:AQ81) -> 175.62612 | AT67: 10 | AU67: 1665 | AV67: 166.5 | AW67: =RANK(AV67, AV$67:AV$81) -> 3 | AX67: =AVERAGE(AV67:AV81) -> 190.24423
C68: 2 | D68: 雙饗雙手卷 | E68: 15 | F68: 1800 | G68: 120 | I68: =AVERAGE(P68,U68,Z68,AE68,AJ68,AO68,AT68) -> 12.285714 | J68: =AVERAGE(Q68,V68,AA68,AF68,AK68,AP68,AU68) -> 1761.6476 | K68: =AVERAGE(R68,W68,AB68,AG68,AL68,AQ68,AV68) -> 143.95499 | M68: =RANK(K68, K$67:$K$81) -> 5 | P68: 12 | Q68: 1778.6667 | R68: 148.22222 | S68: =RANK(R68, R$67:R$81) -> 3 | U68: 12 | V68: 1828 | W68: 152.33333 | X68: =RANK(W68, W$67:W$81) -> 3 | Z68: 12 | AA68: 1849.3333 | AB68: 154.11111 | AC68: =RANK(AB68, AB$67:AB$81) -> 3 | AE68: 12 | AF68: 1704 | AG68: 142 | AH68: =RANK(AG68, AG$67:AG$81) -> 5 | AJ68: 12 | AK68: 1719 | AL68: 143.25 | AM68: =RANK(AL68, AL$67:AL$81) -> 3 | AO68: 14 | AP68: 1675.2 | AQ68: 119.65714 | AR68: =RANK(AQ68, AQ$67:AQ$81) -> 5 | AT68: 12 | AU68: 1777.3333 | AV68: 148.11111 | AW68: =RANK(AV68, AV$67:AV$81) -> 4
C69: 3 | D69: 海饌雙手卷 | E69: 15 | F69: 1800 | G69: 120 | I69: =AVERAGE(P69,U69,Z69,AE69,AJ69,AO69,AT69) -> 12.285714 | J69: =AVERAGE(Q69,V69,AA69,AF69,AK69,AP69,AU69) -> 1763.6122 | K69: =AVERAGE(R69,W69,AB69,AG69,AL69,AQ69,AV69) -> 144.05952 | M69: =RANK(K69, K$67:$K$81) -> 4 | P69: 12 | Q69: 1734.6667 | R69: 144.55556 | S69: =RANK(R69, R$67:R$81) -> 5 | U69: 12 | V69: 1817.3333 | W69: 151.44444 | X69: =RANK(W69, W$67:W$81) -> 4 | Z69: 12 | AA69: 1846.6667 | AB69: 153.88889 | AC69: =RANK(AB69, AB$67:AB$81) -> 4 | AE69: 12 | AF69: 1846.2857 | AG69: 153.85714 | AH69: =RANK(AG69, AG$67:AG$81) -> 3 | AJ69: 12 | AK69: 1665 | AL69: 138.75 | AM69: =RANK(AL69, AL$67:AL$81) -> 4 | AO69: 14 | AP69: 1710 | AQ69: 122.14286 | AR69: =RANK(AQ69, AQ$67:AQ$81) -> 4 | AT69: 12 | AU69: 1725.3333 | AV69: 143.77778 | AW69: =RANK(AV69, AV$67:AV$81) -> 5
C70: 4 | D70: 雙鬆細卷 | E70: 5 | F70: 1500 | G70: 300 | I70: =AVERAGE(P70,U70,Z70,AE70,AJ70,AO70,AT70) -> 6 | J70: =AVERAGE(Q70,V70,AA70,AF70,AK70,AP70,AU70) -> 1525.6187 | K70: =AVERAGE(R70,W70,AB70,AG70,AL70,AQ70,AV70) -> 254.26978 | M70: =RANK(K70, K$67:$K$81) -> 2 | P70: 6 | Q70: 1523.0769 | R70: 253.84615 | S70: =RANK(R70, R$67:R$81) -> 2 | U70: 6 | V70: 1549.2857 | W70: 258.21429 | X70: =RANK(W70, W$67:W$81) -> 2 | Z70: 6 | AA70: 1544.4444 | AB70: 257.40741 | AC70: =RANK(AB70, AB$67:AB$81) -> 2 | AE70: 6 | AF70: 1510.4348 | AG70: 251.73913 | AH70: =RANK(AG70, AG$67:AG$81) -> 2 | AJ70: 6 | AK70: 1460 | AL70: 243.33333 | AM70: =RANK(AL70, AL$67:AL$81) -> 2 | AO70: 6 | AP70: 1548.8889 | AQ70: 258.14815 | AR70: =RANK(AQ70, AQ$67:AQ$81) -> 2 | AT70: 6 | AU70: 1543.2 | AV70: 257.2 | AW70: =RANK(AV70, AV$67:AV$81) -> 2
C71: 5 | D71: 經典鮪魚沙拉細卷 | E71: 5 | F71: 1500 | G71: 300 | I71: =AVERAGE(P71,U71,Z71,AE71,AJ71,AO71,AT71) -> 5 | J71: =AVERAGE(Q71,V71,AA71,AF71,AK71,AP71,AU71) -> 1524.0684 | K71: =AVERAGE(R71,W71,AB71,AG71,AL71,AQ71,AV71) -> 304.81368 | M71: =RANK(K71, K$67:$K$81) -> 1 | P71: 5 | Q71: 1528.2353 | R71: 305.64706 | S71: =RANK(R71, R$67:R$81) -> 1 | U71: 5 | V71: 1560 | W71: 312 | X71: =RANK(W71, W$67:W$81) -> 1 | Z71: 5 | AA71: 1586.25 | AB71: 317.25 | AC71: =RANK(AB71, AB$67:AB$81) -> 1 | AE71: 5 | AF71: 1497.8571 | AG71: 299.57143 | AH71: =RANK(AG71, AG$67:AG$81) -> 1 | AJ71: 5 | AK71: 1451.1111 | AL71: 290.22222 | AM71: =RANK(AL71, AL$67:AL$81) -> 1 | AO71: 5 | AP71: 1529.1429 | AQ71: 305.82857 | AR71: =RANK(AQ71, AQ$67:AQ$81) -> 1 | AT71: 5 | AU71: 1515.8824 | AV71: 303.17647 | AW71: =RANK(AV71, AV$67:AV$81) -> 1
C72: 6 | D72: 明太子玉子脆卷 | E72: 15 | F72: 1200 | G72: 80 | I72: =AVERAGE(P72,U72,Z72,AE72,AJ72,AO72,AT72) -> 10.571429 | J72: =AVERAGE(Q72,V72,AA72,AF72,AK72,AP72,AU72) -> 1192.2 | K72: =AVERAGE(R72,W72,AB72,AG72,AL72,AQ72,AV72) -> 113.34857 | M72: =RANK(K72, K$67:$K$81) -> 6 | P72: 10 | Q72: 1118.4 | R72: 111.84 | S72: =RANK(R72, R$67:R$81) -> 6 | U72: 12 | V72: 1152 | W72: 96 | X72: =RANK(W72, W$67:W$81) -> 6 | Z72: 10 | AA72: 1314 | AB72: 131.4 | AC72: =RANK(AB72, AB$67:AB$81) -> 6 | AE72: 10 | AF72: 1232 | AG72: 123.2 | AH72: =RANK(AG72, AG$67:AG$81) -> 6 | AJ72: 10 | AK72: 988 | AL72: 98.8 | AM72: =RANK(AL72, AL$67:AL$81) -> 6 | AO72: 12 | AP72: 1314 | AQ72: 109.5 | AR72: =RANK(AQ72, AQ$67:AQ$81) -> 6 | AT72: 10 | AU72: 1227 | AV72: 122.7 | AW72: =RANK(AV72, AV$67:AV$81) -> 6
C73: 7 | M73: =RANK(K73, K$67:$K$81) -> #N/A | S73: =RANK(R73, R$67:R$81) -> #N/A | X73: =RANK(W73, W$67:W$81) -> #N/A | AC73: =RANK(AB73, AB$67:AB$81) -> #N/A | AH73: =RANK(AG73, AG$67:AG$81) -> #N/A | AM73: =RANK(AL73, AL$67:AL$81) -> #N/A | AR73: =RANK(AQ73, AQ$67:AQ$81) -> #N/A | AW73: =RANK(AV73, AV$67:AV$81) -> #N/A
C74: 8 | M74: =RANK(K74, K$67:$K$81) -> #N/A | S74: =RANK(R74, R$67:R$81) -> #N/A | X74: =RANK(W74, W$67:W$81) -> #N/A | AC74: =RANK(AB74, AB$67:AB$81) -> #N/A | AH74: =RANK(AG74, AG$67:AG$81) -> #N/A | AM74: =RANK(AL74, AL$67:AL$81) -> #N/A | AR74: =RANK(AQ74, AQ$67:AQ$81) -> #N/A | AW74: =RANK(AV74, AV$67:AV$81) -> #N/A
C75: 9 | M75: =RANK(K75, K$67:$K$81) -> #N/A | S75: =RANK(R75, R$67:R$81) -> #N/A | X75: =RANK(W75, W$67:W$81) -> #N/A | AC75: =RANK(AB75, AB$67:AB$81) -> #N/A | AH75: =RANK(AG75, AG$67:AG$81) -> #N/A | AM75: =RANK(AL75, AL$67:AL$81) -> #N/A | AR75: =RANK(AQ75, AQ$67:AQ$81) -> #N/A | AW75: =RANK(AV75, AV$67:AV$81) -> #N/A
C76: 10 | M76: =RANK(K76, K$67:$K$81) -> #N/A | S76: =RANK(R76, R$67:R$81) -> #N/A | X76: =RANK(W76, W$67:W$81) -> #N/A | AC76: =RANK(AB76, AB$67:AB$81) -> #N/A | AH76: =RANK(AG76, AG$67:AG$81) -> #N/A | AM76: =RANK(AL76, AL$67:AL$81) -> #N/A | AR76: =RANK(AQ76, AQ$67:AQ$81) -> #N/A | AW76: =RANK(AV76, AV$67:AV$81) -> #N/A
C77: 11 | M77: =RANK(K77, K$67:$K$81) -> #N/A | S77: =RANK(R77, R$67:R$81) -> #N/A | X77: =RANK(W77, W$67:W$81) -> #N/A | AC77: =RANK(AB77, AB$67:AB$81) -> #N/A | AH77: =RANK(AG77, AG$67:AG$81) -> #N/A | AM77: =RANK(AL77, AL$67:AL$81) -> #N/A | AR77: =RANK(AQ77, AQ$67:AQ$81) -> #N/A | AW77: =RANK(AV77, AV$67:AV$81) -> #N/A
C78: 12 | M78: =RANK(K78, K$67:$K$81) -> #N/A | S78: =RANK(R78, R$67:R$81) -> #N/A | X78: =RANK(W78, W$67:W$81) -> #N/A | AC78: =RANK(AB78, AB$67:AB$81) -> #N/A | AH78: =RANK(AG78, AG$67:AG$81) -> #N/A | AM78: =RANK(AL78, AL$67:AL$81) -> #N/A | AR78: =RANK(AQ78, AQ$67:AQ$81) -> #N/A | AW78: =RANK(AV78, AV$67:AV$81) -> #N/A
C79: 13 | M79: =RANK(K79, K$67:$K$81) -> #N/A | S79: =RANK(R79, R$67:R$81) -> #N/A | X79: =RANK(W79, W$67:W$81) -> #N/A | AC79: =RANK(AB79, AB$67:AB$81) -> #N/A | AH79: =RANK(AG79, AG$67:AG$81) -> #N/A | AM79: =RANK(AL79, AL$67:AL$81) -> #N/A | AR79: =RANK(AQ79, AQ$67:AQ$81) -> #N/A | AW79: =RANK(AV79, AV$67:AV$81) -> #N/A
C80: 14 | M80: =RANK(K80, K$67:$K$81) -> #N/A | S80: =RANK(R80, R$67:R$81) -> #N/A | X80: =RANK(W80, W$67:W$81) -> #N/A | AC80: =RANK(AB80, AB$67:AB$81) -> #N/A | AH80: =RANK(AG80, AG$67:AG$81) -> #N/A | AM80: =RANK(AL80, AL$67:AL$81) -> #N/A | AR80: =RANK(AQ80, AQ$67:AQ$81) -> #N/A | AW80: =RANK(AV80, AV$67:AV$81) -> #N/A
C81: 15 | M81: =RANK(K81, K$67:$K$81) -> #N/A | S81: =RANK(R81, R$67:R$81) -> #N/A | X81: =RANK(W81, W$67:W$81) -> #N/A | AC81: =RANK(AB81, AB$67:AB$81) -> #N/A | AH81: =RANK(AG81, AG$67:AG$81) -> #N/A | AM81: =RANK(AL81, AL$67:AL$81) -> #N/A | AR81: =RANK(AQ81, AQ$67:AQ$81) -> #N/A | AW81: =RANK(AV81, AV$67:AV$81) -> #N/A
B82: 產線配置圖－每週更新 | N82: 資料繳交 | O82: 日期 | P82: =P62+7 -> 46379 | U82: =P82+1 -> 46380 | Z82: =U82+1 -> 46381 | AE82: =Z82+1 -> 46382 | AJ82: =AE82+1 -> 46383 | AO82: =AJ82+1 -> 46384
P83: 二 | U83: 三 | Z83: 四 | AE83: 五 | AJ83: 六 | AO83: 日
B84: 品群 | C84: 商品名稱 | E84: 計畫 | H84: 平均人時性 | I84: 實績 | L84: 平均人時性 | M84: 排名 | O84: 日報 | P84: 實際 | T84: 平均人時性 | U84: 實際 | Y84: 平均人時性 | Z84: 實際 | AD84: 平均人時性 | AE84: 實際 | AI84: 平均人時性 | AJ84: 實際 | AN84: 平均人時性 | AO84: 實際 | AS84: 平均人時性 | AT84: 實際 | AX84: 平均人時性
E85: 產線配置圖 | I85: 產線配置圖 | P85: 生產實績 | U85: 生產實績 | Z85: 生產實績 | AE85: 生產實績 | AJ85: 生產實績 | AO85: 生產實績 | AT85: 生產實績
E86: 人數 | F86: 產能／時 | G86: 人時性 | I86: 人數 | J86: 產能／時 | K86: 人時性 | P86: 人數 | Q86: 產能／時 | R86: 人時性 | S86: 排名 | U86: 人數 | V86: 產能／時 | W86: 人時性 | X86: 排名 | Z86: 人數 | AA86: 產能／時 | AB86: 人時性 | AC86: 排名 | AE86: 人數 | AF86: 產能／時 | AG86: 人時性 | AH86: 排名 | AJ86: 人數 | AK86: 產能／時 | AL86: 人時性 | AM86: 排名 | AO86: 人數 | AP86: 產能／時 | AQ86: 人時性 | AR86: 排名 | AT86: 人數 | AU86: 產能／時 | AV86: 人時性 | AW86: 排名
B87: 18℃-壽司手卷 | C87: 1 | D87: 長野稻荷壽司 | E87: 10 | F87: 1500 | G87: 150 | H87: =AVERAGE(G87:G101) -> 167.14286 | I87: =AVERAGE(P87,U87,Z87,AE87,AJ87,AO87,AT87) -> 10 | J87: =AVERAGE(Q87,V87,AA87,AF87,AK87,AP87,AU87) -> 1401.6857 | K87: =AVERAGE(R87,W87,AB87,AG87,AL87,AQ87,AV87) -> 140.16857 | L87: =IFERROR(AVERAGE(K87:K101),"-") -> 168.27661 | M87: =RANK(K87, K$87:$K$101) -> 5 | P87: 10 | Q87: 1411.2 | R87: 141.12 | S87: =RANK(R87, R$87:R$101) -> 5 | T87: =AVERAGE(R87:R101) -> 171.90791 | U87: 10 | V87: 1536 | W87: 153.6 | X87: =RANK(W87, W$87:W$101) -> 3 | Y87: =AVERAGE(W87:W101) -> 170.85176 | Z87: 10 | AA87: 1365.6 | AB87: 136.56 | AC87: =RANK(AB87, AB$87:AB$101) -> 5 | AD87: =AVERAGE(AB87:AB101) -> 171.01175 | AE87: 10 | AF87: 1314 | AG87: 131.4 | AH87: =RANK(AG87, AG$87:AG$101) -> 6 | AI87: =AVERAGE(AG87:AG101) -> 166.27429 | AJ87: 10 | AK87: 1209 | AL87: 120.9 | AM87: =RANK(AL87, AL$87:AL$101) -> 5 | AN87: =AVERAGE(AL87:AL101) -> 170.76457 | AO87: 10 | AP87: 1380 | AQ87: 138 | AR87: =RANK(AQ87, AQ$87:AQ$101) -> 3 | AS87: =AVERAGE(AQ87:AQ101) -> 159.9959 | AT87: 10 | AU87: 1596 | AV87: 159.6 | AW87: =RANK(AV87, AV$87:AV$101) -> 5 | AX87: =AVERAGE(AV87:AV101) -> 167.1301
C88: 2 | D88: 雙饗雙手卷 | E88: 15 | F88: 1800 | G88: 120 | I88: =AVERAGE(P88,U88,Z88,AE88,AJ88,AO88,AT88) -> 12.285714 | J88: =AVERAGE(Q88,V88,AA88,AF88,AK88,AP88,AU88) -> 1808.4218 | K88: =AVERAGE(R88,W88,AB88,AG88,AL88,AQ88,AV88) -> 147.59977 | M88: =RANK(K88, K$87:$K$101) -> 3 | P88: 12 | Q88: 1830.6667 | R88: 152.55556 | S88: =RANK(R88, R$87:R$101) -> 3 | U88: 12 | V88: 1696 | W88: 141.33333 | X88: =RANK(W88, W$87:W$101) -> 4 | Z88: 12 | AA88: 1880 | AB88: 156.66667 | AC88: =RANK(AB88, AB$87:AB$101) -> 3 | AE88: 12 | AF88: 1674 | AG88: 139.5 | AH88: =RANK(AG88, AG$87:AG$101) -> 4 | AJ88: 12 | AK88: 1834.2857 | AL88: 152.85714 | AM88: =RANK(AL88, AL$87:AL$101) -> 3 | AO88: 14 | AP88: 1824 | AQ88: 130.28571 | AR88: =RANK(AQ88, AQ$87:AQ$101) -> 4 | AT88: 12 | AU88: 1920 | AV88: 160 | AW88: =RANK(AV88, AV$87:AV$101) -> 3
C89: 3 | D89: 海饌雙手卷 | E89: 15 | F89: 1800 | G89: 120 | I89: =AVERAGE(P89,U89,Z89,AE89,AJ89,AO89,AT89) -> 12.285714 | J89: =AVERAGE(Q89,V89,AA89,AF89,AK89,AP89,AU89) -> 1781.4864 | K89: =AVERAGE(R89,W89,AB89,AG89,AL89,AQ89,AV89) -> 145.3801 | M89: =RANK(K89, K$87:$K$101) -> 4 | P89: 12 | Q89: 1814.6667 | R89: 151.22222 | S89: =RANK(R89, R$87:R$101) -> 4 | U89: 12 | V89: 1686.6667 | W89: 140.55556 | X89: =RANK(W89, W$87:W$101) -> 5 | Z89: 12 | AA89: 1878.6667 | AB89: 156.55556 | AC89: =RANK(AB89, AB$87:AB$101) -> 4 | AE89: 12 | AF89: 1593 | AG89: 132.75 | AH89: =RANK(AG89, AG$87:AG$101) -> 5 | AJ89: 12 | AK89: 1772.5714 | AL89: 147.71429 | AM89: =RANK(AL89, AL$87:AL$101) -> 4 | AO89: 14 | AP89: 1809.3333 | AQ89: 129.2381 | AR89: =RANK(AQ89, AQ$87:AQ$101) -> 5 | AT89: 12 | AU89: 1915.5 | AV89: 159.625 | AW89: =RANK(AV89, AV$87:AV$101) -> 4
C90: 4 | D90: 雙鬆細卷 | E90: 5 | F90: 1500 | G90: 300 | I90: =AVERAGE(P90,U90,Z90,AE90,AJ90,AO90,AT90) -> 6 | J90: =AVERAGE(Q90,V90,AA90,AF90,AK90,AP90,AU90) -> 1501.2146 | K90: =AVERAGE(R90,W90,AB90,AG90,AL90,AQ90,AV90) -> 250.20243 | M90: =RANK(K90, K$87:$K$101) -> 2 | P90: 6 | Q90: 1573.6364 | R90: 262.27273 | S90: =RANK(R90, R$87:R$101) -> 2 | U90: 6 | V90: 1509.2308 | W90: 251.53846 | X90: =RANK(W90, W$87:W$101) -> 2 | Z90: 6 | AA90: 1509.6 | AB90: 251.6 | AC90: =RANK(AB90, AB$87:AB$101) -> 2 | AE90: 6 | AF90: 1464 | AG90: 244 | AH90: =RANK(AG90, AG$87:AG$101) -> 2 | AJ90: 6 | AK90: 1600 | AL90: 266.66667 | AM90: =RANK(AL90, AL$87:AL$101) -> 2 | AO90: 6 | AP90: 1510.4348 | AQ90: 251.73913 | AR90: =RANK(AQ90, AQ$87:AQ$101) -> 2 | AT90: 6 | AU90: 1341.6 | AV90: 223.6 | AW90: =RANK(AV90, AV$87:AV$101) -> 2
C91: 5 | D91: 經典鮪魚沙拉細卷 | E91: 5 | F91: 1500 | G91: 300 | I91: =AVERAGE(P91,U91,Z91,AE91,AJ91,AO91,AT91) -> 5 | J91: =AVERAGE(Q91,V91,AA91,AF91,AK91,AP91,AU91) -> 1484.8775 | K91: =AVERAGE(R91,W91,AB91,AG91,AL91,AQ91,AV91) -> 296.97549 | M91: =RANK(K91, K$87:$K$101) -> 1 | P91: 5 | Q91: 1528 | R91: 305.6 | S91: =RANK(R91, R$87:R$101) -> 1 | U91: 5 | V91: 1501.875 | W91: 300.375 | X91: =RANK(W91, W$87:W$101) -> 1 | Z91: 5 | AA91: 1552 | AB91: 310.4 | AC91: =RANK(AB91, AB$87:AB$101) -> 1 | AE91: 5 | AF91: 1473.6 | AG91: 294.72 | AH91: =RANK(AG91, AG$87:AG$101) -> 1 | AJ91: 5 | AK91: 1546.3636 | AL91: 309.27273 | AM91: =RANK(AL91, AL$87:AL$101) -> 1 | AO91: 5 | AP91: 1516.875 | AQ91: 303.375 | AR91: =RANK(AQ91, AQ$87:AQ$101) -> 1 | AT91: 5 | AU91: 1275.4286 | AV91: 255.08571 | AW91: =RANK(AV91, AV$87:AV$101) -> 1
C92: 6 | D92: 明太子玉子脆卷 | E92: 15 | F92: 1200 | G92: 80 | I92: =AVERAGE(P92,U92,Z92,AE92,AJ92,AO92,AT92) -> 10.285714 | J92: =AVERAGE(Q92,V92,AA92,AF92,AK92,AP92,AU92) -> 1215.4286 | K92: =AVERAGE(R92,W92,AB92,AG92,AL92,AQ92,AV92) -> 119.02857 | M92: =RANK(K92, K$87:$K$101) -> 6 | P92: 10 | Q92: 1101 | R92: 110.1 | S92: =RANK(R92, R$87:R$101) -> 6 | U92: 10 | V92: 1290 | W92: 129 | X92: =RANK(W92, W$87:W$101) -> 6 | Z92: 10 | AA92: 1089 | AB92: 108.9 | AC92: =RANK(AB92, AB$87:AB$101) -> 6 | AE92: 10 | AF92: 1434 | AG92: 143.4 | AH92: =RANK(AG92, AG$87:AG$101) -> 3 | AJ92: 10 | AK92: 1194 | AL92: 119.4 | AM92: =RANK(AL92, AL$87:AL$101) -> 6 | AO92: 12 | AP92: 1056 | AQ92: 88 | AR92: =RANK(AQ92, AQ$87:AQ$101) -> 6 | AT92: 10 | AU92: 1344 | AV92: 134.4 | AW92: =RANK(AV92, AV$87:AV$101) -> 6
C93: 7 | D93: 核桃腰果稻荷壽司組 | E93: 13 | F93: 1300 | G93: 100 | I93: =AVERAGE(P93,U93,Z93,AE93,AJ93,AO93,AT93) -> 15 | J93: =AVERAGE(Q93,V93,AA93,AF93,AK93,AP93,AU93) -> 1178.7201 | K93: =AVERAGE(R93,W93,AB93,AG93,AL93,AQ93,AV93) -> 78.581337 | M93: =RANK(K93, K$87:$K$101) -> 7 | P93: 15 | Q93: 1207.2727 | R93: 80.484848 | S93: =RANK(R93, R$87:R$101) -> 7 | U93: 15 | V93: 1193.4 | W93: 79.56 | X93: =RANK(W93, W$87:W$101) -> 7 | Z93: 15 | AA93: 1146 | AB93: 76.4 | AC93: =RANK(AB93, AB$87:AB$101) -> 7 | AE93: 15 | AF93: 1172.25 | AG93: 78.15 | AH93: =RANK(AG93, AG$87:AG$101) -> 7 | AJ93: 15 | AK93: 1178.1176 | AL93: 78.541176 | AM93: =RANK(AL93, AL$87:AL$101) -> 7 | AO93: 15 | AP93: 1190 | AQ93: 79.333333 | AR93: =RANK(AQ93, AQ$87:AQ$101) -> 7 | AT93: 15 | AU93: 1164 | AV93: 77.6 | AW93: =RANK(AV93, AV$87:AV$101) -> 7
C94: 8 | M94: =RANK(K94, K$87:$K$101) -> #N/A | S94: =RANK(R94, R$87:R$101) -> #N/A | X94: =RANK(W94, W$87:W$101) -> #N/A | AC94: =RANK(AB94, AB$87:AB$101) -> #N/A | AH94: =RANK(AG94, AG$87:AG$101) -> #N/A | AM94: =RANK(AL94, AL$87:AL$101) -> #N/A | AR94: =RANK(AQ94, AQ$87:AQ$101) -> #N/A | AW94: =RANK(AV94, AV$87:AV$101) -> #N/A
C95: 9 | M95: =RANK(K95, K$87:$K$101) -> #N/A | S95: =RANK(R95, R$87:R$101) -> #N/A | X95: =RANK(W95, W$87:W$101) -> #N/A | AC95: =RANK(AB95, AB$87:AB$101) -> #N/A | AH95: =RANK(AG95, AG$87:AG$101) -> #N/A | AM95: =RANK(AL95, AL$87:AL$101) -> #N/A | AR95: =RANK(AQ95, AQ$87:AQ$101) -> #N/A | AW95: =RANK(AV95, AV$87:AV$101) -> #N/A
C96: 10 | M96: =RANK(K96, K$87:$K$101) -> #N/A | S96: =RANK(R96, R$87:R$101) -> #N/A | X96: =RANK(W96, W$87:W$101) -> #N/A | AC96: =RANK(AB96, AB$87:AB$101) -> #N/A | AH96: =RANK(AG96, AG$87:AG$101) -> #N/A | AM96: =RANK(AL96, AL$87:AL$101) -> #N/A | AR96: =RANK(AQ96, AQ$87:AQ$101) -> #N/A | AW96: =RANK(AV96, AV$87:AV$101) -> #N/A
C97: 11 | M97: =RANK(K97, K$87:$K$101) -> #N/A | S97: =RANK(R97, R$87:R$101) -> #N/A | X97: =RANK(W97, W$87:W$101) -> #N/A | AC97: =RANK(AB97, AB$87:AB$101) -> #N/A | AH97: =RANK(AG97, AG$87:AG$101) -> #N/A | AM97: =RANK(AL97, AL$87:AL$101) -> #N/A | AR97: =RANK(AQ97, AQ$87:AQ$101) -> #N/A | AW97: =RANK(AV97, AV$87:AV$101) -> #N/A
C98: 12 | M98: =RANK(K98, K$87:$K$101) -> #N/A | S98: =RANK(R98, R$87:R$101) -> #N/A | X98: =RANK(W98, W$87:W$101) -> #N/A | AC98: =RANK(AB98, AB$87:AB$101) -> #N/A | AH98: =RANK(AG98, AG$87:AG$101) -> #N/A | AM98: =RANK(AL98, AL$87:AL$101) -> #N/A | AR98: =RANK(AQ98, AQ$87:AQ$101) -> #N/A | AW98: =RANK(AV98, AV$87:AV$101) -> #N/A
C99: 13 | M99: =RANK(K99, K$87:$K$101) -> #N/A | S99: =RANK(R99, R$87:R$101) -> #N/A | X99: =RANK(W99, W$87:W$101) -> #N/A | AC99: =RANK(AB99, AB$87:AB$101) -> #N/A | AH99: =RANK(AG99, AG$87:AG$101) -> #N/A | AM99: =RANK(AL99, AL$87:AL$101) -> #N/A | AR99: =RANK(AQ99, AQ$87:AQ$101) -> #N/A | AW99: =RANK(AV99, AV$87:AV$101) -> #N/A
C100: 14 | M100: =RANK(K100, K$87:$K$101) -> #N/A | S100: =RANK(R100, R$87:R$101) -> #N/A | X100: =RANK(W100, W$87:W$101) -> #N/A | AC100: =RANK(AB100, AB$87:AB$101) -> #N/A | AH100: =RANK(AG100, AG$87:AG$101) -> #N/A | AM100: =RANK(AL100, AL$87:AL$101) -> #N/A | AR100: =RANK(AQ100, AQ$87:AQ$101) -> #N/A | AW100: =RANK(AV100, AV$87:AV$101) -> #N/A
...

Sheet （５-3）品群別人時生產性（4℃-飯糰)
B1: 月平均人時性 | C1: =AVERAGE(L7,L27,L47,L67,L87,L107) -> 269.01437
B2: 產線配置圖－每週更新 | N2: 資料繳交 | O2: 日期 | AJ2: 45962 | AO2: =AJ2+1 -> 45963 | AT2: 46357
AJ3: 六 | AO3: 日 | AT3: 一
B4: 品群 | C4: 商品名稱 | E4: 計畫 | H4: 平均人時性 | I4: 實績 | L4: 平均人時性 | M4: 排名 | O4: 日報 | P4: 實際 | T4: 平均人時性 | U4: 實際 | Y4: 平均人時性 | Z4: 實際 | AD4: 平均人時性 | AE4: 實際 | AI4: 平均人時性 | AJ4: 實際 | AN4: 平均人時性 | AO4: 實際 | AS4: 平均人時性 | AT4: 實際 | AX4: 平均人時性
E5: 產線配置圖 | I5: 產線配置圖 | P5: 生產實績 | U5: 生產實績 | Z5: 生產實績 | AE5: 生產實績 | AJ5: 生產實績 | AO5: 生產實績 | AT5: 生產實績
E6: 人數 | F6: 產能／時 | G6: 人時性 | I6: 人數 | J6: 產能／時 | K6: 人時性 | P6: 人數 | Q6: 產能／時 | R6: 人時性 | S6: 排名 | U6: 人數 | V6: 產能／時 | W6: 人時性 | X6: 排名 | Z6: 人數 | AA6: 產能／時 | AB6: 人時性 | AC6: 排名 | AE6: 人數 | AF6: 產能／時 | AG6: 人時性 | AH6: 排名 | AJ6: 人數 | AK6: 產能／時 | AL6: 人時性 | AM6: 排名 | AO6: 人數 | AP6: 產能／時 | AQ6: 人時性 | AR6: 排名 | AT6: 人數 | AU6: 產能／時 | AV6: 人時性 | AW6: 排名
B7: 4℃-飯糰 | C7: 1 | D7: 淡麗清酒蒸蛤蜊烤飯糰 | E7: 4 | F7: 2000 | G7: 500 | H7: =AVERAGE(G7:G21) -> 261.87789 | I7: =AVERAGE(P7,U7,Z7,AE7,AJ7,AO7,AT7) -> 4 | J7: =AVERAGE(Q7,V7,AA7,AF7,AK7,AP7,AU7) -> 2105.7143 | K7: =AVERAGE(R7,W7,AB7,AG7,AL7,AQ7,AV7) -> 526.42857 | L7: =IFERROR(AVERAGE(K7:K21),"-") -> 263.75908 | M7: =RANK(K7, $K$7:K$21) -> 2 | S7: =RANK(R7, R$7:R$21) -> #N/A | T7: =AVERAGE(R7:R21) -> #DIV/0! | X7: =RANK(W7, W$7:W$21) -> #N/A | Y7: =AVERAGE(W7:W21) -> #DIV/0! | AC7: =RANK(AB7, AB$7:AB$21) -> #N/A | AD7: =AVERAGE(AB7:AB21) -> #DIV/0! | AH7: =RANK(AG7, AG$7:AG$21) -> #N/A | AI7: =AVERAGE(AG7:AG21) -> #DIV/0! | AM7: =RANK(AL7, AL$7:AL$21) -> #N/A | AN7: =AVERAGE(AL7:AL21) -> #DIV/0! | AR7: =RANK(AQ7, AQ$7:AQ$21) -> #N/A | AS7: =AVERAGE(AQ7:AQ21) -> #DIV/0! | AT7: 4 | AU7: 2105.7143 | AV7: 526.42857 | AW7: =RANK(AV7, AV$7:AV$21) -> 2 | AX7: =AVERAGE(AV7:AV21) -> 263.75908 | AZ7: =RANK(AX7, $K$7:AX$21) -> #N/A | BB7: =RANK(BA7, BA$7:BA$21) -> #N/A
C8: 2 | D8: 糖燻野郎起司炙燒牛烤飯糰 | E8: 4 | F8: 2000 | G8: 500 | I8: =AVERAGE(P8,U8,Z8,AE8,AJ8,AO8,AT8) -> 4 | J8: =AVERAGE(Q8,V8,AA8,AF8,AK8,AP8,AU8) -> 2109.6 | K8: =AVERAGE(R8,W8,AB8,AG8,AL8,AQ8,AV8) -> 527.4 | M8: =RANK(K8, $K$7:K$21) -> 1 | S8: =RANK(R8, R$7:R$21) -> #N/A | X8: =RANK(W8, W$7:W$21) -> #N/A | AC8: =RANK(AB8, AB$7:AB$21) -> #N/A | AH8: =RANK(AG8, AG$7:AG$21) -> #N/A | AM8: =RANK(AL8, AL$7:AL$21) -> #N/A | AR8: =RANK(AQ8, AQ$7:AQ$21) -> #N/A | AT8: 4 | AU8: 2109.6 | AV8: 527.4 | AW8: =RANK(AV8, AV$7:AV$21) -> 1 | AZ8: =RANK(AX8, $K$7:AX$21) -> #N/A | BB8: =RANK(BA8, BA$7:BA$21) -> #N/A
C9: 3 | D9: 大口金黃薯牛堡飯糰 | E9: 12 | F9: 2250 | G9: 187.5 | I9: =AVERAGE(P9,U9,Z9,AE9,AJ9,AO9,AT9) -> 12 | J9: =AVERAGE(Q9,V9,AA9,AF9,AK9,AP9,AU9) -> 2092.7273 | K9: =AVERAGE(R9,W9,AB9,AG9,AL9,AQ9,AV9) -> 174.39394 | M9: =RANK(K9, $K$7:K$21) -> 7 | S9: =RANK(R9, R$7:R$21) -> #N/A | X9: =RANK(W9, W$7:W$21) -> #N/A | AC9: =RANK(AB9, AB$7:AB$21) -> #N/A | AH9: =RANK(AG9, AG$7:AG$21) -> #N/A | AM9: =RANK(AL9, AL$7:AL$21) -> #N/A | AR9: =RANK(AQ9, AQ$7:AQ$21) -> #N/A | AT9: 12 | AU9: 2092.7273 | AV9: 174.39394 | AW9: =RANK(AV9, AV$7:AV$21) -> 7 | AZ9: =RANK(AX9, $K$7:AX$21) -> #N/A | BB9: =RANK(BA9, BA$7:BA$21) -> #N/A
C10: 4 | D10: 大口日式塔塔醬蝦排飯糰 | E10: 11 | F10: 2118 | G10: 192.54545 | I10: =AVERAGE(P10,U10,Z10,AE10,AJ10,AO10,AT10) -> 11 | J10: =AVERAGE(Q10,V10,AA10,AF10,AK10,AP10,AU10) -> 2165.9259 | K10: =AVERAGE(R10,W10,AB10,AG10,AL10,AQ10,AV10) -> 196.90236 | M10: =RANK(K10, $K$7:K$21) -> 5 | S10: =RANK(R10, R$7:R$21) -> #N/A | X10: =RANK(W10, W$7:W$21) -> #N/A | AC10: =RANK(AB10, AB$7:AB$21) -> #N/A | AH10: =RANK(AG10, AG$7:AG$21) -> #N/A | AM10: =RANK(AL10, AL$7:AL$21) -> #N/A | AR10: =RANK(AQ10, AQ$7:AQ$21) -> #N/A | AT10: 11 | AU10: 2165.9259 | AV10: 196.90236 | AW10: =RANK(AV10, AV$7:AV$21) -> 5 | AZ10: =RANK(AX10, $K$7:AX$21) -> #N/A | BB10: =RANK(BA10, BA$7:BA$21) -> #N/A
C11: 5 | D11: 大口歐風焙煎咖哩漢堡排飯糰 | E11: 11 | F11: 2250 | G11: 204.54545 | I11: =AVERAGE(P11,U11,Z11,AE11,AJ11,AO11,AT11) -> 11 | J11: =AVERAGE(Q11,V11,AA11,AF11,AK11,AP11,AU11) -> 2128.2353 | K11: =AVERAGE(R11,W11,AB11,AG11,AL11,AQ11,AV11) -> 193.47594 | M11: =RANK(K11, $K$7:K$21) -> 6 | S11: =RANK(R11, R$7:R$21) -> #N/A | X11: =RANK(W11, W$7:W$21) -> #N/A | AC11: =RANK(AB11, AB$7:AB$21) -> #N/A | AH11: =RANK(AG11, AG$7:AG$21) -> #N/A | AM11: =RANK(AL11, AL$7:AL$21) -> #N/A | AR11: =RANK(AQ11, AQ$7:AQ$21) -> #N/A | AT11: 11 | AU11: 2128.2353 | AV11: 193.47594 | AW11: =RANK(AV11, AV$7:AV$21) -> 6 | AZ11: =RANK(AX11, $K$7:AX$21) -> #N/A | BB11: =RANK(BA11, BA$7:BA$21) -> #N/A
C12: 6 | D12: 大口蒜味香腸燒肉雙拼飯糰 | E12: 13 | F12: 2250 | G12: 173.07692 | I12: =AVERAGE(P12,U12,Z12,AE12,AJ12,AO12,AT12) -> 13 | J12: =AVERAGE(Q12,V12,AA12,AF12,AK12,AP12,AU12) -> 1987.8261 | K12: =AVERAGE(R12,W12,AB12,AG12,AL12,AQ12,AV12) -> 152.9097 | M12: =RANK(K12, $K$7:K$21) -> 8 | S12: =RANK(R12, R$7:R$21) -> #N/A | X12: =RANK(W12, W$7:W$21) -> #N/A | AC12: =RANK(AB12, AB$7:AB$21) -> #N/A | AH12: =RANK(AG12, AG$7:AG$21) -> #N/A | AM12: =RANK(AL12, AL$7:AL$21) -> #N/A | AR12: =RANK(AQ12, AQ$7:AQ$21) -> #N/A | AT12: 13 | AU12: 1987.8261 | AV12: 152.9097 | AW12: =RANK(AV12, AV$7:AV$21) -> 8 | AZ12: =RANK(AX12, $K$7:AX$21) -> #N/A | BB12: =RANK(BA12, BA$7:BA$21) -> #N/A
C13: 7 | D13: 大口義式香草雞腿排飯糰 | E13: 10 | F13: 2250 | G13: 225 | I13: =AVERAGE(P13,U13,Z13,AE13,AJ13,AO13,AT13) -> 9 | J13: =AVERAGE(Q13,V13,AA13,AF13,AK13,AP13,AU13) -> 2138.6667 | K13: =AVERAGE(R13,W13,AB13,AG13,AL13,AQ13,AV13) -> 237.62963 | M13: =RANK(K13, $K$7:K$21) -> 4 | S13: =RANK(R13, R$7:R$21) -> #N/A | X13: =RANK(W13, W$7:W$21) -> #N/A | AC13: =RANK(AB13, AB$7:AB$21) -> #N/A | AH13: =RANK(AG13, AG$7:AG$21) -> #N/A | AM13: =RANK(AL13, AL$7:AL$21) -> #N/A | AR13: =RANK(AQ13, AQ$7:AQ$21) -> #N/A | AT13: 9 | AU13: 2138.6667 | AV13: 237.62963 | AW13: =RANK(AV13, AV$7:AV$21) -> 4 | AZ13: =RANK(AX13, $K$7:AX$21) -> #N/A | BB13: =RANK(BA13, BA$7:BA$21) -> #N/A
C14: 8 | D14: 麻油雞飯糰 | E14: 18 | F14: 1200 | G14: 66.666667 | I14: =AVERAGE(P14,U14,Z14,AE14,AJ14,AO14,AT14) -> 13 | J14: =AVERAGE(Q14,V14,AA14,AF14,AK14,AP14,AU14) -> 1255.4839 | K14: =AVERAGE(R14,W14,AB14,AG14,AL14,AQ14,AV14) -> 96.575682 | M14: =RANK(K14, $K$7:K$21) -> 9 | S14: =RANK(R14, R$7:R$21) -> #N/A | X14: =RANK(W14, W$7:W$21) -> #N/A | AC14: =RANK(AB14, AB$7:AB$21) -> #N/A | AH14: =RANK(AG14, AG$7:AG$21) -> #N/A | AM14: =RANK(AL14, AL$7:AL$21) -> #N/A | AR14: =RANK(AQ14, AQ$7:AQ$21) -> #N/A | AT14: 13 | AU14: 1255.4839 | AV14: 96.575682 | AW14: =RANK(AV14, AV$7:AV$21) -> 9 | AZ14: =RANK(AX14, $K$7:AX$21) -> #N/A | BB14: =RANK(BA14, BA$7:BA$21) -> #N/A
C15: 9 | D15: 麻油雞飯糰 | E15: 18 | F15: 1250 | G15: 69.444444 | I15: =AVERAGE(P15,U15,Z15,AE15,AJ15,AO15,AT15) -> 18 | J15: =AVERAGE(Q15,V15,AA15,AF15,AK15,AP15,AU15) -> 1237.5 | K15: =AVERAGE(R15,W15,AB15,AG15,AL15,AQ15,AV15) -> 68.75 | M15: =RANK(K15, $K$7:K$21) -> 10 | S15: =RANK(R15, R$7:R$21) -> #N/A | X15: =RANK(W15, W$7:W$21) -> #N/A | AC15: =RANK(AB15, AB$7:AB$21) -> #N/A | AH15: =RANK(AG15, AG$7:AG$21) -> #N/A | AM15: =RANK(AL15, AL$7:AL$21) -> #N/A | AR15: =RANK(AQ15, AQ$7:AQ$21) -> #N/A | AT15: 18 | AU15: 1237.5 | AV15: 68.75 | AW15: =RANK(AV15, AV$7:AV$21) -> 10 | AZ15: =RANK(AX15, $K$7:AX$21) -> #N/A | BB15: =RANK(BA15, BA$7:BA$21) -> #N/A
C16: 10 | D16: 肉燥烤飯糰 | E16: 4 | F16: 2000 | G16: 500 | I16: =AVERAGE(P16,U16,Z16,AE16,AJ16,AO16,AT16) -> 4 | J16: =AVERAGE(Q16,V16,AA16,AF16,AK16,AP16,AU16) -> 1852.5 | K16: =AVERAGE(R16,W16,AB16,AG16,AL16,AQ16,AV16) -> 463.125 | M16: =RANK(K16, $K$7:K$21) -> 3 | S16: =RANK(R16, R$7:R$21) -> #N/A | X16: =RANK(W16, W$7:W$21) -> #N/A | AC16: =RANK(AB16, AB$7:AB$21) -> #N/A | AH16: =RANK(AG16, AG$7:AG$21) -> #N/A | AM16: =RANK(AL16, AL$7:AL$21) -> #N/A | AR16: =RANK(AQ16, AQ$7:AQ$21) -> #N/A | AT16: 4 | AU16: 1852.5 | AV16: 463.125 | AW16: =RANK(AV16, AV$7:AV$21) -> 3 | AZ16: =RANK(AX16, $K$7:AX$21) -> #N/A | BB16: =RANK(BA16, BA$7:BA$21) -> #N/A
C17: 11 | M17: =RANK(K17, $K$7:K$21) -> #N/A | S17: =RANK(R17, R$7:R$21) -> #N/A | X17: =RANK(W17, W$7:W$21) -> #N/A | AC17: =RANK(AB17, AB$7:AB$21) -> #N/A | AH17: =RANK(AG17, AG$7:AG$21) -> #N/A | AM17: =RANK(AL17, AL$7:AL$21) -> #N/A | AR17: =RANK(AQ17, AQ$7:AQ$21) -> #N/A | AW17: =RANK(AV17, AV$7:AV$21) -> #VALUE! | AZ17: =RANK(AX17, $K$7:AX$21) -> #N/A | BB17: =RANK(BA17, BA$7:BA$21) -> #N/A
C18: 12 | M18: =RANK(K18, $K$7:K$21) -> #N/A | S18: =RANK(R18, R$7:R$21) -> #N/A | X18: =RANK(W18, W$7:W$21) -> #N/A | AC18: =RANK(AB18, AB$7:AB$21) -> #N/A | AH18: =RANK(AG18, AG$7:AG$21) -> #N/A | AM18: =RANK(AL18, AL$7:AL$21) -> #N/A | AR18: =RANK(AQ18, AQ$7:AQ$21) -> #N/A | AW18: =RANK(AV18, AV$7:AV$21) -> #N/A | AZ18: =RANK(AX18, $K$7:AX$21) -> #N/A | BB18: =RANK(BA18, BA$7:BA$21) -> #N/A
C19: 13 | M19: =RANK(K19, $K$7:K$21) -> #N/A | S19: =RANK(R19, R$7:R$21) -> #N/A | X19: =RANK(W19, W$7:W$21) -> #N/A | AC19: =RANK(AB19, AB$7:AB$21) -> #N/A | AH19: =RANK(AG19, AG$7:AG$21) -> #N/A | AM19: =RANK(AL19, AL$7:AL$21) -> #N/A | AR19: =RANK(AQ19, AQ$7:AQ$21) -> #N/A | AW19: =RANK(AV19, AV$7:AV$21) -> #N/A | AZ19: =RANK(AX19, $K$7:AX$21) -> #N/A | BB19: =RANK(BA19, BA$7:BA$21) -> #N/A
C20: 14 | M20: =RANK(K20, $K$7:K$21) -> #N/A | S20: =RANK(R20, R$7:R$21) -> #N/A | X20: =RANK(W20, W$7:W$21) -> #N/A | AC20: =RANK(AB20, AB$7:AB$21) -> #N/A | AH20: =RANK(AG20, AG$7:AG$21) -> #N/A | AM20: =RANK(AL20, AL$7:AL$21) -> #N/A | AR20: =RANK(AQ20, AQ$7:AQ$21) -> #N/A | AW20: =RANK(AV20, AV$7:AV$21) -> #N/A | AZ20: =RANK(AX20, $K$7:AX$21) -> #N/A | BB20: =RANK(BA20, BA$7:BA$21) -> #N/A
