Workbook

Sheet 填寫舉例
A2: 7 | B2: 月別 | C2: 工廠名 | D2: ・・・・・・・・
A4: （１）收支狀況 | E4: ※單位：千元 | G4: （２）ＫＰＩ達成進度 | M4: （３）業績構成比 | S4: （４）訂單數量構成比
B5: 當月 | C5: 前月 | D5: 差異 | E5: 累計 | H5: KPI | I5: 當月 | J5: 前月 | K5: 累計 | L5: ※補充 | N5: 當月 | O5: 比例 | P5: 前月 | Q5: 差異 | T5: 當月 | U5: 比例 | V5: 前月 | W5: 差異
A6: 業績金額 | B6: 500000 | C6: 510000 | D6: =B6-C6 -> -10000 | E6: =B6+C6 -> 1010000 | G6: 人時生產性1 | H6: 110 | I6: 100 | J6: 90 | L6: 個／MH | M6: 飯糰 | N6: 150000 | O6: =IFERROR(N6/$B$6,"") -> 0.3 | P6: 0.4 | Q6: =IFERROR(O6-P6,"") -> -0.1 | S6: 飯糰 | T6: 35000 | U6: =IFERROR(T6/$B$7,"") -> 0.35 | V6: 0.3 | W6: =IFERROR(U6-V6,"") -> 0.05
A7: 訂單數量 | B7: 100000 | C7: 110000 | D7: =B7-C7 -> -10000 | E7: =B7+C7 -> 210000 | G7: 人時生產性2 | H7: 0.8 | I7: 0.85 | J7: 0.81 | K7: 0.84 | L7: 達成率 | M7: 大口飯糰 | N7: 100000 | O7: =IFERROR(N7/$B$6,"") -> 0.2 | P7: 0.15 | Q7: =IFERROR(O7-P7,"") -> 0.05 | S7: 大口飯糰 | T7: 30000 | U7: =IFERROR(T7/$B$7,"") -> 0.3 | V7: 0.15 | W7: =IFERROR(U7-V7,"") -> 0.15
A8: 材料費 | B8: 250000 | C8: 260000 | D8: =B8-C8 -> -10000 | E8: =B8+C8 -> 510000 | G8: 半成品報廢 | H8: 0.0025 | I8: 0.0024 | J8: 0.0023 | K8: 0.00235 | L8: 報廢率 | M8: 便當 | N8: 160000 | O8: =IFERROR(N8/$B$6,"") -> 0.32 | P8: 0.28 | Q8: =IFERROR(O8-P8,"") -> 0.04 | S8: 便當 | T8: 20000 | U8: =IFERROR(T8/$B$7,"") -> 0.2 | V8: 0.28 | W8: =IFERROR(U8-V8,"") -> -0.08
A9: 材料費率 | B9: =B8/B6 -> 0.5 | C9: =C8/C6 -> 0.50980392 | D9: =B9-C9 -> -0.0098039216 | E9: =(B9+C9)/2 -> 0.50490196 | G9: 半成品超用 | H9: 0.006 | I9: 0.009 | J9: 0.0095 | K9: 0.0092 | L9: 超用率 | M9: 調理麵 | N9: 90000 | O9: =IFERROR(N9/$B$6,"") -> 0.18 | P9: 0.17 | Q9: =IFERROR(O9-P9,"") -> 0.01 | S9: 調理麵 | T9: 15000 | U9: =IFERROR(T9/$B$7,"") -> 0.15 | V9: 0.27 | W9: =IFERROR(U9-V9,"") -> -0.12
A10: 勞務成本 | B10: 100000 | C10: 105000 | D10: =B10-C10 -> -5000 | E10: =B10+C10 -> 205000 | G10: 固定產線 | H10: 0.95 | I10: 0.9 | J10: 0.92 | K10: 0.91 | L10: 導入率 | M10: 調理麵包 | N10: - | O10: =IFERROR(N10/$B$6,"") | P10: -% | Q10: =IFERROR(O10-P10,"") | S10: 調理麵包 | T10: - | U10: =IFERROR(T10/$B$7,"") | V10: -% | W10: =IFERROR(U10-V10,"")
A11: 勞務費率 | B11: =B10/B6 -> 0.2 | C11: =C10/C6 -> 0.20588235 | D11: =B11-C11 -> -0.0058823529 | E11: =(B11+C11)/2 -> 0.20294118 | G11: 教育訓練 | H11: 0.8 | I11: 0.85 | J11: 1 | K11: 0.92 | L11: 實施率 | M11: 袋裝調理麵包 | N11: - | O11: =IFERROR(N11/$B$6,"") | P11: -% | Q11: =IFERROR(O11-P11,"") | S11: 袋裝調理麵包 | T11: - | U11: =IFERROR(T11/$B$7,"") | V11: -% | W11: =IFERROR(U11-V11,"")
M12: 義大利麵 | N12: - | O12: =IFERROR(N12/$B$6,"") | P12: -% | Q12: =IFERROR(O12-P12,"") | S12: 義大利麵 | T12: - | U12: =IFERROR(T12/$B$7,"") | V12: -% | W12: =IFERROR(U12-V12,"")
A13: （５）品群別人時生產性 | M13: 調理包 | N13: - | O13: =IFERROR(N13/$B$6,"") | P13: -% | Q13: =IFERROR(O13-P13,"") | S13: 調理包 | T13: - | U13: =IFERROR(T13/$B$7,"") | V13: -% | W13: =IFERROR(U13-V13,"")
B14: 當月 | C14: 前月 | D14: 差異 | E14: 累計 | H14: 當月 | I14: 前月 | J14: 差異 | K14: 累計 | O14: =SUM(O6:O13) -> 1 | P14: =SUM(P6:P13) -> 1 | U14: =SUM(U6:U13) -> 1 | V14: =SUM(V6:V13) -> 1
A15: 飯糰 | B15: 600 | C15: 660 | D15: =B15-C15 -> -60 | E15: =(B15+C15)/2 -> 630 | G15: 調理麵包 | J15: =H15-I15 -> 0 | M15: （７）原因別分析
A16: 大口飯糰 | B16: 800 | C16: 780 | D16: =B16-C16 -> 20 | E16: =(B16+C16)/2 -> 790 | G16: 袋裝調理麵包 | J16: =H16-I16 -> 0 | N16: 合計 | P16: 作業原因 | R16: 規格原因
A17: 便當 | B17: 130 | C17: 111 | D17: =B17-C17 -> 19 | E17: =(B17+C17)/2 -> 120.5 | G17: 義大利麵 | J17: =H17-I17 -> 0 | N17: 金額 | O17: 比例 | P17: 金額 | Q17: 比例 | R17: 金額 | S17: 比例
A18: 調理麵 | B18: 140 | C18: 165 | D18: =B18-C18 -> -25 | E18: =(B18+C18)/2 -> 152.5 | G18: 調理包 | J18: =H18-I18 -> 0 | M18: 半成品報廢 | N18: 1200 | O18: =N18/$B$6 -> 0.0024 | P18: 900 | Q18: =IFERROR(P18/$B$6,"") -> 0.0018 | R18: 300 | S18: =IFERROR(R18/$B$6,"") -> 0.0006
M19: 半成品超用 | N19: 4500 | O19: =N19/$B$6 -> 0.009 | P19: 3500 | Q19: =IFERROR(P19/$B$6,"") -> 0.007 | R19: 1000 | S19: =IFERROR(R19/$B$6,"") -> 0.002
A20: （６）人時生產性前幾名品項
B21: 排名 | C21: 商品名 | F21: 人數 | G21: 產能 | H21: 人時生產性 | I21: 前月比 | J21: 主要原因&對策 | M21: （８）報廢原因別前幾名品項
A22: 飯糰 | B22: 1 | C22: 手巻明太子 | F22: 3 | G22: 3000 | H22: 1000 | I22: 10 | J22: 減少暫時停止生產,人時UP | M22: 半成品報廢 | N22: 排名 | O22: 商品名 | R22: 半成品名 | U22: 單價 | V22: 報廢率 | W22: 數量 | X22: 金額 | Y22: 前月比 | Z22: 主要原因&對策
B23: 2 | M23: 作業原因 | N23: 1 | O23: 明太子海苔便當 | R23: 油炸白身魚 | U23: 10 | V23: 0.15 | W23: 10 | X23: =W23*U23 -> 100 | Y23: 80 | Z23: 油調過多報廢。變更條件。
B24: 3 | N24: 2 | X24: =W24*U24 -> 0
B25: 4 | N25: 3 | X25: =W25*U25 -> 0
B26: 5 | N26: 4 | X26: =W26*U26 -> 0
B27: ▼1 | C27: 手巻卵黄雞絞肉 | F27: 4 | G27: 2800 | H27: 700 | I27: 6/30新商品 | J27: 因組裝2食材,人員增加,產速減少 | N27: 5 | X27: =W27*U27 -> 0
B28: ▼2 | U28: 前幾名合計比例 | V28: =X28/N18 -> 0.083333333 | W28: 前幾名合計金額 | X28: =SUM(X23:X27) -> 100
B29: ▼3 | M29: 規格原因 | N29: 1 | O29: 海老炒飯 | R29: 川燙蝦子拌醬 | U29: 5.55 | V29: 0.21 | W29: 50 | X29: =W29*U29 -> 277.5 | Y29: 35 | Z29: 蝦子入數不足
B30: ▼4 | N30: 2 | X30: =W30*U30 -> 0
B31: ▼5 | N31: 3 | X31: =W31*U31 -> 0
N32: 4 | X32: =W32*U32 -> 0
B33: 排名 | C33: 商品名 | F33: 人數 | G33: 產能 | H33: 人時生產性 | I33: 前月比 | J33: 主要原因&對策 | N33: 5 | X33: =W33*U33 -> 0
A34: 大口飯糰 | B34: 1 | C34: 直巻明太子美奶茲 | F34: 3 | G34: 2500 | H34: 833.33 | I34: 20 | J34: 透由調整速度提升。 | U34: 前幾名合計比例 | V34: =X34/N18 -> 0.23125 | W34: 前幾名合計金額 | X34: =SUM(X29:X33) -> 277.5
B35: 2
B36: 3 | M36: 半成品超用 | N36: 排名 | O36: 商品名 | R36: 半成品名 | U36: 單價 | V36: 報廢率 | W36: 數量 | X36: 金額 | Y36: 前月比 | Z36: 主要原因&對策
B37: 4 | M37: 作業原因 | N37: 1 | O37: 特製醬汁炙燒牛五花便當 | R37: 牛五花醬汁 | U37: 25 | V37: 0.25 | W37: 10 | X37: =W37*U37 -> 250 | Y37: 150 | Z37: 難度有差異。調理指導。
B38: 5 | N38: 2 | X38: =W38*U38 -> 0
B39: ▼1 | C39: 大口飯糰燒肉美奶滋 | F39: 7 | G39: 2200 | H39: 314.29 | I39: -15 | J39: 因摺疊增員。實施教育訓練。 | N39: 3 | X39: =W39*U39 -> 0
B40: ▼2 | N40: 4 | X40: =W40*U40 -> 0
B41: ▼3 | N41: 5 | X41: =W41*U41 -> 0
B42: ▼4 | U42: 前幾名合計比例 | V42: =X42/N19 -> 0.055555556 | W42: 前幾名合計金額 | X42: =SUM(X37:X41) -> 250
B43: ▼5 | M43: 規格原因 | N43: 1 | O43: 特製醬汁炙燒牛五花便當 | R43: 牛五花燒成 | U43: 30 | V43: 0.1 | W43: 20 | X43: =W43*U43 -> 600 | Y43: 400 | Z43: 因原料變更。
N44: 2 | X44: =W44*U44 -> 0
B45: 排名 | C45: 商品名 | F45: 人數 | G45: 產能 | H45: 人時生產性 | I45: 前月比 | J45: 主要原因&對策 | N45: 3 | X45: =W45*U45 -> 0
A46: 便當 | B46: 1 | C46: 明太子海苔便當 | F46: 15 | G46: 1200 | H46: 80 | I46: 5 | J46: 指導鋪開炒柴魚片 | N46: 4 | X46: =W46*U46 -> 0
B47: 2 | N47: 5 | X47: =W47*U47 -> 0
B48: 3 | U48: 前幾名合計比例 | V48: =X48/N19 -> 0.13333333 | W48: 前幾名合計金額 | X48: =SUM(X43:X47) -> 600
B49: 4
B50: 5 | M50: （９）歩留
B51: ▼1 | C51: 特製醬汁炙燒牛五花便當 | F51: 18 | G51: 800 | H51: 44.44 | I51: -15 | J51: 肉狀態不良，已連動開發 | N51: No. | O51: 商品名 | R51: 半成品名 | U51: 單價 | V51: 規格 | W51: 實績 | X51: 差異 | Y51: 主要原因&對策
B52: ▼2 | M52: 作業原因 | N52: 1 | O52: 特製醬汁炙燒牛五花便當 | R52: 牛五花燒成 | U52: 30 | V52: 0.62 | W52: 0.58 | X52: =W52-V52 -> -0.04 | Y52: 燒成過多，調整調理條件。
B53: ▼3 | N53: 2 | X53: =W53-V53 -> 0
B54: ▼4 | M54: 規格原因 | N54: 1 | O54: 大口飯糰三種起司午餐肉 | R54: ３種起司燒成 | U54: 20 | V54: 0.9 | W54: 0.82 | X54: =W54-V54 -> -0.08 | Y54: 與燒成範本不同。
B55: ▼5 | N55: 2 | X55: =W55-V55 -> 0

Sheet 生產管理報表(月)
A1: 生產管理報表
A3: 月別 | B3: 9 | C3: 工廠 | D3: 晉欣廠
A4: （１）收支狀況 | E4: ※單位：千元 | G4: （２）ＫＰＩ達成進度
A5: 項目 | B5: 當月 | C5: 前月 | D5: 差異 | E5: 累計 | G5: 項目 | H5: KPI | I5: 當月 | J5: 前月 | K5: 累計 | L5: ※補充
A6: 業績金額 | B6: ='（１）收支狀況'!H5/1000 -> 214950.45 | C6: 212376.15 | D6: =B6-C6 -> 2574.296 | E6: =B6 -> 214950.45 | G6: 人時性(個/月均) | H6: 366 | I6: ='（２）ＫＰＩ達成進度'!H5 -> 330.69215 | J6: 331.32088 | K6: =I6 -> 330.69215 | L6: 個／MH
A7: 訂單數量 | B7: ='（４）訂單數量構成比'!H7 -> 6718847 | C7: 6558055 | D7: =B7-C7 -> 160792 | E7: =B7 -> 6718847 | G7: 人時達成率(%/月均) | H7: 0.8 | I7: ='（２）ＫＰＩ達成進度'!K5 -> 0.90353045 | J7: 0.90524832 | K7: =I7 -> 0.90353045 | L7: 達成率
A8: 材料費 | B8: ='（１）收支狀況'!N5/1000 -> 143048.94 | C8: 139088.16 | D8: =B8-C8 -> 3960.781 | E8: =B8 -> 143048.94 | G8: 半成品-報廢(%) | H8: 0.0025 | I8: ='（２）ＫＰＩ達成進度'!N5 -> 0.0024902513 | J8: 0.0024946244 | K8: =I8 -> 0.0024902513 | L8: 報廢率
A9: 材料費率 | B9: ='（１）收支狀況'!Q5 -> 0.66549731 | C9: 0.65491423 | D9: =B9-C9 -> 0.010583081 | E9: =B9 -> 0.66549731 | G9: 半成品-超用(%) | H9: 0.0026 | I9: ='（２）ＫＰＩ達成進度'!Q5 -> 0.0024983099 | J9: 0.0023789152 | K9: =I9 -> 0.0024983099 | L9: 超用率
A10: 勞務成本 | B10: ='（１）收支狀況'!T5/1000 -> 30228.427 | C10: 30146.177 | D10: =B10-C10 -> 82.250476 | E10: =B10 -> 30228.427 | G10: 固定產線-導入率(%) | H10: 0.8 | I10: ='（２）ＫＰＩ達成進度'!T5 -> 0.91666667 | J10: 0.91666667 | K10: =I10 -> 0.91666667 | L10: 導入率
A11: 勞務費率 | B11: ='（１）收支狀況'!W5 -> 0.14062975 | C11: 0.14194709 | D11: =B11-C11 -> -0.0013173425 | E11: =B11 -> 0.14062975 | G11: 教育訓練-實施率(%) | H11: 1 | I11: ='（２）ＫＰＩ達成進度'!W5 -> 0.7673 | J11: 0.67912903 | K11: =I11 -> 0.7673 | L11: 實施率
A13: （３）業績構成比 | G13: （４）訂單數量構成比
B14: 當月 | C14: 比例 | D14: 前月 | E14: 差異 | H14: 當月 | I14: 比例 | J14: 前月 | K14: 差異
A15: 18℃-飯A15:A23糰(061,063) | B15: ='（３）業績構成比'!M46/1000 -> 46595.406 | C15: =IFERROR(B15/$B$6,"") -> 0.21677278 | D15: 0.19048549 | E15: =IFERROR(C15-D15,"") -> 0.026287285 | G15: 18℃-飯A15:A23糰(061,063) | H15: ='（４）訂單數量構成比'!M46 -> 2422911 | I15: =IFERROR(H15/$B$7,"") -> 0.36061411 | J15: 0.33193454 | K15: =IFERROR(I15-J15,"") -> 0.028679561
A16: 18℃-壽司手卷(071,072,075,076) | B16: ='（３）業績構成比'!S46/1000 -> 7790.6951 | C16: =IFERROR(B16/$B$6,"") -> 0.036244145 | D16: 0.04002075 | E16: =IFERROR(C16-D16,"") -> -0.0037766054 | G16: 18℃-壽司手卷(071,072,075,076) | H16: ='（４）訂單數量構成比'!S47 -> 308052 | I16: =IFERROR(H16/$B$7,"") -> 0.045848938 | J16: 0.050408543 | K16: =IFERROR(I16-J16,"") -> -0.0045596053
A17: 4℃-飯糰(065) | B17: ='（３）業績構成比'!U46/1000 -> 18799.984 | C17: =IFERROR(B17/$B$6,"") -> 0.087461944 | D17: 0.098025494 | E17: =IFERROR(C17-D17,"") -> -0.01056355 | G17: 4℃-飯糰(065) | H17: ='（４）訂單數量構成比'!U46 -> 574632 | I17: =IFERROR(H17/$B$7,"") -> 0.085525389 | J17: 0.09754935 | K17: =IFERROR(I17-J17,"") -> -0.012023961
A18: 4℃-壽司手卷(077) | B18: ='（３）業績構成比'!W46/1000 -> 395.54577 | C18: =IFERROR(B18/$B$6,"") -> 0.0018401719 | D18: 0.0023157871 | E18: =IFERROR(C18-D18,"") -> -0.00047561519 | G18: 4℃-壽司手卷(077) | H18: ='（４）訂單數量構成比'!W46 -> 14916 | I18: =IFERROR(H18/$B$7,"") -> 0.0022200238 | J18: 0.0027738407 | K18: =IFERROR(I18-J18,"") -> -0.00055381696
A19: 主食(091,092,093,094,095) | B19: ='（３）業績構成比'!AC46/1000 -> 53640.655 | C19: =IFERROR(B19/$B$6,"") -> 0.24954894 | D19: 0.26645165 | E19: =IFERROR(C19-D19,"") -> -0.016902714 | G19: 主食(091,092,093,094,095) | H19: ='（４）訂單數量構成比'!AC46 -> 1318893 | I19: =IFERROR(H19/$B$7,"") -> 0.19629752 | J19: 0.20966064 | K19: =IFERROR(I19-J19,"") -> -0.013363119
A20: 便當(083) | B20: ='（３）業績構成比'!AE46/1000 -> 23966.44 | C20: =IFERROR(B20/$B$6,"") -> 0.11149751 | D20: 0.11880395 | E20: =IFERROR(C20-D20,"") -> -0.0073064339 | G20: 便當(083) | H20: ='（４）訂單數量構成比'!AE46 -> 432423 | I20: =IFERROR(H20/$B$7,"") -> 0.064359703 | J20: 0.069473342 | K20: =IFERROR(I20-J20,"") -> -0.0051136389
A21: 熱食義麵(122,123,124,126) | B21: ='（３）業績構成比'!AG46/1000 -> 32518.381 | C21: =IFERROR(B21/$B$6,"") -> 0.15128315 | D21: 0.13107603 | E21: =IFERROR(C21-D21,"") -> 0.020207122 | G21: 熱食義麵(122,123,124,126) | H21: ='（４）訂單數量構成比'!AG46 -> 664479 | I21: =IFERROR(H21/$B$7,"") -> 0.098897772 | J21: 0.087948485 | K21: =IFERROR(I21-J21,"") -> 0.010949287
A22: 季節調理麵(111,112) | B22: ='（３）業績構成比'!AI46/1000 -> 17756.916 | C22: =IFERROR(B22/$B$6,"") -> 0.082609348 | D22: 0.091535408 | E22: =IFERROR(C22-D22,"") -> -0.0089260601 | G22: 季節調理麵(111,112) | H22: ='（４）訂單數量構成比'!AI46 -> 483623 | I22: =IFERROR(H22/$B$7,"") -> 0.071980058 | J22: 0.079981641 | K22: =IFERROR(I22-J22,"") -> -0.0080015824
A23: 微波小吃(153,154,155) | B23: ='（３）業績構成比'!AK46/1000 -> 13486.423 | C23: =IFERROR(B23/$B$6,"") -> 0.062742008 | D23: 0.061285436 | E23: =IFERROR(C23-D23,"") -> 0.0014565714 | G23: 微波小吃(153,154,155) | H23: ='（４）訂單數量構成比'!AK46 -> 498918 | I23: =IFERROR(H23/$B$7,"") -> 0.074256491 | J23: 0.070269615 | K23: =IFERROR(I23-J23,"") -> 0.0039868757
C24: =SUM(C15:C23) -> 1 | D24: =SUM(D15:D23) -> 1 | I24: =SUM(I15:I23) -> 1 | J24: =SUM(J15:J23) -> 1
A26: （５）品群別人時生產性
A27: 品群 | B27: 當月 | C27: 前月 | D27: 差異 | E27: 累計
A28: 18℃-飯A15:A23糰(061,063) | B28: ='（５-1）品群別人時生產性（18℃-飯糰）'!$C$1 -> 715.79668 | C28: 717.52753 | D28: =B28-C28 -> -1.7308511 | E28: =R28 -> 0
A29: 18℃-壽司手卷(071,072,075,076) | B29: ='（５-2）品群別人時生產性（18-壽司手卷)'!$C$1 -> 205.53713 | C29: 197.63272 | D29: =B29-C29 -> 7.9044146 | E29: =R29 -> 0
A30: 4℃-飯糰(065) | B30: ='（５-3）品群別人時生產性（4℃-飯糰)'!$C$1 -> 252.79277 | C30: 240.45857 | D30: =B30-C30 -> 12.3342 | E30: =R30 -> 0
A31: 4℃-壽司手卷(077) | B31: ='（５-4）品群別人時生產性（4℃-壽司手卷)'!$C$1 -> 109.37945 | C31: 106.86512 | D31: =B31-C31 -> 2.514331 | E31: =R31 -> 0
A32: 主食(091,092,093,094,095) | B32: ='（５-5）品群別人時生產性(主食) '!$C$1 -> 89.000698 | C32: 89.310428 | D32: =B32-C32 -> -0.30972999 | E32: =R32 -> 0
A33: 便當(083) | B33: ='（５-6）品群別人時生產性(便當)'!$C$1 -> 67.441399 | C33: 65.672742 | D33: =B33-C33 -> 1.7686562 | E33: =R33 -> 0
A34: 熱食義麵(122,123,124,126) | B34: ='（５-7）品群別人時生產性(熱食義麵) '!$C$1 -> 85.187632 | C34: 75.478569 | D34: =B34-C34 -> 9.7090632 | E34: =R34 -> 0
A35: 季節調理麵(111,112) | B35: ='（５-8）品群別人時生產性(季節調理麵) '!$C$1 -> 117.44063 | C35: 114.50557 | D35: =B35-C35 -> 2.9350599 | E35: =R35 -> 0
A36: 微波小吃(153,154,155) | B36: ='（５-9）品群別人時生產性(微波小吃)'!$C$1 -> 111.67402 | C36: 99.648342 | D36: =B36-C36 -> 12.025681 | E36: =R36 -> 0

Sheet （１）收支狀況
B2: （１）收支狀況
C3: 月份 | D3: 日期 | F3: 營業額(元) | I3: 訂單數量(個) | L3: 材料費(元) | O3: 材料費率（材料費／營業額） | R3: 勞務成本（全廠人事成本） | U3: 勞務費率（勞務成本／營業額）
F4: 日 | G4: 週累積 | H4: 月累積 | I4: 日 | J4: 週累積 | K4: 月累積 | L4: 日 | M4: 週累積 | N4: 月累積 | O4: 日 | P4: 週累積 | Q4: 月平均 | R4: 日 | S4: 週累積 | T4: 月累積 | U4: 日 | V4: 週累積 | W4: 月平均
C5: 八 | D5: 45901 | E5: 一 | F5: 7106225 | G5: =SUM(F5) -> 7106225 | H5: =SUM(F5:F34) -> 214950446 | I5: 222309 | J5: =SUM(I5) -> 222309 | K5: =SUM(I5:I34) -> 6718847 | L5: 4605313 | M5: =SUM(L5) -> 4605313 | N5: =SUM(L5:L34) -> 143048944 | O5: =L5/F5 -> 0.64806743 | P5: =M5/G5 -> 0.64806743 | Q5: =N5/H5 -> 0.66549731 | R5: 1095433.4 | S5: =SUM(R5) -> 1095433.4 | T5: =SUM(R5:R34) -> 30228427 | U5: =R5/F5 -> 0.15415124 | V5: =S5/G5 -> 0.15415124 | W5: =T5/H5 -> 0.14062975
D6: 45902 | E6: 二 | F6: 7727458 | G6: =SUM(F6:F12) -> 48362935 | I6: 240560 | J6: =SUM(I6:I12) -> 1525242 | L6: 5097967 | M6: =SUM(L6:L12) -> 32268260 | O6: =L6/F6 -> 0.65972109 | P6: =M6/G6 -> 0.66721054 | R6: 1023560 | S6: =SUM(R6:R12) -> 6899291.5 | U6: =R6/F6 -> 0.13245753 | V6: =S6/G6 -> 0.14265659
D7: 45903 | E7: 三 | F7: 7254649 | I7: 228856 | L7: 4732982 | O7: =L7/F7 -> 0.65240675 | R7: 972528.49 | U7: =R7/F7 -> 0.1340559
D8: 45904 | E8: 四 | F8: 6602059 | I8: 210018 | L8: 4508652 | O8: =L8/F8 -> 0.68291604 | R8: 956492.63 | U8: =R8/F8 -> 0.14487793
D9: 45905 | E9: 五 | F9: 5807177 | I9: 186157 | L9: 3980697 | O9: =L9/F9 -> 0.68547885 | R9: 958646.78 | U9: =R9/F9 -> 0.16507965
D10: 45906 | E10: 六 | F10: 6167669 | I10: 195008 | L10: 4408224 | O10: =L10/F10 -> 0.71473096 | R10: 956801.78 | U10: =R10/F10 -> 0.15513183
D11: 45907 | E11: 日 | F11: 7394780 | I11: 233163 | L11: 4698661 | O11: =L11/F11 -> 0.63540241 | R11: 1006559.1 | U11: =R11/F11 -> 0.13611752
D12: 45908 | E12: 一 | F12: 7409143 | I12: 231480 | L12: 4841077 | O12: =L12/F12 -> 0.6533923 | R12: 1024702.6 | U12: =R12/F12 -> 0.13830245
D13: 45909 | E13: 二 | F13: 7807316 | G13: =SUM(F13:F19) -> 50470102 | I13: 241607 | J13: =SUM(I13:I19) -> 1578863 | L13: 5229407 | M13: =SUM(L13:L19) -> 33526646 | O13: =L13/F13 -> 0.66980855 | P13: =M13/G13 -> 0.66428726 | R13: 1040763.5 | S13: =SUM(R13:R19) -> 7096955.3 | U13: =R13/F13 -> 0.13330618 | V13: =S13/G13 -> 0.14061702
D14: 45910 | E14: 三 | F14: 7436383 | I14: 233099 | L14: 5087998 | O14: =L14/F14 -> 0.68420333 | R14: 1020093.8 | U14: =R14/F14 -> 0.13717607
D15: 45911 | E15: 四 | F15: 6919680 | I15: 217145 | L15: 4531913 | O15: =L15/F15 -> 0.65493101 | R15: 1005473.2 | U15: =R15/F15 -> 0.14530631
D16: 45912 | E16: 五 | F16: 6171958 | I16: 194357 | L16: 4199696 | O16: =L16/F16 -> 0.68044792 | R16: 1018213.7 | U16: =R16/F16 -> 0.16497418
D17: 45913 | E17: 六 | F17: 6541355 | I17: 204761 | L17: 4410753 | O17: =L17/F17 -> 0.67428736 | R17: 974340.71 | U17: =R17/F17 -> 0.1489509
D18: 45914 | E18: 日 | F18: 7771753 | I18: 242926 | L18: 4852648 | O18: =L18/F18 -> 0.62439555 | R18: 1009884.8 | U18: =R18/F18 -> 0.12994299
D19: 45915 | E19: 一 | F19: 7821657 | I19: 244968 | L19: 5214231 | O19: =L19/F19 -> 0.6666402 | R19: 1028185.6 | U19: =R19/F19 -> 0.13145368
D20: 45916 | E20: 二 | F20: 8739776 | G20: =SUM(F20:F26) -> 52767858 | I20: 270682 | J20: =SUM(I20:I26) -> 1647661 | L20: 5918635 | M20: =SUM(L20:L26) -> 35250361 | O20: =L20/F20 -> 0.67720672 | P20: =M20/G20 -> 0.66802714 | R20: 1056954.4 | S20: =SUM(R20:R26) -> 7079608.2 | U20: =R20/F20 -> 0.1209361 | V20: =S20/G20 -> 0.13416516
D21: 45917 | E21: 三 | F21: 8050591 | I21: 252399 | L21: 5489287 | O21: =L21/F21 -> 0.68184895 | R21: 1030644.5 | U21: =R21/F21 -> 0.12802098
D22: 45918 | E22: 四 | F22: 7502711 | I22: 235694 | L22: 5027758 | O22: =L22/F22 -> 0.67012551 | R22: 996673.93 | U22: =R22/F22 -> 0.13284184
D23: 45919 | E23: 五 | F23: 6251144 | I23: 198052 | L23: 4162561 | O23: =L23/F23 -> 0.66588788 | R23: 966712.46 | U23: =R23/F23 -> 0.15464569
D24: 45920 | E24: 六 | F24: 6569112 | I24: 203622 | L24: 4548804 | O24: =L24/F24 -> 0.69245341 | R24: 976560.6 | U24: =R24/F24 -> 0.14865945
D25: 45921 | E25: 日 | F25: 7902663 | I25: 246024 | L25: 5008494 | O25: =L25/F25 -> 0.63377294 | R25: 1038544.5 | U25: =R25/F25 -> 0.13141702
D26: 45922 | E26: 一 | F26: 7751861 | I26: 241188 | L26: 5094822 | O26: =L26/F26 -> 0.65723857 | R26: 1013517.9 | U26: =R26/F26 -> 0.1307451
D27: 45923 | E27: 二 | F27: 7508635 | G27: =SUM(F27:F33) -> 47691357 | I27: 234687 | J27: =SUM(I27:I33) -> 1482932 | L27: 5149118 | M27: =SUM(L27:L33) -> 31914989 | O27: =L27/F27 -> 0.68575953 | P27: =M27/G27 -> 0.66919859 | R27: 1010855.6 | S27: =SUM(R27:R33) -> 6973606 | U27: =R27/F27 -> 0.13462575 | V27: =S27/G27 -> 0.14622369
D28: 45924 | E28: 三 | F28: 7219231 | I28: 226259 | L28: 4655445 | O28: =L28/F28 -> 0.64486716 | R28: 993200.61 | U28: =R28/F28 -> 0.13757707
D29: 45925 | E29: 四 | F29: 6826680 | I29: 212221 | L29: 4511936 | O29: =L29/F29 -> 0.66092683 | R29: 972958.2 | U29: =R29/F29 -> 0.1425229
D30: 45926 | E30: 五 | F30: 5933194 | I30: 184225 | L30: 4180675 | O30: =L30/F30 -> 0.70462469 | R30: 958197.18 | U30: =R30/F30 -> 0.1614977
D31: 45927 | E31: 六 | F31: 6011714 | I31: 185335 | L31: 4112564 | O31: =L31/F31 -> 0.68409176 | R31: 973238.32 | U31: =R31/F31 -> 0.16189032
D32: 45928 | E32: 日 | F32: 6495139 | I32: 199570 | L32: 4398458 | O32: =L32/F32 -> 0.67719228 | R32: 1007639.1 | U32: =R32/F32 -> 0.15513742
D33: 45929 | E33: 一 | F33: 7696764 | I33: 240635 | L33: 4906793 | O33: =L33/F33 -> 0.63751377 | R33: 1057516.9 | U33: =R33/F33 -> 0.1373976
D34: 45930 | E34: 二 | F34: 8551969 | G34: =SUM(F34:F40) -> 8551969 | I34: 261840 | J34: =SUM(I34:I40) -> 261840 | L34: 5483375 | M34: =SUM(L34:L40) -> 5483375 | O34: =L34/F34 -> 0.64118275 | P34: =M34/G34 -> 0.64118275 | R34: 1083532.6 | S34: =SUM(R34:R40) -> 1083532.6 | U34: =R34/F34 -> 0.12669978 | V34: =S34/G34 -> 0.12669978

Sheet （２）ＫＰＩ達成進度
B1: KPI | C1: 366
B2: （２）ＫＰＩ達成進度
C3: 月份 | D3: 日期 | F3: 人時生產性(個/人) | I3: 人時生產性達成率(%) | L3: 半成品報廢(%) | O3: 半成品超用(%) | R3: 固定產線-導入率(固定產線數/總產線數) | U3: 教育訓練-實施率(進度/計畫)
F4: 日 | G4: 週平均 | H4: 月平均 | I4: 日 | J4: 週平均 | K4: 月平均 | L4: 日 | M4: 週平均 | N4: 月平均 | O4: 日 | P4: 週平均 | Q4: 月平均 | R4: 日 | S4: 週平均 | T4: 月平均 | U4: 日 | V4: 週平均 | W4: 月平均
D5: 45901 | E5: 一 | F5: 337.8 | G5: =AVERAGE(F5) -> 337.8 | H5: =AVERAGE(F5:F34) -> 330.69215 | I5: =F5/$C$1 -> 0.92295082 | J5: =AVERAGE(I5) -> 0.92295082 | K5: =AVERAGE(I5:I34) -> 0.90353045 | L5: 0.0024616445 | M5: =AVERAGE(L5) -> 0.0024616445 | N5: =AVERAGE(L5:L34) -> 0.0024902513 | O5: 0.0021707715 | P5: =AVERAGE(O5) -> 0.0021707715 | Q5: =AVERAGE(O5:O34) -> 0.0024983099 | R5: 0.91666667 | S5: =AVERAGE(R5) -> 0.91666667 | T5: =AVERAGE(R5:R99) -> 0.91666667 | U5: 0.722 | V5: =AVERAGE(U5) -> 0.722 | W5: =AVERAGE(U5:U99) -> 0.7673
D6: 45902 | E6: 二 | F6: 331.8 | G6: =AVERAGE(F6:F12) -> 335.12857 | I6: =F6/$C$1 -> 0.90655738 | J6: =AVERAGE(I6:I12) -> 0.91565183 | L6: 0.0025160926 | M6: =AVERAGE(L6:L12) -> 0.0024923202 | O6: 0.0029970227 | P6: =AVERAGE(O6:O12) -> 0.002753391 | R6: 0.91666667 | S6: =AVERAGE(R6:R12) -> 0.91666667 | U6: 0.723 | V6: =AVERAGE(U6:U12) -> 0.73357143
D7: 45903 | E7: 三 | F7: 331.8 | I7: =F7/$C$1 -> 0.90655738 | L7: 0.0024442258 | O7: 0.0026068247 | R7: 0.91666667 | U7: 0.723
D8: 45904 | E8: 四 | F8: 333.6 | I8: =F8/$C$1 -> 0.91147541 | L8: 0.0025136098 | O8: 0.003077063 | R8: 0.91666667 | U8: 0.73
D9: 45905 | E9: 五 | F9: 339 | I9: =F9/$C$1 -> 0.92622951 | L9: 0.0025246346 | O9: 0.0028454179 | R9: 0.91666667 | U9: 0.735
D10: 45906 | E10: 六 | F10: 335.7 | I10: =F10/$C$1 -> 0.91721311 | L10: 0.0025051604 | O10: 0.0029119054 | R10: 0.91666667 | U10: 0.74
D11: 45907 | E11: 日 | F11: 335.9 | I11: =F11/$C$1 -> 0.91775956 | L11: 0.0024941918 | O11: 0.0025375109 | R11: 0.91666667 | U11: 0.742
D12: 45908 | E12: 一 | F12: 338.1 | I12: =F12/$C$1 -> 0.92377049 | L12: 0.0024483263 | O12: 0.0022979922 | R12: 0.91666667 | U12: 0.742
D13: 45909 | E13: 二 | F13: 331.71014 | G13: =AVERAGE(F13:F19) -> 335.39905 | I13: =F13/$C$1 -> 0.90631186 | J13: =AVERAGE(I13:I19) -> 0.91639084 | L13: 0.0025155892 | M13: =AVERAGE(L13:L19) -> 0.0024914282 | O13: 0.0023445814 | P13: =AVERAGE(O13:O19) -> 0.0025382773 | R13: 0.91666667 | S13: =AVERAGE(R13:R19) -> 0.91666667 | U13: 0.742 | V13: =AVERAGE(U13:U19) -> 0.75442857
D14: 45910 | E14: 三 | F14: 331.26961 | I14: =F14/$C$1 -> 0.90510822 | L14: 0.0025024262 | O14: 0.002387749 | R14: 0.91666667 | U14: 0.75
D15: 45911 | E15: 四 | F15: 338.07294 | I15: =F15/$C$1 -> 0.92369657 | L15: 0.0024625416 | O15: 0.0026280835 | R15: 0.91666667 | U15: 0.753
D16: 45912 | E16: 五 | F16: 337.65312 | I16: =F16/$C$1 -> 0.92254951 | L16: 0.0024820324 | O16: 0.002631003 | R16: 0.91666667 | U16: 0.754
D17: 45913 | E17: 六 | F17: 329.85969 | I17: =F17/$C$1 -> 0.901256 | L17: 0.0024542316 | O17: 0.0028657948 | R17: 0.91666667 | U17: 0.76
D18: 45914 | E18: 日 | F18: 335.39869 | I18: =F18/$C$1 -> 0.91638987 | L18: 0.0025160347 | O18: 0.0023379826 | R18: 0.91666667 | U18: 0.76
D19: 45915 | E19: 一 | F19: 343.82912 | I19: =F19/$C$1 -> 0.93942384 | L19: 0.0025071414 | O19: 0.0025727466 | R19: 0.91666667 | U19: 0.762
D20: 45916 | E20: 二 | F20: 334.89269 | G20: =AVERAGE(F20:F26) -> 327.79321 | I20: =F20/$C$1 -> 0.91500736 | J20: =AVERAGE(I20:I26) -> 0.89560988 | L20: 0.0025108195 | M20: =AVERAGE(L20:L26) -> 0.0024956549 | O20: 0.0023099354 | P20: =AVERAGE(O20:O26) -> 0.0023966284 | R20: 0.91666667 | S20: =AVERAGE(R20:R26) -> 0.91666667 | U20: 0.762 | V20: =AVERAGE(U20:U26) -> 0.77642857
D21: 45917 | E21: 三 | F21: 324.97889 | I21: =F21/$C$1 -> 0.88792046 | L21: 0.0025190697 | O21: 0.0023813634 | R21: 0.91666667 | U21: 0.768
D22: 45918 | E22: 四 | F22: 323.74466 | I22: =F22/$C$1 -> 0.88454824 | L22: 0.0024921658 | O22: 0.00246326 | R22: 0.91666667 | U22: 0.77
D23: 45919 | E23: 五 | F23: 332.3957 | I23: =F23/$C$1 -> 0.90818498 | L23: 0.002469628 | O23: 0.0025787796 | R23: 0.91666667 | U23: 0.775
D24: 45920 | E24: 六 | F24: 326.80147 | I24: =F24/$C$1 -> 0.89290019 | L24: 0.0024750682 | O24: 0.0024739474 | R24: 0.91666667 | U24: 0.78
D25: 45921 | E25: 日 | F25: 325.53909 | I25: =F25/$C$1 -> 0.88945107 | L25: 0.0024915652 | O25: 0.0023575318 | R25: 0.91666667 | U25: 0.79
D26: 45922 | E26: 一 | F26: 326.2 | I26: =F26/$C$1 -> 0.89125683 | L26: 0.0025112679 | O26: 0.0022115814 | R26: 0.91666667 | U26: 0.79
D27: 45923 | E27: 二 | F27: 324.00944 | G27: =AVERAGE(F27:F33) -> 326.24551 | I27: =F27/$C$1 -> 0.88527168 | J27: =AVERAGE(I27:I33) -> 0.89138116 | L27: 0.0025072467 | M27: =AVERAGE(L27:L33) -> 0.0024801855 | O27: 0.0021185441 | P27: =AVERAGE(O27:O33) -> 0.0024024263 | R27: 0.91666667 | S27: =AVERAGE(R27:R33) -> 0.91666667 | U27: 0.795 | V27: =AVERAGE(U27:U33) -> 0.80514286
D28: 45924 | E28: 三 | F28: 327.05524 | I28: =F28/$C$1 -> 0.89359354 | L28: 0.0024696536 | O28: 0.0022336398 | R28: 0.91666667 | U28: 0.8
D29: 45925 | E29: 四 | F29: 326.86455 | I29: =F29/$C$1 -> 0.89307253 | L29: 0.0024506788 | O29: 0.0024076717 | R29: 0.91666667 | U29: 0.805
D30: 45926 | E30: 五 | F30: 325.69823 | I30: =F30/$C$1 -> 0.88988587 | L30: 0.0025010138 | O30: 0.0027922872 | R30: 0.91666667 | U30: 0.807
D31: 45927 | E31: 六 | F31: 322.46827 | I31: =F31/$C$1 -> 0.88106084 | L31: 0.0024939643 | O31: 0.0026543179 | R31: 0.91666667 | U31: 0.809
D32: 45928 | E32: 日 | F32: 324.92282 | I32: =F32/$C$1 -> 0.88776728 | L32: 0.0024894001 | O32: 0.0024833957 | R32: 0.91666667 | U32: 0.81
D33: 45929 | E33: 一 | F33: 332.7 | I33: =F33/$C$1 -> 0.90901639 | L33: 0.002449341 | O33: 0.0021271277 | R33: 0.91666667 | U33: 0.81
D34: 45930 | E34: 二 | F34: 311 | G34: =AVERAGE(F34:F40) -> 311 | I34: =F34/$C$1 -> 0.84972678 | J34: =AVERAGE(I34:I40) -> 0.84972678 | L34: 0.0025287744 | M34: =AVERAGE(L34:L40) -> 0.0025287744 | O34: 0.0021434657 | P34: =AVERAGE(O34:O40) -> 0.0021434657 | R34: 0.91666667 | S34: =AVERAGE(R34:R40) -> 0.91666667 | U34: 0.81 | V34: =AVERAGE(U34:U40) -> 0.81

Sheet （３）業績構成比
B2: （3）業績構成比
C3: 月份 | D3: 日期 | F3: 營業額 | I3: 品類業績
I4: 18℃-飯糰 | O4: 18℃-壽司手卷 | U4: 4℃-飯糰 | W4: 4℃-壽司手卷 | Y4: 主食 | AE4: 便當 | AG4: 熱食義麵 | AI4: 季節調理麵 | AK4: 微波小吃
F5: 日 | G5: 週累積 | H5: 月累積 | I5: 一配 | K5: 二配 | M5: 合計 | O5: 一配 | Q5: 二配 | S5: 合計 | U5: 一配 | W5: 一配 | Y5: 一配 | AA5: 二配 | AC5: 合計 | AE5: 一配 | AG5: 一配 | AI5: 一配 | AK5: 一配
I6: 業績(元) | J6: 比例(%) | K6: 業績(元) | L6: 比例(%) | M6: 業績(元) | N6: 比例(%) | O6: 業績(元) | P6: 比例(%) | Q6: 業績(元) | R6: 比例(%) | S6: 業績(元) | T6: 比例(%) | U6: 業績(元) | V6: 比例(%) | W6: 業績(元) | X6: 比例(%) | Y6: 業績(元) | Z6: 比例(%) | AA6: 業績(元) | AB6: 比例(%) | AC6: 業績(元) | AD6: 比例(%) | AE6: 業績(元) | AF6: 比例(%) | AG6: 業績(元) | AH6: 比例(%) | AI6: 業績(元) | AJ6: 比例(%) | AK6: 業績(元) | AL6: 比例(%)
C7: 八 | D7: 45901 | E7: 一 | F7: =SUM(M7,S7,U7,W7,AC7,AE7,AG7,AI7,AK7) -> 7106225 | G7: =SUM(F7) -> 7106225 | H7: =SUM(F7:F37) -> 214950446 | I7: 564796.27 | J7: =I7/F7 -> 0.079479086 | K7: 844516.54 | L7: =K7/F7 -> 0.1188418 | M7: =SUM(I7+K7) -> 1409312.8 | N7: =M7/F7 -> 0.19832088 | O7: 178305.27 | P7: =O7/F7 -> 0.025091419 | Q7: 117312.6 | R7: =Q7/$F7 -> 0.016508427 | S7: =SUM(O7+Q7) -> 295617.87 | T7: =S7/F7 -> 0.041599846 | U7: 664869.3 | V7: =U7/F7 -> 0.093561533 | W7: 11130.398 | X7: =W7/F7 -> 0.0015662885 | Y7: 724213.71 | Z7: =Y7/F7 -> 0.10191258 | AA7: 1252569.5 | AB7: =AA7/$F7 -> 0.1762637 | AC7: =SUM(Y7+AA7) -> 1976783.2 | AD7: =AC7/F7 -> 0.27817628 | AE7: 761029.94 | AF7: =AE7/F7 -> 0.10709342 | AG7: 885640.41 | AH7: =AG7/F7 -> 0.12462882 | AI7: 609386.06 | AJ7: =AI7/F7 -> 0.085753837 | AK7: 492455 | AL7: =AK7/F7 -> 0.0692991
D8: 45902 | E8: 二 | F8: =SUM(M8,S8,U8,W8,AC8,AE8,AG8,AI8,AK8) -> 7727458 | G8: =SUM(F8:F14) -> 48362935 | I8: 895945.02 | J8: =I8/F8 -> 0.11594305 | K8: 864483.49 | L8: =K8/F8 -> 0.11187165 | M8: =SUM(I8+K8) -> 1760428.5 | N8: =M8/F8 -> 0.2278147 | O8: 173390.16 | P8: =O8/F8 -> 0.022438188 | Q8: 117719.68 | R8: =Q8/$F8 -> 0.015233946 | S8: =SUM(O8+Q8) -> 291109.84 | T8: =S8/F8 -> 0.037672135 | U8: 654432.77 | V8: =U8/F8 -> 0.084689269 | W8: 12158.137 | X8: =W8/F8 -> 0.0015733682 | Y8: 698241.88 | Z8: =Y8/F8 -> 0.090358547 | AA8: 1229944.2 | AB8: =AA8/$F8 -> 0.15916543 | AC8: =SUM(Y8+AA8) -> 1928186.1 | AD8: =AC8/F8 -> 0.24952398 | AE8: 774796.36 | AF8: =AE8/F8 -> 0.10026536 | AG8: 1240057.7 | AH8: =AG8/F8 -> 0.1604742 | AI8: 592076.67 | AJ8: =AI8/F8 -> 0.076619849 | AK8: 474211.97 | AL8: =AK8/F8 -> 0.061367136
D9: 45903 | E9: 三 | F9: =SUM(M9,S9,U9,W9,AC9,AE9,AG9,AI9,AK9) -> 7254649 | I9: 853934.48 | J9: =I9/F9 -> 0.11770859 | K9: 849068.34 | L9: =K9/F9 -> 0.11703783 | M9: =SUM(I9+K9) -> 1703002.8 | N9: =M9/F9 -> 0.23474641 | O9: 161410.07 | P9: =O9/F9 -> 0.022249191 | Q9: 115119.31 | R9: =Q9/$F9 -> 0.015868349 | S9: =SUM(O9+Q9) -> 276529.38 | T9: =S9/F9 -> 0.038117541 | U9: 629174.45 | V9: =U9/F9 -> 0.08672707 | W9: 11437.042 | X9: =W9/F9 -> 0.0015765121 | Y9: 665754.82 | Z9: =Y9/F9 -> 0.091769405 | AA9: 1124097.9 | AB9: =AA9/$F9 -> 0.15494863 | AC9: =SUM(Y9+AA9) -> 1789852.8 | AD9: =AC9/F9 -> 0.24671804 | AE9: 742015.94 | AF9: =AE9/F9 -> 0.10228144 | AG9: 1057877.5 | AH9: =AG9/F9 -> 0.14582063 | AI9: 574185.36 | AJ9: =AI9/F9 -> 0.079147228 | AK9: 470573.8 | AL9: =AK9/F9 -> 0.064865137
D10: 45904 | E10: 四 | F10: =SUM(M10,S10,U10,W10,AC10,AE10,AG10,AI10,AK10) -> 6602059 | I10: 766879.83 | J10: =I10/F10 -> 0.11615768 | K10: 783941.33 | L10: =K10/F10 -> 0.11874194 | M10: =SUM(I10+K10) -> 1550821.2 | N10: =M10/F10 -> 0.23489962 | O10: 152373.36 | P10: =O10/F10 -> 0.023079673 | Q10: 116613.79 | R10: =Q10/$F10 -> 0.017663246 | S10: =SUM(O10+Q10) -> 268987.16 | T10: =S10/F10 -> 0.040742919 | U10: 592627.72 | V10: =U10/F10 -> 0.089764076 | W10: 11154.125 | X10: =W10/F10 -> 0.0016894919 | Y10: 623826.76 | Z10: =Y10/F10 -> 0.094489729 | AA10: 912090.6 | AB10: =AA10/$F10 -> 0.13815245 | AC10: =SUM(Y10+AA10) -> 1535917.4 | AD10: =AC10/F10 -> 0.23264218 | AE10: 686539.58 | AF10: =AE10/F10 -> 0.10398871 | AG10: 974352.73 | AH10: =AG10/F10 -> 0.14758316 | AI10: 542486.9 | AJ10: =AI10/F10 -> 0.08216935 | AK10: 439172.26 | AL10: =AK10/F10 -> 0.066520499
D11: 45905 | E11: 五 | F11: =SUM(M11,S11,U11,W11,AC11,AE11,AG11,AI11,AK11) -> 5807177 | I11: 700967.78 | J11: =I11/F11 -> 0.12070715 | K11: 734957.29 | L11: =K11/F11 -> 0.12656017 | M11: =SUM(I11+K11) -> 1435925.1 | N11: =M11/F11 -> 0.24726732 | O11: 119243.52 | P11: =O11/F11 -> 0.020533818 | Q11: 97402.177 | R11: =Q11/$F11 -> 0.016772724 | S11: =SUM(O11+Q11) -> 216645.69 | T11: =S11/F11 -> 0.037306542 | U11: 509402.49 | V11: =U11/F11 -> 0.08771947 | W11: 9800.5843 | X11: =W11/F11 -> 0.0016876676 | Y11: 552530 | Z11: =Y11/F11 -> 0.095146058 | AA11: 872926.26 | AB11: =AA11/$F11 -> 0.15031852 | AC11: =SUM(Y11+AA11) -> 1425456.3 | AD11: =AC11/F11 -> 0.24546458 | AE11: 565244.9 | AF11: =AE11/F11 -> 0.097335573 | AG11: 792265.17 | AH11: =AG11/F11 -> 0.13642862 | AI11: 534404.31 | AJ11: =AI11/F11 -> 0.092024801 | AK11: 318032.52 | AL11: =AK11/F11 -> 0.054765425
D12: 45906 | E12: 六 | F12: =SUM(M12,S12,U12,W12,AC12,AE12,AG12,AI12,AK12) -> 6167669 | I12: 686612.5 | J12: =I12/F12 -> 0.11132447 | K12: 794389.29 | L12: =K12/F12 -> 0.12879895 | M12: =SUM(I12+K12) -> 1481001.8 | N12: =M12/F12 -> 0.24012342 | O12: 117355.57 | P12: =O12/F12 -> 0.019027541 | Q12: 97295.734 | R12: =Q12/$F12 -> 0.015775123 | S12: =SUM(O12+Q12) -> 214651.31 | T12: =S12/F12 -> 0.034802663 | U12: 510856.35 | V12: =U12/F12 -> 0.082828108 | W12: 10781.211 | X12: =W12/F12 -> 0.0017480203 | Y12: 593184.79 | Z12: =Y12/F12 -> 0.096176496 | AA12: 1000410.8 | AB12: =AA12/$F12 -> 0.16220242 | AC12: =SUM(Y12+AA12) -> 1593595.6 | AD12: =AC12/F12 -> 0.25837891 | AE12: 611938.27 | AF12: =AE12/F12 -> 0.099217106 | AG12: 879693.66 | AH12: =AG12/F12 -> 0.14262984 | AI12: 526676.21 | AJ12: =AI12/F12 -> 0.085393074 | AK12: 338474.57 | AL12: =AK12/F12 -> 0.054878848
D13: 45907 | E13: 日 | F13: =SUM(M13,S13,U13,W13,AC13,AE13,AG13,AI13,AK13) -> 7394780 | I13: 869357.49 | J13: =I13/F13 -> 0.11756367 | K13: 860695.51 | L13: =K13/F13 -> 0.11639231 | M13: =SUM(I13+K13) -> 1730053 | N13: =M13/F13 -> 0.23395598 | O13: 167431.93 | P13: =O13/F13 -> 0.022641908 | Q13: 114451.35 | R13: =Q13/$F13 -> 0.015477316 | S13: =SUM(O13+Q13) -> 281883.28 | T13: =S13/F13 -> 0.038119225 | U13: 662934.92 | V13: =U13/F13 -> 0.089649038 | W13: 14838.643 | X13: =W13/F13 -> 0.0020066375 | Y13: 707930.82 | Z13: =Y13/F13 -> 0.095733858 | AA13: 1130952.4 | AB13: =AA13/$F13 -> 0.15293928 | AC13: =SUM(Y13+AA13) -> 1838883.2 | AD13: =AC13/F13 -> 0.24867314 | AE13: 778191.06 | AF13: =AE13/F13 -> 0.10523519 | AG13: 1065808.8 | AH13: =AG13/F13 -> 0.14412989 | AI13: 611514.13 | AJ13: =AI13/F13 -> 0.082695378 | AK13: 410672.99 | AL13: =AK13/F13 -> 0.055535525
D14: 45908 | E14: 一 | F14: =SUM(M14,S14,U14,W14,AC14,AE14,AG14,AI14,AK14) -> 7409143 | I14: 814238.04 | J14: =I14/F14 -> 0.10989639 | K14: 872064.47 | L14: =K14/F14 -> 0.11770113 | M14: =SUM(I14+K14) -> 1686302.5 | N14: =M14/F14 -> 0.22759751 | O14: 153939.38 | P14: =O14/F14 -> 0.020776948 | Q14: 112956.71 | R14: =Q14/$F14 -> 0.015245584 | S14: =SUM(O14+Q14) -> 266896.09 | T14: =S14/F14 -> 0.036022531 | U14: 654977.91 | V14: =U14/F14 -> 0.088401305 | W14: 13888.573 | X14: =W14/F14 -> 0.0018745182 | Y14: 727257.57 | Z14: =Y14/F14 -> 0.098156774 | AA14: 1200713.7 | AB14: =AA14/$F14 -> 0.16205838 | AC14: =SUM(Y14+AA14) -> 1927971.3 | AD14: =AC14/F14 -> 0.26021516 | AE14: 815554.07 | AF14: =AE14/F14 -> 0.11007401 | AG14: 1043881.1 | AH14: =AG14/F14 -> 0.14089094 | AI14: 588183.16 | AJ14: =AI14/F14 -> 0.079386126 | AK14: 411488.28 | AL14: =AK14/F14 -> 0.055537905
D15: 45909 | E15: 二 | F15: =SUM(M15,S15,U15,W15,AC15,AE15,AG15,AI15,AK15) -> 7807316 | G15: =SUM(F15:F21) -> 50470102 | I15: 935505.98 | J15: =I15/F15 -> 0.11982428 | K15: 859055.75 | L15: =K15/F15 -> 0.11003215 | M15: =SUM(I15+K15) -> 1794561.7 | N15: =M15/F15 -> 0.22985642 | O15: 145071.42 | P15: =O15/F15 -> 0.018581471 | Q15: 109329.74 | R15: =Q15/$F15 -> 0.014003498 | S15: =SUM(O15+Q15) -> 254401.16 | T15: =S15/F15 -> 0.03258497 | U15: 640272.05 | V15: =U15/F15 -> 0.08200924 | W15: 12461.269 | X15: =W15/F15 -> 0.0015961015 | Y15: 723855.47 | Z15: =Y15/F15 -> 0.092715021 | AA15: 1170755.2 | AB15: =AA15/$F15 -> 0.14995617 | AC15: =SUM(Y15+AA15) -> 1894610.7 | AD15: =AC15/F15 -> 0.2426712 | AE15: 818962.88 | AF15: =AE15/F15 -> 0.10489685 | AG15: 1405614.6 | AH15: =AG15/F15 -> 0.18003813 | AI15: 589547.65 | AJ15: =AI15/F15 -> 0.075512205 | AK15: 396883.98 | AL15: =AK15/F15 -> 0.050834881
D16: 45910 | E16: 三 | F16: =SUM(M16,S16,U16,W16,AC16,AE16,AG16,AI16,AK16) -> 7436383 | I16: 922704.54 | J16: =I16/F16 -> 0.12407975 | K16: 846234.4 | L16: =K16/F16 -> 0.11379651 | M16: =SUM(I16+K16) -> 1768938.9 | N16: =M16/F16 -> 0.23787626 | O16: 137693.85 | P16: =O16/F16 -> 0.01851624 | Q16: 106359.16 | R16: =Q16/$F16 -> 0.014302539 | S16: =SUM(O16+Q16) -> 244053.01 | T16: =S16/F16 -> 0.032818778 | U16: 637306.64 | V16: =U16/F16 -> 0.085701159 | W16: 10391.165 | X16: =W16/F16 -> 0.0013973413 | Y16: 672768.71 | Z16: =Y16/F16 -> 0.090469885 | AA16: 1063595 | AB16: =AA16/$F16 -> 0.14302585 | AC16: =SUM(Y16+AA16) -> 1736363.7 | AD16: =AC16/F16 -> 0.23349574 | AE16: 803252.37 | AF16: =AE16/F16 -> 0.10801654 | AG16: 1211034.6 | AH16: =AG16/F16 -> 0.16285265 | AI16: 636227.29 | AJ16: =AI16/F16 -> 0.085556014 | AK16: 388815.22 | AL16: =AK16/F16 -> 0.052285529
D17: 45911 | E17: 四 | F17: =SUM(M17,S17,U17,W17,AC17,AE17,AG17,AI17,AK17) -> 6919680 | I17: 856747.59 | J17: =I17/F17 -> 0.12381318 | K17: 758956.03 | L17: =K17/F17 -> 0.1096808 | M17: =SUM(I17+K17) -> 1615703.6 | N17: =M17/F17 -> 0.23349398 | O17: 132525.74 | P17: =O17/F17 -> 0.019152004 | Q17: 103770.66 | R17: =Q17/$F17 -> 0.014996454 | S17: =SUM(O17+Q17) -> 236296.4 | T17: =S17/F17 -> 0.034148458 | U17: 594283.82 | V17: =U17/F17 -> 0.085883136 | W17: 9754.9126 | X17: =W17/F17 -> 0.0014097346 | Y17: 621366.49 | Z17: =Y17/F17 -> 0.089796998 | AA17: 945266.21 | AB17: =AA17/$F17 -> 0.13660548 | AC17: =SUM(Y17+AA17) -> 1566632.7 | AD17: =AC17/F17 -> 0.22640248 | AE17: 748334.75 | AF17: =AE17/F17 -> 0.10814586 | AG17: 1159449.9 | AH17: =AG17/F17 -> 0.16755831 | AI17: 610362.09 | AJ17: =AI17/F17 -> 0.088206693 | AK17: 378861.8 | AL17: =AK17/F17 -> 0.054751347
D18: 45912 | E18: 五 | F18: =SUM(M18,S18,U18,W18,AC18,AE18,AG18,AI18,AK18) -> 6171958 | I18: 693224.03 | J18: =I18/F18 -> 0.11231833 | K18: 724669.14 | L18: =K18/F18 -> 0.11741317 | M18: =SUM(I18+K18) -> 1417893.2 | N18: =M18/F18 -> 0.2297315 | O18: 110826.64 | P18: =O18/F18 -> 0.01795648 | Q18: 94817.97 | R18: =Q18/$F18 -> 0.015362705 | S18: =SUM(O18+Q18) -> 205644.61 | T18: =S18/F18 -> 0.033319185 | U18: 514506.04 | V18: =U18/F18 -> 0.083361883 | W18: 10097.029 | X18: =W18/F18 -> 0.0016359523 | Y18: 584650.52 | Z18: =Y18/F18 -> 0.094726911 | AA18: 979449.85 | AB18: =AA18/$F18 -> 0.15869354 | AC18: =SUM(Y18+AA18) -> 1564100.4 | AD18: =AC18/F18 -> 0.25342045 | AE18: 617366.96 | AF18: =AE18/F18 -> 0.10002773 | AG18: 932111.64 | AH18: =AG18/F18 -> 0.15102365 | AI18: 573858.18 | AJ18: =AI18/F18 -> 0.092978302 | AK18: 336380.01 | AL18: =AK18/F18 -> 0.054501345
D19: 45913 | E19: 六 | F19: =SUM(M19,S19,U19,W19,AC19,AE19,AG19,AI19,AK19) -> 6541355 | I19: 683125.9 | J19: =I19/F19 -> 0.10443186 | K19: 808299.2 | L19: =K19/F19 -> 0.12356755 | M19: =SUM(I19+K19) -> 1491425.1 | N19: =M19/F19 -> 0.22799941 | O19: 111249.55 | P19: =O19/F19 -> 0.017007111 | Q19: 93680.304 | R19: =Q19/$F19 -> 0.014321238 | S19: =SUM(O19+Q19) -> 204929.85 | T19: =S19/F19 -> 0.031328349 | U19: 543330.7 | V19: =U19/F19 -> 0.08306088 | W19: 12455.071 | X19: =W19/F19 -> 0.0019040506 | Y19: 630925.73 | Z19: =Y19/F19 -> 0.096451841 | AA19: 1060648.8 | AB19: =AA19/$F19 -> 0.16214512 | AC19: =SUM(Y19+AA19) -> 1691574.5 | AD19: =AC19/F19 -> 0.25859696 | AE19: 651474.25 | AF19: =AE19/F19 -> 0.099593165 | AG19: 1016529.4 | AH19: =AG19/F19 -> 0.15540043 | AI19: 582194.15 | AJ19: =AI19/F19 -> 0.089002073 | AK19: 347441.94 | AL19: =AK19/F19 -> 0.053114674
D20: 45914 | E20: 日 | F20: =SUM(M20,S20,U20,W20,AC20,AE20,AG20,AI20,AK20) -> 7771753 | I20: 935689.61 | J20: =I20/F20 -> 0.12039621 | K20: 866163.8 | L20: =K20/F20 -> 0.11145025 | M20: =SUM(I20+K20) -> 1801853.4 | N20: =M20/F20 -> 0.23184646 | O20: 151097.51 | P20: =O20/F20 -> 0.019441882 | Q20: 109222.7 | R20: =Q20/$F20 -> 0.014053805 | S20: =SUM(O20+Q20) -> 260320.21 | T20: =S20/F20 -> 0.033495687 | U20: 669570.65 | V20: =U20/F20 -> 0.086154391 | W20: 13837.593 | X20: =W20/F20 -> 0.0017804983 | Y20: 724732.36 | Z20: =Y20/F20 -> 0.093252109 | AA20: 1141094.4 | AB20: =AA20/$F20 -> 0.14682587 | AC20: =SUM(Y20+AA20) -> 1865826.7 | AD20: =AC20/F20 -> 0.24007797 | AE20: 855937.57 | AF20: =AE20/F20 -> 0.11013443 | AG20: 1235869.7 | AH20: =AG20/F20 -> 0.15902072 | AI20: 658283.11 | AJ20: =AI20/F20 -> 0.084702011 | AK20: 410254.01 | AL20: =AK20/F20 -> 0.052787835
D21: 45915 | E21: 一 | F21: =SUM(M21,S21,U21,W21,AC21,AE21,AG21,AI21,AK21) -> 7821657 | I21: 884810.27 | J21: =I21/F21 -> 0.11312312 | K21: 849921.16 | L21: =K21/F21 -> 0.10866255 | M21: =SUM(I21+K21) -> 1734731.4 | N21: =M21/F21 -> 0.22178567 | O21: 142123.06 | P21: =O21/F21 -> 0.018170455 | Q21: 113089.68 | R21: =Q21/$F21 -> 0.014458532 | S21: =SUM(O21+Q21) -> 255212.75 | T21: =S21/F21 -> 0.032628987 | U21: 679271.93 | V21: =U21/F21 -> 0.086845017 | W21: 14362.801 | X21: =W21/F21 -> 0.0018362863 | Y21: 743337.31 | Z21: =Y21/F21 -> 0.095035784 | AA21: 1200149.4 | AB21: =AA21/$F21 -> 0.15343927 | AC21: =SUM(Y21+AA21) -> 1943486.7 | AD21: =AC21/F21 -> 0.24847506 | AE21: 866645.2 | AF21: =AE21/F21 -> 0.11080072 | AG21: 1224710.4 | AH21: =AG21/F21 -> 0.1565794 | AI21: 684941.6 | AJ21: =AI21/F21 -> 0.087569884 | AK21: 418294.26 | AL21: =AK21/F21 -> 0.053478983
D22: 45916 | E22: 二 | F22: =SUM(M22,S22,U22,W22,AC22,AE22,AG22,AI22,AK22) -> 8739776 | G22: =SUM(F22:F28) -> 52767858 | I22: 889793.59 | J22: =I22/F22 -> 0.10180966 | K22: 869011.93 | L22: =K22/F22 -> 0.099431831 | M22: =SUM(I22+K22) -> 1758805.5 | N22: =M22/F22 -> 0.20124149 | O22: 194714.01 | P22: =O22/F22 -> 0.022279061 | Q22: 111579.11 | R22: =Q22/$F22 -> 0.012766815 | S22: =SUM(O22+Q22) -> 306293.11 | T22: =S22/F22 -> 0.035045877 | U22: 703447.08 | V22: =U22/F22 -> 0.080487999 | W22: 13556.61 | X22: =W22/F22 -> 0.0015511393 | Y22: 992551.14 | Z22: =Y22/F22 -> 0.11356711 | AA22: 1122256 | AB22: =AA22/$F22 -> 0.12840787 | AC22: =SUM(Y22+AA22) -> 2114807.1 | AD22: =AC22/F22 -> 0.24197498 | AE22: 1089037.1 | AF22: =AE22/F22 -> 0.12460698 | AG22: 1449241.3 | AH22: =AG22/F22 -> 0.16582133 | AI22: 667781.17 | AJ22: =AI22/F22 -> 0.076407127 | AK22: 636806.97 | AL22: =AK22/F22 -> 0.072863076
D23: 45917 | E23: 三 | F23: =SUM(M23,S23,U23,W23,AC23,AE23,AG23,AI23,AK23) -> 8050591 | I23: 864631.53 | J23: =I23/F23 -> 0.10739976 | K23: 859518.91 | L23: =K23/F23 -> 0.1067647 | M23: =SUM(I23+K23) -> 1724150.4 | N23: =M23/F23 -> 0.21416446 | O23: 169857.95 | P23: =O23/F23 -> 0.021098818 | Q23: 111587.24 | R23: =Q23/$F23 -> 0.013860751 | S23: =SUM(O23+Q23) -> 281445.19 | T23: =S23/F23 -> 0.034959569 | U23: 652766.95 | V23: =U23/F23 -> 0.08108311 | W23: 12995.425 | X23: =W23/F23 -> 0.00161422 | Y23: 881295.03 | Z23: =Y23/F23 -> 0.10946961 | AA23: 1033941.9 | AB23: =AA23/$F23 -> 0.12843056 | AC23: =SUM(Y23+AA23) -> 1915237 | AD23: =AC23/F23 -> 0.23790017 | AE23: 961258.42 | AF23: =AE23/F23 -> 0.11940222 | AG23: 1290164.7 | AH23: =AG23/F23 -> 0.16025715 | AI23: 678822.22 | AJ23: =AI23/F23 -> 0.084319552 | AK23: 533750.65 | AL23: =AK23/F23 -> 0.066299561
D24: 45918 | E24: 四 | F24: =SUM(M24,S24,U24,W24,AC24,AE24,AG24,AI24,AK24) -> 7502711 | I24: 794362.84 | J24: =I24/F24 -> 0.10587677 | K24: 790964.02 | L24: =K24/F24 -> 0.10542376 | M24: =SUM(I24+K24) -> 1585326.9 | N24: =M24/F24 -> 0.21130054 | O24: 158870.23 | P24: =O24/F24 -> 0.021175044 | Q24: 108738.33 | R24: =Q24/$F24 -> 0.014493205 | S24: =SUM(O24+Q24) -> 267608.56 | T24: =S24/F24 -> 0.035668249 | U24: 637088.72 | V24: =U24/F24 -> 0.084914469 | W24: 11141.687 | X24: =W24/F24 -> 0.0014850215 | Y24: 843650.46 | Z24: =Y24/F24 -> 0.11244608 | AA24: 907778.46 | AB24: =AA24/$F24 -> 0.12099339 | AC24: =SUM(Y24+AA24) -> 1751428.9 | AD24: =AC24/F24 -> 0.23343948 | AE24: 899300.47 | AF24: =AE24/F24 -> 0.1198634 | AG24: 1196489.1 | AH24: =AG24/F24 -> 0.15947424 | AI24: 639993.16 | AJ24: =AI24/F24 -> 0.085301588 | AK24: 514333.47 | AL24: =AK24/F24 -> 0.068553016
D25: 45919 | E25: 五 | F25: =SUM(M25,S25,U25,W25,AC25,AE25,AG25,AI25,AK25) -> 6251144 | I25: 638219 | J25: =I25/F25 -> 0.10209635 | K25: 718364.62 | L25: =K25/F25 -> 0.1149173 | M25: =SUM(I25+K25) -> 1356583.6 | N25: =M25/F25 -> 0.21701366 | O25: 142786.13 | P25: =O25/F25 -> 0.0228416 | Q25: 90564.125 | R25: =Q25/$F25 -> 0.014487608 | S25: =SUM(O25+Q25) -> 233350.25 | T25: =S25/F25 -> 0.037329208 | U25: 508308.39 | V25: =U25/F25 -> 0.081314459 | W25: 10258.678 | X25: =W25/F25 -> 0.0016410882 | Y25: 727920.22 | Z25: =Y25/F25 -> 0.11644592 | AA25: 912993.01 | AB25: =AA25/$F25 -> 0.14605215 | AC25: =SUM(Y25+AA25) -> 1640913.2 | AD25: =AC25/F25 -> 0.26249807 | AE25: 659769.2 | AF25: =AE25/F25 -> 0.10554375 | AG25: 880595.16 | AH25: =AG25/F25 -> 0.14086944 | AI25: 551032.69 | AJ25: =AI25/F25 -> 0.088149095 | AK25: 410332.79 | AL25: =AK25/F25 -> 0.065641231
D26: 45920 | E26: 六 | F26: =SUM(M26,S26,U26,W26,AC26,AE26,AG26,AI26,AK26) -> 6569112 | I26: 614856.95 | J26: =I26/F26 -> 0.093598184 | K26: 770452.57 | L26: =K26/F26 -> 0.11728413 | M26: =SUM(I26+K26) -> 1385309.5 | N26: =M26/F26 -> 0.21088231 | O26: 142994.41 | P26: =O26/F26 -> 0.021767692 | Q26: 91552.391 | R26: =Q26/$F26 -> 0.013936799 | S26: =SUM(O26+Q26) -> 234546.8 | T26: =S26/F26 -> 0.03570449 | U26: 559332.71 | V26: =U26/F26 -> 0.085145863 | W26: 11291.164 | X26: =W26/F26 -> 0.0017188265 | Y26: 725947.52 | Z26: =Y26/F26 -> 0.11050923 | AA26: 1012169.7 | AB26: =AA26/$F26 -> 0.15408013 | AC26: =SUM(Y26+AA26) -> 1738117.2 | AD26: =AC26/F26 -> 0.26458937 | AE26: 699378.88 | AF26: =AE26/F26 -> 0.10646475 | AG26: 965159.62 | AH26: =AG26/F26 -> 0.14692391 | AI26: 524094.07 | AJ26: =AI26/F26 -> 0.07978157 | AK26: 451882.05 | AL26: =AK26/F26 -> 0.068788909
D27: 45921 | E27: 日 | F27: =SUM(M27,S27,U27,W27,AC27,AE27,AG27,AI27,AK27) -> 7902663 | I27: 825818.01 | J27: =I27/F27 -> 0.1044987 | K27: 848067.34 | L27: =K27/F27 -> 0.10731412 | M27: =SUM(I27+K27) -> 1673885.3 | N27: =M27/F27 -> 0.21181282 | O27: 190210 | P27: =O27/F27 -> 0.024069102 | Q27: 108008.33 | R27: =Q27/$F27 -> 0.013667333 | S27: =SUM(O27+Q27) -> 298218.33 | T27: =S27/F27 -> 0.037736435 | U27: 701017.79 | V27: =U27/F27 -> 0.088706527 | W27: 15380.101 | X27: =W27/F27 -> 0.0019461922 | Y27: 810222.5 | Z27: =Y27/F27 -> 0.10252525 | AA27: 1142598.4 | AB27: =AA27/$F27 -> 0.14458397 | AC27: =SUM(Y27+AA27) -> 1952820.9 | AD27: =AC27/F27 -> 0.24710922 | AE27: 902475.93 | AF27: =AE27/F27 -> 0.11419896 | AG27: 1213406.5 | AH27: =AG27/F27 -> 0.153544 | AI27: 630416.13 | AJ27: =AI27/F27 -> 0.07977262 | AK27: 515041.99 | AL27: =AK27/F27 -> 0.065173219
D28: 45922 | E28: 一 | F28: =SUM(M28,S28,U28,W28,AC28,AE28,AG28,AI28,AK28) -> 7751861 | I28: 798136.29 | J28: =I28/F28 -> 0.1029606 | K28: 834501.88 | L28: =K28/F28 -> 0.10765181 | M28: =SUM(I28+K28) -> 1632638.2 | N28: =M28/F28 -> 0.21061242 | O28: 171398.15 | P28: =O28/F28 -> 0.022110581 | Q28: 110800.43 | R28: =Q28/$F28 -> 0.014293398 | S28: =SUM(O28+Q28) -> 282198.58 | T28: =S28/F28 -> 0.036403979 | U28: 663036.59 | V28: =U28/F28 -> 0.085532569 | W28: 17792.687 | X28: =W28/F28 -> 0.0022952794 | Y28: 817320.62 | Z28: =Y28/F28 -> 0.10543541 | AA28: 1110827.8 | AB28: =AA28/$F28 -> 0.14329821 | AC28: =SUM(Y28+AA28) -> 1928148.4 | AD28: =AC28/F28 -> 0.24873362 | AE28: 880709.24 | AF28: =AE28/F28 -> 0.11361262 | AG28: 1202873.5 | AH28: =AG28/F28 -> 0.15517223 | AI28: 625095.66 | AJ28: =AI28/F28 -> 0.080638141 | AK28: 519368.1 | AL28: =AK28/F28 -> 0.06699915
D29: 45923 | E29: 二 | F29: =SUM(M29,S29,U29,W29,AC29,AE29,AG29,AI29,AK29) -> 7508635 | G29: =SUM(F29:F35) -> 47691357 | I29: 771527.25 | J29: =I29/F29 -> 0.102752 | K29: 817056.84 | L29: =K29/F29 -> 0.10881563 | M29: =SUM(I29+K29) -> 1588584.1 | N29: =M29/F29 -> 0.21156763 | O29: 174167 | P29: =O29/F29 -> 0.023195561 | Q29: 107226.7 | R29: =Q29/$F29 -> 0.014280451 | S29: =SUM(O29+Q29) -> 281393.69 | T29: =S29/F29 -> 0.037476012 | U29: 643297.62 | V29: =U29/F29 -> 0.085674377 | W29: 16624.875 | X29: =W29/F29 -> 0.0022141008 | Y29: 799731.87 | Z29: =Y29/F29 -> 0.10650829 | AA29: 1041051.6 | AB29: =AA29/$F29 -> 0.13864726 | AC29: =SUM(Y29+AA29) -> 1840783.5 | AD29: =AC29/F29 -> 0.24515555 | AE29: 878187.26 | AF29: =AE29/F29 -> 0.11695698 | AG29: 1142712.9 | AH29: =AG29/F29 -> 0.15218651 | AI29: 623455.1 | AJ29: =AI29/F29 -> 0.08303175 | AK29: 493595.91 | AL29: =AK29/F29 -> 0.065737102
D30: 45924 | E30: 三 | F30: =SUM(M30,S30,U30,W30,AC30,AE30,AG30,AI30,AK30) -> 7219231 | I30: 750420.97 | J30: =I30/F30 -> 0.10394749 | K30: 800296.67 | L30: =K30/F30 -> 0.11085622 | M30: =SUM(I30+K30) -> 1550717.6 | N30: =M30/F30 -> 0.21480371 | O30: 171741.72 | P30: =O30/F30 -> 0.023789476 | Q30: 103726.57 | R30: =Q30/$F30 -> 0.014368091 | S30: =SUM(O30+Q30) -> 275468.29 | T30: =S30/F30 -> 0.038157567 | U30: 632333.38 | V30: =U30/F30 -> 0.087590129 | W30: 15164.672 | X30: =W30/F30 -> 0.0021005939 | Y30: 786643.61 | Z30: =Y30/F30 -> 0.10896501 | AA30: 1007603.6 | AB30: =AA30/$F30 -> 0.13957215 | AC30: =SUM(Y30+AA30) -> 1794247.2 | AD30: =AC30/F30 -> 0.24853717 | AE30: 855464.93 | AF30: =AE30/F30 -> 0.11849807 | AG30: 1127479.1 | AH30: =AG30/F30 -> 0.15617717 | AI30: 486385.36 | AJ30: =AI30/F30 -> 0.067373569 | AK30: 481970.46 | AL30: =AK30/F30 -> 0.066762022
D31: 45925 | E31: 四 | F31: =SUM(M31,S31,U31,W31,AC31,AE31,AG31,AI31,AK31) -> 6826680 | I31: 691778.37 | J31: =I31/F31 -> 0.10133452 | K31: 722394.7 | L31: =K31/F31 -> 0.10581933 | M31: =SUM(I31+K31) -> 1414173.1 | N31: =M31/F31 -> 0.20715385 | O31: 158798.4 | P31: =O31/F31 -> 0.023261439 | Q31: 98549.541 | R31: =Q31/$F31 -> 0.01443594 | S31: =SUM(O31+Q31) -> 257347.94 | T31: =S31/F31 -> 0.037697379 | U31: 599978.56 | V31: =U31/F31 -> 0.087887313 | W31: 14768.768 | X31: =W31/F31 -> 0.0021633895 | Y31: 763873.31 | Z31: =Y31/F31 -> 0.11189529 | AA31: 983896.35 | AB31: =AA31/$F31 -> 0.14412516 | AC31: =SUM(Y31+AA31) -> 1747769.7 | AD31: =AC31/F31 -> 0.25602045 | AE31: 824091.75 | AF31: =AE31/F31 -> 0.12071633 | AG31: 1050628.2 | AH31: =AG31/F31 -> 0.15390031 | AI31: 457107.29 | AJ31: =AI31/F31 -> 0.066958945 | AK31: 460814.8 | AL31: =AK31/F31 -> 0.067502036
D32: 45926 | E32: 五 | F32: =SUM(M32,S32,U32,W32,AC32,AE32,AG32,AI32,AK32) -> 5933194 | I32: 506166.87 | J32: =I32/F32 -> 0.085311027 | K32: 653453.45 | L32: =K32/F32 -> 0.11013519 | M32: =SUM(I32+K32) -> 1159620.3 | N32: =M32/F32 -> 0.19544622 | O32: 141466.99 | P32: =O32/F32 -> 0.023843311 | Q32: 89111.406 | R32: =Q32/$F32 -> 0.015019129 | S32: =SUM(O32+Q32) -> 230578.4 | T32: =S32/F32 -> 0.03886244 | U32: 529492.45 | V32: =U32/F32 -> 0.089242397 | W32: 13040.8 | X32: =W32/F32 -> 0.0021979393 | Y32: 695107.94 | Z32: =Y32/F32 -> 0.11715578 | AA32: 962528.26 | AB32: =AA32/$F32 -> 0.16222767 | AC32: =SUM(Y32+AA32) -> 1657636.2 | AD32: =AC32/F32 -> 0.27938345 | AE32: 678746.3 | AF32: =AE32/F32 -> 0.11439813 | AG32: 764399.78 | AH32: =AG32/F32 -> 0.12883445 | AI32: 503600.39 | AJ32: =AI32/F32 -> 0.084878463 | AK32: 396079.35 | AL32: =AK32/F32 -> 0.066756514
D33: 45927 | E33: 六 | F33: =SUM(M33,S33,U33,W33,AC33,AE33,AG33,AI33,AK33) -> 6011714 | I33: 481225.32 | J33: =I33/F33 -> 0.080047939 | K33: 637044.29 | L33: =K33/F33 -> 0.10596717 | M33: =SUM(I33+K33) -> 1118269.6 | N33: =M33/F33 -> 0.1860151 | O33: 140872.99 | P33: =O33/F33 -> 0.023433082 | Q33: 87187.049 | R33: =Q33/$F33 -> 0.01450286 | S33: =SUM(O33+Q33) -> 228060.04 | T33: =S33/F33 -> 0.037935943 | U33: 544321.96 | V33: =U33/F33 -> 0.090543555 | W33: 15083.729 | X33: =W33/F33 -> 0.0025090563 | Y33: 703524.48 | Z33: =Y33/F33 -> 0.11702561 | AA33: 1011559.8 | AB33: =AA33/$F33 -> 0.16826479 | AC33: =SUM(Y33+AA33) -> 1715084.2 | AD33: =AC33/F33 -> 0.28529039 | AE33: 663025.3 | AF33: =AE33/F33 -> 0.1102889 | AG33: 816789.3 | AH33: =AG33/F33 -> 0.13586629 | AI33: 512271.82 | AJ33: =AI33/F33 -> 0.085212275 | AK33: 398808 | AL33: =AK33/F33 -> 0.066338485
D34: 45928 | E34: 日 | F34: =SUM(M34,S34,U34,W34,AC34,AE34,AG34,AI34,AK34) -> 6495139 | I34: 497221.71 | J34: =I34/F34 -> 0.076552897 | K34: 714318.73 | L34: =K34/F34 -> 0.10997744 | M34: =SUM(I34+K34) -> 1211540.4 | N34: =M34/F34 -> 0.18653033 | O34: 140780.61 | P34: =O34/F34 -> 0.021674765 | Q34: 91009.456 | R34: =Q34/$F34 -> 0.014011934 | S34: =SUM(O34+Q34) -> 231790.07 | T34: =S34/F34 -> 0.035686698 | U34: 582195.26 | V34: =U34/F34 -> 0.089635535 | W34: 15211.093 | X34: =W34/F34 -> 0.0023419196 | Y34: 737020.34 | Z34: =Y34/F34 -> 0.11347261 | AA34: 1007821.4 | AB34: =AA34/$F34 -> 0.15516548 | AC34: =SUM(Y34+AA34) -> 1744841.7 | AD34: =AC34/F34 -> 0.26863809 | AE34: 753504.46 | AF34: =AE34/F34 -> 0.11601052 | AG34: 905886.83 | AH34: =AG34/F34 -> 0.13947151 | AI34: 640431.03 | AJ34: =AI34/F34 -> 0.098601589 | AK34: 409738.1 | AL34: =AK34/F34 -> 0.063083807
D35: 45929 | E35: 一 | F35: =SUM(M35,S35,U35,W35,AC35,AE35,AG35,AI35,AK35) -> 7696764 | I35: 718070.13 | J35: =I35/F35 -> 0.093295069 | K35: 820836.76 | L35: =K35/F35 -> 0.106647 | M35: =SUM(I35+K35) -> 1538906.9 | N35: =M35/F35 -> 0.19994206 | O35: 175439.16 | P35: =O35/F35 -> 0.022793885 | Q35: 108789.84 | R35: =Q35/$F35 -> 0.014134491 | S35: =SUM(O35+Q35) -> 284229 | T35: =S35/F35 -> 0.036928376 | U35: 683425.86 | V35: =U35/F35 -> 0.088793921 | W35: 18719.059 | X35: =W35/F35 -> 0.0024320687 | Y35: 829722.2 | Z35: =Y35/F35 -> 0.10780143 | AA35: 1103405.3 | AB35: =AA35/$F35 -> 0.14335964 | AC35: =SUM(Y35+AA35) -> 1933127.5 | AD35: =AC35/F35 -> 0.25116107 | AE35: 843532.31 | AF35: =AE35/F35 -> 0.10959571 | AG35: 1224657.3 | AH35: =AG35/F35 -> 0.15911327 | AI35: 647403.46 | AJ35: =AI35/F35 -> 0.084113721 | AK35: 522762.67 | AL35: =AK35/F35 -> 0.0679198
D36: 45930 | E36: 二 | F36: =SUM(M36,S36,U36,W36,AC36,AE36,AG36,AI36,AK36) -> 8551969 | G36: =SUM(F36:F42) -> 8551969 | I36: 719554.55 | J36: =I36/F36 -> 0.08413905 | K36: 795384.55 | L36: =K36/F36 -> 0.093006014 | M36: =SUM(I36+K36) -> 1514939.1 | N36: =M36/F36 -> 0.17714506 | O36: 212315.87 | P36: =O36/F36 -> 0.024826548 | Q36: 112672.39 | R36: =Q36/$F36 -> 0.013175023 | S36: =SUM(O36+Q36) -> 324988.26 | T36: =S36/F36 -> 0.038001571 | U36: 1002122.8 | V36: =U36/F36 -> 0.11718036 | W36: 15967.863 | X36: =W36/F36 -> 0.0018671564 | Y36: 790775.01 | Z36: =Y36/F36 -> 0.09246701 | AA36: 1095676.4 | AB36: =AA36/$F36 -> 0.12811979 | AC36: =SUM(Y36+AA36) -> 1886451.4 | AD36: =AC36/F36 -> 0.2205868 | AE36: 1280674.6 | AF36: =AE36/F36 -> 0.14975202 | AG36: 1163000.5 | AH36: =AG36/F36 -> 0.13599214 | AI36: 654699.71 | AJ36: =AI36/F36 -> 0.076555435 | AK36: 709124.64 | AL36: =AK36/F36 -> 0.082919458
I46: =SUM(I7:I45) -> 22626323 | J46: =I46/$H$7 -> 0.10526297 | K46: =SUM(K7:K45) -> 23969083 | L46: =K46/$H$7 -> 0.11150981 | M46: =SUM(M7:M45) -> 46595406 | N46: =M46/$H$7 -> 0.21677278 | O46: =SUM(O7:O45) -> 4640450.6 | P46: =O46/$H$7 -> 0.021588467 | Q46: =SUM(Q7:Q45) -> 3150244.5 | R46: =Q46/$H$7 -> 0.014655678 | S46: =SUM(S7:S45) -> 7790695.1 | T46: =S46/$H$7 -> 0.036244145 | U46: =SUM(U7:U45) -> 18799984 | V46: =U46/$H$7 -> 0.087461944 | W46: =SUM(W7:W45) -> 395545.77 | X46: =W46/$H$7 -> 0.0018401719 | Y46: =SUM(Y7:Y45) -> 21899883 | Z46: =Y46/$H$7 -> 0.1018834 | AA46: =SUM(AA7:AA45) -> 31740772 | AB46: =AA46/$H$7 -> 0.14766553 | AC46: =SUM(AC7:AC45) -> 53640655 | AD46: =AC46/$H$7 -> 0.24954894 | AE46: =SUM(AE7:AE45) -> 23966440 | AF46: =AE46/$H$7 -> 0.11149751 | AG46: =SUM(AG7:AG45) -> 32518381 | AH46: =AG46/$H$7 -> 0.15128315 | AI46: =SUM(AI7:AI45) -> 17756916 | AJ46: =AI46/$H$7 -> 0.082609348 | AK46: =SUM(AK7:AK45) -> 13486423 | AL46: =AK46/$H$7 -> 0.062742008
M47: =M46 -> 46595406 | S47: =S46 -> 7790695.1 | U47: =U46 -> 18799984 | W47: =W46 -> 395545.77 | AC47: =AC46 -> 53640655 | AE47: =AE46 -> 23966440 | AG47: =AG46 -> 32518381 | AI47: =AI46 -> 17756916 | AK47: =AK46 -> 13486423

Sheet （４）訂單數量構成比
B2: （4）訂單數量構成比
C3: 月份 | D3: 日期 | F3: 訂單量 | I3: 品類訂單量
I4: 18℃-飯糰 | O4: 18℃-壽司手卷 | U4: 4℃-飯糰 | W4: 4℃-壽司手卷 | Y4: 主食 | AE4: 便當 | AG4: 熱食義麵 | AI4: 季節調理麵 | AK4: 微波小吃
F5: 日 | G5: 週累積 | H5: 月累積 | I5: 一配 | K5: 二配 | M5: 合計 | O5: 一配 | Q5: 二配 | S5: 合計 | U5: 一配 | W5: 一配 | Y5: 一配 | AA5: 二配 | AC5: 合計 | AE5: 一配 | AG5: 一配 | AI5: 一配 | AK5: 一配
I6: 訂單數 | J6: 比例(%) | K6: 訂單數 | L6: 比例(%) | M6: 訂單數 | N6: 比例(%) | O6: 訂單數 | P6: 比例(%) | Q6: 訂單數 | R6: 比例(%) | S6: 訂單數 | T6: 比例(%) | U6: 訂單數 | V6: 比例(%) | W6: 訂單數 | X6: 比例(%) | Y6: 訂單數 | Z6: 比例(%) | AA6: 訂單數 | AB6: 比例(%) | AC6: 訂單數 | AD6: 比例(%) | AE6: 訂單數 | AF6: 比例(%) | AG6: 訂單數 | AH6: 比例(%) | AI6: 訂單數 | AJ6: 比例(%) | AK6: 訂單數 | AL6: 比例(%)
D7: 45901 | E7: 一 | F7: =SUM(M7,S7,U7,W7,AC7,AE7,AG7,AI7,AK7) -> 222309 | G7: =SUM(F7) -> 222309 | H7: =SUM(F7:F36) -> 6718847 | I7: 31188 | J7: =I7/F7 -> 0.14029122 | K7: 45716 | L7: =K7/F7 -> 0.2056417 | M7: =SUM(I7+K7) -> 76904 | N7: =M7/F7 -> 0.34593291 | O7: 7283 | P7: =O7/F7 -> 0.032760707 | Q7: 4112 | R7: =Q7/D7 -> 0.089584105 | S7: =SUM(O7+Q7) -> 11395 | T7: =S7/F7 -> 0.051257484 | U7: 20019 | V7: =U7/F7 -> 0.090050335 | W7: 420 | X7: =W7/F7 -> 0.0018892622 | Y7: 23192 | Z7: =Y7/F7 -> 0.10432326 | AA7: 24411 | AB7: =AA7/D7 -> 0.53181848 | AC7: =SUM(Y7+AA7) -> 47603 | AD7: =AC7/F7 -> 0.21412988 | AE7: 13998 | AF7: =AE7/F7 -> 0.062966412 | AG7: 17886 | AH7: =AG7/F7 -> 0.080455582 | AI7: 16627 | AJ7: =AI7/F7 -> 0.074792294 | AK7: 17457 | AL7: =AK7/F7 -> 0.078525836
D8: 45902 | E8: 二 | F8: =SUM(M8,S8,U8,W8,AC8,AE8,AG8,AI8,AK8) -> 240560 | G8: =SUM(F8:F14) -> 1525242 | I8: 43708 | J8: =I8/F8 -> 0.18169272 | K8: 46366 | L8: =K8/F8 -> 0.19274194 | M8: =SUM(I8+K8) -> 90074 | N8: =M8/F8 -> 0.37443465 | O8: 7078 | P8: =O8/F8 -> 0.029423013 | Q8: 4101 | R8: =Q8/D8 -> 0.089342512 | S8: =SUM(O8+Q8) -> 11179 | T8: =S8/F8 -> 0.046470735 | U8: 19657 | V8: =U8/F8 -> 0.081713502 | W8: 458 | X8: =W8/F8 -> 0.0019038909 | Y8: 22718 | Z8: =Y8/F8 -> 0.094437978 | AA8: 23992 | AB8: =AA8/D8 -> 0.52267875 | AC8: =SUM(Y8+AA8) -> 46710 | AD8: =AC8/F8 -> 0.19417193 | AE8: 14199 | AF8: =AE8/F8 -> 0.059024776 | AG8: 25447 | AH8: =AG8/F8 -> 0.10578234 | AI8: 16117 | AJ8: =AI8/F8 -> 0.066997838 | AK8: 16719 | AL8: =AK8/F8 -> 0.069500333
D9: 45903 | E9: 三 | F9: =SUM(M9,S9,U9,W9,AC9,AE9,AG9,AI9,AK9) -> 228856 | I9: 41906 | J9: =I9/F9 -> 0.18311078 | K9: 45666 | L9: =K9/F9 -> 0.19954032 | M9: =SUM(I9+K9) -> 87572 | N9: =M9/F9 -> 0.3826511 | O9: 6487 | P9: =O9/F9 -> 0.028345335 | Q9: 4013 | R9: =Q9/D9 -> 0.08742348 | S9: =SUM(O9+Q9) -> 10500 | T9: =S9/F9 -> 0.045880379 | U9: 18908 | V9: =U9/F9 -> 0.082619639 | W9: 431 | X9: =W9/F9 -> 0.0018832803 | Y9: 22068 | Z9: =Y9/F9 -> 0.096427448 | AA9: 21947 | AB9: =AA9/D9 -> 0.4781169 | AC9: =SUM(Y9+AA9) -> 44015 | AD9: =AC9/F9 -> 0.19232618 | AE9: 13526 | AF9: =AE9/F9 -> 0.059102667 | AG9: 21626 | AH9: =AG9/F9 -> 0.094496102 | AI9: 15647 | AJ9: =AI9/F9 -> 0.068370504 | AK9: 16631 | AL9: =AK9/F9 -> 0.072670151
D10: 45904 | E10: 四 | F10: =SUM(M10,S10,U10,W10,AC10,AE10,AG10,AI10,AK10) -> 210018 | I10: 38090 | J10: =I10/F10 -> 0.18136541 | K10: 42384 | L10: =K10/F10 -> 0.20181127 | M10: =SUM(I10+K10) -> 80474 | N10: =M10/F10 -> 0.38317668 | O10: 6155 | P10: =O10/F10 -> 0.029307012 | Q10: 4074 | R10: =Q10/D10 -> 0.088750436 | S10: =SUM(O10+Q10) -> 10229 | T10: =S10/F10 -> 0.048705349 | U10: 17869 | V10: =U10/F10 -> 0.085083183 | W10: 421 | X10: =W10/F10 -> 0.0020045901 | Y10: 20720 | Z10: =Y10/F10 -> 0.09865821 | AA10: 17620 | AB10: =AA10/D10 -> 0.38384455 | AC10: =SUM(Y10+AA10) -> 38340 | AD10: =AC10/F10 -> 0.18255578 | AE10: 12515 | AF10: =AE10/F10 -> 0.05959013 | AG10: 19930 | AH10: =AG10/F10 -> 0.094896628 | AI10: 14795 | AJ10: =AI10/F10 -> 0.070446343 | AK10: 15445 | AL10: =AK10/F10 -> 0.073541316
D11: 45905 | E11: 五 | F11: =SUM(M11,S11,U11,W11,AC11,AE11,AG11,AI11,AK11) -> 186157 | I11: 33916 | J11: =I11/F11 -> 0.1821903 | K11: 39665 | L11: =K11/F11 -> 0.21307284 | M11: =SUM(I11+K11) -> 73581 | N11: =M11/F11 -> 0.39526314 | O11: 4809 | P11: =O11/F11 -> 0.025833033 | Q11: 3410 | R11: =Q11/D11 -> 0.074283847 | S11: =SUM(O11+Q11) -> 8219 | T11: =S11/F11 -> 0.044150905 | U11: 15369 | V11: =U11/F11 -> 0.082559345 | W11: 370 | X11: =W11/F11 -> 0.0019875696 | Y11: 18830 | Z11: =Y11/F11 -> 0.10115118 | AA11: 16836 | AB11: =AA11/D11 -> 0.36675743 | AC11: =SUM(Y11+AA11) -> 35666 | AD11: =AC11/F11 -> 0.19159097 | AE11: 10286 | AF11: =AE11/F11 -> 0.055254436 | AG11: 15953 | AH11: =AG11/F11 -> 0.085696482 | AI11: 14584 | AJ11: =AI11/F11 -> 0.078342474 | AK11: 12129 | AL11: =AK11/F11 -> 0.065154681
D12: 45906 | E12: 六 | F12: =SUM(M12,S12,U12,W12,AC12,AE12,AG12,AI12,AK12) -> 195008 | I12: 33111 | J12: =I12/F12 -> 0.16979303 | K12: 42836 | L12: =K12/F12 -> 0.21966278 | M12: =SUM(I12+K12) -> 75947 | N12: =M12/F12 -> 0.38945582 | O12: 4715 | P12: =O12/F12 -> 0.024178495 | Q12: 3410 | R12: =Q12/D12 -> 0.074282229 | S12: =SUM(O12+Q12) -> 8125 | T12: =S12/F12 -> 0.041664957 | U12: 15452 | V12: =U12/F12 -> 0.079237775 | W12: 407 | X12: =W12/F12 -> 0.0020870939 | Y12: 19650 | Z12: =Y12/F12 -> 0.1007651 | AA12: 19314 | AB12: =AA12/D12 -> 0.42072932 | AC12: =SUM(Y12+AA12) -> 38964 | AD12: =AC12/F12 -> 0.19980719 | AE12: 11158 | AF12: =AE12/F12 -> 0.057218165 | AG12: 17712 | AH12: =AG12/F12 -> 0.090827043 | AI12: 14371 | AJ12: =AI12/F12 -> 0.073694413 | AK12: 12872 | AL12: =AK12/F12 -> 0.066007548
D13: 45907 | E13: 日 | F13: =SUM(M13,S13,U13,W13,AC13,AE13,AG13,AI13,AK13) -> 233163 | I13: 42322 | J13: =I13/F13 -> 0.1815125 | K13: 46765 | L13: =K13/F13 -> 0.20056784 | M13: =SUM(I13+K13) -> 89087 | N13: =M13/F13 -> 0.38208035 | O13: 6782 | P13: =O13/F13 -> 0.029086948 | Q13: 4003 | R13: =Q13/D13 -> 0.087198031 | S13: =SUM(O13+Q13) -> 10785 | T13: =S13/F13 -> 0.046255195 | U13: 19964 | V13: =U13/F13 -> 0.085622504 | W13: 560 | X13: =W13/F13 -> 0.0024017533 | Y13: 23112 | Z13: =Y13/F13 -> 0.099123789 | AA13: 21832 | AB13: =AA13/D13 -> 0.47557017 | AC13: =SUM(Y13+AA13) -> 44944 | AD13: =AC13/F13 -> 0.19275786 | AE13: 14167 | AF13: =AE13/F13 -> 0.060760069 | AG13: 21532 | AH13: =AG13/F13 -> 0.092347414 | AI13: 16669 | AJ13: =AI13/F13 -> 0.07149076 | AK13: 15455 | AL13: =AK13/F13 -> 0.066284102
D14: 45908 | E14: 一 | F14: =SUM(M14,S14,U14,W14,AC14,AE14,AG14,AI14,AK14) -> 231480 | I14: 39836 | J14: =I14/F14 -> 0.17209262 | K14: 46946 | L14: =K14/F14 -> 0.20280802 | M14: =SUM(I14+K14) -> 86782 | N14: =M14/F14 -> 0.37490064 | O14: 6204 | P14: =O14/F14 -> 0.026801452 | Q14: 3949 | R14: =Q14/D14 -> 0.086019866 | S14: =SUM(O14+Q14) -> 10153 | T14: =S14/F14 -> 0.043861241 | U14: 19709 | V14: =U14/F14 -> 0.085143425 | W14: 524 | X14: =W14/F14 -> 0.0022636945 | Y14: 23529 | Z14: =Y14/F14 -> 0.10164593 | AA14: 23172 | AB14: =AA14/D14 -> 0.50474863 | AC14: =SUM(Y14+AA14) -> 46701 | AD14: =AC14/F14 -> 0.20174961 | AE14: 14895 | AF14: =AE14/F14 -> 0.064346812 | AG14: 21144 | AH14: =AG14/F14 -> 0.091342665 | AI14: 16049 | AJ14: =AI14/F14 -> 0.069332124 | AK14: 15523 | AL14: =AK14/F14 -> 0.067059789
D15: 45909 | E15: 二 | F15: =SUM(M15,S15,U15,W15,AC15,AE15,AG15,AI15,AK15) -> 241607 | G15: =SUM(F15:F21) -> 1578863 | I15: 44860 | J15: =I15/F15 -> 0.18567343 | K15: 46216 | L15: =K15/F15 -> 0.19128585 | M15: =SUM(I15+K15) -> 91076 | N15: =M15/F15 -> 0.37695928 | O15: 5909 | P15: =O15/F15 -> 0.024457073 | Q15: 3817 | R15: =Q15/D15 -> 0.083142739 | S15: =SUM(O15+Q15) -> 9726 | T15: =S15/F15 -> 0.040255456 | U15: 19244 | V15: =U15/F15 -> 0.07965001 | W15: 470 | X15: =W15/F15 -> 0.0019453079 | Y15: 23593 | Z15: =Y15/F15 -> 0.097650316 | AA15: 22597 | AB15: =AA15/D15 -> 0.49221286 | AC15: =SUM(Y15+AA15) -> 46190 | AD15: =AC15/F15 -> 0.19117824 | AE15: 14931 | AF15: =AE15/F15 -> 0.061798706 | AG15: 28876 | AH15: =AG15/F15 -> 0.1195164 | AI15: 16070 | AJ15: =AI15/F15 -> 0.066512974 | AK15: 15024 | AL15: =AK15/F15 -> 0.062183629
D16: 45910 | E16: 三 | F16: =SUM(M16,S16,U16,W16,AC16,AE16,AG16,AI16,AK16) -> 233099 | I16: 44345 | J16: =I16/F16 -> 0.19024106 | K16: 45616 | L16: =K16/F16 -> 0.19569368 | M16: =SUM(I16+K16) -> 89961 | N16: =M16/F16 -> 0.38593473 | O16: 5587 | P16: =O16/F16 -> 0.023968357 | Q16: 3710 | R16: =Q16/D16 -> 0.080810281 | S16: =SUM(O16+Q16) -> 9297 | T16: =S16/F16 -> 0.039884341 | U16: 19200 | V16: =U16/F16 -> 0.082368436 | W16: 392 | X16: =W16/F16 -> 0.0016816889 | Y16: 22330 | Z16: =Y16/F16 -> 0.095796207 | AA16: 20539 | AB16: =AA16/D16 -> 0.4473753 | AC16: =SUM(Y16+AA16) -> 42869 | AD16: =AC16/F16 -> 0.18390898 | AE16: 14527 | AF16: =AE16/F16 -> 0.06232116 | AG16: 24826 | AH16: =AG16/F16 -> 0.1065041 | AI16: 17338 | AJ16: =AI16/F16 -> 0.074380413 | AK16: 14689 | AL16: =AK16/F16 -> 0.063016143
D17: 45911 | E17: 四 | F17: =SUM(M17,S17,U17,W17,AC17,AE17,AG17,AI17,AK17) -> 217145 | I17: 41418 | J17: =I17/F17 -> 0.19073891 | K17: 41093 | L17: =K17/F17 -> 0.18924221 | M17: =SUM(I17+K17) -> 82511 | N17: =M17/F17 -> 0.37998112 | O17: 5381 | P17: =O17/F17 -> 0.024780677 | Q17: 3622 | R17: =Q17/D17 -> 0.078891769 | S17: =SUM(O17+Q17) -> 9003 | T17: =S17/F17 -> 0.041460775 | U17: 17927 | V17: =U17/F17 -> 0.082557738 | W17: 368 | X17: =W17/F17 -> 0.0016947201 | Y17: 20757 | Z17: =Y17/F17 -> 0.095590504 | AA17: 18254 | AB17: =AA17/D17 -> 0.39759535 | AC17: =SUM(Y17+AA17) -> 39011 | AD17: =AC17/F17 -> 0.17965415 | AE17: 13533 | AF17: =AE17/F17 -> 0.062322411 | AG17: 23848 | AH17: =AG17/F17 -> 0.10982523 | AI17: 16638 | AJ17: =AI17/F17 -> 0.076621612 | AK17: 14306 | AL17: =AK17/F17 -> 0.065882245
D18: 45912 | E18: 五 | F18: =SUM(M18,S18,U18,W18,AC18,AE18,AG18,AI18,AK18) -> 194357 | I18: 33225 | J18: =I18/F18 -> 0.17094831 | K18: 39165 | L18: =K18/F18 -> 0.20151062 | M18: =SUM(I18+K18) -> 72390 | N18: =M18/F18 -> 0.37245893 | O18: 4479 | P18: =O18/F18 -> 0.023045221 | Q18: 3313 | R18: =Q18/D18 -> 0.072159784 | S18: =SUM(O18+Q18) -> 7792 | T18: =S18/F18 -> 0.040091172 | U18: 15515 | V18: =U18/F18 -> 0.079827328 | W18: 381 | X18: =W18/F18 -> 0.0019603102 | Y18: 20738 | Z18: =Y18/F18 -> 0.10670056 | AA18: 18923 | AB18: =AA18/D18 -> 0.41215804 | AC18: =SUM(Y18+AA18) -> 39661 | AD18: =AC18/F18 -> 0.20406263 | AE18: 11283 | AF18: =AE18/F18 -> 0.058052964 | AG18: 18890 | AH18: =AG18/F18 -> 0.09719228 | AI18: 15647 | AJ18: =AI18/F18 -> 0.080506491 | AK18: 12798 | AL18: =AK18/F18 -> 0.065847898
D19: 45913 | E19: 六 | F19: =SUM(M19,S19,U19,W19,AC19,AE19,AG19,AI19,AK19) -> 204761 | I19: 32725 | J19: =I19/F19 -> 0.15982047 | K19: 43473 | L19: =K19/F19 -> 0.21231094 | M19: =SUM(I19+K19) -> 76198 | N19: =M19/F19 -> 0.37213141 | O19: 4489 | P19: =O19/F19 -> 0.02192312 | Q19: 3276 | R19: =Q19/D19 -> 0.07135234 | S19: =SUM(O19+Q19) -> 7765 | T19: =S19/F19 -> 0.037922261 | U19: 16397 | V19: =U19/F19 -> 0.080078726 | W19: 470 | X19: =W19/F19 -> 0.002295359 | Y19: 21810 | Z19: =Y19/F19 -> 0.10651442 | AA19: 20496 | AB19: =AA19/D19 -> 0.44640951 | AC19: =SUM(Y19+AA19) -> 42306 | AD19: =AC19/F19 -> 0.20661161 | AE19: 11964 | AF19: =AE19/F19 -> 0.058429095 | AG19: 20568 | AH19: =AG19/F19 -> 0.10044882 | AI19: 15877 | AJ19: =AI19/F19 -> 0.07753918 | AK19: 13216 | AL19: =AK19/F19 -> 0.064543541
D20: 45914 | E20: 日 | F20: =SUM(M20,S20,U20,W20,AC20,AE20,AG20,AI20,AK20) -> 242926 | I20: 44713 | J20: =I20/F20 -> 0.18406017 | K20: 46720 | L20: =K20/F20 -> 0.19232194 | M20: =SUM(I20+K20) -> 91433 | N20: =M20/F20 -> 0.37638211 | O20: 6153 | P20: =O20/F20 -> 0.025328701 | Q20: 3815 | R20: =Q20/D20 -> 0.083090125 | S20: =SUM(O20+Q20) -> 9968 | T20: =S20/F20 -> 0.041033072 | U20: 20168 | V20: =U20/F20 -> 0.083021167 | W20: 522 | X20: =W20/F20 -> 0.0021488025 | Y20: 24606 | Z20: =Y20/F20 -> 0.1012901 | AA20: 22032 | AB20: =AA20/D20 -> 0.47985364 | AC20: =SUM(Y20+AA20) -> 46638 | AD20: =AC20/F20 -> 0.19198439 | AE20: 15584 | AF20: =AE20/F20 -> 0.064151223 | AG20: 25079 | AH20: =AG20/F20 -> 0.1032372 | AI20: 17943 | AJ20: =AI20/F20 -> 0.073861999 | AK20: 15591 | AL20: =AK20/F20 -> 0.064180038
D21: 45915 | E21: 一 | F21: =SUM(M21,S21,U21,W21,AC21,AE21,AG21,AI21,AK21) -> 244968 | I21: 42223 | J21: =I21/F21 -> 0.17236129 | K21: 49788 | L21: =K21/F21 -> 0.20324287 | M21: =SUM(I21+K21) -> 92011 | N21: =M21/F21 -> 0.37560416 | O21: 5716 | P21: =O21/F21 -> 0.02333366 | Q21: 3914 | R21: =Q21/D21 -> 0.085244473 | S21: =SUM(O21+Q21) -> 9630 | T21: =S21/F21 -> 0.039311257 | U21: 20304 | V21: =U21/F21 -> 0.082884295 | W21: 538 | X21: =W21/F21 -> 0.0021962052 | Y21: 24854 | Z21: =Y21/F21 -> 0.10145815 | AA21: 22989 | AB21: =AA21/D21 -> 0.50068605 | AC21: =SUM(Y21+AA21) -> 47843 | AD21: =AC21/F21 -> 0.19530306 | AE21: 15693 | AF21: =AE21/F21 -> 0.064061428 | AG21: 24715 | AH21: =AG21/F21 -> 0.10089073 | AI21: 18522 | AJ21: =AI21/F21 -> 0.075609876 | AK21: 15712 | AL21: =AK21/F21 -> 0.06413899
D22: 45916 | E22: 二 | F22: =SUM(M22,S22,U22,W22,AC22,AE22,AG22,AI22,AK22) -> 270682 | G22: =SUM(F22:F28) -> 1647661 | I22: 43421 | J22: =I22/F22 -> 0.16041333 | K22: 48123 | L22: =K22/F22 -> 0.17778426 | M22: =SUM(I22+K22) -> 91544 | N22: =M22/F22 -> 0.33819759 | O22: 8929 | P22: =O22/F22 -> 0.032987048 | Q22: 3879 | R22: =Q22/D22 -> 0.084480355 | S22: =SUM(O22+Q22) -> 12808 | T22: =S22/F22 -> 0.047317516 | U22: 22849 | V22: =U22/F22 -> 0.084412706 | W22: 511 | X22: =W22/F22 -> 0.0018878241 | Y22: 29805 | Z22: =Y22/F22 -> 0.11011076 | AA22: 21658 | AB22: =AA22/D22 -> 0.47168743 | AC22: =SUM(Y22+AA22) -> 51463 | AD22: =AC22/F22 -> 0.19012347 | AE22: 19275 | AF22: =AE22/F22 -> 0.07120902 | AG22: 30084 | AH22: =AG22/F22 -> 0.11114149 | AI22: 18178 | AJ22: =AI22/F22 -> 0.067156294 | AK22: 23970 | AL22: =AK22/F22 -> 0.088554097
D23: 45917 | E23: 三 | F23: =SUM(M23,S23,U23,W23,AC23,AE23,AG23,AI23,AK23) -> 252399 | I23: 42312 | J23: =I23/F23 -> 0.16763933 | K23: 47581 | L23: =K23/F23 -> 0.18851501 | M23: =SUM(I23+K23) -> 89893 | N23: =M23/F23 -> 0.35615434 | O23: 7423 | P23: =O23/F23 -> 0.029409784 | Q23: 3881 | R23: =Q23/D23 -> 0.084522072 | S23: =SUM(O23+Q23) -> 11304 | T23: =S23/F23 -> 0.044786231 | U23: 20751 | V23: =U23/F23 -> 0.082215064 | W23: 490 | X23: =W23/F23 -> 0.0019413706 | Y23: 27721 | Z23: =Y23/F23 -> 0.10983007 | AA23: 19954 | AB23: =AA23/D23 -> 0.43456672 | AC23: =SUM(Y23+AA23) -> 47675 | AD23: =AC23/F23 -> 0.18888744 | AE23: 17100 | AF23: =AE23/F23 -> 0.067749872 | AG23: 26608 | AH23: =AG23/F23 -> 0.10542039 | AI23: 18478 | AJ23: =AI23/F23 -> 0.073209482 | AK23: 20100 | AL23: =AK23/F23 -> 0.079635815
D24: 45918 | E24: 四 | F24: =SUM(M24,S24,U24,W24,AC24,AE24,AG24,AI24,AK24) -> 235694 | I24: 39266 | J24: =I24/F24 -> 0.16659737 | K24: 43687 | L24: =K24/F24 -> 0.18535474 | M24: =SUM(I24+K24) -> 82953 | N24: =M24/F24 -> 0.35195211 | O24: 6917 | P24: =O24/F24 -> 0.029347374 | Q24: 3778 | R24: =Q24/D24 -> 0.082277103 | S24: =SUM(O24+Q24) -> 10695 | T24: =S24/F24 -> 0.045376632 | U24: 20171 | V24: =U24/F24 -> 0.085581305 | W24: 420 | X24: =W24/F24 -> 0.0017819715 | Y24: 26557 | Z24: =Y24/F24 -> 0.11267576 | AA24: 17501 | AB24: =AA24/D24 -> 0.38113594 | AC24: =SUM(Y24+AA24) -> 44058 | AD24: =AC24/F24 -> 0.18692881 | AE24: 15913 | AF24: =AE24/F24 -> 0.067515507 | AG24: 24683 | AH24: =AG24/F24 -> 0.10472477 | AI24: 17421 | AJ24: =AI24/F24 -> 0.073913634 | AK24: 19380 | AL24: =AK24/F24 -> 0.082225258
D25: 45919 | E25: 五 | F25: =SUM(M25,S25,U25,W25,AC25,AE25,AG25,AI25,AK25) -> 198052 | I25: 31445 | J25: =I25/F25 -> 0.15877143 | K25: 39498 | L25: =K25/F25 -> 0.19943247 | M25: =SUM(I25+K25) -> 70943 | N25: =M25/F25 -> 0.35820391 | O25: 6322 | P25: =O25/F25 -> 0.03192091 | Q25: 3157 | R25: =Q25/D25 -> 0.068751497 | S25: =SUM(O25+Q25) -> 9479 | T25: =S25/F25 -> 0.047861168 | U25: 15724 | V25: =U25/F25 -> 0.079393291 | W25: 387 | X25: =W25/F25 -> 0.0019540323 | Y25: 23651 | Z25: =Y25/F25 -> 0.11941813 | AA25: 17610 | AB25: =AA25/D25 -> 0.38350138 | AC25: =SUM(Y25+AA25) -> 41261 | AD25: =AC25/F25 -> 0.20833417 | AE25: 11836 | AF25: =AE25/F25 -> 0.059762083 | AG25: 17901 | AH25: =AG25/F25 -> 0.090385353 | AI25: 15037 | AJ25: =AI25/F25 -> 0.075924505 | AK25: 15484 | AL25: =AK25/F25 -> 0.078181488
D26: 45920 | E26: 六 | F26: =SUM(M26,S26,U26,W26,AC26,AE26,AG26,AI26,AK26) -> 203622 | I26: 30303 | J26: =I26/F26 -> 0.14881987 | K26: 42032 | L26: =K26/F26 -> 0.2064217 | M26: =SUM(I26+K26) -> 72335 | N26: =M26/F26 -> 0.35524158 | O26: 6329 | P26: =O26/F26 -> 0.031082103 | Q26: 3194 | R26: =Q26/D26 -> 0.069555749 | S26: =SUM(O26+Q26) -> 9523 | T26: =S26/F26 -> 0.046768031 | U26: 17416 | V26: =U26/F26 -> 0.085531033 | W26: 426 | X26: =W26/F26 -> 0.0020921119 | Y26: 20965 | Z26: =Y26/F26 -> 0.10296039 | AA26: 19533 | AB26: =AA26/D26 -> 0.42537021 | AC26: =SUM(Y26+AA26) -> 40498 | AD26: =AC26/F26 -> 0.19888814 | AE26: 12527 | AF26: =AE26/F26 -> 0.061520857 | AG26: 19659 | AH26: =AG26/F26 -> 0.096546542 | AI26: 14300 | AJ26: =AI26/F26 -> 0.070228168 | AK26: 16938 | AL26: =AK26/F26 -> 0.083183546
D27: 45921 | E27: 日 | F27: =SUM(M27,S27,U27,W27,AC27,AE27,AG27,AI27,AK27) -> 246024 | I27: 40813 | J27: =I27/F27 -> 0.16589032 | K27: 46287 | L27: =K27/F27 -> 0.18814018 | M27: =SUM(I27+K27) -> 87100 | N27: =M27/F27 -> 0.3540305 | O27: 8442 | P27: =O27/F27 -> 0.034313725 | Q27: 3766 | R27: =Q27/D27 -> 0.082010409 | S27: =SUM(O27+Q27) -> 12208 | T27: =S27/F27 -> 0.049621175 | U27: 21911 | V27: =U27/F27 -> 0.089060417 | W27: 580 | X27: =W27/F27 -> 0.0023574936 | Y27: 24818 | Z27: =Y27/F27 -> 0.10087634 | AA27: 22057 | AB27: =AA27/D27 -> 0.48032491 | AC27: =SUM(Y27+AA27) -> 46875 | AD27: =AC27/F27 -> 0.19053019 | AE27: 16151 | AF27: =AE27/F27 -> 0.065648067 | AG27: 24707 | AH27: =AG27/F27 -> 0.10042516 | AI27: 17176 | AJ27: =AI27/F27 -> 0.069814327 | AK27: 19316 | AL27: =AK27/F27 -> 0.078512665
D28: 45922 | E28: 一 | F28: =SUM(M28,S28,U28,W28,AC28,AE28,AG28,AI28,AK28) -> 241188 | I28: 39440 | J28: =I28/F28 -> 0.16352389 | K28: 45503 | L28: =K28/F28 -> 0.18866196 | M28: =SUM(I28+K28) -> 84943 | N28: =M28/F28 -> 0.35218585 | O28: 7480 | P28: =O28/F28 -> 0.031013152 | Q28: 3858 | R28: =Q28/D28 -> 0.08401202 | S28: =SUM(O28+Q28) -> 11338 | T28: =S28/F28 -> 0.047008972 | U28: 20164 | V28: =U28/F28 -> 0.083602833 | W28: 671 | X28: =W28/F28 -> 0.0027820621 | Y28: 25766 | Z28: =Y28/F28 -> 0.10682953 | AA28: 21436 | AB28: =AA28/D28 -> 0.46679152 | AC28: =SUM(Y28+AA28) -> 47202 | AD28: =AC28/F28 -> 0.19570625 | AE28: 15862 | AF28: =AE28/F28 -> 0.065766124 | AG28: 24550 | AH28: =AG28/F28 -> 0.10178782 | AI28: 17037 | AJ28: =AI28/F28 -> 0.070637843 | AK28: 19421 | AL28: =AK28/F28 -> 0.080522248
D29: 45923 | E29: 二 | F29: =SUM(M29,S29,U29,W29,AC29,AE29,AG29,AI29,AK29) -> 234687 | G29: =SUM(F29:F35) -> 1482932 | I29: 38621 | J29: =I29/F29 -> 0.16456387 | K29: 44722 | L29: =K29/F29 -> 0.19056019 | M29: =SUM(I29+K29) -> 83343 | N29: =M29/F29 -> 0.35512406 | O29: 7699 | P29: =O29/F29 -> 0.032805396 | Q29: 3735 | R29: =Q29/D29 -> 0.081331795 | S29: =SUM(O29+Q29) -> 11434 | T29: =S29/F29 -> 0.04872021 | U29: 19503 | V29: =U29/F29 -> 0.083102174 | W29: 627 | X29: =W29/F29 -> 0.0026716435 | Y29: 25136 | Z29: =Y29/F29 -> 0.10710436 | AA29: 20081 | AB29: =AA29/D29 -> 0.43727544 | AC29: =SUM(Y29+AA29) -> 45217 | AD29: =AC29/F29 -> 0.19266939 | AE29: 15785 | AF29: =AE29/F29 -> 0.067259797 | AG29: 23387 | AH29: =AG29/F29 -> 0.099651877 | AI29: 16987 | AJ29: =AI29/F29 -> 0.072381512 | AK29: 18404 | AL29: =AK29/F29 -> 0.078419342
D30: 45924 | E30: 三 | F30: =SUM(M30,S30,U30,W30,AC30,AE30,AG30,AI30,AK30) -> 226259 | I30: 37542 | J30: =I30/F30 -> 0.16592489 | K30: 43798 | L30: =K30/F30 -> 0.19357462 | M30: =SUM(I30+K30) -> 81340 | N30: =M30/F30 -> 0.35949951 | O30: 7607 | P30: =O30/F30 -> 0.033620762 | Q30: 3611 | R30: =Q30/D30 -> 0.07862991 | S30: =SUM(O30+Q30) -> 11218 | T30: =S30/F30 -> 0.049580348 | U30: 19283 | V30: =U30/F30 -> 0.085225339 | W30: 572 | X30: =W30/F30 -> 0.0025280762 | Y30: 24756 | Z30: =Y30/F30 -> 0.10941443 | AA30: 19452 | AB30: =AA30/D30 -> 0.42356938 | AC30: =SUM(Y30+AA30) -> 44208 | AD30: =AC30/F30 -> 0.1953867 | AE30: 15329 | AF30: =AE30/F30 -> 0.067749791 | AG30: 23087 | AH30: =AG30/F30 -> 0.10203793 | AI30: 13266 | AJ30: =AI30/F30 -> 0.058631922 | AK30: 17956 | AL30: =AK30/F30 -> 0.079360379
D31: 45925 | E31: 四 | F31: =SUM(M31,S31,U31,W31,AC31,AE31,AG31,AI31,AK31) -> 212221 | I31: 34781 | J31: =I31/F31 -> 0.16389047 | K31: 39525 | L31: =K31/F31 -> 0.18624453 | M31: =SUM(I31+K31) -> 74306 | N31: =M31/F31 -> 0.350135 | O31: 7010 | P31: =O31/F31 -> 0.033031604 | Q31: 3431 | R31: =Q31/D31 -> 0.074708764 | S31: =SUM(O31+Q31) -> 10441 | T31: =S31/F31 -> 0.049198713 | U31: 18319 | V31: =U31/F31 -> 0.086320392 | W31: 557 | X31: =W31/F31 -> 0.0026246224 | Y31: 23611 | Z31: =Y31/F31 -> 0.11125666 | AA31: 18963 | AB31: =AA31/D31 -> 0.41291236 | AC31: =SUM(Y31+AA31) -> 42574 | AD31: =AC31/F31 -> 0.20061163 | AE31: 14779 | AF31: =AE31/F31 -> 0.069639668 | AG31: 21606 | AH31: =AG31/F31 -> 0.10180896 | AI31: 12458 | AJ31: =AI31/F31 -> 0.058702956 | AK31: 17181 | AL31: =AK31/F31 -> 0.080958058
D32: 45926 | E32: 五 | F32: =SUM(M32,S32,U32,W32,AC32,AE32,AG32,AI32,AK32) -> 184225 | I32: 25780 | J32: =I32/F32 -> 0.13993758 | K32: 35605 | L32: =K32/F32 -> 0.1932691 | M32: =SUM(I32+K32) -> 61385 | N32: =M32/F32 -> 0.33320668 | O32: 6203 | P32: =O32/F32 -> 0.033670783 | Q32: 3109 | R32: =Q32/D32 -> 0.067695859 | S32: =SUM(O32+Q32) -> 9312 | T32: =S32/F32 -> 0.050546886 | U32: 16185 | V32: =U32/F32 -> 0.087854526 | W32: 492 | X32: =W32/F32 -> 0.0026706473 | Y32: 21564 | Z32: =Y32/F32 -> 0.11705252 | AA32: 18546 | AB32: =AA32/D32 -> 0.40382354 | AC32: =SUM(Y32+AA32) -> 40110 | AD32: =AC32/F32 -> 0.21772289 | AE32: 12355 | AF32: =AE32/F32 -> 0.067064731 | AG32: 15735 | AH32: =AG32/F32 -> 0.08541186 | AI32: 13726 | AJ32: =AI32/F32 -> 0.074506717 | AK32: 14925 | AL32: =AK32/F32 -> 0.081015063
D33: 45927 | E33: 六 | F33: =SUM(M33,S33,U33,W33,AC33,AE33,AG33,AI33,AK33) -> 185335 | I33: 24486 | J33: =I33/F33 -> 0.13211752 | K33: 34671 | L33: =K33/F33 -> 0.18707206 | M33: =SUM(I33+K33) -> 59157 | N33: =M33/F33 -> 0.31918958 | O33: 6154 | P33: =O33/F33 -> 0.033204737 | Q33: 3044 | R33: =Q33/D33 -> 0.066279095 | S33: =SUM(O33+Q33) -> 9198 | T33: =S33/F33 -> 0.04962905 | U33: 16670 | V33: =U33/F33 -> 0.089945234 | W33: 569 | X33: =W33/F33 -> 0.0030701163 | Y33: 22510 | Z33: =Y33/F33 -> 0.12145574 | AA33: 19478 | AB33: =AA33/D33 -> 0.42410782 | AC33: =SUM(Y33+AA33) -> 41988 | AD33: =AC33/F33 -> 0.22655192 | AE33: 12033 | AF33: =AE33/F33 -> 0.064925675 | AG33: 16779 | AH33: =AG33/F33 -> 0.090533359 | AI33: 13967 | AJ33: =AI33/F33 -> 0.075360833 | AK33: 14974 | AL33: =AK33/F33 -> 0.080794237
D34: 45928 | E34: 日 | F34: =SUM(M34,S34,U34,W34,AC34,AE34,AG34,AI34,AK34) -> 199570 | I34: 25381 | J34: =I34/F34 -> 0.12717843 | K34: 38411 | L34: =K34/F34 -> 0.19246881 | M34: =SUM(I34+K34) -> 63792 | N34: =M34/F34 -> 0.31964724 | O34: 6194 | P34: =O34/F34 -> 0.031036729 | Q34: 3174 | R34: =Q34/D34 -> 0.069108169 | S34: =SUM(O34+Q34) -> 9368 | T34: =S34/F34 -> 0.046940923 | U34: 17773 | V34: =U34/F34 -> 0.089056471 | W34: 574 | X34: =W34/F34 -> 0.0028761838 | Y34: 23565 | Z34: =Y34/F34 -> 0.11807887 | AA34: 19447 | AB34: =AA34/D34 -> 0.42342362 | AC34: =SUM(Y34+AA34) -> 43012 | AD34: =AC34/F34 -> 0.21552338 | AE34: 13639 | AF34: =AE34/F34 -> 0.068341935 | AG34: 18692 | AH34: =AG34/F34 -> 0.093661372 | AI34: 17393 | AJ34: =AI34/F34 -> 0.087152378 | AK34: 15327 | AL34: =AK34/F34 -> 0.07680012
D35: 45929 | E35: 一 | F35: =SUM(M35,S35,U35,W35,AC35,AE35,AG35,AI35,AK35) -> 240635 | I35: 36282 | J35: =I35/F35 -> 0.15077607 | K35: 45702 | L35: =K35/F35 -> 0.1899225 | M35: =SUM(I35+K35) -> 81984 | N35: =M35/F35 -> 0.34069857 | O35: 7747 | P35: =O35/F35 -> 0.032193987 | Q35: 3788 | R35: =Q35/D35 -> 0.082475125 | S35: =SUM(O35+Q35) -> 11535 | T35: =S35/F35 -> 0.04793567 | U35: 20798 | V35: =U35/F35 -> 0.086429655 | W35: 706 | X35: =W35/F35 -> 0.002933904 | Y35: 26813 | Z35: =Y35/F35 -> 0.11142602 | AA35: 21289 | AB35: =AA35/D35 -> 0.46351978 | AC35: =SUM(Y35+AA35) -> 48102 | AD35: =AC35/F35 -> 0.19989611 | AE35: 15377 | AF35: =AE35/F35 -> 0.06390176 | AG35: 25096 | AH35: =AG35/F35 -> 0.10429073 | AI35: 17562 | AJ35: =AI35/F35 -> 0.072981902 | AK35: 19475 | AL35: =AK35/F35 -> 0.080931702
D36: 45930 | E36: 二 | F36: =SUM(M36,S36,U36,W36,AC36,AE36,AG36,AI36,AK36) -> 261840 | G36: =SUM(F36:F42) -> 261840 | I36: 37161 | J36: =I36/F36 -> 0.14192255 | K36: 44731 | L36: =K36/F36 -> 0.17083333 | M36: =SUM(I36+K36) -> 81892 | N36: =M36/F36 -> 0.31275588 | O36: 10511 | P36: =O36/F36 -> 0.040142835 | Q36: 3914 | R36: =Q36/D36 -> 0.085216634 | S36: =SUM(O36+Q36) -> 14425 | T36: =S36/F36 -> 0.055090895 | U36: 31413 | V36: =U36/F36 -> 0.11997021 | W36: 602 | X36: =W36/F36 -> 0.002299114 | Y36: 26064 | Z36: =Y36/F36 -> 0.099541705 | AA36: 21125 | AB36: =AA36/D36 -> 0.45993904 | AC36: =SUM(Y36+AA36) -> 47189 | AD36: =AC36/F36 -> 0.18022075 | AE36: 22203 | AF36: =AE36/F36 -> 0.084796059 | AG36: 23873 | AH36: =AG36/F36 -> 0.091173999 | AI36: 17743 | AJ36: =AI36/F36 -> 0.067762756 | AK36: 22500 | AL36: =AK36/F36 -> 0.085930339
I46: =SUM(I7:I45) -> 1114620 | J46: =I46/$H$7 -> 0.16589454 | K46: =SUM(K7:K45) -> 1308291 | L46: =K46/$H$7 -> 0.19471957 | M46: =SUM(M7:M45) -> 2422911 | N46: =M46/$H$7 -> 0.36061411 | O46: =SUM(O7:O45) -> 198194 | P46: =O46/$H$7 -> 0.029498216 | Q46: =SUM(Q7:Q45) -> 109858 | R46: =Q46/$H$7 -> 0.016350722 | S46: =SUM(S7:S45) -> 308052 | T46: =S46/$H$7 -> 0.045848938 | U46: =SUM(U7:U45) -> 574632 | V46: =U46/$H$7 -> 0.085525389 | W46: =SUM(W7:W45) -> 14916 | X46: =W46/$H$7 -> 0.0022200238 | Y46: =SUM(Y7:Y45) -> 705809 | Z46: =Y46/$H$7 -> 0.10504913 | AA46: =SUM(AA7:AA45) -> 613084 | AB46: =AA46/$H$7 -> 0.091248394 | AC46: =SUM(AC7:AC45) -> 1318893 | AD46: =AC46/$H$7 -> 0.19629752 | AE46: =SUM(AE7:AE45) -> 432423 | AF46: =AE46/$H$7 -> 0.064359703 | AG46: =SUM(AG7:AG45) -> 664479 | AH46: =AG46/$H$7 -> 0.098897772 | AI46: =SUM(AI7:AI45) -> 483623 | AJ46: =AI46/$H$7 -> 0.071980058 | AK46: =SUM(AK7:AK45) -> 498918 | AL46: =AK46/$H$7 -> 0.074256491
M47: =M46 -> 2422911 | S47: =S46 -> 308052 | U47: =U46 -> 574632 | W47: =W46 -> 14916 | AC47: =AC46 -> 1318893 | AE47: =AE46 -> 432423 | AG47: =AG46 -> 664479 | AI47: =AI46 -> 483623 | AK47: =AK46 -> 498918

Sheet （５-1）品群別人時生產性（18℃-飯糰）
B1: 月平均人時性 | C1: =AVERAGE(L7,L42,L77,L112,L147,L182) -> 715.79668
B2: 產線配置圖－每週更新 | N2: 資料繳交 | O2: 日期 | AT2: 45901
AT3: 一
B4: 品群 | C4: 商品名稱 | E4: 計畫 | H4: 平均人時性 | I4: 實績 | L4: 平均人時性 | M4: 排名 | O4: 日報 | AT4: 實際 | AX4: 平均人時性
E5: 產線配置圖 | I5: 產線配置圖 | AT5: 生產實績
E6: 人數 | F6: 產能／時 | G6: 人時性 | I6: 人數 | J6: 產能／時 | K6: 人時性 | AT6: 人數 | AU6: 產能／時 | AV6: 人時性 | AW6: 排名
B7: 18℃-飯糰 | C7: 1 | D7: 經典肉鬆飯糰 | E7: 4 | F7: 2035.3333 | G7: 508.83333 | H7: =AVERAGE(G7:G36) -> 718.32622 | I7: =AVERAGE(P7,U7,Z7,AE7,AJ7,AO7,AT7) -> 4 | J7: =AVERAGE(Q7,V7,AA7,AF7,AK7,AP7,AU7) -> 2017.3333 | K7: =AVERAGE(R7,W7,AB7,AG7,AL7,AQ7,AV7) -> 504.33333 | L7: =IFERROR(AVERAGE(K7:K36),"-") -> 710.20675 | M7: =RANK(K7, K$7:$K$36) -> 19 | AT7: 4 | AU7: 2017.3333 | AV7: 504.33333 | AW7: =RANK(AV7, AV$7:AV$36) -> 19 | AX7: =AVERAGE(AV7:AV36) -> 710.20675
C8: 2 | D8: 蔬食鮪魚飯糰 | E8: 3 | F8: 2665.9459 | G8: 888.64865 | I8: =AVERAGE(P8,U8,Z8,AE8,AJ8,AO8,AT8) -> 3 | J8: =AVERAGE(Q8,V8,AA8,AF8,AK8,AP8,AU8) -> 2646.1538 | K8: =AVERAGE(R8,W8,AB8,AG8,AL8,AQ8,AV8) -> 882.05128 | M8: =RANK(K8, K$7:$K$36) -> 3 | AT8: 3 | AU8: 2646.1538 | AV8: 882.05128 | AW8: =RANK(AV8, AV$7:AV$36) -> 3
C9: 3 | D9: 北海道秋鮭親子飯糰 | E9: 4 | F9: 2945.625 | G9: 736.40625 | I9: =AVERAGE(P9,U9,Z9,AE9,AJ9,AO9,AT9) -> 4 | J9: =AVERAGE(Q9,V9,AA9,AF9,AK9,AP9,AU9) -> 2930.4 | K9: =AVERAGE(R9,W9,AB9,AG9,AL9,AQ9,AV9) -> 732.6 | M9: =RANK(K9, K$7:$K$36) -> 9 | AT9: 4 | AU9: 2930.4 | AV9: 732.6 | AW9: =RANK(AV9, AV$7:AV$36) -> 9
C10: 4 | D10: 熟成紅鮭飯糰 | E10: 4 | F10: 3003 | G10: 750.75 | I10: =AVERAGE(P10,U10,Z10,AE10,AJ10,AO10,AT10) -> 4 | J10: =AVERAGE(Q10,V10,AA10,AF10,AK10,AP10,AU10) -> 2916.6667 | K10: =AVERAGE(R10,W10,AB10,AG10,AL10,AQ10,AV10) -> 729.16667 | M10: =RANK(K10, K$7:$K$36) -> 10 | AT10: 4 | AU10: 2916.6667 | AV10: 729.16667 | AW10: =RANK(AV10, AV$7:AV$36) -> 10
C11: 5 | D11: 贅沢鮭魚肚飯糰 | E11: 4 | F11: 3001 | G11: 750.25 | I11: =AVERAGE(P11,U11,Z11,AE11,AJ11,AO11,AT11) -> 4 | J11: =AVERAGE(Q11,V11,AA11,AF11,AK11,AP11,AU11) -> 2676 | K11: =AVERAGE(R11,W11,AB11,AG11,AL11,AQ11,AV11) -> 669 | M11: =RANK(K11, K$7:$K$36) -> 11 | AT11: 4 | AU11: 2676 | AV11: 669 | AW11: =RANK(AV11, AV$7:AV$36) -> 11
C12: 6 | D12: 鮪魚飯糰 | E12: 3 | F12: 2989.7727 | G12: 996.59091 | I12: =AVERAGE(P12,U12,Z12,AE12,AJ12,AO12,AT12) -> 3 | J12: =AVERAGE(Q12,V12,AA12,AF12,AK12,AP12,AU12) -> 2893.3333 | K12: =AVERAGE(R12,W12,AB12,AG12,AL12,AQ12,AV12) -> 964.44444 | M12: =RANK(K12, K$7:$K$36) -> 1 | AT12: 3 | AU12: 2893.3333 | AV12: 964.44444 | AW12: =RANK(AV12, AV$7:AV$36) -> 1
C13: 7 | D13: 壹號醬炙烤牛飯糰 | E13: 4 | F13: 2441.0526 | G13: 610.26316 | I13: =AVERAGE(P13,U13,Z13,AE13,AJ13,AO13,AT13) -> 4 | J13: =AVERAGE(Q13,V13,AA13,AF13,AK13,AP13,AU13) -> 2431.7647 | K13: =AVERAGE(R13,W13,AB13,AG13,AL13,AQ13,AV13) -> 607.94118 | M13: =RANK(K13, K$7:$K$36) -> 15 | AT13: 4 | AU13: 2431.7647 | AV13: 607.94118 | AW13: =RANK(AV13, AV$7:AV$36) -> 15
C14: 8 | D14: 明太子龍蝦風味沙拉飯糰 | E14: 3 | F14: 2497.0213 | G14: 832.34043 | I14: =AVERAGE(P14,U14,Z14,AE14,AJ14,AO14,AT14) -> 3 | J14: =AVERAGE(Q14,V14,AA14,AF14,AK14,AP14,AU14) -> 2482.8571 | K14: =AVERAGE(R14,W14,AB14,AG14,AL14,AQ14,AV14) -> 827.61905 | M14: =RANK(K14, K$7:$K$36) -> 4 | AT14: 3 | AU14: 2482.8571 | AV14: 827.61905 | AW14: =RANK(AV14, AV$7:AV$36) -> 4
C15: 9 | D15: 鹽蔥燒肉飯糰 | E15: 3 | F15: 2503.6364 | G15: 834.54545 | I15: =AVERAGE(P15,U15,Z15,AE15,AJ15,AO15,AT15) -> 3 | J15: =AVERAGE(Q15,V15,AA15,AF15,AK15,AP15,AU15) -> 2457.3913 | K15: =AVERAGE(R15,W15,AB15,AG15,AL15,AQ15,AV15) -> 819.13043 | M15: =RANK(K15, K$7:$K$36) -> 5 | AT15: 3 | AU15: 2457.3913 | AV15: 819.13043 | AW15: =RANK(AV15, AV$7:AV$36) -> 5
C16: 10 | D16: 香辣鹹水雞飯糰(區) | E16: 4 | F16: 2491.0345 | G16: 622.75862 | I16: =AVERAGE(P16,U16,Z16,AE16,AJ16,AO16,AT16) -> 4 | J16: =AVERAGE(Q16,V16,AA16,AF16,AK16,AP16,AU16) -> 2430.9677 | K16: =AVERAGE(R16,W16,AB16,AG16,AL16,AQ16,AV16) -> 607.74194 | M16: =RANK(K16, K$7:$K$36) -> 16 | AT16: 4 | AU16: 2430.9677 | AV16: 607.74194 | AW16: =RANK(AV16, AV$7:AV$36) -> 16
C17: 11 | D17: 胡麻鮮蔬雞絲飯糰(區) | E17: 4 | F17: 2472.2449 | G17: 618.06122 | I17: =AVERAGE(P17,U17,Z17,AE17,AJ17,AO17,AT17) -> 4 | J17: =AVERAGE(Q17,V17,AA17,AF17,AK17,AP17,AU17) -> 2478.8889 | K17: =AVERAGE(R17,W17,AB17,AG17,AL17,AQ17,AV17) -> 619.72222 | M17: =RANK(K17, K$7:$K$36) -> 13 | AT17: 4 | AU17: 2478.8889 | AV17: 619.72222 | AW17: =RANK(AV17, AV$7:AV$36) -> 13
C18: 12 | D18: 三杯辣海瓜子飯糰 | E18: 3 | F18: 2365.7143 | G18: 788.57143 | I18: =AVERAGE(P18,U18,Z18,AE18,AJ18,AO18,AT18) -> 3 | J18: =AVERAGE(Q18,V18,AA18,AF18,AK18,AP18,AU18) -> 2416 | K18: =AVERAGE(R18,W18,AB18,AG18,AL18,AQ18,AV18) -> 805.33333 | M18: =RANK(K18, K$7:$K$36) -> 6 | AT18: 3 | AU18: 2416 | AV18: 805.33333 | AW18: =RANK(AV18, AV$7:AV$36) -> 6
C19: 13 | D19: 雞肉飯飯糰 | E19: 4 | F19: 2554.1538 | G19: 638.53846 | I19: =AVERAGE(P19,U19,Z19,AE19,AJ19,AO19,AT19) -> 4 | J19: =AVERAGE(Q19,V19,AA19,AF19,AK19,AP19,AU19) -> 2466.3636 | K19: =AVERAGE(R19,W19,AB19,AG19,AL19,AQ19,AV19) -> 616.59091 | M19: =RANK(K19, K$7:$K$36) -> 14 | AT19: 4 | AU19: 2466.3636 | AV19: 616.59091 | AW19: =RANK(AV19, AV$7:AV$36) -> 14
... C25: 19 | D25: 哇沙米魚卵沙拉飯糰 | E25: 3 | F25: 2676.6667 | G25: 892.22222 | I25: =AVERAGE(P25,U25,Z25,AE25,AJ25,AO25,AT25) -> 3 | J25: =AVERAGE(Q25,V25,AA25,AF25,AK25,AP25,AU25) -> 2678.0488 | K25: =AVERAGE(R25,W25,AB25,AG25,AL25,AQ25,AV25) -> 892.68293 | M25: =RANK(K25, K$7:$K$36) -> 2 | AT25: 3 | AU25: 2678.0488 | AV25: 892.68293 | AW25: =RANK(AV25, AV$7:AV$36) -> 2
C26: 20 | M26: =RANK(K26, K$7:$K$36) -> #N/A | AW26: =RANK(AV26, AV$7:AV$36) -> #N/A
C27: 21 | M27: =RANK(K27, K$7:$K$36) -> #N/A | AW27: =RANK(AV27, AV$7:AV$36) -> #N/A
C28: 22 | M28: =RANK(K28, K$7:$K$36) -> #N/A | AW28: =RANK(AV28, AV$7:AV$36) -> #N/A
C29: 23 | M29: =RANK(K29, K$7:$K$36) -> #N/A | AW29: =RANK(AV29, AV$7:AV$36) -> #N/A
C30: 24 | M30: =RANK(K30, K$7:$K$36) -> #N/A | AW30: =RANK(AV30, AV$7:AV$36) -> #N/A
C31: 25 | M31: =RANK(K31, K$7:$K$36) -> #N/A | AW31: =RANK(AV31, AV$7:AV$36) -> #N/A
C32: 26 | M32: =RANK(K32, K$7:$K$36) -> #N/A | AW32: =RANK(AV32, AV$7:AV$36) -> #N/A
C33: 27 | M33: =RANK(K33, K$7:$K$36) -> #N/A | AW33: =RANK(AV33, AV$7:AV$36) -> #N/A
C34: 28 | M34: =RANK(K34, K$7:$K$36) -> #N/A | AW34: =RANK(AV34, AV$7:AV$36) -> #N/A
C35: 29 | M35: =RANK(K35, K$7:$K$36) -> #N/A | AW35: =RANK(AV35, AV$7:AV$36) -> #N/A
C36: 30 | M36: =RANK(K36, K$7:$K$36) -> #N/A | AW36: =RANK(AV36, AV$7:AV$36) -> #N/A
B37: 產線配置圖－每週更新 | N37: 資料繳交 | O37: 日期 | P37: =AT2+1 -> 45902 | U37: =P37+1 -> 45903 | Z37: =U37+1 -> 45904 | AE37: =Z37+1 -> 45905 | AJ37: =AE37+1 -> 45906 | AO37: =AJ37+1 -> 45907 | AT37: =AO37+1 -> 45908
P38: 二 | U38: 三 | Z38: 四 | AE38: 五 | AJ38: 六 | AO38: 日 | AT38: 一
B39: 品群 | C39: 商品名稱 | E39: 計畫 | H39: 平均人時性 | I39: 實績 | L39: 平均人時性 | M39: 排名 | O39: 日報 | P39: 實際 | T39: 平均人時性 | U39: 實際 | Y39: 平均人時性 | Z39: 實際 | AD39: 平均人時性 | AE39: 實際 | AI39: 平均人時性 | AJ39: 實際 | AN39: 平均人時性 | AO39: 實際 | AS39: 平均人時性 | AT39: 實際 | AX39: 平均人時性
E40: 產線配置圖 | I40: 產線配置圖 | P40: 生產實績 | U40: 生產實績 | Z40: 生產實績 | AE40: 生產實績 | AJ40: 生產實績 | AO40: 生產實績 | AT40: 生產實績
E41: 人數 | F41: 產能／時 | G41: 人時性 | I41: 人數 | J41: 產能／時 | K41: 人時性 | P41: 人數 | Q41: 產能／時 | R41: 人時性 | S41: 排名 | U41: 人數 | V41: 產能／時 | W41: 人時性 | X41: 排名 | Z41: 人數 | AA41: 產能／時 | AB41: 人時性 | AC41: 排名 | AE41: 人數 | AF41: 產能／時 | AG41: 人時性 | AH41: 排名 | AJ41: 人數 | AK41: 產能／時 | AL41: 人時性 | AM41: 排名 | AO41: 人數 | AP41: 產能／時 | AQ41: 人時性 | AR41: 排名 | AT41: 人數 | AU41: 產能／時 | AV41: 人時性 | AW41: 排名
B42: 18℃-飯糰 | C42: 1 | D42: 經典肉鬆飯糰 | E42: 4 | F42: 2035.3333 | G42: 508.83333 | H42: =AVERAGE(G42:G71) -> 718.32622 | I42: =AVERAGE(P42,U42,Z42,AE42,AJ42,AO42,AT42) -> 4 | J42: =AVERAGE(Q42,V42,AA42,AF42,AK42,AP42,AU42) -> 2001.3917 | K42: =AVERAGE(R42,W42,AB42,AG42,AL42,AQ42,AV42) -> 500.34792 | L42: =IFERROR(AVERAGE(K42:K71),"-") -> 714.86008 | M42: =RANK(K42, K$42:$K$71) -> 19 | P42: 4 | Q42: 2035.3333 | R42: 508.83333 | S42: =RANK(R42, R$42:R$71) -> 19 | T42: =AVERAGE(R42:R71) -> 718.32622 | U42: 4 | V42: 1987.9121 | W42: 496.97802 | X42: =RANK(W42, W$42:W$71) -> 19 | Y42: =AVERAGE(W42:W71) -> 716.20475 | Z42: 4 | AA42: 1990.2273 | AB42: 497.55682 | AC42: =RANK(AB42, AB$42:AB$71) -> 19 | AD42: =AVERAGE(AB42:AB71) -> 711.78102 | AE42: 4 | AF42: 2006.9231 | AG42: 501.73077 | AH42: =RANK(AG42, AG$42:AG$71) -> 19 | AI42: =AVERAGE(AG42:AG71) -> 717.64349 | AJ42: 4 | AK42: 1987.2 | AL42: 496.8 | AM42: =RANK(AL42, AL$42:AL$71) -> 19 | AN42: =AVERAGE(AL42:AL71) -> 708.82649 | AO42: 4 | AP42: 2000.2105 | AQ42: 500.05263 | AR42: =RANK(AQ42, AQ$42:AQ$71) -> 19 | AS42: =AVERAGE(AQ42:AQ71) -> 716.6745 | AT42: 4 | AU42: 2001.9355 | AV42: 500.48387 | AW42: =RANK(AV42, AV$42:AV$71) -> 19 | AX42: =AVERAGE(AV42:AV71) -> 714.56408
C43: 2 | D43: 蔬食鮪魚飯糰 | E43: 3 | F43: 2665.9459 | G43: 888.64865 | I43: =AVERAGE(P43,U43,Z43,AE43,AJ43,AO43,AT43) -> 3 | J43: =AVERAGE(Q43,V43,AA43,AF43,AK43,AP43,AU43) -> 2701.1139 | K43: =AVERAGE(R43,W43,AB43,AG43,AL43,AQ43,AV43) -> 900.37131 | M43: =RANK(K43, K$42:$K$71) -> 2 | P43: 3 | Q43: 2665.9459 | R43: 888.64865 | S43: =RANK(R43, R$42:R$71) -> 3 | U43: 3 | V43: 2695 | W43: 898.33333 | X43: =RANK(W43, W$42:W$71) -> 2 | Z43: 3 | AA43: 2656.6667 | AB43: 885.55556 | AC43: =RANK(AB43, AB$42:AB$71) -> 3 | AE43: 3 | AF43: 2760 | AG43: 920 | AH43: =RANK(AG43, AG$42:AG$71) -> 2 | AJ43: 3 | AK43: 2770 | AL43: 923.33333 | AM43: =RANK(AL43, AL$42:AL$71) -> 2 | AO43: 3 | AP43: 2673.1579 | AQ43: 891.05263 | AR43: =RANK(AQ43, AQ$42:AQ$71) -> 3 | AT43: 3 | AU43: 2687.027 | AV43: 895.67568 | AW43: =RANK(AV43, AV$42:AV$71) -> 2
C44: 3 | D44: 北海道秋鮭親子飯糰 | E44: 4 | F44: 2945.625 | G44: 736.40625 | I44: =AVERAGE(P44,U44,Z44,AE44,AJ44,AO44,AT44) -> 4 | J44: =AVERAGE(Q44,V44,AA44,AF44,AK44,AP44,AU44) -> 2940.61 | K44: =AVERAGE(R44,W44,AB44,AG44,AL44,AQ44,AV44) -> 735.15251 | M44: =RANK(K44, K$42:$K$71) -> 9 | P44: 4 | Q44: 2945.625 | R44: 736.40625 | S44: =RANK(R44, R$42:R$71) -> 9 | U44: 4 | V44: 2960.6897 | W44: 740.17241 | X44: =RANK(W44, W$42:W$71) -> 9 | Z44: 4 | AA44: 2926.6667 | AB44: 731.66667 | AC44: =RANK(AB44, AB$42:AB$71) -> 9 | AE44: 4 | AF44: 3002.5 | AG44: 750.625 | AH44: =RANK(AG44, AG$42:AG$71) -> 7 | AJ44: 4 | AK44: 2885.2174 | AL44: 721.30435 | AM44: =RANK(AL44, AL$42:AL$71) -> 9 | AO44: 4 | AP44: 2930 | AQ44: 732.5 | AR44: =RANK(AQ44, AQ$42:AQ$71) -> 9 | AT44: 4 | AU44: 2933.5714 | AV44: 733.39286 | AW44: =RANK(AV44, AV$42:AV$71) -> 9
C45: 4 | D45: 熟成紅鮭飯糰 | E45: 4 | F45: 3003 | G45: 750.75 | I45: =AVERAGE(P45,U45,Z45,AE45,AJ45,AO45,AT45) -> 4 | J45: =AVERAGE(Q45,V45,AA45,AF45,AK45,AP45,AU45) -> 2960.6685 | K45: =AVERAGE(R45,W45,AB45,AG45,AL45,AQ45,AV45) -> 740.16712 | M45: =RANK(K45, K$42:$K$71) -> 8 | P45: 4 | Q45: 3003 | R45: 750.75 | S45: =RANK(R45, R$42:R$71) -> 7 | U45: 4 | V45: 3000 | W45: 750 | X45: =RANK(W45, W$42:W$71) -> 8 | Z45: 4 | AA45: 2964.4444 | AB45: 741.11111 | AC45: =RANK(AB45, AB$42:AB$71) -> 8 | AE45: 4 | AF45: 2929.6552 | AG45: 732.41379 | AH45: =RANK(AG45, AG$42:AG$71) -> 9 | AJ45: 4 | AK45: 2898.4615 | AL45: 724.61538 | AM45: =RANK(AL45, AL$42:AL$71) -> 8 | AO45: 4 | AP45: 3002.6667 | AQ45: 750.66667 | AR45: =RANK(AQ45, AQ$42:AQ$71) -> 7 | AT45: 4 | AU45: 2926.4516 | AV45: 731.6129 | AW45: =RANK(AV45, AV$42:AV$71) -> 10
C46: 5 | D46: 贅沢鮭魚肚飯糰 | E46: 4 | F46: 3001 | G46: 750.25 | I46: =AVERAGE(P46,U46,Z46,AE46,AJ46,AO46,AT46) -> 4 | J46: =AVERAGE(Q46,V46,AA46,AF46,AK46,AP46,AU46) -> 2974.1787 | K46: =AVERAGE(R46,W46,AB46,AG46,AL46,AQ46,AV46) -> 743.54468 | M46: =RANK(K46, K$42:$K$71) -> 7 | P46: 4 | Q46: 3001 | R46: 750.25 | S46: =RANK(R46, R$42:R$71) -> 8 | U46: 4 | V46: 3007.5 | W46: 751.875 | X46: =RANK(W46, W$42:W$71) -> 7 | Z46: 4 | AA46: 2979.6 | AB46: 744.9 | AC46: =RANK(AB46, AB$42:AB$71) -> 7 | AE46: 4 | AF46: 2944.2857 | AG46: 736.07143 | AH46: =RANK(AG46, AG$42:AG$71) -> 8 | AJ46: 4 | AK46: 2932.8571 | AL46: 733.21429 | AM46: =RANK(AL46, AL$42:AL$71) -> 7 | AO46: 4 | AP46: 2973.6 | AQ46: 743.4 | AR46: =RANK(AQ46, AQ$42:AQ$71) -> 8 | AT46: 4 | AU46: 2980.4082 | AV46: 745.10204 | AW46: =RANK(AV46, AV$42:AV$71) -> 8
C47: 6 | D47: 鮪魚飯糰 | E47: 3 | F47: 2989.7727 | G47: 996.59091 | I47: =AVERAGE(P47,U47,Z47,AE47,AJ47,AO47,AT47) -> 3 | J47: =AVERAGE(Q47,V47,AA47,AF47,AK47,AP47,AU47) -> 2985.0305 | K47: =AVERAGE(R47,W47,AB47,AG47,AL47,AQ47,AV47) -> 995.01015 | M47: =RANK(K47, K$42:$K$71) -> 1 | P47: 3 | Q47: 2989.7727 | R47: 996.59091 | S47: =RANK(R47, R$42:R$71) -> 1 | U47: 3 | V47: 2976.7059 | W47: 992.23529 | X47: =RANK(W47, W$42:W$71) -> 1 | Z47: 3 | AA47: 2992.7711 | AB47: 997.59036 | AC47: =RANK(AB47, AB$42:AB$71) -> 1 | AE47: 3 | AF47: 3011.1429 | AG47: 1003.7143 | AH47: =RANK(AG47, AG$42:AG$71) -> 1 | AJ47: 3 | AK47: 2962.6087 | AL47: 987.53623 | AM47: =RANK(AL47, AL$42:AL$71) -> 1 | AO47: 3 | AP47: 2979.3548 | AQ47: 993.11828 | AR47: =RANK(AQ47, AQ$42:AQ$71) -> 1 | AT47: 3 | AU47: 2982.8571 | AV47: 994.28571 | AW47: =RANK(AV47, AV$42:AV$71) -> 1
C48: 7 | D48: 壹號醬炙烤牛飯糰 | E48: 4 | F48: 2441.0526 | G48: 610.26316 | I48: =AVERAGE(P48,U48,Z48,AE48,AJ48,AO48,AT48) -> 4 | J48: =AVERAGE(Q48,V48,AA48,AF48,AK48,AP48,AU48) -> 2438.3967 | K48: =AVERAGE(R48,W48,AB48,AG48,AL48,AQ48,AV48) -> 609.59918 | M48: =RANK(K48, K$42:$K$71) -> 16 | P48: 4 | Q48: 2441.0526 | R48: 610.26316 | S48: =RANK(R48, R$42:R$71) -> 16 | U48: 4 | V48: 2403.1579 | W48: 600.78947 | X48: =RANK(W48, W$42:W$71) -> 17 | Z48: 4 | AA48: 2433.3333 | AB48: 608.33333 | AC48: =RANK(AB48, AB$42:AB$71) -> 16 | AE48: 4 | AF48: 2494.2857 | AG48: 623.57143 | AH48: =RANK(AG48, AG$42:AG$71) -> 14 | AJ48: 4 | AK48: 2430 | AL48: 607.5 | AM48: =RANK(AL48, AL$42:AL$71) -> 16 | AO48: 4 | AP48: 2448 | AQ48: 612 | AR48: =RANK(AQ48, AQ$42:AQ$71) -> 17 | AT48: 4 | AU48: 2418.9474 | AV48: 604.73684 | AW48: =RANK(AV48, AV$42:AV$71) -> 17
C49: 8 | D49: 明太子龍蝦風味沙拉飯糰 | E49: 3 | F49: 2497.0213 | G49: 832.34043 | I49: =AVERAGE(P49,U49,Z49,AE49,AJ49,AO49,AT49) -> 3 | J49: =AVERAGE(Q49,V49,AA49,AF49,AK49,AP49,AU49) -> 2472.1002 | K49: =AVERAGE(R49,W49,AB49,AG49,AL49,AQ49,AV49) -> 824.03341 | M49: =RANK(K49, K$42:$K$71) -> 5 | P49: 3 | Q49: 2497.0213 | R49: 832.34043 | S49: =RANK(R49, R$42:R$71) -> 5 | U49: 3 | V49: 2456.1702 | W49: 818.7234 | X49: =RANK(W49, W$42:W$71) -> 5 | Z49: 3 | AA49: 2473.3333 | AB49: 824.44444 | AC49: =RANK(AB49, AB$42:AB$71) -> 4 | AE49: 3 | AF49: 2454 | AG49: 818 | AH49: =RANK(AG49, AG$42:AG$71) -> 5 | AJ49: 3 | AK49: 2484.3243 | AL49: 828.10811 | AM49: =RANK(AL49, AL$42:AL$71) -> 4 | AO49: 3 | AP49: 2473.4694 | AQ49: 824.4898 | AR49: =RANK(AQ49, AQ$42:AQ$71) -> 4 | AT49: 3 | AU49: 2466.383 | AV49: 822.12766 | AW49: =RANK(AV49, AV$42:AV$71) -> 5
C50: 9 | D50: 鹽蔥燒肉飯糰 | E50: 3 | F50: 2503.6364 | G50: 834.54545 | I50: =AVERAGE(P50,U50,Z50,AE50,AJ50,AO50,AT50) -> 3 | J50: =AVERAGE(Q50,V50,AA50,AF50,AK50,AP50,AU50) -> 2489.3413 | K50: =AVERAGE(R50,W50,AB50,AG50,AL50,AQ50,AV50) -> 829.78042 | M50: =RANK(K50, K$42:$K$71) -> 4 | P50: 3 | Q50: 2503.6364 | R50: 834.54545 | S50: =RANK(R50, R$42:R$71) -> 4 | U50: 3 | V50: 2487.2727 | W50: 829.09091 | X50: =RANK(W50, W$42:W$71) -> 4 | Z50: 3 | AA50: 2458.6364 | AB50: 819.54545 | AC50: =RANK(AB50, AB$42:AB$71) -> 5 | AE50: 3 | AF50: 2467.8947 | AG50: 822.63158 | AH50: =RANK(AG50, AG$42:AG$71) -> 4 | AJ50: 3 | AK50: 2469.7297 | AL50: 823.24324 | AM50: =RANK(AL50, AL$42:AL$71) -> 5 | AO50: 3 | AP50: 2463.6735 | AQ50: 821.22449 | AR50: =RANK(AQ50, AQ$42:AQ$71) -> 5 | AT50: 3 | AU50: 2574.5455 | AV50: 858.18182 | AW50: =RANK(AV50, AV$42:AV$71) -> 4
C51: 10 | D51: 香辣鹹水雞飯糰(區) | E51: 4 | F51: 2491.0345 | G51: 622.75862 | I51: =AVERAGE(P51,U51,Z51,AE51,AJ51,AO51,AT51) -> 4 | J51: =AVERAGE(Q51,V51,AA51,AF51,AK51,AP51,AU51) -> 2462.6553 | K51: =AVERAGE(R51,W51,AB51,AG51,AL51,AQ51,AV51) -> 615.66383 | M51: =RANK(K51, K$42:$K$71) -> 15 | P51: 4 | Q51: 2491.0345 | R51: 622.75862 | S51: =RANK(R51, R$42:R$71) -> 13 | U51: 4 | V51: 2436 | W51: 609 | X51: =RANK(W51, W$42:W$71) -> 16 | Z51: 4 | AA51: 2462.069 | AB51: 615.51724 | AC51: =RANK(AB51, AB$42:AB$71) -> 15 | AE51: 4 | AF51: 2447.5 | AG51: 611.875 | AH51: =RANK(AG51, AG$42:AG$71) -> 17 | AJ51: 4 | AK51: 2432.5 | AL51: 608.125 | AM51: =RANK(AL51, AL$42:AL$71) -> 15 | AO51: 4 | AP51: 2475.4839 | AQ51: 618.87097 | AR51: =RANK(AQ51, AQ$42:AQ$71) -> 14 | AT51: 4 | AU51: 2494 | AV51: 623.5 | AW51: =RANK(AV51, AV$42:AV$71) -> 13
C52: 11 | D52: 胡麻鮮蔬雞絲飯糰(區) | E52: 4 | F52: 2472.2449 | G52: 618.06122 | I52: =AVERAGE(P52,U52,Z52,AE52,AJ52,AO52,AT52) -> 4 | J52: =AVERAGE(Q52,V52,AA52,AF52,AK52,AP52,AU52) -> 2478.0874 | K52: =AVERAGE(R52,W52,AB52,AG52,AL52,AQ52,AV52) -> 619.52184 | M52: =RANK(K52, K$42:$K$71) -> 14 | P52: 4 | Q52: 2472.2449 | R52: 618.06122 | S52: =RANK(R52, R$42:R$71) -> 14 | U52: 4 | V52: 2456.3265 | W52: 614.08163 | X52: =RANK(W52, W$42:W$71) -> 15 | Z52: 4 | AA52: 2542.6667 | AB52: 635.66667 | AC52: =RANK(AB52, AB$42:AB$71) -> 12 | AE52: 4 | AF52: 2448 | AG52: 612 | AH52: =RANK(AG52, AG$42:AG$71) -> 16 | AJ52: 4 | AK52: 2440 | AL52: 610 | AM52: =RANK(AL52, AL$42:AL$71) -> 14 | AO52: 4 | AP52: 2486.9388 | AQ52: 621.73469 | AR52: =RANK(AQ52, AQ$42:AQ$71) -> 13 | AT52: 4 | AU52: 2500.4348 | AV52: 625.1087 | AW52: =RANK(AV52, AV$42:AV$71) -> 12
C53: 12 | D53: 三杯辣海瓜子飯糰 | E53: 3 | F53: 2365.7143 | G53: 788.57143 | I53: =AVERAGE(P53,U53,Z53,AE53,AJ53,AO53,AT53) -> 3 | J53: =AVERAGE(Q53,V53,AA53,AF53,AK53,AP53,AU53) -> 2359.9969 | K53: =AVERAGE(R53,W53,AB53,AG53,AL53,AQ53,AV53) -> 786.66562 | M53: =RANK(K53, K$42:$K$71) -> 6 | P53: 3 | Q53: 2365.7143 | R53: 788.57143 | S53: =RANK(R53, R$42:R$71) -> 6 | U53: 3 | V53: 2352.8571 | W53: 784.28571 | X53: =RANK(W53, W$42:W$71) -> 6 | Z53: 3 | AA53: 2326.1538 | AB53: 775.38462 | AC53: =RANK(AB53, AB$42:AB$71) -> 6 | AE53: 3 | AF53: 2322 | AG53: 774 | AH53: =RANK(AG53, AG$42:AG$71) -> 6 | AJ53: 3 | AK53: 2406 | AL53: 802 | AM53: =RANK(AL53, AL$42:AL$71) -> 6 | AO53: 3 | AP53: 2425.7143 | AQ53: 808.57143 | AR53: =RANK(AQ53, AQ$42:AQ$71) -> 6 | AT53: 3 | AU53: 2321.5385 | AV53: 773.84615 | AW53: =RANK(AV53, AV$42:AV$71) -> 6
C54: 13 | D54: 雞肉飯飯糰 | E54: 4 | F54: 2554.1538 | G54: 638.53846 | I54: =AVERAGE(P54,U54,Z54,AE54,AJ54,AO54,AT54) -> 4 | J54: =AVERAGE(Q54,V54,AA54,AF54,AK54,AP54,AU54) -> 2490.9256 | K54: =AVERAGE(R54,W54,AB54,AG54,AL54,AQ54,AV54) -> 622.73141 | M54: =RANK(K54, K$42:$K$71) -> 12 | P54: 4 | Q54: 2554.1538 | R54: 638.53846 | S54: =RANK(R54, R$42:R$71) -> 12 | U54: 4 | V54: 2498.7692 | W54: 624.69231 | X54: =RANK(W54, W$42:W$71) -> 12 | Z54: 4 | AA54: 2481.5625 | AB54: 620.39062 | AC54: =RANK(AB54, AB$42:AB$71) -> 13 | AE54: 4 | AF54: 2461.0714 | AG54: 615.26786 | AH54: =RANK(AG54, AG$42:AG$71) -> 15 | AJ54: 4 | AK54: 2474.717 | AL54: 618.67925 | AM54: =RANK(AL54, AL$42:AL$71) -> 13 | AO54: 4 | AP54: 2472.6761 | AQ54: 618.16901 | AR54: =RANK(AQ54, AQ$42:AQ$71) -> 15 | AT54: 4 | AU54: 2493.5294 | AV54: 623.38235 | AW54: =RANK(AV54, AV$42:AV$71) -> 14
... C60: 19 | D60: 哇沙米魚卵沙拉飯糰 | E60: 3 | F60: 2676.6667 | G60: 892.22222 | I60: =AVERAGE(P60,U60,Z60,AE60,AJ60,AO60,AT60) -> 3 | J60: =AVERAGE(Q60,V60,AA60,AF60,AK60,AP60,AU60) -> 2678.6823 | K60: =AVERAGE(R60,W60,AB60,AG60,AL60,AQ60,AV60) -> 892.89411 | M60: =RANK(K60, K$42:$K$71) -> 3 | P60: 3 | Q60: 2676.6667 | R60: 892.22222 | S60: =RANK(R60, R$42:R$71) -> 2 | U60: 3 | V60: 2671.7647 | W60: 890.58824 | X60: =RANK(W60, W$42:W$71) -> 3 | Z60: 3 | AA60: 2664.4444 | AB60: 888.14815 | AC60: =RANK(AB60, AB$42:AB$71) -> 2 | AE60: 3 | AF60: 2683.4043 | AG60: 894.46809 | AH60: =RANK(AG60, AG$42:AG$71) -> 3 | AJ60: 3 | AK60: 2700 | AL60: 900 | AM60: =RANK(AL60, AL$42:AL$71) -> 3 | AO60: 3 | AP60: 2680.678 | AQ60: 893.55932 | AR60: =RANK(AQ60, AQ$42:AQ$71) -> 2 | AT60: 3 | AU60: 2673.8182 | AV60: 891.27273 | AW60: =RANK(AV60, AV$42:AV$71) -> 3
C61: 20 | M61: =RANK(K61, K$42:$K$71) -> #N/A | S61: =RANK(R61, R$42:R$71) -> #N/A | X61: =RANK(W61, W$42:W$71) -> #N/A | AC61: =RANK(AB61, AB$42:AB$71) -> #N/A | AH61: =RANK(AG61, AG$42:AG$71) -> #N/A | AM61: =RANK(AL61, AL$42:AL$71) -> #N/A | AR61: =RANK(AQ61, AQ$42:AQ$71) -> #N/A | AW61: =RANK(AV61, AV$42:AV$71) -> #N/A
C62: 21 | M62: =RANK(K62, K$42:$K$71) -> #N/A | S62: =RANK(R62, R$42:R$71) -> #N/A | X62: =RANK(W62, W$42:W$71) -> #N/A | AC62: =RANK(AB62, AB$42:AB$71) -> #N/A | AH62: =RANK(AG62, AG$42:AG$71) -> #N/A | AM62: =RANK(AL62, AL$42:AL$71) -> #N/A | AR62: =RANK(AQ62, AQ$42:AQ$71) -> #N/A | AW62: =RANK(AV62, AV$42:AV$71) -> #N/A
C63: 22 | M63: =RANK(K63, K$42:$K$71) -> #N/A | S63: =RANK(R63, R$42:R$71) -> #N/A | X63: =RANK(W63, W$42:W$71) -> #N/A | AC63: =RANK(AB63, AB$42:AB$71) -> #N/A | AH63: =RANK(AG63, AG$42:AG$71) -> #N/A | AM63: =RANK(AL63, AL$42:AL$71) -> #N/A | AR63: =RANK(AQ63, AQ$42:AQ$71) -> #N/A | AW63: =RANK(AV63, AV$42:AV$71) -> #N/A
C64: 23 | M64: =RANK(K64, K$42:$K$71) -> #N/A | S64: =RANK(R64, R$42:R$71) -> #N/A | X64: =RANK(W64, W$42:W$71) -> #N/A | AC64: =RANK(AB64, AB$42:AB$71) -> #N/A | AH64: =RANK(AG64, AG$42:AG$71) -> #N/A | AM64: =RANK(AL64, AL$42:AL$71) -> #N/A | AR64: =RANK(AQ64, AQ$42:AQ$71) -> #N/A | AW64: =RANK(AV64, AV$42:AV$71) -> #N/A
C65: 24 | M65: =RANK(K65, K$42:$K$71) -> #N/A | S65: =RANK(R65, R$42:R$71) -> #N/A | X65: =RANK(W65, W$42:W$71) -> #N/A | AC65: =RANK(AB65, AB$42:AB$71) -> #N/A | AH65: =RANK(AG65, AG$42:AG$71) -> #N/A | AM65: =RANK(AL65, AL$42:AL$71) -> #N/A | AR65: =RANK(AQ65, AQ$42:AQ$71) -> #N/A | AW65: =RANK(AV65, AV$42:AV$71) -> #N/A
C66: 25 | M66: =RANK(K66, K$42:$K$71) -> #N/A | S66: =RANK(R66, R$42:R$71) -> #N/A | X66: =RANK(W66, W$42:W$71) -> #N/A | AC66: =RANK(AB66, AB$42:AB$71) -> #N/A | AH66: =RANK(AG66, AG$42:AG$71) -> #N/A | AM66: =RANK(AL66, AL$42:AL$71) -> #N/A | AR66: =RANK(AQ66, AQ$42:AQ$71) -> #N/A | AW66: =RANK(AV66, AV$42:AV$71) -> #N/A
C67: 26 | M67: =RANK(K67, K$42:$K$71) -> #N/A | S67: =RANK(R67, R$42:R$71) -> #N/A | X67: =RANK(W67, W$42:W$71) -> #N/A | AC67: =RANK(AB67, AB$42:AB$71) -> #N/A | AH67: =RANK(AG67, AG$42:AG$71) -> #N/A | AM67: =RANK(AL67, AL$42:AL$71) -> #N/A | AR67: =RANK(AQ67, AQ$42:AQ$71) -> #N/A | AW67: =RANK(AV67, AV$42:AV$71) -> #N/A
C68: 27 | M68: =RANK(K68, K$42:$K$71) -> #N/A | S68: =RANK(R68, R$42:R$71) -> #N/A | X68: =RANK(W68, W$42:W$71) -> #N/A | AC68: =RANK(AB68, AB$42:AB$71) -> #N/A | AH68: =RANK(AG68, AG$42:AG$71) -> #N/A | AM68: =RANK(AL68, AL$42:AL$71) -> #N/A | AR68: =RANK(AQ68, AQ$42:AQ$71) -> #N/A | AW68: =RANK(AV68, AV$42:AV$71) -> #N/A
C69: 28 | M69: =RANK(K69, K$42:$K$71) -> #N/A | S69: =RANK(R69, R$42:R$71) -> #N/A | X69: =RANK(W69, W$42:W$71) -> #N/A | AC69: =RANK(AB69, AB$42:AB$71) -> #N/A | AH69: =RANK(AG69, AG$42:AG$71) -> #N/A | AM69: =RANK(AL69, AL$42:AL$71) -> #N/A | AR69: =RANK(AQ69, AQ$42:AQ$71) -> #N/A | AW69: =RANK(AV69, AV$42:AV$71) -> #N/A
C70: 29 | M70: =RANK(K70, K$42:$K$71) -> #N/A | S70: =RANK(R70, R$42:R$71) -> #N/A | X70: =RANK(W70, W$42:W$71) -> #N/A | AC70: =RANK(AB70, AB$42:AB$71) -> #N/A | AH70: =RANK(AG70, AG$42:AG$71) -> #N/A | AM70: =RANK(AL70, AL$42:AL$71) -> #N/A | AR70: =RANK(AQ70, AQ$42:AQ$71) -> #N/A | AW70: =RANK(AV70, AV$42:AV$71) -> #N/A
C71: 30 | M71: =RANK(K71, K$42:$K$71) -> #N/A | S71: =RANK(R71, R$42:R$71) -> #N/A | X71: =RANK(W71, W$42:W$71) -> #N/A | AC71: =RANK(AB71, AB$42:AB$71) -> #N/A | AH71: =RANK(AG71, AG$42:AG$71) -> #N/A | AM71: =RANK(AL71, AL$42:AL$71) -> #N/A | AR71: =RANK(AQ71, AQ$42:AQ$71) -> #N/A | AW71: =RANK(AV71, AV$42:AV$71) -> #N/A
B72: 產線配置圖－每週更新 | N72: 資料繳交 | O72: 日期 | P72: =P37+7 -> 45909 | U72: =P72+1 -> 45910 | Z72: =U72+1 -> 45911 | AE72: =Z72+1 -> 45912 | AJ72: =AE72+1 -> 45913 | AO72: =AJ72+1 -> 45914 | AT72: =AO72+1 -> 45915
P73: 二 | U73: 三 | Z73: 四 | AE73: 五 | AJ73: 六 | AO73: 日 | AT73: 一
B74: 品群 | C74: 商品名稱 | E74: 計畫 | H74: 平均人時性 | I74: 實績 | L74: 平均人時性 | M74: 排名 | O74: 日報 | P74: 實際 | T74: 平均人時性 | U74: 實際 | Y74: 平均人時性 | Z74: 實際 | AD74: 平均人時性 | AE74: 實際 | AI74: 平均人時性 | AJ74: 實際 | AN74: 平均人時性 | AO74: 實際 | AS74: 平均人時性 | AT74: 實際 | AX74: 平均人時性
E75: 產線配置圖 | I75: 產線配置圖 | P75: 生產實績 | U75: 生產實績 | Z75: 生產實績 | AE75: 生產實績 | AJ75: 生產實績 | AO75: 生產實績 | AT75: 生產實績
E76: 人數 | F76: 產能／時 | G76: 人時性 | I76: 人數 | J76: 產能／時 | K76: 人時性 | P76: 人數 | Q76: 產能／時 | R76: 人時性 | S76: 排名 | U76: 人數 | V76: 產能／時 | W76: 人時性 | X76: 排名 | Z76: 人數 | AA76: 產能／時 | AB76: 人時性 | AC76: 排名 | AE76: 人數 | AF76: 產能／時 | AG76: 人時性 | AH76: 排名 | AJ76: 人數 | AK76: 產能／時 | AL76: 人時性 | AM76: 排名 | AO76: 人數 | AP76: 產能／時 | AQ76: 人時性 | AR76: 排名 | AT76: 人數 | AU76: 產能／時 | AV76: 人時性 | AW76: 排名
B77: 18℃-飯糰 | C77: 1 | D77: 經典肉鬆飯糰 | E77: 4 | F77: 2200 | G77: 550 | H77: =AVERAGE(G77:G106) -> 892.04545 | I77: =AVERAGE(P77,U77,Z77,AE77,AJ77,AO77,AT77) -> 4 | J77: =AVERAGE(Q77,V77,AA77,AF77,AK77,AP77,AU77) -> 1995.7327 | K77: =AVERAGE(R77,W77,AB77,AG77,AL77,AQ77,AV77) -> 498.93319 | L77: =IFERROR(AVERAGE(K77:K106),"-") -> 719.25018 | M77: =RANK(K77, K$77:$K$106) -> 22 | P77: 4 | Q77: 2000.2105 | R77: 500.05263 | S77: =RANK(R77, R$77:R$106) -> 22 | T77: =AVERAGE(R77:R106) -> 716.94185 | U77: 4 | V77: 1998.9474 | W77: 499.73684 | X77: =RANK(W77, W$77:W$106) -> 22 | Y77: =AVERAGE(W77:W106) -> 715.3281 | Z77: 4 | AA77: 2000.2174 | AB77: 500.05435 | AC77: =RANK(AB77, AB$77:AB$106) -> 22 | AD77: =AVERAGE(AB77:AB106) -> 728.15099 | AE77: 4 | AF77: 1976.8 | AG77: 494.2 | AH77: =RANK(AG77, AG$77:AG$106) -> 22 | AI77: =AVERAGE(AG77:AG106) -> 724.96186 | AJ77: 4 | AK77: 1990 | AL77: 497.5 | AM77: =RANK(AL77, AL$77:AL$106) -> 22 | AN77: =AVERAGE(AL77:AL106) -> 711.55243 | AO77: 4 | AP77: 2004.375 | AQ77: 501.09375 | AR77: =RANK(AQ77, AQ$77:AQ$106) -> 22 | AS77: =AVERAGE(AQ77:AQ106) -> 719.99883 | AT77: 4 | AU77: 1999.5789 | AV77: 499.89474 | AW77: =RANK(AV77, AV$77:AV$106) -> 22 | AX77: =AVERAGE(AV77:AV106) -> 717.81718
C78: 2 | D78: 蔬食鮪魚飯糰 | E78: 3 | F78: 2700 | G78: 900 | I78: =AVERAGE(P78,U78,Z78,AE78,AJ78,AO78,AT78) -> 3 | J78: =AVERAGE(Q78,V78,AA78,AF78,AK78,AP78,AU78) -> 2667.38 | K78: =AVERAGE(R78,W78,AB78,AG78,AL78,AQ78,AV78) -> 889.12667 | M78: =RANK(K78, K$77:$K$106) -> 3 | P78: 3 | Q78: 2669.1429 | R78: 889.71429 | S78: =RANK(R78, R$77:R$106) -> 3 | U78: 3 | V78: 2685 | W78: 895 | X78: =RANK(W78, W$77:W$106) -> 2 | Z78: 3 | AA78: 2641.7143 | AB78: 880.57143 | AC78: =RANK(AB78, AB$77:AB$106) -> 3 | AE78: 3 | AF78: 2633.7931 | AG78: 877.93103 | AH78: =RANK(AG78, AG$77:AG$106) -> 4 | AJ78: 3 | AK78: 2631.7241 | AL78: 877.24138 | AM78: =RANK(AL78, AL$77:AL$106) -> 3 | AO78: 3 | AP78: 2737.7143 | AQ78: 912.57143 | AR78: =RANK(AQ78, AQ$77:AQ$106) -> 2 | AT78: 3 | AU78: 2672.5714 | AV78: 890.85714 | AW78: =RANK(AV78, AV$77:AV$106) -> 3
C79: 3 | D79: 北海道秋鮭親子飯糰 | E79: 4 | F79: 3600 | G79: 900 | I79: =AVERAGE(P79,U79,Z79,AE79,AJ79,AO79,AT79) -> 4 | J79: =AVERAGE(Q79,V79,AA79,AF79,AK79,AP79,AU79) -> 2985.4772 | K79: =AVERAGE(R79,W79,AB79,AG79,AL79,AQ79,AV79) -> 746.36931 | M79: =RANK(K79, K$77:$K$106) -> 8 | P79: 4 | Q79: 2978.9474 | R79: 744.73684 | S79: =RANK(R79, R$77:R$106) -> 8 | U79: 4 | V79: 3010.9091 | W79: 752.72727 | X79: =RANK(W79, W$77:W$106) -> 7 | Z79: 4 | AA79: 3008.2759 | AB79: 752.06897 | AC79: =RANK(AB79, AB$77:AB$106) -> 9 | AE79: 4 | AF79: 2995.2 | AG79: 748.8 | AH79: =RANK(AG79, AG$77:AG$106) -> 10 | AJ79: 4 | AK79: 2930.7692 | AL79: 732.69231 | AM79: =RANK(AL79, AL$77:AL$106) -> 10 | AO79: 4 | AP79: 2981.7391 | AQ79: 745.43478 | AR79: =RANK(AQ79, AQ$77:AQ$106) -> 10 | AT79: 4 | AU79: 2992.5 | AV79: 748.125 | AW79: =RANK(AV79, AV$77:AV$106) -> 7
C80: 4 | D80: 鮪魚飯糰 | E80: 3 | F80: 3600 | G80: 1200 | I80: =AVERAGE(P80,U80,Z80,AE80,AJ80,AO80,AT80) -> 3 | J80: =AVERAGE(Q80,V80,AA80,AF80,AK80,AP80,AU80) -> 2995.3668 | K80: =AVERAGE(R80,W80,AB80,AG80,AL80,AQ80,AV80) -> 998.45561 | M80: =RANK(K80, K$77:$K$106) -> 1 | P80: 3 | Q80: 3004.6154 | R80: 1001.5385 | S80: =RANK(R80, R$77:R$106) -> 1 | U80: 3 | V80: 2975.8696 | W80: 991.95652 | X80: =RANK(W80, W$77:W$106) -> 1 | Z80: 3 | AA80: 2985.1685 | AB80: 995.05618 | AC80: =RANK(AB80, AB$77:AB$106) -> 1 | AE80: 3 | AF80: 2980 | AG80: 993.33333 | AH80: =RANK(AG80, AG$77:AG$106) -> 1 | AJ80: 3 | AK80: 2967.3529 | AL80: 989.11765 | AM80: =RANK(AL80, AL$77:AL$106) -> 1 | AO80: 3 | AP80: 3001.8947 | AQ80: 1000.6316 | AR80: =RANK(AQ80, AQ$77:AQ$106) -> 1 | AT80: 3 | AU80: 3052.6667 | AV80: 1017.5556 | AW80: =RANK(AV80, AV$77:AV$106) -> 1
C81: 5 | D81: 贅沢鮭魚肚飯糰 | E81: 3 | F81: 3600 | G81: 1200 | I81: =AVERAGE(P81,U81,Z81,AE81,AJ81,AO81,AT81) -> 4 | J81: =AVERAGE(Q81,V81,AA81,AF81,AK81,AP81,AU81) -> 2965.6926 | K81: =AVERAGE(R81,W81,AB81,AG81,AL81,AQ81,AV81) -> 741.42315 | M81: =RANK(K81, K$77:$K$106) -> 10 | P81: 4 | Q81: 2965.3846 | R81: 741.34615 | S81: =RANK(R81, R$77:R$106) -> 9 | U81: 4 | V81: 2967.1698 | W81: 741.79245 | X81: =RANK(W81, W$77:W$106) -> 10 | Z81: 4 | AA81: 3001.2245 | AB81: 750.30612 | AC81: =RANK(AB81, AB$77:AB$106) -> 10 | AE81: 4 | AF81: 2930.7692 | AG81: 732.69231 | AH81: =RANK(AG81, AG$77:AG$106) -> 11 | AJ81: 4 | AK81: 2944.5 | AL81: 736.125 | AM81: =RANK(AL81, AL$77:AL$106) -> 9 | AO81: 4 | AP81: 2989.2 | AQ81: 747.3 | AR81: =RANK(AQ81, AQ$77:AQ$106) -> 9 | AT81: 4 | AU81: 2961.6 | AV81: 740.4 | AW81: =RANK(AV81, AV$77:AV$106) -> 9
C82: 6 | D82: 熟成紅鮭飯糰 | E82: 4 | F82: 3600 | G82: 900 | I82: =AVERAGE(P82,U82,Z82,AE82,AJ82,AO82,AT82) -> 4 | J82: =AVERAGE(Q82,V82,AA82,AF82,AK82,AP82,AU82) -> 2967.1277 | K82: =AVERAGE(R82,W82,AB82,AG82,AL82,AQ82,AV82) -> 741.78193 | M82: =RANK(K82, K$77:$K$106) -> 9 | P82: 4 | Q82: 2936.129 | R82: 734.03226 | S82: =RANK(R82, R$77:R$106) -> 10 | U82: 4 | V82: 3003.5294 | W82: 750.88235 | X82: =RANK(W82, W$77:W$106) -> 8 | Z82: 4 | AA82: 2968.9655 | AB82: 742.24138 | AC82: =RANK(AB82, AB$77:AB$106) -> 12 | AE82: 4 | AF82: 3008.1818 | AG82: 752.04545 | AH82: =RANK(AG82, AG$77:AG$106) -> 9 | AJ82: 4 | AK82: 2945.2174 | AL82: 736.30435 | AM82: =RANK(AL82, AL$77:AL$106) -> 8 | AO82: 4 | AP82: 2943.871 | AQ82: 735.96774 | AR82: =RANK(AQ82, AQ$77:AQ$106) -> 12 | AT82: 4 | AU82: 2964 | AV82: 741 | AW82: =RANK(AV82, AV$77:AV$106) -> 8
C83: 7 | D83: 筋子銀鮭飯糰 | E83: 4 | F83: 3600 | G83: 900 | I83: =AVERAGE(P83,U83,Z83,AE83,AJ83,AO83,AT83) -> 4 | J83: =AVERAGE(Q83,V83,AA83,AF83,AK83,AP83,AU83) -> 2949.3367 | K83: =AVERAGE(R83,W83,AB83,AG83,AL83,AQ83,AV83) -> 737.33418 | M83: =RANK(K83, K$77:$K$106) -> 11 | P83: 4 | Q83: 3022.5 | R83: 755.625 | S83: =RANK(R83, R$77:R$106) -> 7 | U83: 4 | V83: 2977.5 | W83: 744.375 | X83: =RANK(W83, W$77:W$106) -> 9 | Z83: 4 | AA83: 3308.5714 | AB83: 827.14286 | AC83: =RANK(AB83, AB$77:AB$106) -> 7 | AE83: 4 | AF83: 2785.7143 | AG83: 696.42857 | AH83: =RANK(AG83, AG$77:AG$106) -> 13 | AJ83: 4 | AK83: 2648.5714 | AL83: 662.14286 | AM83: =RANK(AL83, AL$77:AL$106) -> 14 | AO83: 4 | AP83: 3000 | AQ83: 750 | AR83: =RANK(AQ83, AQ$77:AQ$106) -> 8 | AT83: 4 | AU83: 2902.5 | AV83: 725.625 | AW83: =RANK(AV83, AV$77:AV$106) -> 12
C84: 8 | D84: 博多明太子奶油飯糰 | E84: 4 | F84: 3600 | G84: 900 | I84: =AVERAGE(P84,U84,Z84,AE84,AJ84,AO84,AT84) -> 4 | J84: =AVERAGE(Q84,V84,AA84,AF84,AK84,AP84,AU84) -> 2856.0714 | K84: =AVERAGE(R84,W84,AB84,AG84,AL84,AQ84,AV84) -> 714.01786 | M84: =RANK(K84, K$77:$K$106) -> 13 | P84: 4 | Q84: 2677.5 | R84: 669.375 | S84: =RANK(R84, R$77:R$106) -> 14 | U84: 4 | V84: 2655 | W84: 663.75 | X84: =RANK(W84, W$77:W$106) -> 14 | Z84: 4 | AA84: 3350 | AB84: 837.5 | AC84: =RANK(AB84, AB$77:AB$106) -> 5 | AE84: 4 | AF84: 2810 | AG84: 702.5 | AH84: =RANK(AG84, AG$77:AG$106) -> 12 | AJ84: 4 | AK84: 2680 | AL84: 670 | AM84: =RANK(AL84, AL$77:AL$106) -> 13 | AO84: 4 | AP84: 2974.2857 | AQ84: 743.57143 | AR84: =RANK(AQ84, AQ$77:AQ$106) -> 11 | AT84: 4 | AU84: 2845.7143 | AV84: 711.42857 | AW84: =RANK(AV84, AV$77:AV$106) -> 13
C85: 9 | D85: 壹號醬炙烤牛飯糰 | E85: 4 | F85: 3300 | G85: 825 | I85: =AVERAGE(P85,U85,Z85,AE85,AJ85,AO85,AT85) -> 4 | J85: =AVERAGE(Q85,V85,AA85,AF85,AK85,AP85,AU85) -> 2417.9612 | K85: =AVERAGE(R85,W85,AB85,AG85,AL85,AQ85,AV85) -> 604.49029 | M85: =RANK(K85, K$77:$K$106) -> 20 | P85: 4 | Q85: 2466.6667 | R85: 616.66667 | S85: =RANK(R85, R$77:R$106) -> 18 | U85: 4 | V85: 2403.3333 | W85: 600.83333 | X85: =RANK(W85, W$77:W$106) -> 20 | Z85: 4 | AA85: 2481.1765 | AB85: 620.29412 | AC85: =RANK(AB85, AB$77:AB$106) -> 16 | AE85: 4 | AF85: 2357.1429 | AG85: 589.28571 | AH85: =RANK(AG85, AG$77:AG$106) -> 20 | AJ85: 4 | AK85: 2418.4615 | AL85: 604.61538 | AM85: =RANK(AL85, AL$77:AL$106) -> 20 | AO85: 4 | AP85: 2418.9474 | AQ85: 604.73684 | AR85: =RANK(AQ85, AQ$77:AQ$106) -> 19 | AT85: 4 | AU85: 2380 | AV85: 595 | AW85: =RANK(AV85, AV$77:AV$106) -> 20
C86: 10 | D86: 明太子龍蝦風味沙拉飯糰 | E86: 3 | F86: 3300 | G86: 1100 | I86: =AVERAGE(P86,U86,Z86,AE86,AJ86,AO86,AT86) -> 3 | J86: =AVERAGE(Q86,V86,AA86,AF86,AK86,AP86,AU86) -> 2484.0467 | K86: =AVERAGE(R86,W86,AB86,AG86,AL86,AQ86,AV86) -> 828.01558 | M86: =RANK(K86, K$77:$K$106) -> 4 | P86: 3 | Q86: 2474.3478 | R86: 824.78261 | S86: =RANK(R86, R$77:R$106) -> 5 | U86: 3 | V86: 2497.3333 | W86: 832.44444 | X86: =RANK(W86, W$77:W$106) -> 4 | Z86: 3 | AA86: 2465.4545 | AB86: 821.81818 | AC86: =RANK(AB86, AB$77:AB$106) -> 8 | AE86: 3 | AF86: 2500 | AG86: 833.33333 | AH86: =RANK(AG86, AG$77:AG$106) -> 6 | AJ86: 3 | AK86: 2463.3333 | AL86: 821.11111 | AM86: =RANK(AL86, AL$77:AL$106) -> 5 | AO86: 3 | AP86: 2493.1915 | AQ86: 831.06383 | AR86: =RANK(AQ86, AQ$77:AQ$106) -> 4 | AT86: 3 | AU86: 2494.6667 | AV86: 831.55556 | AW86: =RANK(AV86, AV$77:AV$106) -> 4
C87: 11 | D87: 鹽蔥燒肉飯糰 | E87: 3 | F87: 3300 | G87: 1100 | I87: =AVERAGE(P87,U87,Z87,AE87,AJ87,AO87,AT87) -> 3 | J87: =AVERAGE(Q87,V87,AA87,AF87,AK87,AP87,AU87) -> 2477.6057 | K87: =AVERAGE(R87,W87,AB87,AG87,AL87,AQ87,AV87) -> 825.86856 | M87: =RANK(K87, K$77:$K$106) -> 5 | P87: 3 | Q87: 2460 | R87: 820 | S87: =RANK(R87, R$77:R$106) -> 6 | U87: 3 | V87: 2483.4783 | W87: 827.82609 | X87: =RANK(W87, W$77:W$106) -> 5 | Z87: 3 | AA87: 2493.3333 | AB87: 831.11111 | AC87: =RANK(AB87, AB$77:AB$106) -> 6 | AE87: 3 | AF87: 2507.027 | AG87: 835.67568 | AH87: =RANK(AG87, AG$77:AG$106) -> 5 | AJ87: 3 | AK87: 2490.8108 | AL87: 830.27027 | AM87: =RANK(AL87, AL$77:AL$106) -> 4 | AO87: 3 | AP87: 2456.25 | AQ87: 818.75 | AR87: =RANK(AQ87, AQ$77:AQ$106) -> 5 | AT87: 3 | AU87: 2452.3404 | AV87: 817.44681 | AW87: =RANK(AV87, AV$77:AV$106) -> 5
C88: 12 | D88: 香辣鹹水雞飯糰(區) | E88: 4 | F88: 3300 | G88: 825 | I88: =AVERAGE(P88,U88,Z88,AE88,AJ88,AO88,AT88) -> 4 | J88: =AVERAGE(Q88,V88,AA88,AF88,AK88,AP88,AU88) -> 2487.7456 | K88: =AVERAGE(R88,W88,AB88,AG88,AL88,AQ88,AV88) -> 621.9364 | M88: =RANK(K88, K$77:$K$106) -> 16 | P88: 4 | Q88: 2430 | R88: 607.5 | S88: =RANK(R88, R$77:R$106) -> 19 | U88: 4 | V88: 2497.2414 | W88: 624.31034 | X88: =RANK(W88, W$77:W$106) -> 15 | Z88: 4 | AA88: 2448 | AB88: 612 | AC88: =RANK(AB88, AB$77:AB$106) -> 20 | AE88: 4 | AF88: 2585.4545 | AG88: 646.36364 | AH88: =RANK(AG88, AG$77:AG$106) -> 15 | AJ88: 4 | AK88: 2428.6957 | AL88: 607.17391 | AM88: =RANK(AL88, AL$77:AL$106) -> 19 | AO88: 4 | AP88: 2540 | AQ88: 635 | AR88: =RANK(AQ88, AQ$77:AQ$106) -> 15 | AT88: 4 | AU88: 2484.8276 | AV88: 621.2069 | AW88: =RANK(AV88, AV$77:AV$106) -> 16
C89: 13 | D89: 胡麻鮮蔬雞絲飯糰(區) | E89: 4 | F89: 2500 | G89: 625 | I89: =AVERAGE(P89,U89,Z89,AE89,AJ89,AO89,AT89) -> 4 | J89: =AVERAGE(Q89,V89,AA89,AF89,AK89,AP89,AU89) -> 2465.9315 | K89: =AVERAGE(R89,W89,AB89,AG89,AL89,AQ89,AV89) -> 616.48289 | M89: =RANK(K89, K$77:$K$106) -> 18 | P89: 4 | Q89: 2468 | R89: 617 | S89: =RANK(R89, R$77:R$106) -> 17 | U89: 4 | V89: 2476 | W89: 619 | X89: =RANK(W89, W$77:W$106) -> 17 | Z89: 4 | AA89: 2476.7442 | AB89: 619.18605 | AC89: =RANK(AB89, AB$77:AB$106) -> 17 | AE89: 4 | AF89: 2447.6471 | AG89: 611.91176 | AH89: =RANK(AG89, AG$77:AG$106) -> 18 | AJ89: 4 | AK89: 2432.5714 | AL89: 608.14286 | AM89: =RANK(AL89, AL$77:AL$106) -> 18 | AO89: 4 | AP89: 2488 | AQ89: 622 | AR89: =RANK(AQ89, AQ$77:AQ$106) -> 17 | AT89: 4 | AU89: 2472.5581 | AV89: 618.13953 | AW89: =RANK(AV89, AV$77:AV$106) -> 18
... C98: 22 | D98: 照燒鰤魚大根飯糰 | E98: 4 | F98: 3000 | G98: 750 | I98: =AVERAGE(P98,U98,Z98,AE98,AJ98,AO98,AT98) -> 4 | J98: =AVERAGE(Q98,V98,AA98,AF98,AK98,AP98,AU98) -> 2986.8333 | K98: =AVERAGE(R98,W98,AB98,AG98,AL98,AQ98,AV98) -> 746.70833 | M98: =RANK(K98, K$77:$K$106) -> 7 | P98: 4 | Q98: 2832 | R98: 708 | S98: =RANK(R98, R$77:R$106) -> 12 | U98: 4 | V98: 2813.3333 | W98: 703.33333 | X98: =RANK(W98, W$77:W$106) -> 12 | Z98: 4 | AA98: 2985 | AB98: 746.25 | AC98: =RANK(AB98, AB$77:AB$106) -> 11 | AE98: 4 | AF98: 3576 | AG98: 894 | AH98: =RANK(AG98, AG$77:AG$106) -> 2 | AJ98: 4 | AK98: 3000 | AL98: 750 | AM98: =RANK(AL98, AL$77:AL$106) -> 7 | AO98: 4 | AP98: 2754 | AQ98: 688.5 | AR98: =RANK(AQ98, AQ$77:AQ$106) -> 13 | AT98: 4 | AU98: 2947.5 | AV98: 736.875 | AW98: =RANK(AV98, AV$77:AV$106) -> 10
C99: 23 | M99: =RANK(K99, K$77:$K$106) -> #N/A | S99: =RANK(R99, R$77:R$106) -> #N/A | X99: =RANK(W99, W$77:W$106) -> #N/A | AC99: =RANK(AB99, AB$77:AB$106) -> #N/A | AH99: =RANK(AG99, AG$77:AG$106) -> #N/A | AM99: =RANK(AL99, AL$77:AL$106) -> #N/A | AR99: =RANK(AQ99, AQ$77:AQ$106) -> #N/A | AW99: =RANK(AV99, AV$77:AV$106) -> #N/A
C100: 24 | M100: =RANK(K100, K$77:$K$106) -> #N/A | S100: =RANK(R100, R$77:R$106) -> #N/A | X100: =RANK(W100, W$77:W$106) -> #N/A | AC100: =RANK(AB100, AB$77:AB$106) -> #N/A | AH100: =RANK(AG100, AG$77:AG$106) -> #N/A | AM100: =RANK(AL100, AL$77:AL$106) -> #N/A | AR100: =RANK(AQ100, AQ$77:AQ$106) -> #N/A | AW100: =RANK(AV100, AV$77:AV$106) -> #N/A
C101: 25 | M101: =RANK(K101, K$77:$K$106) -> #N/A | S101: =RANK(R101, R$77:R$106) -> #N/A | X101: =RANK(W101, W$77:W$106) -> #N/A | AC101: =RANK(AB101, AB$77:AB$106) -> #N/A | AH101: =RANK(AG101, AG$77:AG$106) -> #N/A | AM101: =RANK(AL101, AL$77:AL$106) -> #N/A | AR101: =RANK(AQ101, AQ$77:AQ$106) -> #N/A | AW101: =RANK(AV101, AV$77:AV$106) -> #N/A
C102: 26 | M102: =RANK(K102, K$77:$K$106) -> #N/A | S102: =RANK(R102, R$77:R$106) -> #N/A | X102: =RANK(W102, W$77:W$106) -> #N/A | AC102: =RANK(AB102, AB$77:AB$106) -> #N/A | AH102: =RANK(AG102, AG$77:AG$106) -> #N/A | AM102: =RANK(AL102, AL$77:AL$106) -> #N/A | AR102: =RANK(AQ102, AQ$77:AQ$106) -> #N/A | AW102: =RANK(AV102, AV$77:AV$106) -> #N/A
C103: 27 | M103: =RANK(K103, K$77:$K$106) -> #N/A | S103: =RANK(R103, R$77:R$106) -> #N/A | X103: =RANK(W103, W$77:W$106) -> #N/A | AC103: =RANK(AB103, AB$77:AB$106) -> #N/A | AH103: =RANK(AG103, AG$77:AG$106) -> #N/A | AM103: =RANK(AL103, AL$77:AL$106) -> #N/A | AR103: =RANK(AQ103, AQ$77:AQ$106) -> #N/A | AW103: =RANK(AV103, AV$77:AV$106) -> #N/A
C104: 28 | M104: =RANK(K104, K$77:$K$106) -> #N/A | S104: =RANK(R104, R$77:R$106) -> #N/A | X104: =RANK(W104, W$77:W$106) -> #N/A | AC104: =RANK(AB104, AB$77:AB$106) -> #N/A | AH104: =RANK(AG104, AG$77:AG$106) -> #N/A | AM104: =RANK(AL104, AL$77:AL$106) -> #N/A | AR104: =RANK(AQ104, AQ$77:AQ$106) -> #N/A | AW104: =RANK(AV104, AV$77:AV$106) -> #N/A
C105: 29 | M105: =RANK(K105, K$77:$K$106) -> #N/A | S105: =RANK(R105, R$77:R$106) -> #N/A | X105: =RANK(W105, W$77:W$106) -> #N/A | AC105: =RANK(AB105, AB$77:AB$106) -> #N/A | AH105: =RANK(AG105, AG$77:AG$106) -> #N/A | AM105: =RANK(AL105, AL$77:AL$106) -> #N/A | AR105: =RANK(AQ105, AQ$77:AQ$106) -> #N/A | AW105: =RANK(AV105, AV$77:AV$106) -> #N/A
C106: 30 | M106: =RANK(K106, K$77:$K$106) -> #N/A | S106: =RANK(R106, R$77:R$106) -> #N/A | X106: =RANK(W106, W$77:W$106) -> #N/A | AC106: =RANK(AB106, AB$77:AB$106) -> #N/A | AH106: =RANK(AG106, AG$77:AG$106) -> #N/A | AM106: =RANK(AL106, AL$77:AL$106) -> #N/A | AR106: =RANK(AQ106, AQ$77:AQ$106) -> #N/A | AW106: =RANK(AV106, AV$77:AV$106) -> #N/A
B107: 產線配置圖－每週更新 | N107: 資料繳交 | O107: 日期 | P107: =P72+7 -> 45916 | U107: =P107+1 -> 45917 | Z107: =U107+1 -> 45918 | AE107: =Z107+1 -> 45919 | AJ107: =AE107+1 -> 45920 | AO107: =AJ107+1 -> 45921 | AT107: =AO107+1 -> 45922
P108: 二 | U108: 三 | Z108: 四 | AE108: 五 | AJ108: 六 | AO108: 日 | AT108: 一
B109: 品群 | C109: 商品名稱 | E109: 計畫 | H109: 平均人時性 | I109: 實績 | L109: 平均人時性 | M109: 排名 | O109: 日報 | P109: 實際 | T109: 平均人時性 | U109: 實際 | Y109: 平均人時性 | Z109: 實際 | AD109: 平均人時性 | AE109: 實際 | AI109: 平均人時性 | AJ109: 實際 | AN109: 平均人時性 | AO109: 實際 | AS109: 平均人時性 | AT109: 實際 | AX109: 平均人時性
E110: 產線配置圖 | I110: 產線配置圖 | P110: 生產實績 | U110: 生產實績 | Z110: 生產實績 | AE110: 生產實績 | AJ110: 生產實績 | AO110: 生產實績 | AT110: 生產實績
E111: 人數 | F111: 產能／時 | G111: 人時性 | I111: 人數 | J111: 產能／時 | K111: 人時性 | P111: 人數 | Q111: 產能／時 | R111: 人時性 | S111: 排名 | U111: 人數 | V111: 產能／時 | W111: 人時性 | X111: 排名 | Z111: 人數 | AA111: 產能／時 | AB111: 人時性 | AC111: 排名 | AE111: 人數 | AF111: 產能／時 | AG111: 人時性 | AH111: 排名 | AJ111: 人數 | AK111: 產能／時 | AL111: 人時性 | AM111: 排名 | AO111: 人數 | AP111: 產能／時 | AQ111: 人時性 | AR111: 排名 | AT111: 人數 | AU111: 產能／時 | AV111: 人時性 | AW111: 排名
B112: 18℃-飯糰 | C112: 1 | D112: 經典肉鬆飯糰 | E112: 4 | F112: 2200 | G112: 550 | H112: =AVERAGE(G112:G141) -> 889.13043 | I112: =AVERAGE(P112,U112,Z112,AE112,AJ112,AO112,AT112) -> 4 | J112: =AVERAGE(Q112,V112,AA112,AF112,AK112,AP112,AU112) -> 1992.2897 | K112: =AVERAGE(R112,W112,AB112,AG112,AL112,AQ112,AV112) -> 498.07243 | L112: =IFERROR(AVERAGE(K112:K141),"-") -> 712.31814 | M112: =RANK(K112, K$112:$K$141) -> 23 | P112: 4 | Q112: 1995 | R112: 498.75 | S112: =RANK(R112, R$112:R$141) -> 23 | T112: =AVERAGE(R112:R141) -> 737.79651 | U112: 4 | V112: 1994.0426 | W112: 498.51064 | X112: =RANK(W112, W$112:W$141) -> 23 | Y112: =AVERAGE(W112:W141) -> 707.17678 | Z112: 4 | AA112: 1994.5055 | AB112: 498.62637 | AC112: =RANK(AB112, AB$112:AB$141) -> 23 | AD112: =AVERAGE(AB112:AB141) -> 704.9247 | AE112: 4 | AF112: 1990.8333 | AG112: 497.70833 | AH112: =RANK(AG112, AG$112:AG$141) -> 23 | AI112: =AVERAGE(AG112:AG141) -> 704.11196 | AJ112: 4 | AK112: 1988.5714 | AL112: 497.14286 | AM112: =RANK(AL112, AL$112:AL$141) -> 23 | AN112: =AVERAGE(AL112:AL141) -> 708.33698 | AO112: 4 | AP112: 1987.7419 | AQ112: 496.93548 | AR112: =RANK(AQ112, AQ$112:AQ$141) -> 23 | AS112: =AVERAGE(AQ112:AQ141) -> 713.80696 | AT112: 4 | AU112: 1995.3333 | AV112: 498.83333 | AW112: =RANK(AV112, AV$112:AV$141) -> 23 | AX112: =AVERAGE(AV112:AV141) -> 710.07311
C113: 2 | D113: 蔬食鮪魚飯糰 | E113: 3 | F113: 2700 | G113: 900 | I113: =AVERAGE(P113,U113,Z113,AE113,AJ113,AO113,AT113) -> 3 | J113: =AVERAGE(Q113,V113,AA113,AF113,AK113,AP113,AU113) -> 2694.4386 | K113: =AVERAGE(R113,W113,AB113,AG113,AL113,AQ113,AV113) -> 898.1462 | M113: =RANK(K113, K$112:$K$141) -> 2 | P113: 3 | Q113: 2647.0588 | R113: 882.35294 | S113: =RANK(R113, R$112:R$141) -> 4 | U113: 3 | V113: 2645.2941 | W113: 881.76471 | X113: =RANK(W113, W$112:W$141) -> 3 | Z113: 3 | AA113: 2696.25 | AB113: 898.75 | AC113: =RANK(AB113, AB$112:AB$141) -> 2 | AE113: 3 | AF113: 2810.4 | AG113: 936.8 | AH113: =RANK(AG113, AG$112:AG$141) -> 2 | AJ113: 3 | AK113: 2637.6923 | AL113: 879.23077 | AM113: =RANK(AL113, AL$112:AL$141) -> 3 | AO113: 3 | AP113: 2743.125 | AQ113: 914.375 | AR113: =RANK(AQ113, AQ$112:AQ$141) -> 2 | AT113: 3 | AU113: 2681.25 | AV113: 893.75 | AW113: =RANK(AV113, AV$112:AV$141) -> 2
C114: 3 | D114: 北海道秋鮭親子飯糰 | E114: 4 | F114: 3600 | G114: 900 | I114: =AVERAGE(P114,U114,Z114,AE114,AJ114,AO114,AT114) -> 4 | J114: =AVERAGE(Q114,V114,AA114,AF114,AK114,AP114,AU114) -> 2940.9686 | K114: =AVERAGE(R114,W114,AB114,AG114,AL114,AQ114,AV114) -> 735.24216 | M114: =RANK(K114, K$112:$K$141) -> 9 | P114: 4 | Q114: 2976.7742 | R114: 744.19355 | S114: =RANK(R114, R$112:R$141) -> 9 | U114: 4 | V114: 2918.1818 | W114: 729.54545 | X114: =RANK(W114, W$112:W$141) -> 10 | Z114: 4 | AA114: 2910.9677 | AB114: 727.74194 | AC114: =RANK(AB114, AB$112:AB$141) -> 10 | AE114: 4 | AF114: 2955.6522 | AG114: 738.91304 | AH114: =RANK(AG114, AG$112:AG$141) -> 7 | AJ114: 4 | AK114: 2915.4545 | AL114: 728.86364 | AM114: =RANK(AL114, AL$112:AL$141) -> 11 | AO114: 4 | AP114: 2996 | AQ114: 749 | AR114: =RANK(AQ114, AQ$112:AQ$141) -> 8 | AT114: 4 | AU114: 2913.75 | AV114: 728.4375 | AW114: =RANK(AV114, AV$112:AV$141) -> 11
C115: 4 | D115: 鮪魚飯糰 | E115: 3 | F115: 3600 | G115: 1200 | I115: =AVERAGE(P115,U115,Z115,AE115,AJ115,AO115,AT115) -> 3 | J115: =AVERAGE(Q115,V115,AA115,AF115,AK115,AP115,AU115) -> 2993.2099 | K115: =AVERAGE(R115,W115,AB115,AG115,AL115,AQ115,AV115) -> 997.73663 | M115: =RANK(K115, K$112:$K$141) -> 1 | P115: 3 | Q115: 2992.0879 | R115: 997.36264 | S115: =RANK(R115, R$112:R$141) -> 2 | U115: 3 | V115: 2976.5217 | W115: 992.17391 | X115: =RANK(W115, W$112:W$141) -> 1 | Z115: 3 | AA115: 3004.1379 | AB115: 1001.3793 | AC115: =RANK(AB115, AB$112:AB$141) -> 1 | AE115: 3 | AF115: 3036.3636 | AG115: 1012.1212 | AH115: =RANK(AG115, AG$112:AG$141) -> 1 | AJ115: 3 | AK115: 2958.4615 | AL115: 986.15385 | AM115: =RANK(AL115, AL$112:AL$141) -> 1 | AO115: 3 | AP115: 2978 | AQ115: 992.66667 | AR115: =RANK(AQ115, AQ$112:AQ$141) -> 1 | AT115: 3 | AU115: 3006.8966 | AV115: 1002.2989 | AW115: =RANK(AV115, AV$112:AV$141) -> 1
C116: 5 | D116: 贅沢鮭魚肚飯糰 | E116: 3 | F116: 3600 | G116: 1200 | I116: =AVERAGE(P116,U116,Z116,AE116,AJ116,AO116,AT116) -> 4 | J116: =AVERAGE(Q116,V116,AA116,AF116,AK116,AP116,AU116) -> 2959.7739 | K116: =AVERAGE(R116,W116,AB116,AG116,AL116,AQ116,AV116) -> 739.94347 | M116: =RANK(K116, K$112:$K$141) -> 8 | P116: 4 | Q116: 2966.25 | R116: 741.5625 | S116: =RANK(R116, R$112:R$141) -> 10 | U116: 4 | V116: 2947.5 | W116: 736.875 | X116: =RANK(W116, W$112:W$141) -> 9 | Z116: 4 | AA116: 2962.1739 | AB116: 740.54348 | AC116: =RANK(AB116, AB$112:AB$141) -> 7 | AE116: 4 | AF116: 2929.7143 | AG116: 732.42857 | AH116: =RANK(AG116, AG$112:AG$141) -> 8 | AJ116: 4 | AK116: 2945.2941 | AL116: 736.32353 | AM116: =RANK(AL116, AL$112:AL$141) -> 9 | AO116: 4 | AP116: 2990.6667 | AQ116: 747.66667 | AR116: =RANK(AQ116, AQ$112:AQ$141) -> 9 | AT116: 4 | AU116: 2976.8182 | AV116: 744.20455 | AW116: =RANK(AV116, AV$112:AV$141) -> 8
C117: 6 | D117: 熟成紅鮭飯糰 | E117: 4 | F117: 3600 | G117: 900 | I117: =AVERAGE(P117,U117,Z117,AE117,AJ117,AO117,AT117) -> 4 | J117: =AVERAGE(Q117,V117,AA117,AF117,AK117,AP117,AU117) -> 2961.0692 | K117: =AVERAGE(R117,W117,AB117,AG117,AL117,AQ117,AV117) -> 740.2673 | M117: =RANK(K117, K$112:$K$141) -> 7 | P117: 4 | Q117: 3014.4828 | R117: 753.62069 | S117: =RANK(R117, R$112:R$141) -> 8 | U117: 4 | V117: 3000 | W117: 750 | X117: =RANK(W117, W$112:W$141) -> 7 | Z117: 4 | AA117: 2935.3846 | AB117: 733.84615 | AC117: =RANK(AB117, AB$112:AB$141) -> 8 | AE117: 4 | AF117: 2917.8947 | AG117: 729.47368 | AH117: =RANK(AG117, AG$112:AG$141) -> 9 | AJ117: 4 | AK117: 2940 | AL117: 735 | AM117: =RANK(AL117, AL$112:AL$141) -> 10 | AO117: 4 | AP117: 2942.2222 | AQ117: 735.55556 | AR117: =RANK(AQ117, AQ$112:AQ$141) -> 10 | AT117: 4 | AU117: 2977.5 | AV117: 744.375 | AW117: =RANK(AV117, AV$112:AV$141) -> 7
C118: 7 | D118: 筋子銀鮭飯糰 | E118: 4 | F118: 3600 | G118: 900 | I118: =AVERAGE(P118,U118,Z118,AE118,AJ118,AO118,AT118) -> 4 | J118: =AVERAGE(Q118,V118,AA118,AF118,AK118,AP118,AU118) -> 2871.2041 | K118: =AVERAGE(R118,W118,AB118,AG118,AL118,AQ118,AV118) -> 717.80102 | M118: =RANK(K118, K$112:$K$141) -> 11 | P118: 4 | Q118: 2888.5714 | R118: 722.14286 | S118: =RANK(R118, R$112:R$141) -> 13 | U118: 4 | V118: 2982.8571 | W118: 745.71429 | X118: =RANK(W118, W$112:W$141) -> 8 | Z118: 4 | AA118: 2680 | AB118: 670 | AC118: =RANK(AB118, AB$112:AB$141) -> 13 | AE118: 4 | AF118: 2448 | AG118: 612 | AH118: =RANK(AG118, AG$112:AG$141) -> 20 | AJ118: 4 | AK118: 3015 | AL118: 753.75 | AM118: =RANK(AL118, AL$112:AL$141) -> 8 | AO118: 4 | AP118: 3108 | AQ118: 777 | AR118: =RANK(AQ118, AQ$112:AQ$141) -> 7 | AT118: 4 | AU118: 2976 | AV118: 744 | AW118: =RANK(AV118, AV$112:AV$141) -> 9
...

Sheet （５-2）品群別人時生產性（18-壽司手卷)
B1: 月平均人時性 | C1: =AVERAGE(L7,L27,L47,L67,L87,L107) -> 205.53713
B2: 產線配置圖－每週更新 | N2: 資料繳交 | O2: 日期 | AT2: 45901
AT3: 一
B4: 品群 | C4: 商品名稱 | E4: 計畫 | H4: 平均人時性 | I4: 實績 | L4: 平均人時性 | M4: 排名 | O4: 日報 | AT4: 實際 | AX4: 平均人時性
E5: 產線配置圖 | I5: 產線配置圖 | AT5: 生產實績
E6: 人數 | F6: 產能／時 | G6: 人時性 | I6: 人數 | J6: 產能／時 | K6: 人時性 | AT6: 人數 | AU6: 產能／時 | AV6: 人時性 | AW6: 排名
B7: 18℃-壽司手卷 | C7: 1 | D7: 日式厚蛋脆卷 | E7: 15 | F7: 1200 | G7: 80 | H7: =AVERAGE(G7:G21) -> 201.02857 | I7: =AVERAGE(P7,U7,Z7,AE7,AJ7,AO7,AT7) -> 13 | J7: =AVERAGE(Q7,V7,AA7,AF7,AK7,AP7,AU7) -> 1186 | K7: =AVERAGE(R7,W7,AB7,AG7,AL7,AQ7,AV7) -> 91.230769 | L7: =IFERROR(AVERAGE(K7:K21),"-") -> 205.87879 | M7: =RANK(K7, K$7:$K$21) -> 7 | AT7: 13 | AU7: 1186 | AV7: 91.230769 | AW7: =RANK(AV7, AV$7:AV$21) -> 7 | AX7: =AVERAGE(AV7:AV21) -> 205.87879
C8: 2 | D8: 長野稻荷壽司 | E8: 10 | F8: 1500 | G8: 150 | I8: =AVERAGE(P8,U8,Z8,AE8,AJ8,AO8,AT8) -> 10 | J8: =AVERAGE(Q8,V8,AA8,AF8,AK8,AP8,AU8) -> 1558.5 | K8: =AVERAGE(R8,W8,AB8,AG8,AL8,AQ8,AV8) -> 155.85 | M8: =RANK(K8, K$7:$K$21) -> 5 | AT8: 10 | AU8: 1558.5 | AV8: 155.85 | AW8: =RANK(AV8, AV$7:AV$21) -> 5
C9: 3 | D9: 雙饗雙手卷 | E9: 10 | F9: 1636 | G9: 163.6 | I9: =AVERAGE(P9,U9,Z9,AE9,AJ9,AO9,AT9) -> 12 | J9: =AVERAGE(Q9,V9,AA9,AF9,AK9,AP9,AU9) -> 1794.6667 | K9: =AVERAGE(R9,W9,AB9,AG9,AL9,AQ9,AV9) -> 149.55556 | M9: =RANK(K9, K$7:$K$21) -> 6 | AT9: 12 | AU9: 1794.6667 | AV9: 149.55556 | AW9: =RANK(AV9, AV$7:AV$21) -> 6
C10: 4 | D10: 海饌雙手卷 | E10: 10 | F10: 1636 | G10: 163.6 | I10: =AVERAGE(P10,U10,Z10,AE10,AJ10,AO10,AT10) -> 12 | J10: =AVERAGE(Q10,V10,AA10,AF10,AK10,AP10,AU10) -> 1873.5 | K10: =AVERAGE(R10,W10,AB10,AG10,AL10,AQ10,AV10) -> 156.125 | M10: =RANK(K10, K$7:$K$21) -> 4 | AT10: 12 | AU10: 1873.5 | AV10: 156.125 | AW10: =RANK(AV10, AV$7:AV$21) -> 4
C11: 5 | D11: 芝麻海苔香鬆細卷 | E11: 6 | F11: 1500 | G11: 250 | I11: =AVERAGE(P11,U11,Z11,AE11,AJ11,AO11,AT11) -> 5 | J11: =AVERAGE(Q11,V11,AA11,AF11,AK11,AP11,AU11) -> 1503.1579 | K11: =AVERAGE(R11,W11,AB11,AG11,AL11,AQ11,AV11) -> 300.63158 | M11: =RANK(K11, K$7:$K$21) -> 1 | AT11: 5 | AU11: 1503.1579 | AV11: 300.63158 | AW11: =RANK(AV11, AV$7:AV$21) -> 1
C12: 6 | D12: 鮪魚沙拉細卷 | E12: 5 | F12: 1500 | G12: 300 | I12: =AVERAGE(P12,U12,Z12,AE12,AJ12,AO12,AT12) -> 5 | J12: =AVERAGE(Q12,V12,AA12,AF12,AK12,AP12,AU12) -> 1493.7931 | K12: =AVERAGE(R12,W12,AB12,AG12,AL12,AQ12,AV12) -> 298.75862 | M12: =RANK(K12, K$7:$K$21) -> 2 | AT12: 5 | AU12: 1493.7931 | AV12: 298.75862 | AW12: =RANK(AV12, AV$7:AV$21) -> 2
C13: 7 | D13: 炙烤焦糖鮭魚細卷 | E13: 5 | F13: 1500 | G13: 300 | I13: =AVERAGE(P13,U13,Z13,AE13,AJ13,AO13,AT13) -> 5 | J13: =AVERAGE(Q13,V13,AA13,AF13,AK13,AP13,AU13) -> 1445 | K13: =AVERAGE(R13,W13,AB13,AG13,AL13,AQ13,AV13) -> 289 | M13: =RANK(K13, K$7:$K$21) -> 3 | AT13: 5 | AU13: 1445 | AV13: 289 | AW13: =RANK(AV13, AV$7:AV$21) -> 3
C14: 8 | M14: =RANK(K14, K$7:$K$21) -> #N/A | AW14: =RANK(AV14, AV$7:AV$21) -> #N/A
C15: 9 | M15: =RANK(K15, K$7:$K$21) -> #N/A | AW15: =RANK(AV15, AV$7:AV$21) -> #N/A
C16: 10 | M16: =RANK(K16, K$7:$K$21) -> #N/A | AW16: =RANK(AV16, AV$7:AV$21) -> #N/A
C17: 11 | M17: =RANK(K17, K$7:$K$21) -> #N/A | AW17: =RANK(AV17, AV$7:AV$21) -> #N/A
C18: 12 | M18: =RANK(K18, K$7:$K$21) -> #N/A | AW18: =RANK(AV18, AV$7:AV$21) -> #N/A
C19: 13 | M19: =RANK(K19, K$7:$K$21) -> #N/A | AW19: =RANK(AV19, AV$7:AV$21) -> #N/A
C20: 14 | M20: =RANK(K20, K$7:$K$21) -> #N/A | AW20: =RANK(AV20, AV$7:AV$21) -> #N/A
C21: 15 | M21: =RANK(K21, K$7:$K$21) -> #N/A | AW21: =RANK(AV21, AV$7:AV$21) -> #N/A
B22: 產線配置圖－每週更新 | N22: 資料繳交 | O22: 日期 | P22: =AT2+1 -> 45902 | U22: =P22+1 -> 45903 | Z22: =U22+1 -> 45904 | AE22: =Z22+1 -> 45905 | AJ22: =AE22+1 -> 45906 | AO22: =AJ22+1 -> 45907 | AT22: =AO22+1 -> 45908
P23: 二 | U23: 三 | Z23: 四 | AE23: 五 | AJ23: 六 | AO23: 日 | AT23: 一
B24: 品群 | C24: 商品名稱 | E24: 計畫 | H24: 平均人時性 | I24: 實績 | L24: 平均人時性 | M24: 排名 | O24: 日報 | P24: 實際 | T24: 平均人時性 | U24: 實際 | Y24: 平均人時性 | Z24: 實際 | AD24: 平均人時性 | AE24: 實際 | AI24: 平均人時性 | AJ24: 實際 | AN24: 平均人時性 | AO24: 實際 | AS24: 平均人時性 | AT24: 實際 | AX24: 平均人時性
E25: 產線配置圖 | I25: 產線配置圖 | P25: 生產實績 | U25: 生產實績 | Z25: 生產實績 | AE25: 生產實績 | AJ25: 生產實績 | AO25: 生產實績 | AT25: 生產實績
E26: 人數 | F26: 產能／時 | G26: 人時性 | I26: 人數 | J26: 產能／時 | K26: 人時性 | P26: 人數 | Q26: 產能／時 | R26: 人時性 | S26: 排名 | U26: 人數 | V26: 產能／時 | W26: 人時性 | X26: 排名 | Z26: 人數 | AA26: 產能／時 | AB26: 人時性 | AC26: 排名 | AE26: 人數 | AF26: 產能／時 | AG26: 人時性 | AH26: 排名 | AJ26: 人數 | AK26: 產能／時 | AL26: 人時性 | AM26: 排名 | AO26: 人數 | AP26: 產能／時 | AQ26: 人時性 | AR26: 排名 | AT26: 人數 | AU26: 產能／時 | AV26: 人時性 | AW26: 排名
B27: 18℃-壽司手卷 | C27: 1 | D27: 日式厚蛋脆卷 | E27: 13 | F27: 1286.4 | G27: 98.953846 | H27: =AVERAGE(G27:G41) -> 196.72798 | I27: =AVERAGE(P27,U27,Z27,AE27,AJ27,AO27,AT27) -> 13 | J27: =AVERAGE(Q27,V27,AA27,AF27,AK27,AP27,AU27) -> 1286.4 | K27: =AVERAGE(R27,W27,AB27,AG27,AL27,AQ27,AV27) -> 98.953846 | L27: =IFERROR(AVERAGE(K27:K41),"-") -> 195.3105 | M27: =RANK(K27, K$27:$K$41) -> 8 | P27: 13 | Q27: 1286.4 | R27: 98.953846 | S27: =RANK(R27, R$27:R$41) -> 8 | T27: =AVERAGE(R27:R41) -> 196.72798 | X27: =RANK(W27, W$27:W$41) -> #N/A | Y27: =AVERAGE(W27:W41) -> 212.59081 | AC27: =RANK(AB27, AB$27:AB$41) -> #N/A | AD27: =AVERAGE(AB27:AB41) -> 211.72952 | AH27: =RANK(AG27, AG$27:AG$41) -> #N/A | AI27: =AVERAGE(AG27:AG41) -> 197.15054 | AM27: =RANK(AL27, AL$27:AL$41) -> #N/A | AN27: =AVERAGE(AL27:AL41) -> 209.86735 | AR27: =RANK(AQ27, AQ$27:AQ$41) -> #N/A | AS27: =AVERAGE(AQ27:AQ41) -> 212.18078 | AW27: =RANK(AV27, AV$27:AV$41) -> #N/A | AX27: =AVERAGE(AV27:AV41) -> 209.31545
C28: 2 | D28: 長野稻荷壽司 | E28: 10 | F28: 1447.5 | G28: 144.75 | I28: =AVERAGE(P28,U28,Z28,AE28,AJ28,AO28,AT28) -> 12.571429 | J28: =AVERAGE(Q28,V28,AA28,AF28,AK28,AP28,AU28) -> 1456.5714 | K28: =AVERAGE(R28,W28,AB28,AG28,AL28,AQ28,AV28) -> 116.81593 | M28: =RANK(K28, K$27:$K$41) -> 7 | P28: 10 | Q28: 1447.5 | R28: 144.75 | S28: =RANK(R28, R$27:R$41) -> 7 | U28: 13 | V28: 1395 | W28: 107.30769 | X28: =RANK(W28, W$27:W$41) -> 7 | Z28: 13 | AA28: 1356 | AB28: 104.30769 | AC28: =RANK(AB28, AB$27:AB$41) -> 7 | AE28: 13 | AF28: 1514 | AG28: 116.46154 | AH28: =RANK(AG28, AG$27:AG$41) -> 7 | AJ28: 13 | AK28: 1542 | AL28: 118.61538 | AM28: =RANK(AL28, AL$27:AL$41) -> 7 | AO28: 13 | AP28: 1531.5 | AQ28: 117.80769 | AR28: =RANK(AQ28, AQ$27:AQ$41) -> 7 | AT28: 13 | AU28: 1410 | AV28: 108.46154 | AW28: =RANK(AV28, AV$27:AV$41) -> 7
C29: 3 | D29: 雙饗雙手卷 | E29: 12 | F29: 1857.3333 | G29: 154.77778 | I29: =AVERAGE(P29,U29,Z29,AE29,AJ29,AO29,AT29) -> 10.285714 | J29: =AVERAGE(Q29,V29,AA29,AF29,AK29,AP29,AU29) -> 1753.2048 | K29: =AVERAGE(R29,W29,AB29,AG29,AL29,AQ29,AV29) -> 170.89825 | M29: =RANK(K29, K$27:$K$41) -> 4 | P29: 12 | Q29: 1857.3333 | R29: 154.77778 | S29: =RANK(R29, R$27:R$41) -> 4 | U29: 10 | V29: 1804.8 | W29: 180.48 | X29: =RANK(W29, W$27:W$41) -> 4 | Z29: 10 | AA29: 1807.2 | AB29: 180.72 | AC29: =RANK(AB29, AB$27:AB$41) -> 4 | AE29: 10 | AF29: 1422 | AG29: 142.2 | AH29: =RANK(AG29, AG$27:AG$41) -> 4 | AJ29: 10 | AK29: 1735.5 | AL29: 173.55 | AM29: =RANK(AL29, AL$27:AL$41) -> 4 | AO29: 10 | AP29: 1776 | AQ29: 177.6 | AR29: =RANK(AQ29, AQ$27:AQ$41) -> 4 | AT29: 10 | AU29: 1869.6 | AV29: 186.96 | AW29: =RANK(AV29, AV$27:AV$41) -> 4
C30: 4 | D30: 海饌雙手卷 | E30: 12 | F30: 1850.6667 | G30: 154.22222 | I30: =AVERAGE(P30,U30,Z30,AE30,AJ30,AO30,AT30) -> 12 | J30: =AVERAGE(Q30,V30,AA30,AF30,AK30,AP30,AU30) -> 1807.3333 | K30: =AVERAGE(R30,W30,AB30,AG30,AL30,AQ30,AV30) -> 150.61111 | M30: =RANK(K30, K$27:$K$41) -> 5 | P30: 12 | Q30: 1850.6667 | R30: 154.22222 | S30: =RANK(R30, R$27:R$41) -> 5 | U30: 12 | V30: 1942.6667 | W30: 161.88889 | X30: =RANK(W30, W$27:W$41) -> 5 | Z30: 12 | AA30: 1889.3333 | AB30: 157.44444 | AC30: =RANK(AB30, AB$27:AB$41) -> 5 | AE30: 12 | AF30: 1454.6667 | AG30: 121.22222 | AH30: =RANK(AG30, AG$27:AG$41) -> 6 | AJ30: 12 | AK30: 1836 | AL30: 153 | AM30: =RANK(AL30, AL$27:AL$41) -> 5 | AO30: 12 | AP30: 1891.2 | AQ30: 157.6 | AR30: =RANK(AQ30, AQ$27:AQ$41) -> 5 | AT30: 12 | AU30: 1786.8 | AV30: 148.9 | AW30: =RANK(AV30, AV$27:AV$41) -> 6
C31: 5 | D31: 芝麻海苔香鬆細卷 | E31: 5 | F31: 1461 | G31: 292.2 | I31: =AVERAGE(P31,U31,Z31,AE31,AJ31,AO31,AT31) -> 5 | J31: =AVERAGE(Q31,V31,AA31,AF31,AK31,AP31,AU31) -> 1457.4031 | K31: =AVERAGE(R31,W31,AB31,AG31,AL31,AQ31,AV31) -> 291.48061 | M31: =RANK(K31, K$27:$K$41) -> 2 | P31: 5 | Q31: 1461 | R31: 292.2 | S31: =RANK(R31, R$27:R$41) -> 2 | U31: 5 | V31: 1488 | W31: 297.6 | X31: =RANK(W31, W$27:W$41) -> 3 | Z31: 5 | AA31: 1477.1429 | AB31: 295.42857 | AC31: =RANK(AB31, AB$27:AB$41) -> 2 | AE31: 5 | AF31: 1436.25 | AG31: 287.25 | AH31: =RANK(AG31, AG$27:AG$41) -> 2 | AJ31: 5 | AK31: 1448 | AL31: 289.6 | AM31: =RANK(AL31, AL$27:AL$41) -> 3 | AO31: 5 | AP31: 1440 | AQ31: 288 | AR31: =RANK(AQ31, AQ$27:AQ$41) -> 2 | AT31: 5 | AU31: 1451.4286 | AV31: 290.28571 | AW31: =RANK(AV31, AV$27:AV$41) -> 2
C32: 6 | D32: 鮪魚沙拉細卷 | E32: 5 | F32: 1504 | G32: 300.8 | I32: =AVERAGE(P32,U32,Z32,AE32,AJ32,AO32,AT32) -> 5 | J32: =AVERAGE(Q32,V32,AA32,AF32,AK32,AP32,AU32) -> 1481.1622 | K32: =AVERAGE(R32,W32,AB32,AG32,AL32,AQ32,AV32) -> 296.23244 | M32: =RANK(K32, K$27:$K$41) -> 1 | P32: 5 | Q32: 1504 | R32: 300.8 | S32: =RANK(R32, R$27:R$41) -> 1 | U32: 5 | V32: 1491.7241 | W32: 298.34483 | X32: =RANK(W32, W$27:W$41) -> 2 | Z32: 5 | AA32: 1475.1724 | AB32: 295.03448 | AC32: =RANK(AB32, AB$27:AB$41) -> 3 | AE32: 5 | AF32: 1455 | AG32: 291 | AH32: =RANK(AG32, AG$27:AG$41) -> 1 | AJ32: 5 | AK32: 1479.1304 | AL32: 295.82609 | AM32: =RANK(AL32, AL$27:AL$41) -> 1 | AO32: 5 | AP32: 1501.8182 | AQ32: 300.36364 | AR32: =RANK(AQ32, AQ$27:AQ$41) -> 1 | AT32: 5 | AU32: 1461.2903 | AV32: 292.25806 | AW32: =RANK(AV32, AV$27:AV$41) -> 1
C33: 7 | D33: 炙烤焦糖鮭魚細卷 | E33: 5 | F33: 1408 | G33: 281.6 | I33: =AVERAGE(P33,U33,Z33,AE33,AJ33,AO33,AT33) -> 5 | J33: =AVERAGE(Q33,V33,AA33,AF33,AK33,AP33,AU33) -> 1449.3733 | K33: =AVERAGE(R33,W33,AB33,AG33,AL33,AQ33,AV33) -> 289.87467 | M33: =RANK(K33, K$27:$K$41) -> 3 | P33: 5 | Q33: 1408 | R33: 281.6 | S33: =RANK(R33, R$27:R$41) -> 3 | U33: 5 | V33: 1508.5714 | W33: 301.71429 | X33: =RANK(W33, W$27:W$41) -> 1 | Z33: 5 | AA33: 1482.8571 | AB33: 296.57143 | AC33: =RANK(AB33, AB$27:AB$41) -> 1 | AE33: 5 | AF33: 1404 | AG33: 280.8 | AH33: =RANK(AG33, AG$27:AG$41) -> 3 | AJ33: 5 | AK33: 1470 | AL33: 294 | AM33: =RANK(AL33, AL$27:AL$41) -> 2 | AO33: 5 | AP33: 1436.4706 | AQ33: 287.29412 | AR33: =RANK(AQ33, AQ$27:AQ$41) -> 3 | AT33: 5 | AU33: 1435.7143 | AV33: 287.14286 | AW33: =RANK(AV33, AV$27:AV$41) -> 3
C34: 8 | D34: 新之助の豆皮壽司喔 | E34: 10 | F34: 1465.2 | G34: 146.52 | I34: =AVERAGE(P34,U34,Z34,AE34,AJ34,AO34,AT34) -> 10 | J34: =AVERAGE(Q34,V34,AA34,AF34,AK34,AP34,AU34) -> 1476.1714 | K34: =AVERAGE(R34,W34,AB34,AG34,AL34,AQ34,AV34) -> 147.61714 | M34: =RANK(K34, K$27:$K$41) -> 6 | P34: 10 | Q34: 1465.2 | R34: 146.52 | S34: =RANK(R34, R$27:R$41) -> 6 | U34: 10 | V34: 1408 | W34: 140.8 | X34: =RANK(W34, W$27:W$41) -> 6 | Z34: 10 | AA34: 1526 | AB34: 152.6 | AC34: =RANK(AB34, AB$27:AB$41) -> 6 | AE34: 10 | AF34: 1411.2 | AG34: 141.12 | AH34: =RANK(AG34, AG$27:AG$41) -> 5 | AJ34: 10 | AK34: 1444.8 | AL34: 144.48 | AM34: =RANK(AL34, AL$27:AL$41) -> 6 | AO34: 10 | AP34: 1566 | AQ34: 156.6 | AR34: =RANK(AQ34, AQ$27:AQ$41) -> 6 | AT34: 10 | AU34: 1512 | AV34: 151.2 | AW34: =RANK(AV34, AV$27:AV$41) -> 5
C35: 9 | M35: =RANK(K35, K$27:$K$41) -> #N/A | S35: =RANK(R35, R$27:R$41) -> #N/A | X35: =RANK(W35, W$27:W$41) -> #N/A | AC35: =RANK(AB35, AB$27:AB$41) -> #N/A | AH35: =RANK(AG35, AG$27:AG$41) -> #N/A | AM35: =RANK(AL35, AL$27:AL$41) -> #N/A | AR35: =RANK(AQ35, AQ$27:AQ$41) -> #N/A | AW35: =RANK(AV35, AV$27:AV$41) -> #N/A
C36: 10 | M36: =RANK(K36, K$27:$K$41) -> #N/A | S36: =RANK(R36, R$27:R$41) -> #N/A | X36: =RANK(W36, W$27:W$41) -> #N/A | AC36: =RANK(AB36, AB$27:AB$41) -> #N/A | AH36: =RANK(AG36, AG$27:AG$41) -> #N/A | AM36: =RANK(AL36, AL$27:AL$41) -> #N/A | AR36: =RANK(AQ36, AQ$27:AQ$41) -> #N/A | AW36: =RANK(AV36, AV$27:AV$41) -> #N/A
C37: 11 | M37: =RANK(K37, K$27:$K$41) -> #N/A | S37: =RANK(R37, R$27:R$41) -> #N/A | X37: =RANK(W37, W$27:W$41) -> #N/A | AC37: =RANK(AB37, AB$27:AB$41) -> #N/A | AH37: =RANK(AG37, AG$27:AG$41) -> #N/A | AM37: =RANK(AL37, AL$27:AL$41) -> #N/A | AR37: =RANK(AQ37, AQ$27:AQ$41) -> #N/A | AW37: =RANK(AV37, AV$27:AV$41) -> #N/A
C38: 12 | M38: =RANK(K38, K$27:$K$41) -> #N/A | S38: =RANK(R38, R$27:R$41) -> #N/A | X38: =RANK(W38, W$27:W$41) -> #N/A | AC38: =RANK(AB38, AB$27:AB$41) -> #N/A | AH38: =RANK(AG38, AG$27:AG$41) -> #N/A | AM38: =RANK(AL38, AL$27:AL$41) -> #N/A | AR38: =RANK(AQ38, AQ$27:AQ$41) -> #N/A | AW38: =RANK(AV38, AV$27:AV$41) -> #N/A
C39: 13 | M39: =RANK(K39, K$27:$K$41) -> #N/A | S39: =RANK(R39, R$27:R$41) -> #N/A | X39: =RANK(W39, W$27:W$41) -> #N/A | AC39: =RANK(AB39, AB$27:AB$41) -> #N/A | AH39: =RANK(AG39, AG$27:AG$41) -> #N/A | AM39: =RANK(AL39, AL$27:AL$41) -> #N/A | AR39: =RANK(AQ39, AQ$27:AQ$41) -> #N/A | AW39: =RANK(AV39, AV$27:AV$41) -> #N/A
C40: 14 | M40: =RANK(K40, K$27:$K$41) -> #N/A | S40: =RANK(R40, R$27:R$41) -> #N/A | X40: =RANK(W40, W$27:W$41) -> #N/A | AC40: =RANK(AB40, AB$27:AB$41) -> #N/A | AH40: =RANK(AG40, AG$27:AG$41) -> #N/A | AM40: =RANK(AL40, AL$27:AL$41) -> #N/A | AR40: =RANK(AQ40, AQ$27:AQ$41) -> #N/A | AW40: =RANK(AV40, AV$27:AV$41) -> #N/A
C41: 15 | M41: =RANK(K41, K$27:$K$41) -> #N/A | S41: =RANK(R41, R$27:R$41) -> #N/A | X41: =RANK(W41, W$27:W$41) -> #N/A | AC41: =RANK(AB41, AB$27:AB$41) -> #N/A | AH41: =RANK(AG41, AG$27:AG$41) -> #N/A | AM41: =RANK(AL41, AL$27:AL$41) -> #N/A | AR41: =RANK(AQ41, AQ$27:AQ$41) -> #N/A | AW41: =RANK(AV41, AV$27:AV$41) -> #N/A
B42: 產線配置圖－每週更新 | N42: 資料繳交 | O42: 日期 | P42: =P22+7 -> 45909 | U42: =P42+1 -> 45910 | Z42: =U42+1 -> 45911 | AE42: =Z42+1 -> 45912 | AJ42: =AE42+1 -> 45913 | AO42: =AJ42+1 -> 45914 | AT42: =AO42+1 -> 45915
P43: 二 | U43: 三 | Z43: 四 | AE43: 五 | AJ43: 六 | AO43: 日 | AT43: 一
B44: 品群 | C44: 商品名稱 | E44: 計畫 | H44: 平均人時性 | I44: 實績 | L44: 平均人時性 | M44: 排名 | O44: 日報 | P44: 實際 | T44: 平均人時性 | U44: 實際 | Y44: 平均人時性 | Z44: 實際 | AD44: 平均人時性 | AE44: 實際 | AI44: 平均人時性 | AJ44: 實際 | AN44: 平均人時性 | AO44: 實際 | AS44: 平均人時性 | AT44: 實際 | AX44: 平均人時性
E45: 產線配置圖 | I45: 產線配置圖 | P45: 生產實績 | U45: 生產實績 | Z45: 生產實績 | AE45: 生產實績 | AJ45: 生產實績 | AO45: 生產實績 | AT45: 生產實績
E46: 人數 | F46: 產能／時 | G46: 人時性 | I46: 人數 | J46: 產能／時 | K46: 人時性 | P46: 人數 | Q46: 產能／時 | R46: 人時性 | S46: 排名 | U46: 人數 | V46: 產能／時 | W46: 人時性 | X46: 排名 | Z46: 人數 | AA46: 產能／時 | AB46: 人時性 | AC46: 排名 | AE46: 人數 | AF46: 產能／時 | AG46: 人時性 | AH46: 排名 | AJ46: 人數 | AK46: 產能／時 | AL46: 人時性 | AM46: 排名 | AO46: 人數 | AP46: 產能／時 | AQ46: 人時性 | AR46: 排名 | AT46: 人數 | AU46: 產能／時 | AV46: 人時性 | AW46: 排名
B47: 18℃-壽司手卷 | C47: 1 | D47: 長野稻荷壽司 | E47: 10 | F47: 1500 | G47: 150 | H47: =AVERAGE(G47:G61) -> 198.57143 | I47: =AVERAGE(P47,U47,Z47,AE47,AJ47,AO47,AT47) -> 10 | J47: =AVERAGE(Q47,V47,AA47,AF47,AK47,AP47,AU47) -> 1453.9286 | K47: =AVERAGE(R47,W47,AB47,AG47,AL47,AQ47,AV47) -> 145.39286 | L47: =IFERROR(AVERAGE(K47:K61),"-") -> 209.23229 | M47: =RANK(K47, K$47:$K$61) -> 6 | P47: 10 | Q47: 1359 | R47: 135.9 | S47: =RANK(R47, R$47:R$61) -> 7 | T47: =AVERAGE(R47:R61) -> 208.98637 | U47: 10 | V47: 1541.1429 | W47: 154.11429 | X47: =RANK(W47, W$47:W$61) -> 4 | Y47: =AVERAGE(W47:W61) -> 208.47506 | Z47: 10 | AA47: 1498.2857 | AB47: 149.82857 | AC47: =RANK(AB47, AB$47:AB$61) -> 4 | AD47: =AVERAGE(AB47:AB61) -> 205.08849 | AE47: 10 | AF47: 1436 | AG47: 143.6 | AH47: =RANK(AG47, AG$47:AG$61) -> 4 | AI47: =AVERAGE(AG47:AG61) -> 203.73929 | AJ47: 10 | AK47: 1408 | AL47: 140.8 | AM47: =RANK(AL47, AL$47:AL$61) -> 6 | AN47: =AVERAGE(AL47:AL61) -> 204.10102 | AO47: 10 | AP47: 1438.5 | AQ47: 143.85 | AR47: =RANK(AQ47, AQ$47:AQ$61) -> 6 | AS47: =AVERAGE(AQ47:AQ61) -> 211.23397 | AT47: 10 | AU47: 1496.5714 | AV47: 149.65714 | AW47: =RANK(AV47, AV$47:AV$61) -> 5 | AX47: =AVERAGE(AV47:AV61) -> 223.00181
C48: 2 | D48: 雙饗雙手卷 | E48: 15 | F48: 1800 | G48: 120 | I48: =AVERAGE(P48,U48,Z48,AE48,AJ48,AO48,AT48) -> 12 | J48: =AVERAGE(Q48,V48,AA48,AF48,AK48,AP48,AU48) -> 1774.8952 | K48: =AVERAGE(R48,W48,AB48,AG48,AL48,AQ48,AV48) -> 147.90794 | M48: =RANK(K48, K$47:$K$61) -> 5 | P48: 12 | Q48: 1872 | R48: 156 | S48: =RANK(R48, R$47:R$61) -> 4 | U48: 12 | V48: 1694.4 | W48: 141.2 | X48: =RANK(W48, W$47:W$61) -> 6 | Z48: 12 | AA48: 1794.6667 | AB48: 149.55556 | AC48: =RANK(AB48, AB$47:AB$61) -> 5 | AE48: 12 | AF48: 1698 | AG48: 141.5 | AH48: =RANK(AG48, AG$47:AG$61) -> 6 | AJ48: 12 | AK48: 1740 | AL48: 145 | AM48: =RANK(AL48, AL$47:AL$61) -> 5 | AO48: 12 | AP48: 1848 | AQ48: 154 | AR48: =RANK(AQ48, AQ$47:AQ$61) -> 5 | AT48: 12 | AU48: 1777.2 | AV48: 148.1 | AW48: =RANK(AV48, AV$47:AV$61) -> 6
C49: 3 | D49: 海饌雙手卷 | E49: 15 | F49: 1800 | G49: 120 | I49: =AVERAGE(P49,U49,Z49,AE49,AJ49,AO49,AT49) -> 12 | J49: =AVERAGE(Q49,V49,AA49,AF49,AK49,AP49,AU49) -> 1842.398 | K49: =AVERAGE(R49,W49,AB49,AG49,AL49,AQ49,AV49) -> 153.53316 | M49: =RANK(K49, K$47:$K$61) -> 4 | P49: 12 | Q49: 1861.3333 | R49: 155.11111 | S49: =RANK(R49, R$47:R$61) -> 5 | U49: 12 | V49: 1777.3333 | W49: 148.11111 | X49: =RANK(W49, W$47:W$61) -> 5 | Z49: 12 | AA49: 1713.3333 | AB49: 142.77778 | AC49: =RANK(AB49, AB$47:AB$61) -> 6 | AE49: 12 | AF49: 1702.5 | AG49: 141.875 | AH49: =RANK(AG49, AG$47:AG$61) -> 5 | AJ49: 12 | AK49: 1954.2857 | AL49: 162.85714 | AM49: =RANK(AL49, AL$47:AL$61) -> 4 | AO49: 12 | AP49: 1985.3333 | AQ49: 165.44444 | AR49: =RANK(AQ49, AQ$47:AQ$61) -> 4 | AT49: 12 | AU49: 1902.6667 | AV49: 158.55556 | AW49: =RANK(AV49, AV$47:AV$61) -> 4
C50: 4 | D50: 芝麻海苔香鬆細卷 | E50: 6 | F50: 1500 | G50: 250 | I50: =AVERAGE(P50,U50,Z50,AE50,AJ50,AO50,AT50) -> 5 | J50: =AVERAGE(Q50,V50,AA50,AF50,AK50,AP50,AU50) -> 1457.0877 | K50: =AVERAGE(R50,W50,AB50,AG50,AL50,AQ50,AV50) -> 291.41753 | M50: =RANK(K50, K$47:$K$61) -> 3 | P50: 5 | Q50: 1479 | R50: 295.8 | S50: =RANK(R50, R$47:R$61) -> 1 | U50: 5 | V50: 1452 | W50: 290.4 | X50: =RANK(W50, W$47:W$61) -> 3 | Z50: 5 | AA50: 1440 | AB50: 288 | AC50: =RANK(AB50, AB$47:AB$61) -> 3 | AE50: 5 | AF50: 1484 | AG50: 296.8 | AH50: =RANK(AG50, AG$47:AG$61) -> 2 | AJ50: 5 | AK50: 1421.25 | AL50: 284.25 | AM50: =RANK(AL50, AL$47:AL$61) -> 3 | AO50: 5 | AP50: 1456.3636 | AQ50: 291.27273 | AR50: =RANK(AQ50, AQ$47:AQ$61) -> 3 | AT50: 5 | AU50: 1467 | AV50: 293.4 | AW50: =RANK(AV50, AV$47:AV$61) -> 2
C51: 5 | D51: 鮪魚沙拉細卷 | E51: 5 | F51: 1500 | G51: 300 | I51: =AVERAGE(P51,U51,Z51,AE51,AJ51,AO51,AT51) -> 5 | J51: =AVERAGE(Q51,V51,AA51,AF51,AK51,AP51,AU51) -> 1478.1725 | K51: =AVERAGE(R51,W51,AB51,AG51,AL51,AQ51,AV51) -> 295.63449 | M51: =RANK(K51, K$47:$K$61) -> 2 | P51: 5 | Q51: 1478.1818 | R51: 295.63636 | S51: =RANK(R51, R$47:R$61) -> 2 | U51: 5 | V51: 1484 | W51: 296.8 | X51: =RANK(W51, W$47:W$61) -> 2 | Z51: 5 | AA51: 1475.1724 | AB51: 295.03448 | AC51: =RANK(AB51, AB$47:AB$61) -> 1 | AE51: 5 | AF51: 1500 | AG51: 300 | AH51: =RANK(AG51, AG$47:AG$61) -> 1 | AJ51: 5 | AK51: 1465 | AL51: 293 | AM51: =RANK(AL51, AL$47:AL$61) -> 1 | AO51: 5 | AP51: 1482.3529 | AQ51: 296.47059 | AR51: =RANK(AQ51, AQ$47:AQ$61) -> 2 | AT51: 5 | AU51: 1462.5 | AV51: 292.5 | AW51: =RANK(AV51, AV$47:AV$61) -> 3
C52: 6 | D52: 炙烤焦糖鮭魚細卷 | E52: 5 | F52: 1500 | G52: 300 | I52: =AVERAGE(P52,U52,Z52,AE52,AJ52,AO52,AT52) -> 5 | J52: =AVERAGE(Q52,V52,AA52,AF52,AK52,AP52,AU52) -> 1506.2716 | K52: =AVERAGE(R52,W52,AB52,AG52,AL52,AQ52,AV52) -> 301.25432 | M52: =RANK(K52, K$47:$K$61) -> 1 | P52: 5 | Q52: 1414.2857 | R52: 282.85714 | S52: =RANK(R52, R$47:R$61) -> 3 | U52: 5 | V52: 1485 | W52: 297 | X52: =RANK(W52, W$47:W$61) -> 1 | Z52: 5 | AA52: 1444.6154 | AB52: 288.92308 | AC52: =RANK(AB52, AB$47:AB$61) -> 2 | AE52: 5 | AF52: 1416 | AG52: 283.2 | AH52: =RANK(AG52, AG$47:AG$61) -> 3 | AJ52: 5 | AK52: 1428 | AL52: 285.6 | AM52: =RANK(AL52, AL$47:AL$61) -> 2 | AO52: 5 | AP52: 1496 | AQ52: 299.2 | AR52: =RANK(AQ52, AQ$47:AQ$61) -> 1 | AT52: 5 | AU52: 1860 | AV52: 372 | AW52: =RANK(AV52, AV$47:AV$61) -> 1
C53: 7 | D53: 新之助の豆皮壽司喔 | E53: 10 | F53: 1500 | G53: 150 | I53: =AVERAGE(P53,U53,Z53,AE53,AJ53,AO53,AT53) -> 10 | J53: =AVERAGE(Q53,V53,AA53,AF53,AK53,AP53,AU53) -> 1294.8571 | K53: =AVERAGE(R53,W53,AB53,AG53,AL53,AQ53,AV53) -> 129.48571 | M53: =RANK(K53, K$47:$K$61) -> 7 | P53: 10 | Q53: 1416 | R53: 141.6 | S53: =RANK(R53, R$47:R$61) -> 6 | U53: 10 | V53: 1317 | W53: 131.7 | X53: =RANK(W53, W$47:W$61) -> 7 | Z53: 10 | AA53: 1215 | AB53: 121.5 | AC53: =RANK(AB53, AB$47:AB$61) -> 7 | AE53: 10 | AF53: 1192 | AG53: 119.2 | AH53: =RANK(AG53, AG$47:AG$61) -> 7 | AJ53: 10 | AK53: 1172 | AL53: 117.2 | AM53: =RANK(AL53, AL$47:AL$61) -> 7 | AO53: 10 | AP53: 1284 | AQ53: 128.4 | AR53: =RANK(AQ53, AQ$47:AQ$61) -> 7 | AT53: 10 | AU53: 1468 | AV53: 146.8 | AW53: =RANK(AV53, AV$47:AV$61) -> 7
C54: 8 | M54: =RANK(K54, K$47:$K$61) -> #N/A | S54: =RANK(R54, R$47:R$61) -> #N/A | X54: =RANK(W54, W$47:W$61) -> #N/A | AC54: =RANK(AB54, AB$47:AB$61) -> #N/A | AH54: =RANK(AG54, AG$47:AG$61) -> #N/A | AM54: =RANK(AL54, AL$47:AL$61) -> #N/A | AR54: =RANK(AQ54, AQ$47:AQ$61) -> #N/A | AW54: =RANK(AV54, AV$47:AV$61) -> #N/A
C55: 9 | M55: =RANK(K55, K$47:$K$61) -> #N/A | S55: =RANK(R55, R$47:R$61) -> #N/A | X55: =RANK(W55, W$47:W$61) -> #N/A | AC55: =RANK(AB55, AB$47:AB$61) -> #N/A | AH55: =RANK(AG55, AG$47:AG$61) -> #N/A | AM55: =RANK(AL55, AL$47:AL$61) -> #N/A | AR55: =RANK(AQ55, AQ$47:AQ$61) -> #N/A | AW55: =RANK(AV55, AV$47:AV$61) -> #N/A
C56: 10 | M56: =RANK(K56, K$47:$K$61) -> #N/A | S56: =RANK(R56, R$47:R$61) -> #N/A | X56: =RANK(W56, W$47:W$61) -> #N/A | AC56: =RANK(AB56, AB$47:AB$61) -> #N/A | AH56: =RANK(AG56, AG$47:AG$61) -> #N/A | AM56: =RANK(AL56, AL$47:AL$61) -> #N/A | AR56: =RANK(AQ56, AQ$47:AQ$61) -> #N/A | AW56: =RANK(AV56, AV$47:AV$61) -> #N/A
C57: 11 | M57: =RANK(K57, K$47:$K$61) -> #N/A | S57: =RANK(R57, R$47:R$61) -> #N/A | X57: =RANK(W57, W$47:W$61) -> #N/A | AC57: =RANK(AB57, AB$47:AB$61) -> #N/A | AH57: =RANK(AG57, AG$47:AG$61) -> #N/A | AM57: =RANK(AL57, AL$47:AL$61) -> #N/A | AR57: =RANK(AQ57, AQ$47:AQ$61) -> #N/A | AW57: =RANK(AV57, AV$47:AV$61) -> #N/A
C58: 12 | M58: =RANK(K58, K$47:$K$61) -> #N/A | S58: =RANK(R58, R$47:R$61) -> #N/A | X58: =RANK(W58, W$47:W$61) -> #N/A | AC58: =RANK(AB58, AB$47:AB$61) -> #N/A | AH58: =RANK(AG58, AG$47:AG$61) -> #N/A | AM58: =RANK(AL58, AL$47:AL$61) -> #N/A | AR58: =RANK(AQ58, AQ$47:AQ$61) -> #N/A | AW58: =RANK(AV58, AV$47:AV$61) -> #N/A
C59: 13 | M59: =RANK(K59, K$47:$K$61) -> #N/A | S59: =RANK(R59, R$47:R$61) -> #N/A | X59: =RANK(W59, W$47:W$61) -> #N/A | AC59: =RANK(AB59, AB$47:AB$61) -> #N/A | AH59: =RANK(AG59, AG$47:AG$61) -> #N/A | AM59: =RANK(AL59, AL$47:AL$61) -> #N/A | AR59: =RANK(AQ59, AQ$47:AQ$61) -> #N/A | AW59: =RANK(AV59, AV$47:AV$61) -> #N/A
C60: 14 | M60: =RANK(K60, K$47:$K$61) -> #N/A | S60: =RANK(R60, R$47:R$61) -> #N/A | X60: =RANK(W60, W$47:W$61) -> #N/A | AC60: =RANK(AB60, AB$47:AB$61) -> #N/A | AH60: =RANK(AG60, AG$47:AG$61) -> #N/A | AM60: =RANK(AL60, AL$47:AL$61) -> #N/A | AR60: =RANK(AQ60, AQ$47:AQ$61) -> #N/A | AW60: =RANK(AV60, AV$47:AV$61) -> #N/A
C61: 15 | M61: =RANK(K61, K$47:$K$61) -> #N/A | S61: =RANK(R61, R$47:R$61) -> #N/A | X61: =RANK(W61, W$47:W$61) -> #N/A | AC61: =RANK(AB61, AB$47:AB$61) -> #N/A | AH61: =RANK(AG61, AG$47:AG$61) -> #N/A | AM61: =RANK(AL61, AL$47:AL$61) -> #N/A | AR61: =RANK(AQ61, AQ$47:AQ$61) -> #N/A | AW61: =RANK(AV61, AV$47:AV$61) -> #N/A
B62: 產線配置圖－每週更新 | N62: 資料繳交 | O62: 日期 | P62: =P42+7 -> 45916 | U62: =P62+1 -> 45917 | Z62: =U62+1 -> 45918 | AE62: =Z62+1 -> 45919 | AJ62: =AE62+1 -> 45920 | AO62: =AJ62+1 -> 45921 | AT62: =AO62+1 -> 45922
P63: 二 | U63: 三 | Z63: 四 | AE63: 五 | AJ63: 六 | AO63: 日 | AT63: 一
B64: 品群 | C64: 商品名稱 | E64: 計畫 | H64: 平均人時性 | I64: 實績 | L64: 平均人時性 | M64: 排名 | O64: 日報 | P64: 實際 | T64: 平均人時性 | U64: 實際 | Y64: 平均人時性 | Z64: 實際 | AD64: 平均人時性 | AE64: 實際 | AI64: 平均人時性 | AJ64: 實際 | AN64: 平均人時性 | AO64: 實際 | AS64: 平均人時性 | AT64: 實際 | AX64: 平均人時性
E65: 產線配置圖 | I65: 產線配置圖 | P65: 生產實績 | U65: 生產實績 | Z65: 生產實績 | AE65: 生產實績 | AJ65: 生產實績 | AO65: 生產實績 | AT65: 生產實績
E66: 人數 | F66: 產能／時 | G66: 人時性 | I66: 人數 | J66: 產能／時 | K66: 人時性 | P66: 人數 | Q66: 產能／時 | R66: 人時性 | S66: 排名 | U66: 人數 | V66: 產能／時 | W66: 人時性 | X66: 排名 | Z66: 人數 | AA66: 產能／時 | AB66: 人時性 | AC66: 排名 | AE66: 人數 | AF66: 產能／時 | AG66: 人時性 | AH66: 排名 | AJ66: 人數 | AK66: 產能／時 | AL66: 人時性 | AM66: 排名 | AO66: 人數 | AP66: 產能／時 | AQ66: 人時性 | AR66: 排名 | AT66: 人數 | AU66: 產能／時 | AV66: 人時性 | AW66: 排名
B67: 18℃-壽司手卷 | C67: 1 | D67: 長野稻荷壽司 | E67: 10 | F67: 1500 | G67: 150 | H67: =AVERAGE(G67:G81) -> 198.57143 | I67: =AVERAGE(P67,U67,Z67,AE67,AJ67,AO67,AT67) -> 10 | J67: =AVERAGE(Q67,V67,AA67,AF67,AK67,AP67,AU67) -> 1447.6327 | K67: =AVERAGE(R67,W67,AB67,AG67,AL67,AQ67,AV67) -> 144.76327 | L67: =IFERROR(AVERAGE(K67:K81),"-") -> 204.75044 | M67: =RANK(K67, K$67:$K$81) -> 5 | P67: 10 | Q67: 1452 | R67: 145.2 | S67: =RANK(R67, R$67:R$81) -> 6 | T67: =AVERAGE(R67:R81) -> 209.25406 | U67: 10 | V67: 1474.2857 | W67: 147.42857 | X67: =RANK(W67, W$67:W$81) -> 5 | Y67: =AVERAGE(W67:W81) -> 202.86702 | Z67: 10 | AA67: 1436.5714 | AB67: 143.65714 | AC67: =RANK(AB67, AB$67:AB$81) -> 5 | AD67: =AVERAGE(AB67:AB81) -> 208.14464 | AE67: 10 | AF67: 1384 | AG67: 138.4 | AH67: =RANK(AG67, AG$67:AG$81) -> 6 | AI67: =AVERAGE(AG67:AG81) -> 201.83151 | AJ67: 10 | AK67: 1414 | AL67: 141.4 | AM67: =RANK(AL67, AL$67:AL$81) -> 5 | AN67: =AVERAGE(AL67:AL81) -> 196.10119 | AO67: 10 | AP67: 1546.2857 | AQ67: 154.62857 | AR67: =RANK(AQ67, AQ$67:AQ$81) -> 4 | AS67: =AVERAGE(AQ67:AQ81) -> 206.21649 | AT67: 10 | AU67: 1426.2857 | AV67: 142.62857 | AW67: =RANK(AV67, AV$67:AV$81) -> 6 | AX67: =AVERAGE(AV67:AV81) -> 208.83817
C68: 2 | D68: 雙饗雙手卷 | E68: 15 | F68: 1800 | G68: 120 | I68: =AVERAGE(P68,U68,Z68,AE68,AJ68,AO68,AT68) -> 12 | J68: =AVERAGE(Q68,V68,AA68,AF68,AK68,AP68,AU68) -> 1788.2143 | K68: =AVERAGE(R68,W68,AB68,AG68,AL68,AQ68,AV68) -> 149.01786 | M68: =RANK(K68, K$67:$K$81) -> 4 | P68: 12 | Q68: 1786.8 | R68: 148.9 | S68: =RANK(R68, R$67:R$81) -> 4 | U68: 12 | V68: 1794 | W68: 149.5 | X68: =RANK(W68, W$67:W$81) -> 4 | Z68: 12 | AA68: 1714.8 | AB68: 142.9 | AC68: =RANK(AB68, AB$67:AB$81) -> 6 | AE68: 12 | AF68: 1779 | AG68: 148.25 | AH68: =RANK(AG68, AG$67:AG$81) -> 4 | AJ68: 12 | AK68: 1798.5 | AL68: 149.875 | AM68: =RANK(AL68, AL$67:AL$81) -> 4 | AO68: 12 | AP68: 1854 | AQ68: 154.5 | AR68: =RANK(AQ68, AQ$67:AQ$81) -> 5 | AT68: 12 | AU68: 1790.4 | AV68: 149.2 | AW68: =RANK(AV68, AV$67:AV$81) -> 4
C69: 3 | D69: 海饌雙手卷 | E69: 15 | F69: 1800 | G69: 120 | I69: =AVERAGE(P69,U69,Z69,AE69,AJ69,AO69,AT69) -> 12 | J69: =AVERAGE(Q69,V69,AA69,AF69,AK69,AP69,AU69) -> 1734.226 | K69: =AVERAGE(R69,W69,AB69,AG69,AL69,AQ69,AV69) -> 144.51883 | M69: =RANK(K69, K$67:$K$81) -> 6 | P69: 12 | Q69: 1770 | R69: 147.5 | S69: =RANK(R69, R$67:R$81) -> 5 | U69: 12 | V69: 1670.1818 | W69: 139.18182 | X69: =RANK(W69, W$67:W$81) -> 6 | Z69: 12 | AA69: 1702.8 | AB69: 141.9 | AC69: =RANK(AB69, AB$67:AB$81) -> 7 | AE69: 12 | AF69: 1719 | AG69: 143.25 | AH69: =RANK(AG69, AG$67:AG$81) -> 5 | AJ69: 12 | AK69: 1668 | AL69: 139 | AM69: =RANK(AL69, AL$67:AL$81) -> 6 | AO69: 12 | AP69: 1848 | AQ69: 154 | AR69: =RANK(AQ69, AQ$67:AQ$81) -> 6 | AT69: 12 | AU69: 1761.6 | AV69: 146.8 | AW69: =RANK(AV69, AV$67:AV$81) -> 5
C70: 4 | D70: 芝麻海苔香鬆細卷 | E70: 6 | F70: 1500 | G70: 250 | I70: =AVERAGE(P70,U70,Z70,AE70,AJ70,AO70,AT70) -> 5 | J70: =AVERAGE(Q70,V70,AA70,AF70,AK70,AP70,AU70) -> 1453.1666 | K70: =AVERAGE(R70,W70,AB70,AG70,AL70,AQ70,AV70) -> 290.63331 | M70: =RANK(K70, K$67:$K$81) -> 3 | P70: 5 | Q70: 1480.9091 | R70: 296.18182 | S70: =RANK(R70, R$67:R$81) -> 3 | U70: 5 | V70: 1451.4286 | W70: 290.28571 | X70: =RANK(W70, W$67:W$81) -> 3 | Z70: 5 | AA70: 1437.1429 | AB70: 287.42857 | AC70: =RANK(AB70, AB$67:AB$81) -> 3 | AE70: 5 | AF70: 1421.25 | AG70: 284.25 | AH70: =RANK(AG70, AG$67:AG$81) -> 3 | AJ70: 5 | AK70: 1440 | AL70: 288 | AM70: =RANK(AL70, AL$67:AL$81) -> 3 | AO70: 5 | AP70: 1450.9091 | AQ70: 290.18182 | AR70: =RANK(AQ70, AQ$67:AQ$81) -> 3 | AT70: 5 | AU70: 1490.5263 | AV70: 298.10526 | AW70: =RANK(AV70, AV$67:AV$81) -> 3
C71: 5 | D71: 鮪魚沙拉細卷 | E71: 5 | F71: 1500 | G71: 300 | I71: =AVERAGE(P71,U71,Z71,AE71,AJ71,AO71,AT71) -> 5 | J71: =AVERAGE(Q71,V71,AA71,AF71,AK71,AP71,AU71) -> 1482.9717 | K71: =AVERAGE(R71,W71,AB71,AG71,AL71,AQ71,AV71) -> 296.59434 | M71: =RANK(K71, K$67:$K$81) -> 2 | P71: 5 | Q71: 1488.3871 | R71: 297.67742 | S71: =RANK(R71, R$67:R$81) -> 2 | U71: 5 | V71: 1467.0968 | W71: 293.41935 | X71: =RANK(W71, W$67:W$81) -> 2 | Z71: 5 | AA71: 1494 | AB71: 298.8 | AC71: =RANK(AB71, AB$67:AB$81) -> 1 | AE71: 5 | AF71: 1480 | AG71: 296 | AH71: =RANK(AG71, AG$67:AG$81) -> 2 | AJ71: 5 | AK71: 1447.5 | AL71: 289.5 | AM71: =RANK(AL71, AL$67:AL$81) -> 2 | AO71: 5 | AP71: 1501.8182 | AQ71: 300.36364 | AR71: =RANK(AQ71, AQ$67:AQ$81) -> 1 | AT71: 5 | AU71: 1502 | AV71: 300.4 | AW71: =RANK(AV71, AV$67:AV$81) -> 2
C72: 6 | D72: 香濃起司蟹風味棒細卷 | E72: 5 | F72: 1500 | G72: 300 | I72: =AVERAGE(P72,U72,Z72,AE72,AJ72,AO72,AT72) -> 5 | J72: =AVERAGE(Q72,V72,AA72,AF72,AK72,AP72,AU72) -> 1504.913 | K72: =AVERAGE(R72,W72,AB72,AG72,AL72,AQ72,AV72) -> 300.9826 | M72: =RANK(K72, K$67:$K$81) -> 1 | P72: 5 | Q72: 1496.5957 | R72: 299.31915 | S72: =RANK(R72, R$67:R$81) -> 1 | U72: 5 | V72: 1499.2683 | W72: 299.85366 | X72: =RANK(W72, W$67:W$81) -> 1 | Z72: 5 | AA72: 1485.6338 | AB72: 297.12676 | AC72: =RANK(AB72, AB$67:AB$81) -> 2 | AE72: 5 | AF72: 1542.3529 | AG72: 308.47059 | AH72: =RANK(AG72, AG$67:AG$81) -> 1 | AJ72: 5 | AK72: 1498.6667 | AL72: 299.73333 | AM72: =RANK(AL72, AL$67:AL$81) -> 1 | AO72: 5 | AP72: 1491.2069 | AQ72: 298.24138 | AR72: =RANK(AQ72, AQ$67:AQ$81) -> 2 | AT72: 5 | AU72: 1520.6667 | AV72: 304.13333 | AW72: =RANK(AV72, AV$67:AV$81) -> 1
C73: 7 | D73: 新之助の豆皮壽司喔 | E73: 10 | F73: 1500 | G73: 150 | I73: =AVERAGE(P73,U73,Z73,AE73,AJ73,AO73,AT73) -> 10 | J73: =AVERAGE(Q73,V73,AA73,AF73,AK73,AP73,AU73) -> 1067.4286 | K73: =AVERAGE(R73,W73,AB73,AG73,AL73,AQ73,AV73) -> 106.74286 | M73: =RANK(K73, K$67:$K$81) -> 7 | P73: 10 | Q73: 1300 | R73: 130 | S73: =RANK(R73, R$67:R$81) -> 7 | U73: 10 | V73: 1004 | W73: 100.4 | X73: =RANK(W73, W$67:W$81) -> 7 | Z73: 10 | AA73: 1452 | AB73: 145.2 | AC73: =RANK(AB73, AB$67:AB$81) -> 4 | AE73: 10 | AF73: 942 | AG73: 94.2 | AH73: =RANK(AG73, AG$67:AG$81) -> 7 | AJ73: 10 | AK73: 652 | AL73: 65.2 | AM73: =RANK(AL73, AL$67:AL$81) -> 7 | AO73: 10 | AP73: 916 | AQ73: 91.6 | AR73: =RANK(AQ73, AQ$67:AQ$81) -> 7 | AT73: 10 | AU73: 1206 | AV73: 120.6 | AW73: =RANK(AV73, AV$67:AV$81) -> 7
C74: 8 | M74: =RANK(K74, K$67:$K$81) -> #N/A | S74: =RANK(R74, R$67:R$81) -> #N/A | X74: =RANK(W74, W$67:W$81) -> #N/A | AC74: =RANK(AB74, AB$67:AB$81) -> #N/A | AH74: =RANK(AG74, AG$67:AG$81) -> #N/A | AM74: =RANK(AL74, AL$67:AL$81) -> #N/A | AR74: =RANK(AQ74, AQ$67:AQ$81) -> #N/A | AW74: =RANK(AV74, AV$67:AV$81) -> #N/A
C75: 9 | M75: =RANK(K75, K$67:$K$81) -> #N/A | S75: =RANK(R75, R$67:R$81) -> #N/A | X75: =RANK(W75, W$67:W$81) -> #N/A | AC75: =RANK(AB75, AB$67:AB$81) -> #N/A | AH75: =RANK(AG75, AG$67:AG$81) -> #N/A | AM75: =RANK(AL75, AL$67:AL$81) -> #N/A | AR75: =RANK(AQ75, AQ$67:AQ$81) -> #N/A | AW75: =RANK(AV75, AV$67:AV$81) -> #N/A
C76: 10 | M76: =RANK(K76, K$67:$K$81) -> #N/A | S76: =RANK(R76, R$67:R$81) -> #N/A | X76: =RANK(W76, W$67:W$81) -> #N/A | AC76: =RANK(AB76, AB$67:AB$81) -> #N/A | AH76: =RANK(AG76, AG$67:AG$81) -> #N/A | AM76: =RANK(AL76, AL$67:AL$81) -> #N/A | AR76: =RANK(AQ76, AQ$67:AQ$81) -> #N/A | AW76: =RANK(AV76, AV$67:AV$81) -> #N/A
C77: 11 | M77: =RANK(K77, K$67:$K$81) -> #N/A | S77: =RANK(R77, R$67:R$81) -> #N/A | X77: =RANK(W77, W$67:W$81) -> #N/A | AC77: =RANK(AB77, AB$67:AB$81) -> #N/A | AH77: =RANK(AG77, AG$67:AG$81) -> #N/A | AM77: =RANK(AL77, AL$67:AL$81) -> #N/A | AR77: =RANK(AQ77, AQ$67:AQ$81) -> #N/A | AW77: =RANK(AV77, AV$67:AV$81) -> #N/A
C78: 12 | M78: =RANK(K78, K$67:$K$81) -> #N/A | S78: =RANK(R78, R$67:R$81) -> #N/A | X78: =RANK(W78, W$67:W$81) -> #N/A | AC78: =RANK(AB78, AB$67:AB$81) -> #N/A | AH78: =RANK(AG78, AG$67:AG$81) -> #N/A | AM78: =RANK(AL78, AL$67:AL$81) -> #N/A | AR78: =RANK(AQ78, AQ$67:AQ$81) -> #N/A | AW78: =RANK(AV78, AV$67:AV$81) -> #N/A
C79: 13 | M79: =RANK(K79, K$67:$K$81) -> #N/A | S79: =RANK(R79, R$67:R$81) -> #N/A | X79: =RANK(W79, W$67:W$81) -> #N/A | AC79: =RANK(AB79, AB$67:AB$81) -> #N/A | AH79: =RANK(AG79, AG$67:AG$81) -> #N/A | AM79: =RANK(AL79, AL$67:AL$81) -> #N/A | AR79: =RANK(AQ79, AQ$67:AQ$81) -> #N/A | AW79: =RANK(AV79, AV$67:AV$81) -> #N/A
C80: 14 | M80: =RANK(K80, K$67:$K$81) -> #N/A | S80: =RANK(R80, R$67:R$81) -> #N/A | X80: =RANK(W80, W$67:W$81) -> #N/A | AC80: =RANK(AB80, AB$67:AB$81) -> #N/A | AH80: =RANK(AG80, AG$67:AG$81) -> #N/A | AM80: =RANK(AL80, AL$67:AL$81) -> #N/A | AR80: =RANK(AQ80, AQ$67:AQ$81) -> #N/A | AW80: =RANK(AV80, AV$67:AV$81) -> #N/A
C81: 15 | M81: =RANK(K81, K$67:$K$81) -> #N/A | S81: =RANK(R81, R$67:R$81) -> #N/A | X81: =RANK(W81, W$67:W$81) -> #N/A | AC81: =RANK(AB81, AB$67:AB$81) -> #N/A | AH81: =RANK(AG81, AG$67:AG$81) -> #N/A | AM81: =RANK(AL81, AL$67:AL$81) -> #N/A | AR81: =RANK(AQ81, AQ$67:AQ$81) -> #N/A | AW81: =RANK(AV81, AV$67:AV$81) -> #N/A
B82: 產線配置圖－每週更新 | N82: 資料繳交 | O82: 日期 | P82: =P62+7 -> 45923 | U82: =P82+1 -> 45924 | Z82: =U82+1 -> 45925 | AE82: =Z82+1 -> 45926 | AJ82: =AE82+1 -> 45927 | AO82: =AJ82+1 -> 45928 | AT82: =AO82+1 -> 45929
P83: 二 | U83: 三 | Z83: 四 | AE83: 五 | AJ83: 六 | AO83: 日 | AT83: 一
B84: 品群 | C84: 商品名稱 | E84: 計畫 | H84: 平均人時性 | I84: 實績 | L84: 平均人時性 | M84: 排名 | O84: 日報 | P84: 實際 | T84: 平均人時性 | U84: 實際 | Y84: 平均人時性 | Z84: 實際 | AD84: 平均人時性 | AE84: 實際 | AI84: 平均人時性 | AJ84: 實際 | AN84: 平均人時性 | AO84: 實際 | AS84: 平均人時性 | AT84: 實際 | AX84: 平均人時性
E85: 產線配置圖 | I85: 產線配置圖 | P85: 生產實績 | U85: 生產實績 | Z85: 生產實績 | AE85: 生產實績 | AJ85: 生產實績 | AO85: 生產實績 | AT85: 生產實績
E86: 人數 | F86: 產能／時 | G86: 人時性 | I86: 人數 | J86: 產能／時 | K86: 人時性 | P86: 人數 | Q86: 產能／時 | R86: 人時性 | S86: 排名 | U86: 人數 | V86: 產能／時 | W86: 人時性 | X86: 排名 | Z86: 人數 | AA86: 產能／時 | AB86: 人時性 | AC86: 排名 | AE86: 人數 | AF86: 產能／時 | AG86: 人時性 | AH86: 排名 | AJ86: 人數 | AK86: 產能／時 | AL86: 人時性 | AM86: 排名 | AO86: 人數 | AP86: 產能／時 | AQ86: 人時性 | AR86: 排名 | AT86: 人數 | AU86: 產能／時 | AV86: 人時性 | AW86: 排名
B87: 18℃-壽司手卷 | C87: 1 | D87: 長野稻荷壽司 | E87: 10 | F87: 1500 | G87: 150 | H87: =AVERAGE(G87:G101) -> 198.57143 | I87: =AVERAGE(P87,U87,Z87,AE87,AJ87,AO87,AT87) -> 10 | J87: =AVERAGE(Q87,V87,AA87,AF87,AK87,AP87,AU87) -> 1620.6245 | K87: =AVERAGE(R87,W87,AB87,AG87,AL87,AQ87,AV87) -> 162.06245 | L87: =IFERROR(AVERAGE(K87:K101),"-") -> 203.55812 | M87: =RANK(K87, K$87:$K$101) -> 4 | P87: 10 | Q87: 2523 | R87: 252.3 | S87: =RANK(R87, R$87:R$101) -> 4 | T87: =AVERAGE(R87:R101) -> 222.56419 | U87: 10 | V87: 1407.4286 | W87: 140.74286 | X87: =RANK(W87, W$87:W$101) -> 6 | Y87: =AVERAGE(W87:W101) -> 201.97547 | Z87: 10 | AA87: 1596 | AB87: 159.6 | AC87: =RANK(AB87, AB$87:AB$101) -> 4 | AD87: =AVERAGE(AB87:AB101) -> 214.10316 | AE87: 10 | AF87: 1485.6 | AG87: 148.56 | AH87: =RANK(AG87, AG$87:AG$101) -> 5 | AI87: =AVERAGE(AG87:AG101) -> 194.81172 | AJ87: 10 | AK87: 1500 | AL87: 150 | AM87: =RANK(AL87, AL$87:AL$101) -> 5 | AN87: =AVERAGE(AL87:AL101) -> 195.75348 | AO87: 10 | AP87: 1435.2 | AQ87: 143.52 | AR87: =RANK(AQ87, AQ$87:AQ$101) -> 6 | AS87: =AVERAGE(AQ87:AQ101) -> 193.95075 | AT87: 10 | AU87: 1397.1429 | AV87: 139.71429 | AW87: =RANK(AV87, AV$87:AV$101) -> 6 | AX87: =AVERAGE(AV87:AV101) -> 201.74807
C88: 2 | D88: 雙饗雙手卷 | E88: 15 | F88: 1800 | G88: 120 | I88: =AVERAGE(P88,U88,Z88,AE88,AJ88,AO88,AT88) -> 12 | J88: =AVERAGE(Q88,V88,AA88,AF88,AK88,AP88,AU88) -> 1748.281 | K88: =AVERAGE(R88,W88,AB88,AG88,AL88,AQ88,AV88) -> 145.69008 | M88: =RANK(K88, K$87:$K$101) -> 6 | P88: 12 | Q88: 1708.8 | R88: 142.4 | S88: =RANK(R88, R$87:R$101) -> 6 | U88: 12 | V88: 1722 | W88: 143.5 | X88: =RANK(W88, W$87:W$101) -> 5 | Z88: 12 | AA88: 1754.6667 | AB88: 146.22222 | AC88: =RANK(AB88, AB$87:AB$101) -> 5 | AE88: 12 | AF88: 1685.3333 | AG88: 140.44444 | AH88: =RANK(AG88, AG$87:AG$101) -> 6 | AJ88: 12 | AK88: 1678.6667 | AL88: 139.88889 | AM88: =RANK(AL88, AL$87:AL$101) -> 6 | AO88: 12 | AP88: 1882.5 | AQ88: 156.875 | AR88: =RANK(AQ88, AQ$87:AQ$101) -> 4 | AT88: 12 | AU88: 1806 | AV88: 150.5 | AW88: =RANK(AV88, AV$87:AV$101) -> 5
C89: 3 | D89: 海饌雙手卷 | E89: 15 | F89: 1800 | G89: 120 | I89: =AVERAGE(P89,U89,Z89,AE89,AJ89,AO89,AT89) -> 12 | J89: =AVERAGE(Q89,V89,AA89,AF89,AK89,AP89,AU89) -> 1819.819 | K89: =AVERAGE(R89,W89,AB89,AG89,AL89,AQ89,AV89) -> 151.65159 | M89: =RANK(K89, K$87:$K$101) -> 5 | P89: 12 | Q89: 1724.4 | R89: 143.7 | S89: =RANK(R89, R$87:R$101) -> 5 | U89: 12 | V89: 1885.3333 | W89: 157.11111 | X89: =RANK(W89, W$87:W$101) -> 4 | Z89: 12 | AA89: 1749.3333 | AB89: 145.77778 | AC89: =RANK(AB89, AB$87:AB$101) -> 6 | AE89: 12 | AF89: 1833 | AG89: 152.75 | AH89: =RANK(AG89, AG$87:AG$101) -> 4 | AJ89: 12 | AK89: 1830 | AL89: 152.5 | AM89: =RANK(AL89, AL$87:AL$101) -> 4 | AO89: 12 | AP89: 1782 | AQ89: 148.5 | AR89: =RANK(AQ89, AQ$87:AQ$101) -> 5 | AT89: 12 | AU89: 1934.6667 | AV89: 161.22222 | AW89: =RANK(AV89, AV$87:AV$101) -> 4
C90: 4 | D90: 芝麻海苔香鬆細卷 | E90: 6 | F90: 1500 | G90: 250 | I90: =AVERAGE(P90,U90,Z90,AE90,AJ90,AO90,AT90) -> 5 | J90: =AVERAGE(Q90,V90,AA90,AF90,AK90,AP90,AU90) -> 1450.5392 | K90: =AVERAGE(R90,W90,AB90,AG90,AL90,AQ90,AV90) -> 290.10785 | M90: =RANK(K90, K$87:$K$101) -> 3 | P90: 5 | Q90: 1500 | R90: 300 | S90: =RANK(R90, R$87:R$101) -> 1 | U90: 5 | V90: 1433.6842 | W90: 286.73684 | X90: =RANK(W90, W$87:W$101) -> 3 | Z90: 5 | AA90: 1464.7059 | AB90: 292.94118 | AC90: =RANK(AB90, AB$87:AB$101) -> 3 | AE90: 5 | AF90: 1458.4615 | AG90: 291.69231 | AH90: =RANK(AG90, AG$87:AG$101) -> 2 | AJ90: 5 | AK90: 1416.9231 | AL90: 283.38462 | AM90: =RANK(AL90, AL$87:AL$101) -> 3 | AO90: 5 | AP90: 1440 | AQ90: 288 | AR90: =RANK(AQ90, AQ$87:AQ$101) -> 3 | AT90: 5 | AU90: 1440 | AV90: 288 | AW90: =RANK(AV90, AV$87:AV$101) -> 3
C91: 5 | D91: 鮪魚沙拉細卷 | E91: 5 | F91: 1500 | G91: 300 | I91: =AVERAGE(P91,U91,Z91,AE91,AJ91,AO91,AT91) -> 5 | J91: =AVERAGE(Q91,V91,AA91,AF91,AK91,AP91,AU91) -> 1466.7716 | K91: =AVERAGE(R91,W91,AB91,AG91,AL91,AQ91,AV91) -> 293.35431 | M91: =RANK(K91, K$87:$K$101) -> 2 | P91: 5 | Q91: 1469.0323 | R91: 293.80645 | S91: =RANK(R91, R$87:R$101) -> 3 | U91: 5 | V91: 1463.2258 | W91: 292.64516 | X91: =RANK(W91, W$87:W$101) -> 2 | Z91: 5 | AA91: 1478.5714 | AB91: 295.71429 | AC91: =RANK(AB91, AB$87:AB$101) -> 2 | AE91: 5 | AF91: 1450 | AG91: 290 | AH91: =RANK(AG91, AG$87:AG$101) -> 3 | AJ91: 5 | AK91: 1482.8571 | AL91: 296.57143 | AM91: =RANK(AL91, AL$87:AL$101) -> 2 | AO91: 5 | AP91: 1445.7143 | AQ91: 289.14286 | AR91: =RANK(AQ91, AQ$87:AQ$101) -> 2 | AT91: 5 | AU91: 1478 | AV91: 295.6 | AW91: =RANK(AV91, AV$87:AV$101) -> 2
C92: 6 | D92: 香濃起司蟹風味棒細卷 | E92: 5 | F92: 1500 | G92: 300 | I92: =AVERAGE(P92,U92,Z92,AE92,AJ92,AO92,AT92) -> 5 | J92: =AVERAGE(Q92,V92,AA92,AF92,AK92,AP92,AU92) -> 1521.6314 | K92: =AVERAGE(R92,W92,AB92,AG92,AL92,AQ92,AV92) -> 304.32628 | M92: =RANK(K92, K$87:$K$101) -> 1 | P92: 5 | Q92: 1489.7143 | R92: 297.94286 | S92: =RANK(R92, R$87:R$101) -> 2 | U92: 5 | V92: 1503.4615 | W92: 300.69231 | X92: =RANK(W92, W$87:W$101) -> 1 | Z92: 5 | AA92: 1567.3333 | AB92: 313.46667 | AC92: =RANK(AB92, AB$87:AB$101) -> 1 | AE92: 5 | AF92: 1521.1765 | AG92: 304.23529 | AH92: =RANK(AG92, AG$87:AG$101) -> 1 | AJ92: 5 | AK92: 1529.6471 | AL92: 305.92941 | AM92: =RANK(AL92, AL$87:AL$101) -> 1 | AO92: 5 | AP92: 1496.087 | AQ92: 299.21739 | AR92: =RANK(AQ92, AQ$87:AQ$101) -> 1 | AT92: 5 | AU92: 1544 | AV92: 308.8 | AW92: =RANK(AV92, AV$87:AV$101) -> 1
C93: 7 | D93: 新之助の豆皮壽司喔 | E93: 10 | F93: 1500 | G93: 150 | I93: =AVERAGE(P93,U93,Z93,AE93,AJ93,AO93,AT93) -> 10 | J93: =AVERAGE(Q93,V93,AA93,AF93,AK93,AP93,AU93) -> 777.14286 | K93: =AVERAGE(R93,W93,AB93,AG93,AL93,AQ93,AV93) -> 77.714286 | M93: =RANK(K93, K$87:$K$101) -> 7 | P93: 10 | Q93: 1278 | R93: 127.8 | S93: =RANK(R93, R$87:R$101) -> 7 | U93: 10 | V93: 924 | W93: 92.4 | X93: =RANK(W93, W$87:W$101) -> 7 | Z93: 10 | AA93: 1450 | AB93: 145 | AC93: =RANK(AB93, AB$87:AB$101) -> 7 | AE93: 10 | AF93: 360 | AG93: 36 | AH93: =RANK(AG93, AG$87:AG$101) -> 7 | AJ93: 10 | AK93: 420 | AL93: 42 | AM93: =RANK(AL93, AL$87:AL$101) -> 7 | AO93: 10 | AP93: 324 | AQ93: 32.4 | AR93: =RANK(AQ93, AQ$87:AQ$101) -> 7 | AT93: 10 | AU93: 684 | AV93: 68.4 | AW93: =RANK(AV93, AV$87:AV$101) -> 7
C94: 8 | M94: =RANK(K94, K$87:$K$101) -> #N/A | S94: =RANK(R94, R$87:R$101) -> #N/A | X94: =RANK(W94, W$87:W$101) -> #N/A | AC94: =RANK(AB94, AB$87:AB$101) -> #N/A | AH94: =RANK(AG94, AG$87:AG$101) -> #N/A | AM94: =RANK(AL94, AL$87:AL$101) -> #N/A | AR94: =RANK(AQ94, AQ$87:AQ$101) -> #N/A | AW94: =RANK(AV94, AV$87:AV$101) -> #N/A
C95: 9 | M95: =RANK(K95, K$87:$K$101) -> #N/A | S95: =RANK(R95, R$87:R$101) -> #N/A | X95: =RANK(W95, W$87:W$101) -> #N/A | AC95: =RANK(AB95, AB$87:AB$101) -> #N/A | AH95: =RANK(AG95, AG$87:AG$101) -> #N/A | AM95: =RANK(AL95, AL$87:AL$101) -> #N/A | AR95: =RANK(AQ95, AQ$87:AQ$101) -> #N/A | AW95: =RANK(AV95, AV$87:AV$101) -> #N/A
C96: 10 | M96: =RANK(K96, K$87:$K$101) -> #N/A | S96: =RANK(R96, R$87:R$101) -> #N/A | X96: =RANK(W96, W$87:W$101) -> #N/A | AC96: =RANK(AB96, AB$87:AB$101) -> #N/A | AH96: =RANK(AG96, AG$87:AG$101) -> #N/A | AM96: =RANK(AL96, AL$87:AL$101) -> #N/A | AR96: =RANK(AQ96, AQ$87:AQ$101) -> #N/A | AW96: =RANK(AV96, AV$87:AV$101) -> #N/A
C97: 11 | M97: =RANK(K97, K$87:$K$101) -> #N/A | S97: =RANK(R97, R$87:R$101) -> #N/A | X97: =RANK(W97, W$87:W$101) -> #N/A | AC97: =RANK(AB97, AB$87:AB$101) -> #N/A | AH97: =RANK(AG97, AG$87:AG$101) -> #N/A | AM97: =RANK(AL97, AL$87:AL$101) -> #N/A | AR97: =RANK(AQ97, AQ$87:AQ$101) -> #N/A | AW97: =RANK(AV97, AV$87:AV$101) -> #N/A
C98: 12 | M98: =RANK(K98, K$87:$K$101) -> #N/A | S98: =RANK(R98, R$87:R$101) -> #N/A | X98: =RANK(W98, W$87:W$101) -> #N/A | AC98: =RANK(AB98, AB$87:AB$101) -> #N/A | AH98: =RANK(AG98, AG$87:AG$101) -> #N/A | AM98: =RANK(AL98, AL$87:AL$101) -> #N/A | AR98: =RANK(AQ98, AQ$87:AQ$101) -> #N/A | AW98: =RANK(AV98, AV$87:AV$101) -> #N/A
C99: 13 | M99: =RANK(K99, K$87:$K$101) -> #N/A | S99: =RANK(R99, R$87:R$101) -> #N/A | X99: =RANK(W99, W$87:W$101) -> #N/A | AC99: =RANK(AB99, AB$87:AB$101) -> #N/A | AH99: =RANK(AG99, AG$87:AG$101) -> #N/A | AM99: =RANK(AL99, AL$87:AL$101) -> #N/A | AR99: =RANK(AQ99, AQ$87:AQ$101) -> #N/A | AW99: =RANK(AV99, AV$87:AV$101) -> #N/A
C100: 14 | M100: =RANK(K100, K$87:$K$101) -> #N/A | S100: =RANK(R100, R$87:R$101) -> #N/A | X100: =RANK(W100, W$87:W$101) -> #N/A | AC100: =RANK(AB100, AB$87:AB$101) -> #N/A | AH100: =RANK(AG100, AG$87:AG$101) -> #N/A | AM100: =RANK(AL100, AL$87:AL$101) -> #N/A | AR100: =RANK(AQ100, AQ$87:AQ$101) -> #N/A | AW100: =RANK(AV100, AV$87:AV$101) -> #N/A
...

Sheet （５-3）品群別人時生產性（4℃-飯糰)
B1: 月平均人時性 | C1: =AVERAGE(L7,L27,L47,L67,L87,L107) -> 252.79277
B2: 產線配置圖－每週更新 | N2: 資料繳交 | O2: 日期 | AT2: 45901
AT3: 一
B4: 品群 | C4: 商品名稱 | E4: 計畫 | H4: 平均人時性 | I4: 實績 | L4: 平均人時性 | M4: 排名 | O4: 日報 | AT4: 實際 | AX4: 平均人時性
E5: 產線配置圖 | I5: 產線配置圖 | AT5: 生產實績
E6: 人數 | F6: 產能／時 | G6: 人時性 | I6: 人數 | J6: 產能／時 | K6: 人時性 | AT6: 人數 | AU6: 產能／時 | AV6: 人時性 | AW6: 排名
B7: 4℃-飯糰 | C7: 1 | D7: 鮭魚炙燒明太子烤飯糰 | E7: 4 | F7: 2000 | G7: 500 | H7: =AVERAGE(G7:G21) -> 283.64899 | I7: =AVERAGE(P7,U7,Z7,AE7,AJ7,AO7,AT7) -> 4 | J7: =AVERAGE(Q7,V7,AA7,AF7,AK7,AP7,AU7) -> 1884.7059 | K7: =AVERAGE(R7,W7,AB7,AG7,AL7,AQ7,AV7) -> 471.17647 | L7: =IFERROR(AVERAGE(K7:K21),"-") -> 250.20087 | M7: =RANK(K7, K$7:$K$21) -> 1 | AT7: 4 | AU7: 1884.7059 | AV7: 471.17647 | AW7: =RANK(AV7, AV$7:AV$21) -> 1 | AX7: =AVERAGE(AV7:AV21) -> 250.20087
C8: 2 | D8: 淡麗清酒蒸蛤蜊烤飯糰 | E8: 4 | F8: 2000 | G8: 500 | I8: =AVERAGE(P8,U8,Z8,AE8,AJ8,AO8,AT8) -> 4 | J8: =AVERAGE(Q8,V8,AA8,AF8,AK8,AP8,AU8) -> 1853.6842 | K8: =AVERAGE(R8,W8,AB8,AG8,AL8,AQ8,AV8) -> 463.42105 | M8: =RANK(K8, K$7:$K$21) -> 2 | AT8: 4 | AU8: 1853.6842 | AV8: 463.42105 | AW8: =RANK(AV8, AV$7:AV$21) -> 2
C9: 3 | D9: 糖燻野郎起司炙燒牛烤飯糰 | E9: 4 | F9: 2000 | G9: 500 | I9: =AVERAGE(P9,U9,Z9,AE9,AJ9,AO9,AT9) -> 5 | J9: =AVERAGE(Q9,V9,AA9,AF9,AK9,AP9,AU9) -> 2144.5161 | K9: =AVERAGE(R9,W9,AB9,AG9,AL9,AQ9,AV9) -> 428.90323 | M9: =RANK(K9, K$7:$K$21) -> 3 | AT9: 5 | AU9: 2144.5161 | AV9: 428.90323 | AW9: =RANK(AV9, AV$7:AV$21) -> 3
C10: 4 | D10: 大口金黃薯牛堡飯糰 | E10: 12 | F10: 2250 | G10: 187.5 | I10: =AVERAGE(P10,U10,Z10,AE10,AJ10,AO10,AT10) -> 12 | J10: =AVERAGE(Q10,V10,AA10,AF10,AK10,AP10,AU10) -> 1929.4286 | K10: =AVERAGE(R10,W10,AB10,AG10,AL10,AQ10,AV10) -> 160.78571 | M10: =RANK(K10, K$7:$K$21) -> 8 | AT10: 12 | AU10: 1929.4286 | AV10: 160.78571 | AW10: =RANK(AV10, AV$7:AV$21) -> 8
C11: 5 | D11: 大口日式塔塔醬蝦排飯糰 | E11: 12 | F11: 2250 | G11: 187.5 | I11: =AVERAGE(P11,U11,Z11,AE11,AJ11,AO11,AT11) -> 12 | J11: =AVERAGE(Q11,V11,AA11,AF11,AK11,AP11,AU11) -> 1938.24 | K11: =AVERAGE(R11,W11,AB11,AG11,AL11,AQ11,AV11) -> 161.52 | M11: =RANK(K11, K$7:$K$21) -> 7 | AT11: 12 | AU11: 1938.24 | AV11: 161.52 | AW11: =RANK(AV11, AV$7:AV$21) -> 7
C12: 6 | D12: 大口歐風焙煎咖哩漢堡排飯糰 | E12: 11 | F12: 2250 | G12: 204.54545 | I12: =AVERAGE(P12,U12,Z12,AE12,AJ12,AO12,AT12) -> 11 | J12: =AVERAGE(Q12,V12,AA12,AF12,AK12,AP12,AU12) -> 1948.2051 | K12: =AVERAGE(R12,W12,AB12,AG12,AL12,AQ12,AV12) -> 177.10956 | M12: =RANK(K12, K$7:$K$21) -> 6 | AT12: 11 | AU12: 1948.2051 | AV12: 177.10956 | AW12: =RANK(AV12, AV$7:AV$21) -> 6
C13: 7 | D13: 大口蒜味香腸燒肉雙拼飯糰 | E13: 12 | F13: 2250 | G13: 187.5 | I13: =AVERAGE(P13,U13,Z13,AE13,AJ13,AO13,AT13) -> 12 | J13: =AVERAGE(Q13,V13,AA13,AF13,AK13,AP13,AU13) -> 1642.3729 | K13: =AVERAGE(R13,W13,AB13,AG13,AL13,AQ13,AV13) -> 136.86441 | M13: =RANK(K13, K$7:$K$21) -> 9 | AT13: 12 | AU13: 1642.3729 | AV13: 136.86441 | AW13: =RANK(AV13, AV$7:AV$21) -> 9
C14: 8 | D14: 大口花椒香麻雞飯糰 | E14: 9 | F14: 2250 | G14: 250 | I14: =AVERAGE(P14,U14,Z14,AE14,AJ14,AO14,AT14) -> 9 | J14: =AVERAGE(Q14,V14,AA14,AF14,AK14,AP14,AU14) -> 1632 | K14: =AVERAGE(R14,W14,AB14,AG14,AL14,AQ14,AV14) -> 181.33333 | M14: =RANK(K14, K$7:$K$21) -> 5 | AT14: 9 | AU14: 1632 | AV14: 181.33333 | AW14: =RANK(AV14, AV$7:AV$21) -> 5
C15: 9 | D15: 大口義式香草雞腿排飯糰 | E15: 9 | F15: 2250 | G15: 250 | I15: =AVERAGE(P15,U15,Z15,AE15,AJ15,AO15,AT15) -> 9 | J15: =AVERAGE(Q15,V15,AA15,AF15,AK15,AP15,AU15) -> 2024.5161 | K15: =AVERAGE(R15,W15,AB15,AG15,AL15,AQ15,AV15) -> 224.94624 | M15: =RANK(K15, K$7:$K$21) -> 4 | AT15: 9 | AU15: 2024.5161 | AV15: 224.94624 | AW15: =RANK(AV15, AV$7:AV$21) -> 4
C16: 10 | D16: 麻油雞飯糰 | E16: 18 | F16: 1250 | G16: 69.444444 | I16: =AVERAGE(P16,U16,Z16,AE16,AJ16,AO16,AT16) -> 13 | J16: =AVERAGE(Q16,V16,AA16,AF16,AK16,AP16,AU16) -> 1247.3333 | K16: =AVERAGE(R16,W16,AB16,AG16,AL16,AQ16,AV16) -> 95.948718 | M16: =RANK(K16, K$7:$K$21) -> 10 | AT16: 13 | AU16: 1247.3333 | AV16: 95.948718 | AW16: =RANK(AV16, AV$7:AV$21) -> 10
C17: 11 | M17: =RANK(K17, K$7:$K$21) -> #N/A | AW17: =RANK(AV17, AV$7:AV$21) -> #N/A
C18: 12 | M18: =RANK(K18, K$7:$K$21) -> #N/A | AW18: =RANK(AV18, AV$7:AV$21) -> #N/A
C19: 13 | M19: =RANK(K19, K$7:$K$21) -> #N/A | AW19: =RANK(AV19, AV$7:AV$21) -> #N/A
C20: 14 | M20: =RANK(K20, K$7:$K$21) -> #N/A | AW20: =RANK(AV20, AV$7:AV$21) -> #N/A
C21: 15 | M21: =RANK(K21, K$7:$K$21) -> #N/A | AW21: =RANK(AV21, AV$7:AV$21) -> #N/A
B22: 產線配置圖－每週更新 | N22: 資料繳交 | O22: 日期 | P22: =AT2+1 -> 45902 | U22: =P22+1 -> 45903 | Z22: =U22+1 -> 45904 | AE22: =Z22+1 -> 45905 | AJ22: =AE22+1 -> 45906 | AO22: =AJ22+1 -> 45907 | AT22: =AO22+1 -> 45908
P23: 二 | U23: 三 | Z23: 四 | AE23: 五 | AJ23: 六 | AO23: 日 | AT23: 一
B24: 品群 | C24: 商品名稱 | E24: 計畫 | H24: 平均人時性 | I24: 實績 | L24: 平均人時性 | M24: 排名 | O24: 日報 | P24: 實際 | T24: 平均人時性 | U24: 實際 | Y24: 平均人時性 | Z24: 實際 | AD24: 平均人時性 | AE24: 實際 | AI24: 平均人時性 | AJ24: 實際 | AN24: 平均人時性 | AO24: 實際 | AS24: 平均人時性 | AT24: 實際 | AX24: 平均人時性
E25: 產線配置圖 | I25: 產線配置圖 | P25: 生產實績 | U25: 生產實績 | Z25: 生產實績 | AE25: 生產實績 | AJ25: 生產實績 | AO25: 生產實績 | AT25: 生產實績
E26: 人數 | F26: 產能／時 | G26: 人時性 | I26: 人數 | J26: 產能／時 | K26: 人時性 | P26: 人數 | Q26: 產能／時 | R26: 人時性 | S26: 排名 | U26: 人數 | V26: 產能／時 | W26: 人時性 | X26: 排名 | Z26: 人數 | AA26: 產能／時 | AB26: 人時性 | AC26: 排名 | AE26: 人數 | AF26: 產能／時 | AG26: 人時性 | AH26: 排名 | AJ26: 人數 | AK26: 產能／時 | AL26: 人時性 | AM26: 排名 | AO26: 人數 | AP26: 產能／時 | AQ26: 人時性 | AR26: 排名 | AT26: 人數 | AU26: 產能／時 | AV26: 人時性 | AW26: 排名
B27: 4℃-飯糰 | C27: 1 | D27: 鮭魚炙燒明太子烤飯糰 | E27: 4 | F27: 2000 | G27: 500 | H27: =AVERAGE(G27:G41) -> 283.64899 | I27: =AVERAGE(P27,U27,Z27,AE27,AJ27,AO27,AT27) -> 4.7142857 | J27: =AVERAGE(Q27,V27,AA27,AF27,AK27,AP27,AU27) -> 2123.0447 | K27: =AVERAGE(R27,W27,AB27,AG27,AL27,AQ27,AV27) -> 455.66934 | L27: =IFERROR(AVERAGE(K27:K41),"-") -> 259.1052 | M27: =RANK(K27, K$27:$K$41) -> 3 | P27: 5 | Q27: 2089.4118 | R27: 417.88235 | S27: =RANK(R27, R$27:R$41) -> 3 | T27: =AVERAGE(R27:R41) -> 246.92551 | U27: 5 | V27: 2107.0588 | W27: 421.41176 | X27: =RANK(W27, W$27:W$41) -> 3 | Y27: =AVERAGE(W27:W41) -> 250.46 | Z27: 5 | AA27: 2163.5294 | AB27: 432.70588 | AC27: =RANK(AB27, AB$27:AB$41) -> 1 | AD27: =AVERAGE(AB27:AB41) -> 251.06028 | AE27: 5 | AF27: 2095.7143 | AG27: 419.14286 | AH27: =RANK(AG27, AG$27:AG$41) -> 2 | AI27: =AVERAGE(AG27:AG41) -> 247.89015 | AJ27: 5 | AK27: 2057.1429 | AL27: 411.42857 | AM27: =RANK(AL27, AL$27:AL$41) -> 3 | AN27: =AVERAGE(AL27:AL41) -> 248.24703 | AO27: 4 | AP27: 2184.7059 | AQ27: 546.17647 | AR27: =RANK(AQ27, AQ$27:AQ$41) -> 1 | AS27: =AVERAGE(AQ27:AQ41) -> 285.29281 | AT27: 4 | AU27: 2163.75 | AV27: 540.9375 | AW27: =RANK(AV27, AV$27:AV$41) -> 2 | AX27: =AVERAGE(AV27:AV41) -> 283.86064
C28: 2 | D28: 淡麗清酒蒸蛤蜊烤飯糰 | E28: 4 | F28: 2000 | G28: 500 | I28: =AVERAGE(P28,U28,Z28,AE28,AJ28,AO28,AT28) -> 4.7142857 | J28: =AVERAGE(Q28,V28,AA28,AF28,AK28,AP28,AU28) -> 2135.3589 | K28: =AVERAGE(R28,W28,AB28,AG28,AL28,AQ28,AV28) -> 457.87851 | M28: =RANK(K28, K$27:$K$41) -> 2 | P28: 5 | Q28: 2090 | R28: 418 | S28: =RANK(R28, R$27:R$41) -> 2 | U28: 5 | V28: 2176 | W28: 435.2 | X28: =RANK(W28, W$27:W$41) -> 2 | Z28: 5 | AA28: 2160 | AB28: 432 | AC28: =RANK(AB28, AB$27:AB$41) -> 2 | AE28: 5 | AF28: 2091.4286 | AG28: 418.28571 | AH28: =RANK(AG28, AG$27:AG$41) -> 3 | AJ28: 5 | AK28: 2117.1429 | AL28: 423.42857 | AM28: =RANK(AL28, AL$27:AL$41) -> 2 | AO28: 4 | AP28: 2174.1176 | AQ28: 543.52941 | AR28: =RANK(AQ28, AQ$27:AQ$41) -> 2 | AT28: 4 | AU28: 2138.8235 | AV28: 534.70588 | AW28: =RANK(AV28, AV$27:AV$41) -> 3
C29: 3 | D29: 糖燻野郎起司炙燒牛烤飯糰 | E29: 4 | F29: 2000 | G29: 500 | I29: =AVERAGE(P29,U29,Z29,AE29,AJ29,AO29,AT29) -> 4.7142857 | J29: =AVERAGE(Q29,V29,AA29,AF29,AK29,AP29,AU29) -> 2159.7142 | K29: =AVERAGE(R29,W29,AB29,AG29,AL29,AQ29,AV29) -> 462.93774 | M29: =RANK(K29, K$27:$K$41) -> 1 | P29: 5 | Q29: 2118.4615 | R29: 423.69231 | S29: =RANK(R29, R$27:R$41) -> 1 | U29: 5 | V29: 2191.2 | W29: 438.24 | X29: =RANK(W29, W$27:W$41) -> 1 | Z29: 5 | AA29: 2138.4 | AB29: 427.68 | AC29: =RANK(AB29, AB$27:AB$41) -> 3 | AE29: 5 | AF29: 2175.6522 | AG29: 435.13043 | AH29: =RANK(AG29, AG$27:AG$41) -> 1 | AJ29: 5 | AK29: 2155 | AL29: 431 | AM29: =RANK(AL29, AL$27:AL$41) -> 1 | AO29: 4 | AP29: 2149.2857 | AQ29: 537.32143 | AR29: =RANK(AQ29, AQ$27:AQ$41) -> 3 | AT29: 4 | AU29: 2190 | AV29: 547.5 | AW29: =RANK(AV29, AV$27:AV$41) -> 1
C30: 4 | D30: 大口金黃薯牛堡飯糰 | E30: 12 | F30: 2250 | G30: 187.5 | I30: =AVERAGE(P30,U30,Z30,AE30,AJ30,AO30,AT30) -> 12 | J30: =AVERAGE(Q30,V30,AA30,AF30,AK30,AP30,AU30) -> 1966.799 | K30: =AVERAGE(R30,W30,AB30,AG30,AL30,AQ30,AV30) -> 163.89992 | M30: =RANK(K30, K$27:$K$41) -> 9 | P30: 12 | Q30: 1976.4706 | R30: 164.70588 | S30: =RANK(R30, R$27:R$41) -> 8 | U30: 12 | V30: 1966.5672 | W30: 163.8806 | X30: =RANK(W30, W$27:W$41) -> 9 | Z30: 12 | AA30: 1936.875 | AB30: 161.40625 | AC30: =RANK(AB30, AB$27:AB$41) -> 9 | AE30: 12 | AF30: 1963.9286 | AG30: 163.66071 | AH30: =RANK(AG30, AG$27:AG$41) -> 8 | AJ30: 12 | AK30: 1997.8947 | AL30: 166.49123 | AM30: =RANK(AL30, AL$27:AL$41) -> 8 | AO30: 12 | AP30: 1934.026 | AQ30: 161.16883 | AR30: =RANK(AQ30, AQ$27:AQ$41) -> 9 | AT30: 12 | AU30: 1991.831 | AV30: 165.98592 | AW30: =RANK(AV30, AV$27:AV$41) -> 8
C31: 5 | D31: 大口日式塔塔醬蝦排飯糰 | E31: 12 | F31: 2250 | G31: 187.5 | I31: =AVERAGE(P31,U31,Z31,AE31,AJ31,AO31,AT31) -> 11.857143 | J31: =AVERAGE(Q31,V31,AA31,AF31,AK31,AP31,AU31) -> 2049.5839 | K31: =AVERAGE(R31,W31,AB31,AG31,AL31,AQ31,AV31) -> 172.88524 | M31: =RANK(K31, K$27:$K$41) -> 7 | P31: 12 | Q31: 2060.708 | R31: 171.72566 | S31: =RANK(R31, R$27:R$41) -> 7 | U31: 12 | V31: 2052.3364 | W31: 171.02804 | X31: =RANK(W31, W$27:W$41) -> 7 | Z31: 12 | AA31: 2039.3939 | AB31: 169.94949 | AC31: =RANK(AB31, AB$27:AB$41) -> 7 | AE31: 12 | AF31: 2114.6341 | AG31: 176.21951 | AH31: =RANK(AG31, AG$27:AG$41) -> 7 | AJ31: 12 | AK31: 2103.3708 | AL31: 175.2809 | AM31: =RANK(AL31, AL$27:AL$41) -> 7 | AO31: 12 | AP31: 2048.6441 | AQ31: 170.72034 | AR31: =RANK(AQ31, AQ$27:AQ$41) -> 7 | AT31: 11 | AU31: 1928 | AV31: 175.27273 | AW31: =RANK(AV31, AV$27:AV$41) -> 7
C32: 6 | D32: 大口歐風焙煎咖哩漢堡排飯糰 | E32: 11 | F32: 2250 | G32: 204.54545 | I32: =AVERAGE(P32,U32,Z32,AE32,AJ32,AO32,AT32) -> 11 | J32: =AVERAGE(Q32,V32,AA32,AF32,AK32,AP32,AU32) -> 1973.5139 | K32: =AVERAGE(R32,W32,AB32,AG32,AL32,AQ32,AV32) -> 179.41035 | M32: =RANK(K32, K$27:$K$41) -> 6 | P32: 11 | Q32: 1958.7273 | R32: 178.06612 | S32: =RANK(R32, R$27:R$41) -> 6 | U32: 11 | V32: 1947.4286 | W32: 177.03896 | X32: =RANK(W32, W$27:W$41) -> 6 | Z32: 11 | AA32: 2018.75 | AB32: 183.52273 | AC32: =RANK(AB32, AB$27:AB$41) -> 6 | AE32: 11 | AF32: 1954.2857 | AG32: 177.66234 | AH32: =RANK(AG32, AG$27:AG$41) -> 6 | AJ32: 11 | AK32: 1977.9775 | AL32: 179.81614 | AM32: =RANK(AL32, AL$27:AL$41) -> 6 | AO32: 11 | AP32: 2027.3394 | AQ32: 184.30359 | AR32: =RANK(AQ32, AQ$27:AQ$41) -> 6 | AT32: 11 | AU32: 1930.0885 | AV32: 175.46259 | AW32: =RANK(AV32, AV$27:AV$41) -> 6
C33: 7 | D33: 大口蒜味香腸燒肉雙拼飯糰 | E33: 12 | F33: 2250 | G33: 187.5 | I33: =AVERAGE(P33,U33,Z33,AE33,AJ33,AO33,AT33) -> 12 | J33: =AVERAGE(Q33,V33,AA33,AF33,AK33,AP33,AU33) -> 1972.2217 | K33: =AVERAGE(R33,W33,AB33,AG33,AL33,AQ33,AV33) -> 164.35181 | M33: =RANK(K33, K$27:$K$41) -> 8 | P33: 12 | Q33: 1945.3846 | R33: 162.11538 | S33: =RANK(R33, R$27:R$41) -> 9 | U33: 12 | V33: 1987.5 | W33: 165.625 | X33: =RANK(W33, W$27:W$41) -> 8 | Z33: 12 | AA33: 2004 | AB33: 167 | AC33: =RANK(AB33, AB$27:AB$41) -> 8 | AE33: 12 | AF33: 1936.5 | AG33: 161.375 | AH33: =RANK(AG33, AG$27:AG$41) -> 9 | AJ33: 12 | AK33: 1987.3171 | AL33: 165.60976 | AM33: =RANK(AL33, AL$27:AL$41) -> 9 | AO33: 12 | AP33: 1983.6735 | AQ33: 165.30612 | AR33: =RANK(AQ33, AQ$27:AQ$41) -> 8 | AT33: 12 | AU33: 1961.1765 | AV33: 163.43137 | AW33: =RANK(AV33, AV$27:AV$41) -> 9
C34: 8 | D34: 大口花椒香麻雞飯糰 | E34: 9 | F34: 2250 | G34: 250 | I34: =AVERAGE(P34,U34,Z34,AE34,AJ34,AO34,AT34) -> 9 | J34: =AVERAGE(Q34,V34,AA34,AF34,AK34,AP34,AU34) -> 1963.4973 | K34: =AVERAGE(R34,W34,AB34,AG34,AL34,AQ34,AV34) -> 218.16637 | M34: =RANK(K34, K$27:$K$41) -> 5 | P34: 9 | Q34: 1957.0588 | R34: 217.45098 | S34: =RANK(R34, R$27:R$41) -> 5 | U34: 9 | V34: 1970.625 | W34: 218.95833 | X34: =RANK(W34, W$27:W$41) -> 4 | Z34: 9 | AA34: 1974.5455 | AB34: 219.39394 | AC34: =RANK(AB34, AB$27:AB$41) -> 5 | AE34: 9 | AF34: 1930.7143 | AG34: 214.52381 | AH34: =RANK(AG34, AG$27:AG$41) -> 5 | AJ34: 9 | AK34: 1952.1429 | AL34: 216.90476 | AM34: =RANK(AL34, AL$27:AL$41) -> 4 | AO34: 9 | AP34: 2000.5714 | AQ34: 222.28571 | AR34: =RANK(AQ34, AQ$27:AQ$41) -> 5 | AT34: 9 | AU34: 1958.8235 | AV34: 217.64706 | AW34: =RANK(AV34, AV$27:AV$41) -> 5
C35: 9 | D35: 大口義式香草雞腿排飯糰 | E35: 9 | F35: 2250 | G35: 250 | I35: =AVERAGE(P35,U35,Z35,AE35,AJ35,AO35,AT35) -> 9 | J35: =AVERAGE(Q35,V35,AA35,AF35,AK35,AP35,AU35) -> 1983.7511 | K35: =AVERAGE(R35,W35,AB35,AG35,AL35,AQ35,AV35) -> 220.41678 | M35: =RANK(K35, K$27:$K$41) -> 4 | P35: 9 | Q35: 1975.625 | R35: 219.51389 | S35: =RANK(R35, R$27:R$41) -> 4 | U35: 9 | V35: 1969.2632 | W35: 218.80702 | X35: =RANK(W35, W$27:W$41) -> 5 | Z35: 9 | AA35: 1977.9775 | AB35: 219.77528 | AC35: =RANK(AB35, AB$27:AB$41) -> 4 | AE35: 9 | AF35: 1980 | AG35: 220 | AH35: =RANK(AG35, AG$27:AG$41) -> 4 | AJ35: 9 | AK35: 1948 | AL35: 216.44444 | AM35: =RANK(AL35, AL$27:AL$41) -> 5 | AO35: 9 | AP35: 2031.1364 | AQ35: 225.68182 | AR35: =RANK(AQ35, AQ$27:AQ$41) -> 4 | AT35: 9 | AU35: 2004.2553 | AV35: 222.69504 | AW35: =RANK(AV35, AV$27:AV$41) -> 4
C36: 10 | D36: 麻油雞飯糰 | E36: 18 | F36: 1250 | G36: 69.444444 | I36: =AVERAGE(P36,U36,Z36,AE36,AJ36,AO36,AT36) -> 13 | J36: =AVERAGE(Q36,V36,AA36,AF36,AK36,AP36,AU36) -> 1240.6676 | K36: =AVERAGE(R36,W36,AB36,AG36,AL36,AQ36,AV36) -> 95.435971 | M36: =RANK(K36, K$27:$K$41) -> 10 | P36: 13 | Q36: 1249.3333 | R36: 96.102564 | S36: =RANK(R36, R$27:R$41) -> 10 | U36: 13 | V36: 1227.3333 | W36: 94.410256 | X36: =RANK(W36, W$27:W$41) -> 10 | Z36: 13 | AA36: 1263.2 | AB36: 97.169231 | AC36: =RANK(AB36, AB$27:AB$41) -> 10 | AE36: 13 | AF36: 1207.7143 | AG36: 92.901099 | AH36: =RANK(AG36, AG$27:AG$41) -> 10 | AJ36: 13 | AK36: 1248.8571 | AL36: 96.065934 | AM36: =RANK(AL36, AL$27:AL$41) -> 10 | AO36: 13 | AP36: 1253.6471 | AQ36: 96.434389 | AR36: =RANK(AQ36, AQ$27:AQ$41) -> 10 | AT36: 13 | AU36: 1234.5882 | AV36: 94.968326 | AW36: =RANK(AV36, AV$27:AV$41) -> 10
C37: 11 | M37: =RANK(K37, K$27:$K$41) -> #N/A | S37: =RANK(R37, R$27:R$41) -> #N/A | X37: =RANK(W37, W$27:W$41) -> #N/A | AC37: =RANK(AB37, AB$27:AB$41) -> #N/A | AH37: =RANK(AG37, AG$27:AG$41) -> #N/A | AM37: =RANK(AL37, AL$27:AL$41) -> #N/A | AR37: =RANK(AQ37, AQ$27:AQ$41) -> #N/A | AW37: =RANK(AV37, AV$27:AV$41) -> #N/A
C38: 12 | M38: =RANK(K38, K$27:$K$41) -> #N/A | S38: =RANK(R38, R$27:R$41) -> #N/A | X38: =RANK(W38, W$27:W$41) -> #N/A | AC38: =RANK(AB38, AB$27:AB$41) -> #N/A | AH38: =RANK(AG38, AG$27:AG$41) -> #N/A | AM38: =RANK(AL38, AL$27:AL$41) -> #N/A | AR38: =RANK(AQ38, AQ$27:AQ$41) -> #N/A | AW38: =RANK(AV38, AV$27:AV$41) -> #N/A
C39: 13 | M39: =RANK(K39, K$27:$K$41) -> #N/A | S39: =RANK(R39, R$27:R$41) -> #N/A | X39: =RANK(W39, W$27:W$41) -> #N/A | AC39: =RANK(AB39, AB$27:AB$41) -> #N/A | AH39: =RANK(AG39, AG$27:AG$41) -> #N/A | AM39: =RANK(AL39, AL$27:AL$41) -> #N/A | AR39: =RANK(AQ39, AQ$27:AQ$41) -> #N/A | AW39: =RANK(AV39, AV$27:AV$41) -> #N/A
C40: 14 | M40: =RANK(K40, K$27:$K$41) -> #N/A | S40: =RANK(R40, R$27:R$41) -> #N/A | X40: =RANK(W40, W$27:W$41) -> #N/A | AC40: =RANK(AB40, AB$27:AB$41) -> #N/A | AH40: =RANK(AG40, AG$27:AG$41) -> #N/A | AM40: =RANK(AL40, AL$27:AL$41) -> #N/A | AR40: =RANK(AQ40, AQ$27:AQ$41) -> #N/A | AW40: =RANK(AV40, AV$27:AV$41) -> #N/A
C41: 15 | M41: =RANK(K41, K$27:$K$41) -> #N/A | S41: =RANK(R41, R$27:R$41) -> #N/A | X41: =RANK(W41, W$27:W$41) -> #N/A | AC41: =RANK(AB41, AB$27:AB$41) -> #N/A | AH41: =RANK(AG41, AG$27:AG$41) -> #N/A | AM41: =RANK(AL41, AL$27:AL$41) -> #N/A | AR41: =RANK(AQ41, AQ$27:AQ$41) -> #N/A | AW41: =RANK(AV41, AV$27:AV$41) -> #N/A
B42: 產線配置圖－每週更新 | N42: 資料繳交 | O42: 日期 | P42: =P22+7 -> 45909 | U42: =P42+1 -> 45910 | Z42: =U42+1 -> 45911 | AE42: =Z42+1 -> 45912 | AJ42: =AE42+1 -> 45913 | AO42: =AJ42+1 -> 45914 | AT42: =AO42+1 -> 45915
P43: 二 | U43: 三 | Z43: 四 | AE43: 五 | AJ43: 六 | AO43: 日 | AT43: 一
B44: 品群 | C44: 商品名稱 | E44: 計畫 | H44: 平均人時性 | I44: 實績 | L44: 平均人時性 | M44: 排名 | O44: 日報 | P44: 實際 | T44: 平均人時性 | U44: 實際 | Y44: 平均人時性 | Z44: 實際 | AD44: 平均人時性 | AE44: 實際 | AI44: 平均人時性 | AJ44: 實際 | AN44: 平均人時性 | AO44: 實際 | AS44: 平均人時性 | AT44: 實際 | AX44: 平均人時性
E45: 產線配置圖 | I45: 產線配置圖 | P45: 生產實績 | U45: 生產實績 | Z45: 生產實績 | AE45: 生產實績 | AJ45: 生產實績 | AO45: 生產實績 | AT45: 生產實績
E46: 人數 | F46: 產能／時 | G46: 人時性 | I46: 人數 | J46: 產能／時 | K46: 人時性 | P46: 人數 | Q46: 產能／時 | R46: 人時性 | S46: 排名 | U46: 人數 | V46: 產能／時 | W46: 人時性 | X46: 排名 | Z46: 人數 | AA46: 產能／時 | AB46: 人時性 | AC46: 排名 | AE46: 人數 | AF46: 產能／時 | AG46: 人時性 | AH46: 排名 | AJ46: 人數 | AK46: 產能／時 | AL46: 人時性 | AM46: 排名 | AO46: 人數 | AP46: 產能／時 | AQ46: 人時性 | AR46: 排名 | AT46: 人數 | AU46: 產能／時 | AV46: 人時性 | AW46: 排名
B47: 4℃-飯糰 | C47: 1 | D47: 鮭魚炙燒明太子烤飯糰 | E47: 4 | F47: 2000 | G47: 500 | H47: =AVERAGE(G47:G61) -> 277.71123 | I47: =AVERAGE(P47,U47,Z47,AE47,AJ47,AO47,AT47) -> 5 | J47: =AVERAGE(Q47,V47,AA47,AF47,AK47,AP47,AU47) -> 2131.1293 | K47: =AVERAGE(R47,W47,AB47,AG47,AL47,AQ47,AV47) -> 426.22585 | L47: =IFERROR(AVERAGE(K47:K61),"-") -> 247.44189 | M47: =RANK(K47, K$47:$K$61) -> 2 | P47: 5 | Q47: 2152.5 | R47: 430.5 | S47: =RANK(R47, R$47:R$61) -> 1 | T47: =AVERAGE(R47:R61) -> 250.73488 | U47: 5 | V47: 2083.3333 | W47: 416.66667 | X47: =RANK(W47, W$47:W$61) -> 3 | Y47: =AVERAGE(W47:W61) -> 248.48873 | Z47: 5 | AA47: 2167.5 | AB47: 433.5 | AC47: =RANK(AB47, AB$47:AB$61) -> 2 | AD47: =AVERAGE(AB47:AB61) -> 250.46836 | AE47: 5 | AF47: 2168.5714 | AG47: 433.71429 | AH47: =RANK(AG47, AG$47:AG$61) -> 1 | AI47: =AVERAGE(AG47:AG61) -> 246.80159 | AJ47: 5 | AK47: 2116 | AL47: 423.2 | AM47: =RANK(AL47, AL$47:AL$61) -> 3 | AN47: =AVERAGE(AL47:AL61) -> 245.05958 | AO47: 5 | AP47: 2123.3333 | AQ47: 424.66667 | AR47: =RANK(AQ47, AQ$47:AQ$61) -> 3 | AS47: =AVERAGE(AQ47:AQ61) -> 245.19191 | AT47: 5 | AU47: 2106.6667 | AV47: 421.33333 | AW47: =RANK(AV47, AV$47:AV$61) -> 2 | AX47: =AVERAGE(AV47:AV61) -> 245.34821
C48: 2 | D48: 淡麗清酒蒸蛤蜊烤飯糰 | E48: 4 | F48: 2000 | G48: 500 | I48: =AVERAGE(P48,U48,Z48,AE48,AJ48,AO48,AT48) -> 5 | J48: =AVERAGE(Q48,V48,AA48,AF48,AK48,AP48,AU48) -> 2128.8801 | K48: =AVERAGE(R48,W48,AB48,AG48,AL48,AQ48,AV48) -> 425.77601 | M48: =RANK(K48, K$47:$K$61) -> 3 | P48: 5 | Q48: 2117.6471 | R48: 423.52941 | S48: =RANK(R48, R$47:R$61) -> 3 | U48: 5 | V48: 2121.1765 | W48: 424.23529 | X48: =RANK(W48, W$47:W$61) -> 2 | Z48: 5 | AA48: 2156.25 | AB48: 431.25 | AC48: =RANK(AB48, AB$47:AB$61) -> 3 | AE48: 5 | AF48: 2125.7143 | AG48: 425.14286 | AH48: =RANK(AG48, AG$47:AG$61) -> 2 | AJ48: 5 | AK48: 2160 | AL48: 432 | AM48: =RANK(AL48, AL$47:AL$61) -> 1 | AO48: 5 | AP48: 2124.7059 | AQ48: 424.94118 | AR48: =RANK(AQ48, AQ$47:AQ$61) -> 2 | AT48: 5 | AU48: 2096.6667 | AV48: 419.33333 | AW48: =RANK(AV48, AV$47:AV$61) -> 3
C49: 3 | D49: 糖燻野郎起司炙燒牛烤飯糰 | E49: 4 | F49: 2000 | G49: 500 | I49: =AVERAGE(P49,U49,Z49,AE49,AJ49,AO49,AT49) -> 5 | J49: =AVERAGE(Q49,V49,AA49,AF49,AK49,AP49,AU49) -> 2143.1128 | K49: =AVERAGE(R49,W49,AB49,AG49,AL49,AQ49,AV49) -> 428.62255 | M49: =RANK(K49, K$47:$K$61) -> 1 | P49: 5 | Q49: 2131.1111 | R49: 426.22222 | S49: =RANK(R49, R$47:R$61) -> 2 | U49: 5 | V49: 2130 | W49: 426 | X49: =RANK(W49, W$47:W$61) -> 1 | Z49: 5 | AA49: 2193.6 | AB49: 438.72 | AC49: =RANK(AB49, AB$47:AB$61) -> 1 | AE49: 5 | AF49: 2123.4783 | AG49: 424.69565 | AH49: =RANK(AG49, AG$47:AG$61) -> 3 | AJ49: 5 | AK49: 2133.6 | AL49: 426.72 | AM49: =RANK(AL49, AL$47:AL$61) -> 2 | AO49: 5 | AP49: 2140.7143 | AQ49: 428.14286 | AR49: =RANK(AQ49, AQ$47:AQ$61) -> 1 | AT49: 5 | AU49: 2149.2857 | AV49: 429.85714 | AW49: =RANK(AV49, AV$47:AV$61) -> 1
C50: 4 | D50: 大口金黃薯牛堡飯糰 | E50: 12 | F50: 2250 | G50: 187.5 | I50: =AVERAGE(P50,U50,Z50,AE50,AJ50,AO50,AT50) -> 12 | J50: =AVERAGE(Q50,V50,AA50,AF50,AK50,AP50,AU50) -> 1973.1406 | K50: =AVERAGE(R50,W50,AB50,AG50,AL50,AQ50,AV50) -> 164.42838 | M50: =RANK(K50, K$47:$K$61) -> 8 | P50: 12 | Q50: 1954.5455 | R50: 162.87879 | S50: =RANK(R50, R$47:R$61) -> 8 | U50: 12 | V50: 1987.1642 | W50: 165.59701 | X50: =RANK(W50, W$47:W$61) -> 9 | Z50: 12 | AA50: 2003.2258 | AB50: 166.93548 | AC50: =RANK(AB50, AB$47:AB$61) -> 8 | AE50: 12 | AF50: 1914.7368 | AG50: 159.5614 | AH50: =RANK(AG50, AG$47:AG$61) -> 9 | AJ50: 12 | AK50: 1960.6452 | AL50: 163.3871 | AM50: =RANK(AL50, AL$47:AL$61) -> 8 | AO50: 12 | AP50: 1987.5 | AQ50: 165.625 | AR50: =RANK(AQ50, AQ$47:AQ$61) -> 8 | AT50: 12 | AU50: 2004.1667 | AV50: 167.01389 | AW50: =RANK(AV50, AV$47:AV$61) -> 8
C51: 5 | D51: 大口日式塔塔醬蝦排飯糰 | E51: 11 | F51: 2118 | G51: 192.54545 | I51: =AVERAGE(P51,U51,Z51,AE51,AJ51,AO51,AT51) -> 11.714286 | J51: =AVERAGE(Q51,V51,AA51,AF51,AK51,AP51,AU51) -> 2075.2771 | K51: =AVERAGE(R51,W51,AB51,AG51,AL51,AQ51,AV51) -> 177.35534 | M51: =RANK(K51, K$47:$K$61) -> 7 | P51: 11 | Q51: 2078.7273 | R51: 188.97521 | S51: =RANK(R51, R$47:R$61) -> 6 | U51: 11 | V51: 2001.2727 | W51: 181.93388 | X51: =RANK(W51, W$47:W$61) -> 6 | Z51: 12 | AA51: 2120.625 | AB51: 176.71875 | AC51: =RANK(AB51, AB$47:AB$61) -> 7 | AE51: 12 | AF51: 2039.3182 | AG51: 169.94318 | AH51: =RANK(AG51, AG$47:AG$61) -> 7 | AJ51: 12 | AK51: 2120.6667 | AL51: 176.72222 | AM51: =RANK(AL51, AL$47:AL$61) -> 7 | AO51: 12 | AP51: 2064.7368 | AQ51: 172.0614 | AR51: =RANK(AQ51, AQ$47:AQ$61) -> 7 | AT51: 12 | AU51: 2101.5929 | AV51: 175.13274 | AW51: =RANK(AV51, AV$47:AV$61) -> 7
C52: 6 | D52: 大口歐風焙煎咖哩漢堡排飯糰 | E52: 11 | F52: 2250 | G52: 204.54545 | I52: =AVERAGE(P52,U52,Z52,AE52,AJ52,AO52,AT52) -> 11 | J52: =AVERAGE(Q52,V52,AA52,AF52,AK52,AP52,AU52) -> 1969.3355 | K52: =AVERAGE(R52,W52,AB52,AG52,AL52,AQ52,AV52) -> 179.0305 | M52: =RANK(K52, K$47:$K$61) -> 6 | P52: 11 | Q52: 1938.7156 | R52: 176.24687 | S52: =RANK(R52, R$47:R$61) -> 7 | U52: 11 | V52: 1943.2075 | W52: 176.65523 | X52: =RANK(W52, W$47:W$61) -> 7 | Z52: 11 | AA52: 1978.7755 | AB52: 179.88868 | AC52: =RANK(AB52, AB$47:AB$61) -> 6 | AE52: 11 | AF52: 2003.5714 | AG52: 182.14286 | AH52: =RANK(AG52, AG$47:AG$61) -> 6 | AJ52: 11 | AK52: 1972.6667 | AL52: 179.33333 | AM52: =RANK(AL52, AL$47:AL$61) -> 6 | AO52: 11 | AP52: 1978.9381 | AQ52: 179.90346 | AR52: =RANK(AQ52, AQ$47:AQ$61) -> 6 | AT52: 11 | AU52: 1969.4737 | AV52: 179.04306 | AW52: =RANK(AV52, AV$47:AV$61) -> 6
C53: 7 | D53: 大口蒜味香腸燒肉雙拼飯糰 | E53: 13 | F53: 2250 | G53: 173.07692 | I53: =AVERAGE(P53,U53,Z53,AE53,AJ53,AO53,AT53) -> 12 | J53: =AVERAGE(Q53,V53,AA53,AF53,AK53,AP53,AU53) -> 1970.8652 | K53: =AVERAGE(R53,W53,AB53,AG53,AL53,AQ53,AV53) -> 164.23876 | M53: =RANK(K53, K$47:$K$61) -> 9 | P53: 12 | Q53: 1954.1176 | R53: 162.84314 | S53: =RANK(R53, R$47:R$61) -> 9 | U53: 12 | V53: 2006.8085 | W53: 167.23404 | X53: =RANK(W53, W$47:W$61) -> 8 | Z53: 12 | AA53: 1950 | AB53: 162.5 | AC53: =RANK(AB53, AB$47:AB$61) -> 9 | AE53: 12 | AF53: 1993.1707 | AG53: 166.09756 | AH53: =RANK(AG53, AG$47:AG$61) -> 8 | AJ53: 12 | AK53: 1917.1429 | AL53: 159.7619 | AM53: =RANK(AL53, AL$47:AL$61) -> 9 | AO53: 12 | AP53: 1974 | AQ53: 164.5 | AR53: =RANK(AQ53, AQ$47:AQ$61) -> 9 | AT53: 12 | AU53: 2000.8163 | AV53: 166.73469 | AW53: =RANK(AV53, AV$47:AV$61) -> 9
C54: 8 | D54: 大口花椒香麻雞飯糰 | E54: 10 | F54: 2250 | G54: 225 | I54: =AVERAGE(P54,U54,Z54,AE54,AJ54,AO54,AT54) -> 9.7142857 | J54: =AVERAGE(Q54,V54,AA54,AF54,AK54,AP54,AU54) -> 1962.8839 | K54: =AVERAGE(R54,W54,AB54,AG54,AL54,AQ54,AV54) -> 202.48726 | M54: =RANK(K54, K$47:$K$61) -> 5 | P54: 9 | Q54: 1976.4706 | R54: 219.60784 | S54: =RANK(R54, R$47:R$61) -> 4 | U54: 9 | V54: 1928.8235 | W54: 214.31373 | X54: =RANK(W54, W$47:W$61) -> 5 | Z54: 10 | AA54: 2034 | AB54: 203.4 | AC54: =RANK(AB54, AB$47:AB$61) -> 5 | AE54: 10 | AF54: 1912 | AG54: 191.2 | AH54: =RANK(AG54, AG$47:AG$61) -> 5 | AJ54: 10 | AK54: 1953.75 | AL54: 195.375 | AM54: =RANK(AL54, AL$47:AL$61) -> 5 | AO54: 10 | AP54: 1950 | AQ54: 195 | AR54: =RANK(AQ54, AQ$47:AQ$61) -> 5 | AT54: 10 | AU54: 1985.1429 | AV54: 198.51429 | AW54: =RANK(AV54, AV$47:AV$61) -> 5
C55: 9 | D55: 大口義式香草雞腿排飯糰 | E55: 10 | F55: 2250 | G55: 225 | I55: =AVERAGE(P55,U55,Z55,AE55,AJ55,AO55,AT55) -> 9.4285714 | J55: =AVERAGE(Q55,V55,AA55,AF55,AK55,AP55,AU55) -> 1986.0702 | K55: =AVERAGE(R55,W55,AB55,AG55,AL55,AQ55,AV55) -> 211.17529 | M55: =RANK(K55, K$47:$K$61) -> 4 | P55: 9 | Q55: 1962.0619 | R55: 218.00687 | S55: =RANK(R55, R$47:R$61) -> 5 | U55: 9 | V55: 1968.125 | W55: 218.68056 | X55: =RANK(W55, W$47:W$61) -> 4 | Z55: 9 | AA55: 1976.5517 | AB55: 219.61686 | AC55: =RANK(AB55, AB$47:AB$61) -> 4 | AE55: 9 | AF55: 2011.2676 | AG55: 223.47418 | AH55: =RANK(AG55, AG$47:AG$61) -> 4 | AJ55: 10 | AK55: 1981.6216 | AL55: 198.16216 | AM55: =RANK(AL55, AL$47:AL$61) -> 4 | AO55: 10 | AP55: 2016.129 | AQ55: 201.6129 | AR55: =RANK(AQ55, AQ$47:AQ$61) -> 4 | AT55: 10 | AU55: 1986.7347 | AV55: 198.67347 | AW55: =RANK(AV55, AV$47:AV$61) -> 4
C56: 10 | D56: 麻油雞飯糰 | E56: 18 | F56: 1250 | G56: 69.444444 | I56: =AVERAGE(P56,U56,Z56,AE56,AJ56,AO56,AT56) -> 13 | J56: =AVERAGE(Q56,V56,AA56,AF56,AK56,AP56,AU56) -> 1236.0269 | K56: =AVERAGE(R56,W56,AB56,AG56,AL56,AQ56,AV56) -> 95.078989 | M56: =RANK(K56, K$47:$K$61) -> 10 | P56: 13 | Q56: 1281 | R56: 98.538462 | S56: =RANK(R56, R$47:R$61) -> 10 | U56: 13 | V56: 1216.4211 | W56: 93.57085 | X56: =RANK(W56, W$47:W$61) -> 10 | Z56: 13 | AA56: 1198 | AB56: 92.153846 | AC56: =RANK(AB56, AB$47:AB$61) -> 10 | AE56: 13 | AF56: 1196.5714 | AG56: 92.043956 | AH56: =RANK(AG56, AG$47:AG$61) -> 10 | AJ56: 13 | AK56: 1247.1429 | AL56: 95.934066 | AM56: =RANK(AL56, AL$47:AL$61) -> 10 | AO56: 13 | AP56: 1241.0526 | AQ56: 95.465587 | AR56: =RANK(AQ56, AQ$47:AQ$61) -> 10 | AT56: 13 | AU56: 1272 | AV56: 97.846154 | AW56: =RANK(AV56, AV$47:AV$61) -> 10
C57: 11 | M57: =RANK(K57, K$47:$K$61) -> #N/A | S57: =RANK(R57, R$47:R$61) -> #N/A | X57: =RANK(W57, W$47:W$61) -> #N/A | AC57: =RANK(AB57, AB$47:AB$61) -> #N/A | AH57: =RANK(AG57, AG$47:AG$61) -> #N/A | AM57: =RANK(AL57, AL$47:AL$61) -> #N/A | AR57: =RANK(AQ57, AQ$47:AQ$61) -> #N/A | AW57: =RANK(AV57, AV$47:AV$61) -> #N/A
C58: 12 | M58: =RANK(K58, K$47:$K$61) -> #N/A | S58: =RANK(R58, R$47:R$61) -> #N/A | X58: =RANK(W58, W$47:W$61) -> #N/A | AC58: =RANK(AB58, AB$47:AB$61) -> #N/A | AH58: =RANK(AG58, AG$47:AG$61) -> #N/A | AM58: =RANK(AL58, AL$47:AL$61) -> #N/A | AR58: =RANK(AQ58, AQ$47:AQ$61) -> #N/A | AW58: =RANK(AV58, AV$47:AV$61) -> #N/A
C59: 13 | M59: =RANK(K59, K$47:$K$61) -> #N/A | S59: =RANK(R59, R$47:R$61) -> #N/A | X59: =RANK(W59, W$47:W$61) -> #N/A | AC59: =RANK(AB59, AB$47:AB$61) -> #N/A | AH59: =RANK(AG59, AG$47:AG$61) -> #N/A | AM59: =RANK(AL59, AL$47:AL$61) -> #N/A | AR59: =RANK(AQ59, AQ$47:AQ$61) -> #N/A | AW59: =RANK(AV59, AV$47:AV$61) -> #N/A
C60: 14 | M60: =RANK(K60, K$47:$K$61) -> #N/A | S60: =RANK(R60, R$47:R$61) -> #N/A | X60: =RANK(W60, W$47:W$61) -> #N/A | AC60: =RANK(AB60, AB$47:AB$61) -> #N/A | AH60: =RANK(AG60, AG$47:AG$61) -> #N/A | AM60: =RANK(AL60, AL$47:AL$61) -> #N/A | AR60: =RANK(AQ60, AQ$47:AQ$61) -> #N/A | AW60: =RANK(AV60, AV$47:AV$61) -> #N/A
C61: 15 | M61: =RANK(K61, K$47:$K$61) -> #N/A | S61: =RANK(R61, R$47:R$61) -> #N/A | X61: =RANK(W61, W$47:W$61) -> #N/A | AC61: =RANK(AB61, AB$47:AB$61) -> #N/A | AH61: =RANK(AG61, AG$47:AG$61) -> #N/A | AM61: =RANK(AL61, AL$47:AL$61) -> #N/A | AR61: =RANK(AQ61, AQ$47:AQ$61) -> #N/A | AW61: =RANK(AV61, AV$47:AV$61) -> #N/A
B62: 產線配置圖－每週更新 | N62: 資料繳交 | O62: 日期 | P62: =P42+7 -> 45916 | U62: =P62+1 -> 45917 | Z62: =U62+1 -> 45918 | AE62: =Z62+1 -> 45919 | AJ62: =AE62+1 -> 45920 | AO62: =AJ62+1 -> 45921 | AT62: =AO62+1 -> 45922
P63: 二 | U63: 三 | Z63: 四 | AE63: 五 | AJ63: 六 | AO63: 日 | AT63: 一
B64: 品群 | C64: 商品名稱 | E64: 計畫 | H64: 平均人時性 | I64: 實績 | L64: 平均人時性 | M64: 排名 | O64: 日報 | P64: 實際 | T64: 平均人時性 | U64: 實際 | Y64: 平均人時性 | Z64: 實際 | AD64: 平均人時性 | AE64: 實際 | AI64: 平均人時性 | AJ64: 實際 | AN64: 平均人時性 | AO64: 實際 | AS64: 平均人時性 | AT64: 實際 | AX64: 平均人時性
E65: 產線配置圖 | I65: 產線配置圖 | P65: 生產實績 | U65: 生產實績 | Z65: 生產實績 | AE65: 生產實績 | AJ65: 生產實績 | AO65: 生產實績 | AT65: 生產實績
E66: 人數 | F66: 產能／時 | G66: 人時性 | I66: 人數 | J66: 產能／時 | K66: 人時性 | P66: 人數 | Q66: 產能／時 | R66: 人時性 | S66: 排名 | U66: 人數 | V66: 產能／時 | W66: 人時性 | X66: 排名 | Z66: 人數 | AA66: 產能／時 | AB66: 人時性 | AC66: 排名 | AE66: 人數 | AF66: 產能／時 | AG66: 人時性 | AH66: 排名 | AJ66: 人數 | AK66: 產能／時 | AL66: 人時性 | AM66: 排名 | AO66: 人數 | AP66: 產能／時 | AQ66: 人時性 | AR66: 排名 | AT66: 人數 | AU66: 產能／時 | AV66: 人時性 | AW66: 排名
B67: 4℃-飯糰 | C67: 1 | D67: 鮭魚炙燒明太子烤飯糰 | E67: 4 | F67: 2000 | G67: 500 | H67: =AVERAGE(G67:G81) -> 297.9193 | I67: =AVERAGE(P67,U67,Z67,AE67,AJ67,AO67,AT67) -> 4.7142857 | J67: =AVERAGE(Q67,V67,AA67,AF67,AK67,AP67,AU67) -> 2005.16 | K67: =AVERAGE(R67,W67,AB67,AG67,AL67,AQ67,AV67) -> 426.67485 | L67: =IFERROR(AVERAGE(K67:K81),"-") -> 261.37207 | M67: =RANK(K67, K$67:$K$81) -> 2 | P67: 5 | Q67: 2156.4706 | R67: 431.29412 | S67: =RANK(R67, R$67:R$81) -> 2 | T67: =AVERAGE(R67:R81) -> 260.40755 | U67: 5 | V67: 2106.3158 | W67: 421.26316 | X67: =RANK(W67, W$67:W$81) -> 3 | Y67: =AVERAGE(W67:W81) -> 260.81821 | Z67: 5 | AA67: 2056.6667 | AB67: 411.33333 | AC67: =RANK(AB67, AB$67:AB$81) -> 3 | AD67: =AVERAGE(AB67:AB81) -> 258.07398 | AE67: 4 | AF67: 1770 | AG67: 442.5 | AH67: =RANK(AG67, AG$67:AG$81) -> 2 | AI67: =AVERAGE(AG67:AG81) -> 265.51348 | AJ67: 4 | AK67: 1820 | AL67: 455 | AM67: =RANK(AL67, AL$67:AL$81) -> 1 | AN67: =AVERAGE(AL67:AL81) -> 264.81722 | AO67: 5 | AP67: 2093.3333 | AQ67: 418.66667 | AR67: =RANK(AQ67, AQ$67:AQ$81) -> 3 | AS67: =AVERAGE(AQ67:AQ81) -> 258.46225 | AT67: 5 | AU67: 2033.3333 | AV67: 406.66667 | AW67: =RANK(AV67, AV$67:AV$81) -> 4 | AX67: =AVERAGE(AV67:AV81) -> 261.51181
C68: 2 | D68: 淡麗清酒蒸蛤蜊烤飯糰 | E68: 4 | F68: 2000 | G68: 500 | I68: =AVERAGE(P68,U68,Z68,AE68,AJ68,AO68,AT68) -> 4.7142857 | J68: =AVERAGE(Q68,V68,AA68,AF68,AK68,AP68,AU68) -> 1981.4334 | K68: =AVERAGE(R68,W68,AB68,AG68,AL68,AQ68,AV68) -> 421.50621 | M68: =RANK(K68, K$67:$K$81) -> 3 | P68: 5 | Q68: 2052.6316 | R68: 410.52632 | S68: =RANK(R68, R$67:R$81) -> 3 | U68: 5 | V68: 2006.6667 | W68: 401.33333 | X68: =RANK(W68, W$67:W$81) -> 4 | Z68: 5 | AA68: 2040 | AB68: 408 | AC68: =RANK(AB68, AB$67:AB$81) -> 4 | AE68: 4 | AF68: 1762.5 | AG68: 440.625 | AH68: =RANK(AG68, AG$67:AG$81) -> 3 | AJ68: 4 | AK68: 1768.2353 | AL68: 442.05882 | AM68: =RANK(AL68, AL$67:AL$81) -> 2 | AO68: 5 | AP68: 2130 | AQ68: 426 | AR68: =RANK(AQ68, AQ$67:AQ$81) -> 1 | AT68: 5 | AU68: 2110 | AV68: 422 | AW68: =RANK(AV68, AV$67:AV$81) -> 2
C69: 3 | D69: 糖燻野郎起司炙燒牛烤飯糰 | E69: 4 | F69: 2000 | G69: 500 | I69: =AVERAGE(P69,U69,Z69,AE69,AJ69,AO69,AT69) -> 5 | J69: =AVERAGE(Q69,V69,AA69,AF69,AK69,AP69,AU69) -> 2072.7543 | K69: =AVERAGE(R69,W69,AB69,AG69,AL69,AQ69,AV69) -> 414.55086 | M69: =RANK(K69, K$67:$K$81) -> 4 | P69: 5 | Q69: 2037.6923 | R69: 407.53846 | S69: =RANK(R69, R$67:R$81) -> 4 | U69: 5 | V69: 2172 | W69: 434.4 | X69: =RANK(W69, W$67:W$81) -> 1 | Z69: 5 | AA69: 2079.2308 | AB69: 415.84615 | AC69: =RANK(AB69, AB$67:AB$81) -> 2 | AE69: 5 | AF69: 2082.8571 | AG69: 416.57143 | AH69: =RANK(AG69, AG$67:AG$81) -> 4 | AJ69: 5 | AK69: 2027.5 | AL69: 405.5 | AM69: =RANK(AL69, AL$67:AL$81) -> 4 | AO69: 5 | AP69: 2031.4286 | AQ69: 406.28571 | AR69: =RANK(AQ69, AQ$67:AQ$81) -> 4 | AT69: 5 | AU69: 2078.5714 | AV69: 415.71429 | AW69: =RANK(AV69, AV$67:AV$81) -> 3
C70: 4 | D70: 大口金黃薯牛堡飯糰 | E70: 12 | F70: 2250 | G70: 187.5 | I70: =AVERAGE(P70,U70,Z70,AE70,AJ70,AO70,AT70) -> 12 | J70: =AVERAGE(Q70,V70,AA70,AF70,AK70,AP70,AU70) -> 1969.7024 | K70: =AVERAGE(R70,W70,AB70,AG70,AL70,AQ70,AV70) -> 164.14187 | M70: =RANK(K70, K$67:$K$81) -> 9 | P70: 12 | Q70: 1964.1176 | R70: 163.67647 | S70: =RANK(R70, R$67:R$81) -> 9 | U70: 12 | V70: 2001.2308 | W70: 166.76923 | X70: =RANK(W70, W$67:W$81) -> 9 | Z70: 12 | AA70: 1954.1538 | AB70: 162.84615 | AC70: =RANK(AB70, AB$67:AB$81) -> 9 | AE70: 12 | AF70: 1950 | AG70: 162.5 | AH70: =RANK(AG70, AG$67:AG$81) -> 9 | AJ70: 12 | AK70: 1996.5517 | AL70: 166.37931 | AM70: =RANK(AL70, AL$67:AL$81) -> 9 | AO70: 12 | AP70: 1929.863 | AQ70: 160.82192 | AR70: =RANK(AQ70, AQ$67:AQ$81) -> 9 | AT70: 12 | AU70: 1992 | AV70: 166 | AW70: =RANK(AV70, AV$67:AV$81) -> 9
