Workbook

Sheet 填寫舉例
A2: 7 | B2: 月別 | C2: 工廠名 | D2: ・・・・・・・・
A4: （１）收支狀況 | E4: ※單位：千元 | G4: （２）ＫＰＩ達成進度 | M4: （３）業績構成比 | S4: （４）訂單數量構成比
B5: 當月 | C5: 前月 | D5: 差異 | E5: 累計 | H5: KPI | I5: 當月 | J5: 前月 | K5: 累計 | L5: ※補充 | N5: 當月 | O5: 比例 | P5: 前月 | Q5: 差異 | T5: 當月 | U5: 比例 | V5: 前月 | W5: 差異
A6: 業績金額 | B6: 500000 | C6: 510000 | D6: =B6-C6 -> -10000 | E6: =B6+C6 -> 1010000 | G6: 人時生產性1 | H6: 110 | I6: 100 | J6: 90 | L6: 個／MH | M6: 飯糰 | N6: 150000 | O6: =IFERROR(N6/$B$6,"") -> 0.3 | P6: 0.4 | Q6: =IFERROR(O6-P6,"") -> -0.1 | S6: 飯糰 | T6: 35000 | U6: =IFERROR(T6/$B$7,"") -> 0.35 | V6: 0.3 | W6: =IFERROR(U6-V6,"") -> 0.05
A7: 訂單數量 | B7: 100000 | C7: 110000 | D7: =B7-C7 -> -10000 | E7: =B7+C7 -> 210000 | G7: 人時生產性2 | H7: 0.8 | I7: 0.85 | J7: 0.81 | K7: 0.84 | L7: 達成率 | M7: 大口飯糰 | N7: 100000 | O7: =IFERROR(N7/$B$6,"") -> 0.2 | P7: 0.15 | Q7: =IFERROR(O7-P7,"") -> 0.05 | S7: 大口飯糰 | T7: 30000 | U7: =IFERROR(T7/$B$7,"") -> 0.3 | V7: 0.15 | W7: =IFERROR(U7-V7,"") -> 0.15
A8: 材料費 | B8: 250000 | C8: 260000 | D8: =B8-C8 -> -10000 | E8: =B8+C8 -> 510000 | G8: 半成品報廢 | H8: 0.0025 | I8: 0.0024 | J8: 0.0023 | K8: 0.00235 | L8: 報廢率 | M8: 便當 | N8: 160000 | O8: =IFERROR(N8/$B$6,"") -> 0.32 | P8: 0.28 | Q8: =IFERROR(O8-P8,"") -> 0.04 | S8: 便當 | T8: 20000 | U8: =IFERROR(T8/$B$7,"") -> 0.2 | V8: 0.28 | W8: =IFERROR(U8-V8,"") -> -0.08
A9: 材料費率 | B9: =B8/B6 -> 0.5 | C9: =C8/C6 -> 0.50980392 | D9: =B9-C9 -> -0.0098039216 | E9: =(B9+C9)/2 -> 0.50490196 | G9: 半成品超用 | H9: 0.006 | I9: 0.009 | J9: 0.0095 | K9: 0.0092 | L9: 超用率 | M9: 調理麵 | N9: 90000 | O9: =IFERROR(N9/$B$6,"") -> 0.18 | P9: 0.17 | Q9: =IFERROR(O9-P9,"") -> 0.01 | S9: 調理麵 | T9: 15000 | U9: =IFERROR(T9/$B$7,"") -> 0.15 | V9: 0.27 | W9: =IFERROR(U9-V9,"") -> -0.12
A10: 勞務成本 | B10: 100000 | C10: 105000 | D10: =B10-C10 -> -5000 | E10: =B10+C10 -> 205000 | G10: 固定產線 | H10: 0.95 | I10: 0.9 | J10: 0.92 | K10: 0.91 | L10: 導入率 | M10: 調理麵包 | N10: - | O10: =IFERROR(N10/$B$6,"") | P10: -% | Q10: =IFERROR(O10-P10,"") | S10: 調理麵包 | T10: - | U10: =IFERROR(T10/$B$7,"") | V10: -% | W10: =IFERROR(U10-V10,"")
A11: 勞務費率 | B11: =B10/B6 -> 0.2 | C11: =C10/C6 -> 0.20588235 | D11: =B11-C11 -> -0.0058823529 | E11: =(B11+C11)/2 -> 0.20294118 | G11: 教育訓練 | H11: 0.8 | I11: 0.85 | J11: 1 | K11: 0.92 | L11: 實施率 | M11: 袋裝調理麵包 | N11: - | O11: =IFERROR(N11/$B$6,"") | P11: -% | Q11: =IFERROR(O11-P11,"") | S11: 袋裝調理麵包 | T11: - | U11: =IFERROR(T11/$B$7,"") | V11: -% | W11: =IFERROR(U11-V11,"")
M12: 義大利麵 | N12: - | O12: =IFERROR(N12/$B$6,"") | P12: -% | Q12: =IFERROR(O12-P12,"") | S12: 義大利麵 | T12: - | U12: =IFERROR(T12/$B$7,"") | V12: -% | W12: =IFERROR(U12-V12,"")
A13: （５）品群別人時生產性 | M13: 調理包 | N13: - | O13: =IFERROR(N13/$B$6,"") | P13: -% | Q13: =IFERROR(O13-P13,"") | S13: 調理包 | T13: - | U13: =IFERROR(T13/$B$7,"") | V13: -% | W13: =IFERROR(U13-V13,"")
B14: 當月 | C14: 前月 | D14: 差異 | E14: 累計 | H14: 當月 | I14: 前月 | J14: 差異 | K14: 累計 | O14: =SUM(O6:O13) -> 1 | P14: =SUM(P6:P13) -> 1 | U14: =SUM(U6:U13) -> 1 | V14: =SUM(V6:V13) -> 1
A15: 飯糰 | B15: 600 | C15: 660 | D15: =B15-C15 -> -60 | E15: =(B15+C15)/2 -> 630 | G15: 調理麵包 | J15: =H15-I15 -> 0 | M15: （７）原因別分析
A16: 大口飯糰 | B16: 800 | C16: 780 | D16: =B16-C16 -> 20 | E16: =(B16+C16)/2 -> 790 | G16: 袋裝調理麵包 | J16: =H16-I16 -> 0 | N16: 合計 | P16: 作業原因 | R16: 規格原因
A17: 便當 | B17: 130 | C17: 111 | D17: =B17-C17 -> 19 | E17: =(B17+C17)/2 -> 120.5 | G17: 義大利麵 | J17: =H17-I17 -> 0 | N17: 金額 | O17: 比例 | P17: 金額 | Q17: 比例 | R17: 金額 | S17: 比例
A18: 調理麵 | B18: 140 | C18: 165 | D18: =B18-C18 -> -25 | E18: =(B18+C18)/2 -> 152.5 | G18: 調理包 | J18: =H18-I18 -> 0 | M18: 半成品報廢 | N18: 1200 | O18: =N18/$B$6 -> 0.0024 | P18: 900 | Q18: =IFERROR(P18/$B$6,"") -> 0.0018 | R18: 300 | S18: =IFERROR(R18/$B$6,"") -> 0.0006
M19: 半成品超用 | N19: 4500 | O19: =N19/$B$6 -> 0.009 | P19: 3500 | Q19: =IFERROR(P19/$B$6,"") -> 0.007 | R19: 1000 | S19: =IFERROR(R19/$B$6,"") -> 0.002
A20: （６）人時生產性前幾名品項
B21: 排名 | C21: 商品名 | F21: 人數 | G21: 產能 | H21: 人時生產性 | I21: 前月比 | J21: 主要原因&對策 | M21: （８）報廢原因別前幾名品項
A22: 飯糰 | B22: 1 | C22: 手巻明太子 | F22: 3 | G22: 3000 | H22: 1000 | I22: 10 | J22: 減少暫時停止生產,人時UP | M22: 半成品報廢 | N22: 排名 | O22: 商品名 | R22: 半成品名 | U22: 單價 | V22: 報廢率 | W22: 數量 | X22: 金額 | Y22: 前月比 | Z22: 主要原因&對策
B23: 2 | M23: 作業原因 | N23: 1 | O23: 明太子海苔便當 | R23: 油炸白身魚 | U23: 10 | V23: 0.15 | W23: 10 | X23: =W23*U23 -> 100 | Y23: 80 | Z23: 油調過多報廢。變更條件。
B24: 3 | N24: 2 | X24: =W24*U24 -> 0
B25: 4 | N25: 3 | X25: =W25*U25 -> 0
B26: 5 | N26: 4 | X26: =W26*U26 -> 0
B27: ▼1 | C27: 手巻卵黄雞絞肉 | F27: 4 | G27: 2800 | H27: 700 | I27: 6/30新商品 | J27: 因組裝2食材,人員增加,產速減少 | N27: 5 | X27: =W27*U27 -> 0
B28: ▼2 | U28: 前幾名合計比例 | V28: =X28/N18 -> 0.083333333 | W28: 前幾名合計金額 | X28: =SUM(X23:X27) -> 100
B29: ▼3 | M29: 規格原因 | N29: 1 | O29: 海老炒飯 | R29: 川燙蝦子拌醬 | U29: 5.55 | V29: 0.21 | W29: 50 | X29: =W29*U29 -> 277.5 | Y29: 35 | Z29: 蝦子入數不足
B30: ▼4 | N30: 2 | X30: =W30*U30 -> 0
B31: ▼5 | N31: 3 | X31: =W31*U31 -> 0
N32: 4 | X32: =W32*U32 -> 0
B33: 排名 | C33: 商品名 | F33: 人數 | G33: 產能 | H33: 人時生產性 | I33: 前月比 | J33: 主要原因&對策 | N33: 5 | X33: =W33*U33 -> 0
A34: 大口飯糰 | B34: 1 | C34: 直巻明太子美奶茲 | F34: 3 | G34: 2500 | H34: 833.33 | I34: 20 | J34: 透由調整速度提升。 | U34: 前幾名合計比例 | V34: =X34/N18 -> 0.23125 | W34: 前幾名合計金額 | X34: =SUM(X29:X33) -> 277.5
B35: 2
B36: 3 | M36: 半成品超用 | N36: 排名 | O36: 商品名 | R36: 半成品名 | U36: 單價 | V36: 報廢率 | W36: 數量 | X36: 金額 | Y36: 前月比 | Z36: 主要原因&對策
B37: 4 | M37: 作業原因 | N37: 1 | O37: 特製醬汁炙燒牛五花便當 | R37: 牛五花醬汁 | U37: 25 | V37: 0.25 | W37: 10 | X37: =W37*U37 -> 250 | Y37: 150 | Z37: 難度有差異。調理指導。
B38: 5 | N38: 2 | X38: =W38*U38 -> 0
B39: ▼1 | C39: 大口飯糰燒肉美奶滋 | F39: 7 | G39: 2200 | H39: 314.29 | I39: -15 | J39: 因摺疊增員。實施教育訓練。 | N39: 3 | X39: =W39*U39 -> 0
B40: ▼2 | N40: 4 | X40: =W40*U40 -> 0
B41: ▼3 | N41: 5 | X41: =W41*U41 -> 0
B42: ▼4 | U42: 前幾名合計比例 | V42: =X42/N19 -> 0.055555556 | W42: 前幾名合計金額 | X42: =SUM(X37:X41) -> 250
B43: ▼5 | M43: 規格原因 | N43: 1 | O43: 特製醬汁炙燒牛五花便當 | R43: 牛五花燒成 | U43: 30 | V43: 0.1 | W43: 20 | X43: =W43*U43 -> 600 | Y43: 400 | Z43: 因原料變更。
N44: 2 | X44: =W44*U44 -> 0
B45: 排名 | C45: 商品名 | F45: 人數 | G45: 產能 | H45: 人時生產性 | I45: 前月比 | J45: 主要原因&對策 | N45: 3 | X45: =W45*U45 -> 0
A46: 便當 | B46: 1 | C46: 明太子海苔便當 | F46: 15 | G46: 1200 | H46: 80 | I46: 5 | J46: 指導鋪開炒柴魚片 | N46: 4 | X46: =W46*U46 -> 0
B47: 2 | N47: 5 | X47: =W47*U47 -> 0
B48: 3 | U48: 前幾名合計比例 | V48: =X48/N19 -> 0.13333333 | W48: 前幾名合計金額 | X48: =SUM(X43:X47) -> 600
B49: 4
B50: 5 | M50: （９）歩留
B51: ▼1 | C51: 特製醬汁炙燒牛五花便當 | F51: 18 | G51: 800 | H51: 44.44 | I51: -15 | J51: 肉狀態不良，已連動開發 | N51: No. | O51: 商品名 | R51: 半成品名 | U51: 單價 | V51: 規格 | W51: 實績 | X51: 差異 | Y51: 主要原因&對策
B52: ▼2 | M52: 作業原因 | N52: 1 | O52: 特製醬汁炙燒牛五花便當 | R52: 牛五花燒成 | U52: 30 | V52: 0.62 | W52: 0.58 | X52: =W52-V52 -> -0.04 | Y52: 燒成過多，調整調理條件。
B53: ▼3 | N53: 2 | X53: =W53-V53 -> 0
B54: ▼4 | M54: 規格原因 | N54: 1 | O54: 大口飯糰三種起司午餐肉 | R54: ３種起司燒成 | U54: 20 | V54: 0.9 | W54: 0.82 | X54: =W54-V54 -> -0.08 | Y54: 與燒成範本不同。
B55: ▼5 | N55: 2 | X55: =W55-V55 -> 0

Sheet 生產管理報表(月)
A1: 生產管理報表
A3: 月別 | B3: 10 | C3: 工廠 | D3: 晉欣廠
A4: （１）收支狀況 | E4: ※單位：千元 | G4: （２）ＫＰＩ達成進度
A5: 項目 | B5: 當月 | C5: 前月 | D5: 差異 | E5: 累計 | G5: 項目 | H5: KPI | I5: 當月 | J5: 前月 | K5: 累計 | L5: ※補充
A6: 業績金額 | B6: ='（１）收支狀況'!H10/1000 -> 173020.84 | C6: 224463.49 | D6: =B6-C6 -> -51442.651 | E6: =B6 -> 173020.84 | G6: 人時性(個/月均) | H6: 266 | I6: ='（２）ＫＰＩ達成進度'!H6 -> 0 | J6: 330.21458 | K6: =I6 -> 0 | L6: 個／MH
A7: 訂單數量 | B7: ='（１）收支狀況'!K10 -> 5357363 | C7: 6964636 | D7: =B7-C7 -> -1607273 | E7: =B7 -> 5357363 | G7: 人時達成率(%/月均) | H7: 0.8 | I7: ='（２）ＫＰＩ達成進度'!K6 -> 0 | J7: 0.90222562 | K7: =I7 -> 0 | L7: 達成率
A8: 材料費 | B8: ='（１）收支狀況'!N10/1000 -> 117386.46 | C8: 150244.29 | D8: =B8-C8 -> -32857.832 | E8: =B8 -> 117386.46 | G8: 半成品-報廢(%) | H8: 0.0025 | I8: ='（２）ＫＰＩ達成進度'!N6 -> 0 | J8: 0.0024646257 | K8: =I8 -> 0 | L8: 報廢率
A9: 材料費率 | B9: ='（１）收支狀況'!Q10 -> 0.67845274 | C9: 0.66934847 | D9: =B9-C9 -> 0.0091042667 | E9: =B9 -> 0.67845274 | G9: 半成品-超用(%) | H9: 0.0026 | I9: ='（２）ＫＰＩ達成進度'!Q6 -> 0 | J9: 0.0023405371 | K9: =I9 -> 0 | L9: 超用率
A10: 勞務成本 | B10: ='（１）收支狀況'!T10/1000 -> 25696.432 | C10: 32105.787 | D10: =B10-C10 -> -6409.3546 | E10: =B10 -> 25696.432 | G10: 固定產線-導入率(%) | H10: 0.8 | I10: ='（２）ＫＰＩ達成進度'!T6 -> 0 | J10: 0.91666667 | K10: =I10 -> 0 | L10: 導入率
A11: 勞務費率 | B11: ='（１）收支狀況'!W10 -> 0.1485164 | C11: 0.14303345 | D11: =B11-C11 -> 0.0054829534 | E11: =B11 -> 0.1485164 | G11: 教育訓練-實施率(%) | H11: 1 | I11: ='（２）ＫＰＩ達成進度'!W6 -> 0 | J11: 0.84941935 | K11: =I11 -> 0 | L11: 實施率
A13: （３）業績構成比 | G13: （４）訂單數量構成比
B14: 當月 | C14: 比例 | D14: 前月 | E14: 差異 | H14: 當月 | I14: 比例 | J14: 前月 | K14: 差異
A15: 18℃-飯A15:A23糰(061,063) | B15: ='（３）業績構成比'!M46/1000 -> 31318.013 | C15: =IFERROR(B15/$B$6,"") -> 0.18100717 | D15: 0.19061186 | E15: =IFERROR(C15-D15,"") -> -0.0096046845 | G15: 18℃-飯A15:A23糰(061,063) | H15: ='（４）訂單數量構成比'!M46 -> 1711239 | I15: =IFERROR(H15/$B$7,"") -> 0.31941815 | J15: 0.33067557 | K15: =IFERROR(I15-J15,"") -> -0.011257419
A16: 18℃-壽司手卷(071,072,075,076) | B16: ='（３）業績構成比'!S46/1000 -> 4751.7949 | C16: =IFERROR(B16/$B$6,"") -> 0.027463715 | D16: 0.042789234 | E16: =IFERROR(C16-D16,"") -> -0.015325519 | G16: 18℃-壽司手卷(071,072,075,076) | H16: ='（４）訂單數量構成比'!S47 -> 188373 | I16: =IFERROR(H16/$B$7,"") -> 0.035161515 | J16: 0.061681041 | K16: =IFERROR(I16-J16,"") -> -0.026519526
A17: 4℃-飯糰(065) | B17: ='（３）業績構成比'!U46/1000 -> 29593.653 | C17: =IFERROR(B17/$B$6,"") -> 0.17104098 | D17: 0.086938303 | E17: =IFERROR(C17-D17,"") -> 0.084102675 | G17: 4℃-飯糰(065) | H17: ='（４）訂單數量構成比'!U46 -> 917107 | I17: =IFERROR(H17/$B$7,"") -> 0.17118627 | J17: 0.082530228 | K17: =IFERROR(I17-J17,"") -> 0.088656044
A18: 4℃-壽司手卷(077) | B18: ='（３）業績構成比'!W46/1000 -> 748.77842 | C18: =IFERROR(B18/$B$6,"") -> 0.0043276777 | D18: 0.014659146 | E18: =IFERROR(C18-D18,"") -> -0.010331468 | G18: 4℃-壽司手卷(077) | H18: ='（４）訂單數量構成比'!W46 -> 27971 | I18: =IFERROR(H18/$B$7,"") -> 0.0052210388 | J18: 0.016773741 | K18: =IFERROR(I18-J18,"") -> -0.011552702
A19: 主食(091,092,093,094,095) | B19: ='（３）業績構成比'!AC46/1000 -> 46235.474 | C19: =IFERROR(B19/$B$6,"") -> 0.26722489 | D19: 0.24409178 | E19: =IFERROR(C19-D19,"") -> 0.023133113 | G19: 主食(091,092,093,094,095) | H19: ='（４）訂單數量構成比'!AC46 -> 1183494 | I19: =IFERROR(H19/$B$7,"") -> 0.2209098 | J19: 0.1967306 | K19: =IFERROR(I19-J19,"") -> 0.024179205
A20: 便當(083) | B20: ='（３）業績構成比'!AE46/1000 -> 22197.803 | C20: =IFERROR(B20/$B$6,"") -> 0.12829555 | D20: 0.13979724 | E20: =IFERROR(C20-D20,"") -> -0.01150169 | G20: 便當(083) | H20: ='（４）訂單數量構成比'!AE46 -> 396044 | I20: =IFERROR(H20/$B$7,"") -> 0.073925176 | J20: 0.079797709 | K20: =IFERROR(I20-J20,"") -> -0.005872534
A21: 熱食義麵(122,123,124,126) | B21: ='（３）業績構成比'!AG46/1000 -> 13894.003 | C21: =IFERROR(B21/$B$6,"") -> 0.080302484 | D21: 0.13619627 | E21: =IFERROR(C21-D21,"") -> -0.055893782 | G21: 熱食義麵(122,123,124,126) | H21: ='（４）訂單數量構成比'!AG46 -> 279297 | I21: =IFERROR(H21/$B$7,"") -> 0.052133298 | J21: 0.090009011 | K21: =IFERROR(I21-J21,"") -> -0.037875714
A22: 季節調理麵(111,112) | B22: ='（３）業績構成比'!AI46/1000 -> 10522.331 | C22: =IFERROR(B22/$B$6,"") -> 0.060815396 | D22: 0.068175374 | E22: =IFERROR(C22-D22,"") -> -0.0073599778 | G22: 季節調理麵(111,112) | H22: ='（４）訂單數量構成比'!AI46 -> 284245 | I22: =IFERROR(H22/$B$7,"") -> 0.053056886 | J22: 0.05972114 | K22: =IFERROR(I22-J22,"") -> -0.0066642534
A23: 微波小吃(153,154,155) | B23: ='（３）業績構成比'!AK46/1000 -> 10617.5 | C23: =IFERROR(B23/$B$6,"") -> 0.061365444 | D23: 0.076740802 | E23: =IFERROR(C23-D23,"") -> -0.015375359 | G23: 微波小吃(153,154,155) | H23: ='（４）訂單數量構成比'!AK46 -> 369593 | I23: =IFERROR(H23/$B$7,"") -> 0.068987858 | J23: 0.082080959 | K23: =IFERROR(I23-J23,"") -> -0.0130931
C24: =SUM(C15:C23) -> 0.98184331 | D24: =SUM(D15:D23) -> 1 | I24: =SUM(I15:I23) -> 1 | J24: =SUM(J15:J23) -> 1
A26: （５）品群別人時生產性
A27: 品群 | B27: 當月 | C27: 前月 | D27: 差異 | E27: 累計 | M27: 8月 | N27: 9月 | O27: 10月 | P27: 11月 | Q27: 12月
A28: 18℃-飯A15:A23糰(061,063) | B28: ='（５-1）品群別人時生產性（18℃-飯糰）'!$C$1 -> 793.62477 | C28: 756.20247 | D28: =B28-C28 -> 37.4223 | E28: =R28 -> 755.57615 | M28: 717.52753 | N28: =B28 -> 793.62477 | R28: =AVERAGE(M28:Q28) -> 755.57615
A29: 18℃-壽司手卷(071,072,075,076) | B29: ='（５-2）品群別人時生產性（18-壽司手卷)'!$C$1 -> 166.67639 | C29: 198.82982 | D29: =B29-C29 -> -32.153432 | E29: =R29 -> 182.15455 | M29: 197.63272 | N29: =B29 -> 166.67639 | R29: =AVERAGE(M29:Q29) -> 182.15455
A30: 4℃-飯糰(065) | B30: ='（５-3）品群別人時生產性（4℃-飯糰)'!$C$1 -> 255.61005 | C30: 253.36933 | D30: =B30-C30 -> 2.2407211 | E30: =R30 -> 248.03431 | M30: 240.45857 | N30: =B30 -> 255.61005 | R30: =AVERAGE(M30:Q30) -> 248.03431
A31: 4℃-壽司手卷(077) | B31: ='（５-4）品群別人時生產性（4℃-壽司手卷)'!$C$1 -> 116.15148 | C31: 112.99131 | D31: =B31-C31 -> 3.1601649 | E31: =R31 -> 111.5083 | M31: 106.86512 | N31: =B31 -> 116.15148 | R31: =AVERAGE(M31:Q31) -> 111.5083
A32: 主食(091,092,093,094,095) | B32: ='（５-5）品群別人時生產性(主食) '!$C$1 -> 83.347323 | C32: 85.495684 | D32: =B32-C32 -> -2.1483619 | E32: =R32 -> 86.328875 | M32: 89.310428 | N32: =B32 -> 83.347323 | R32: =AVERAGE(M32:Q32) -> 86.328875
A33: 便當(083) | B33: ='（５-6）品群別人時生產性(便當)'!$C$1 -> 68.578757 | C33: 66.943614 | D33: =B33-C33 -> 1.6351432 | E33: =R33 -> 67.12575 | M33: 65.672742 | N33: =B33 -> 68.578757 | R33: =AVERAGE(M33:Q33) -> 67.12575
A34: 熱食義麵(122,123,124,126) | B34: ='（５-7）品群別人時生產性(熱食義麵) '!$C$1 -> 69.15366 | C34: 80.555861 | D34: =B34-C34 -> -11.402201 | E34: =R34 -> 72.316115 | M34: 75.478569 | N34: =B34 -> 69.15366 | R34: =AVERAGE(M34:Q34) -> 72.316115
A35: 季節調理麵(111,112) | B35: ='（５-8）品群別人時生產性(季節調理麵) '!$C$1 -> 122.96404 | C35: 121.13263 | D35: =B35-C35 -> 1.8314176 | E35: =R35 -> 118.73481 | M35: 114.50557 | N35: =B35 -> 122.96404 | R35: =AVERAGE(M35:Q35) -> 118.73481
A36: 微波小吃(153,154,155) | B36: ='（５-9）品群別人時生產性(微波小吃)'!$C$1 -> 119.54497 | C36: 115.36623 | D36: =B36-C36 -> 4.1787421 | E36: =R36 -> 109.59665 | M36: 99.648342 | N36: =B36 -> 119.54497 | R36: =AVERAGE(M36:Q36) -> 109.59665

Sheet 生產管理報表(週) 
A1: 生產管理報表
A3: 月別 | B3: 1 | C3: 週別 | D3: W4 | E3: 工廠 | F3: 晉欣廠
A4: （１）收支狀況 | E4: ※單位：千元 | G4: （２）ＫＰＩ達成進度
A5: 項目 | B5: 當週 | C5: 前週 | D5: 差異 | E5: 累計 | G5: 項目 | H5: KPI | I5: 當週 | J5: 前週 | K5: 累計 | L5: ※補充
A6: 業績金額 | B6: ='（１）收支狀況'!G24/1000 -> 46317.667 | C6: 45268.529 | D6: =B6-C6 -> 1049.138 | E6: ='（１）收支狀況'!H10/1000 -> 173020.84 | G6: 人時性(個/月均) | H6: 366 | I6: ='（２）ＫＰＩ達成進度'!G24 -> 319.62808 | J6: 324.31202 | K6: ='（２）ＫＰＩ達成進度'!H10 -> 325.64656 | L6: 個／MH
A7: 訂單數量 | B7: ='（１）收支狀況'!J24 -> 1417743 | C7: 1418907 | D7: =B7-C7 -> -1164 | E7: ='（１）收支狀況'!K10 -> 5357363 | G7: 人時達成率(%/月均) | H7: 0.8 | I7: ='（２）ＫＰＩ達成進度'!J24 -> 0.87330078 | J7: 0.8860984 | K7: ='（２）ＫＰＩ達成進度'!K10 -> 0.74623749 | L7: 達成率
A8: 材料費 | B8: ='（１）收支狀況'!M24/1000 -> 31369.885 | C8: 30710.089 | D8: =B8-C8 -> 659.796 | E8: ='（１）收支狀況'!N10/1000 -> 117386.46 | G8: 半成品-報廢(%) | H8: 0.0025 | I8: ='（２）ＫＰＩ達成進度'!M24 -> 0.0024570681 | J8: 0.0024593138 | K8: ='（２）ＫＰＩ達成進度'!N10 -> 0.0024542705 | L8: 報廢率
A9: 材料費率 | B9: ='（１）收支狀況'!P24 -> 0.67788001 | C9: 0.67914908 | D9: =B9-C9 -> -0.0012690656 | E9: ='（１）收支狀況'!Q10 -> 0.67845274 | G9: 半成品-超用(%) | H9: 0.0026 | I9: ='（２）ＫＰＩ達成進度'!P24 -> 0.0021485655 | J9: 0.0022624161 | K9: ='（２）ＫＰＩ達成進度'!Q10 -> 0.002228393 | L9: 超用率
A10: 勞務成本 | B10: ='（１）收支狀況'!S24/1000 -> 7028.2606 | C10: =6751568.6139492/1000 -> 6751.5686 | D10: =B10-C10 -> 276.69199 | E10: ='（１）收支狀況'!T10/1000 -> 25696.432 | G10: 固定產線-導入率(%) | H10: 0.8 | I10: 0.917 | J10: 0.917 | K10: 0.917 | L10: 導入率
A11: 勞務費率 | B11: ='（１）收支狀況'!V24 -> 0.15259304 | C11: 0.14974822 | D11: =B11-C11 -> 0.0028448212 | E11: ='（１）收支狀況'!W10 -> 0.1485164 | G11: 教育訓練-實施率(%) | H11: 1 | I11: ='（２）ＫＰＩ達成進度'!V24 -> 0.062142857 | J11: 0.040428571 | K11: ='（２）ＫＰＩ達成進度'!W10 -> 0.034730769 | L11: 實施率
A13: （３）業績構成比 | G13: （４）訂單數量構成比
B14: 當週 | C14: 比例 | D14: 前週 | E14: 差異 | H14: 當週 | I14: 比例 | J14: 前週 | K14: 差異
A15: 18℃-飯糰(061,063) | B15: =SUM('（３）業績構成比'!I26:I32,'（３）業績構成比'!K26:K32)/1000 -> 8923.3191 | C15: =IFERROR(B15/$B$6,"") -> 0.19265476 | D15: 0.19395127 | E15: =IFERROR(C15-D15,"") -> -0.0012965038 | G15: 18℃-飯糰(061,063) | H15: =SUM(,'（４）訂單數量構成比'!I26:I32,'（４）訂單數量構成比'!K26:K32) -> 463176 | I15: =IFERROR(H15/$B$7,"") -> 0.32669955 | J15: 0.32623844 | K15: =IFERROR(I15-J15,"") -> 0.00046111428
A16: 18℃-壽司手卷(071,072,075,076) | B16: =SUM('（３）業績構成比'!O26:O32,'（３）業績構成比'!Q26:Q32)/1000 -> 1239.499 | C16: =IFERROR(B16/$B$6,"") -> 0.026760825 | D16: 0.02825388 | E16: =IFERROR(C16-D16,"") -> -0.0014930551 | G16: 18℃-壽司手卷(071,072,075,076) | H16: =SUM('（４）訂單數量構成比'!O26:O32,'（４）訂單數量構成比'!Q26:Q32) -> 47156 | I16: =IFERROR(H16/$B$7,"") -> 0.033261317 | J16: 0.033990952 | K16: =IFERROR(I16-J16,"") -> -0.00072963473
A17: 4℃-飯糰(065) | B17: =SUM('（３）業績構成比'!U26:U32)/1000 -> 7536.0154 | C17: =IFERROR(B17/$B$6,"") -> 0.16270283 | D17: 0.17587603 | E17: =IFERROR(C17-D17,"") -> -0.013173206 | G17: 4℃-飯糰(065) | H17: =SUM('（４）訂單數量構成比'!U26:U32) -> 231787 | I17: =IFERROR(H17/$B$7,"") -> 0.16349014 | J17: 0.17294509 | K17: =IFERROR(I17-J17,"") -> -0.0094549519
A18: 4℃-壽司手卷(077) | B18: =SUM('（３）業績構成比'!W26:W32)/1000 -> 214.15439 | C18: =IFERROR(B18/$B$6,"") -> 0.0046236005 | D18: 0.0057024601 | E18: =IFERROR(C18-D18,"") -> -0.0010788596 | G18: 4℃-壽司手卷(077) | H18: =SUM('（４）訂單數量構成比'!W26:W32) -> 7949 | I18: =IFERROR(H18/$B$7,"") -> 0.005606799 | J18: 0.0067446281 | K18: =IFERROR(I18-J18,"") -> -0.0011378291
A19: 主食(091,092,093,094,095) | B19: =SUM('（３）業績構成比'!Y26:Y32,'（３）業績構成比'!AA26:AA32)/1000 -> 12719.639 | C19: =IFERROR(B19/$B$6,"") -> 0.27461744 | D19: 0.27408784 | E19: =IFERROR(C19-D19,"") -> 0.00052960689 | G19: 主食(091,092,093,094,095) | H19: =SUM('（４）訂單數量構成比'!Y26:Y32,'（４）訂單數量構成比'!AA26:AA32) -> 311499 | I19: =IFERROR(H19/$B$7,"") -> 0.21971472 | J19: 0.21722002 | K19: =IFERROR(I19-J19,"") -> 0.0024947004
A20: 便當(083) | B20: =SUM('（３）業績構成比'!AE26:AE32)/1000 -> 6199.0593 | C20: =IFERROR(B20/$B$6,"") -> 0.1338379 | D20: 0.13017356 | E20: =IFERROR(C20-D20,"") -> 0.0036643395 | G20: 便當(083) | H20: =SUM('（４）訂單數量構成比'!AE26:AE32) -> 108834 | I20: =IFERROR(H20/$B$7,"") -> 0.076765676 | J20: 0.073864601 | K20: =IFERROR(I20-J20,"") -> 0.0029010747
A21: 熱食義麵(122,123,124,126) | B21: =SUM('（３）業績構成比'!AG26:AG32)/1000 -> 4462.9953 | C21: =IFERROR(B21/$B$6,"") -> 0.09635622 | D21: 0.061910251 | E21: =IFERROR(C21-D21,"") -> 0.034445969 | G21: 熱食義麵(122,123,124,126) | H21: =SUM('（４）訂單數量構成比'!AG26:AG32) -> 88212 | I21: =IFERROR(H21/$B$7,"") -> 0.062220022 | J21: 0.040586169 | K21: =IFERROR(I21-J21,"") -> 0.021633852
A22: 季節調理麵(111,112) | B22: =SUM('（３）業績構成比'!AI26:AI32)/1000 -> 2622.3642 | C22: =IFERROR(B22/$B$6,"") -> 0.056616933 | D22: 0.06834338 | E22: =IFERROR(C22-D22,"") -> -0.011726447 | G22: 季節調理麵(111,112) | H22: =SUM('（４）訂單數量構成比'!AI26:AI32) -> 70828 | I22: =IFERROR(H22/$B$7,"") -> 0.049958279 | J22: 0.058838247 | K22: =IFERROR(I22-J22,"") -> -0.0088799679
A23: 微波小吃(153,154,155) | B23: =SUM('（３）業績構成比'!AK26:AK32)/1000 -> 2400.621 | C23: =IFERROR(B23/$B$6,"") -> 0.051829488 | D23: 0.061701333 | E23: =IFERROR(C23-D23,"") -> -0.0098718449 | G23: 微波小吃(153,154,155) | H23: =SUM('（４）訂單數量構成比'!AK26:AK32) -> 88302 | I23: =IFERROR(H23/$B$7,"") -> 0.062283503 | J23: 0.069571861 | K23: =IFERROR(I23-J23,"") -> -0.0072883579
C24: =SUM(C15:C23) -> 1 | D24: =SUM(D15:D23) -> 1 | I24: =SUM(I15:I23) -> 1 | J24: =SUM(J15:J23) -> 1
A26: （５）品群別人時生產性
A27: 品群 | B27: 當週 | C27: 前週 | D27: 差異 | E27: 累計
A28: 18℃-飯糰(061,063) | B28: ='（５-1）品群別人時生產性（18℃-飯糰）'!L112 -> 781.25061 | C28: 798.99546 | D28: =B28-C28 -> -17.744847 | E28: ='（５-1）品群別人時生產性（18℃-飯糰）'!C1 -> 793.62477
A29: 18℃-壽司手卷(071,072,075,076) | B29: ='（５-2）品群別人時生產性（18-壽司手卷)'!L67 -> 163.617 | C29: 170.64701 | D29: =B29-C29 -> -7.0300049 | E29: ='（５-2）品群別人時生產性（18-壽司手卷)'!C1 -> 166.67639
A30: 4℃-飯糰(065) | B30: ='（５-3）品群別人時生產性（4℃-飯糰)'!L67 -> 261.47141 | C30: 253.3711 | D30: =B30-C30 -> 8.1003126 | E30: ='（５-3）品群別人時生產性（4℃-飯糰)'!C1 -> 255.61005
A31: 4℃-壽司手卷(077) | B31: ='（５-4）品群別人時生產性（4℃-壽司手卷)'!L67 -> 115.15926 | C31: 116.5385 | D31: =B31-C31 -> -1.3792482 | E31: ='（５-4）品群別人時生產性（4℃-壽司手卷)'!C1 -> 116.15148
A32: 主食(091,092,093,094,095) | B32: ='（５-5）品群別人時生產性(主食) '!L112 -> 83.230484 | C32: 81.431949 | D32: =B32-C32 -> 1.7985349 | E32: ='（５-5）品群別人時生產性(主食) '!C1 -> 83.347323
A33: 便當(083) | B33: ='（５-6）品群別人時生產性(便當)'!L67 -> 67.487137 | C33: 67.719465 | D33: =B33-C33 -> -0.23232824 | E33: ='（５-6）品群別人時生產性(便當)'!C1 -> 68.578757
A34: 熱食義麵(122,123,124,126) | B34: ='（５-7）品群別人時生產性(熱食義麵) '!L67 -> 76.533 | C34: 64.587995 | D34: =B34-C34 -> 11.945005 | E34: ='（５-7）品群別人時生產性(熱食義麵) '!C1 -> 69.15366
A35: 季節調理麵(111,112) | B35: ='（５-8）品群別人時生產性(季節調理麵) '!L67 -> 124.61853 | C35: 122.65859 | D35: =B35-C35 -> 1.9599491 | E35: ='（５-8）品群別人時生產性(季節調理麵) '!C1 -> 122.96404
A36: 微波小吃(153,154,155) | B36: ='（５-9）品群別人時生產性(微波小吃)'!L67 -> 127.09568 | C36: 110.53389 | D36: =B36-C36 -> 16.561785 | E36: ='（５-9）品群別人時生產性(微波小吃)'!C1 -> 119.54497

Sheet （１）收支狀況
B2: （１）收支狀況
C3: 月份 | D3: 日期 | F3: 營業額(元) | I3: 訂單數量(個) | L3: 材料費(元) | O3: 材料費率（材料費／營業額） | R3: 勞務成本（全廠人事成本） | U3: 勞務費率（勞務成本／營業額）
F4: 日 | G4: 週累積 | H4: 月累積 | I4: 日 | J4: 週累積 | K4: 月累積 | L4: 日 | M4: 週累積 | N4: 月累積 | O4: 日 | P4: 週累積 | Q4: 月平均 | R4: 日 | S4: 週累積 | T4: 月累積 | U4: 日 | V4: 週累積 | W4: 月平均
D5: =D4+1 -> 1 | E5: 四 | F5: 6681403 | I5: 205236 | L5: 4898484 | O5: =L5/F5 -> 0.733152 | P5: =AVERAGE(O5:O9) -> 0.68053029 | R5: 1023941.3 | V5: =AVERAGE(U5:U9) -> 0.14782978
D6: =D5+1 -> 2 | E6: 五 | F6: 5997913 | G6: =SUM(F5:F9) -> 33573872 | I6: 186163 | J6: =SUM(I5:I9) -> 1028457 | L6: 4157041 | M6: =SUM(L5:L9) -> 22826638 | O6: =L6/F6 -> 0.69308124 | R6: 974083.84 | S6: =SUM(R5:R9) -> 4980410.3 | U6: =R6/F6 -> 0.1624038
D7: =D6+1 -> 3 | E7: 六 | F7: 6555328 | I7: 199344 | L7: 4222144 | O7: =L7/F7 -> 0.64407822 | R7: 986619.68 | U7: =R7/F7 -> 0.15050653
D8: =D7+1 -> 4 | E8: 日 | F8: 7070659 | I8: 216721 | L8: 4831528 | O8: =L8/F8 -> 0.68332075 | R8: 995637.68 | U8: =R8/F8 -> 0.14081257
D9: =D8+1 -> 5 | E9: 一 | F9: 7268569 | I9: 220993 | L9: 4717441 | O9: =L9/F9 -> 0.64901922 | R9: 1000127.8 | U9: =R9/F9 -> 0.13759624
D10: =D9+1 -> 6 | E10: 二 | F10: 7452237 | G10: =SUM(F10:F16) -> 47860768 | H10: =SUM(F5:F35) -> 173020836 | I10: 233027 | J10: =SUM(I10:I16) -> 1492256 | K10: =SUM(I5:I35) -> 5357363 | L10: 4938616 | M10: =SUM(L10:L16) -> 32397606 | N10: =SUM(L5:L35) -> 117386460 | O10: =L10/F10 -> 0.66270249 | P10: =AVERAGE(O10:O16) -> 0.67750494 | Q10: =N10/H10 -> 0.67845274 | R10: 1016782 | S10: =SUM(R10:R16) -> 6936192.6 | T10: =SUM(R5:R35) -> 25696432 | U10: =R10/F10 -> 0.13643983 | V10: =AVERAGE(U10:U16) -> 0.1455143 | W10: =T10/H10 -> 0.1485164
D11: =D10+1 -> 7 | E11: 三 | F11: 6995772 | I11: 220329 | L11: 4783118 | O11: =L11/F11 -> 0.68371554 | R11: 999910.52 | U11: =R11/F11 -> 0.14293069
D12: =D11+1 -> 8 | E12: 四 | F12: 6658240 | I12: 207527 | L12: 4678074 | O12: =L12/F12 -> 0.70259919 | R12: 995536.68 | U12: =R12/F12 -> 0.14951949
D13: =D12+1 -> 9 | E13: 五 | F13: 6093782 | I13: 189878 | L13: 3986569 | O13: =L13/F13 -> 0.65420276 | R13: 974790.12 | U13: =R13/F13 -> 0.15996472
D14: =D13+1 -> 10 | E14: 六 | F14: 6273190 | I14: 195163 | L14: 4487904 | O14: =L14/F14 -> 0.71541018 | R14: 963818.1 | U14: =R14/F14 -> 0.15364083
D15: =D14+1 -> 11 | E15: 日 | F15: 7385036 | I15: 229137 | L15: 4878046 | O15: =L15/F15 -> 0.66053111 | R15: 1002559.9 | U15: =R15/F15 -> 0.13575559
D16: =D15+1 -> 12 | E16: 一 | F16: 7002511 | I16: 217195 | L16: 4645279 | O16: =L16/F16 -> 0.66337332 | R16: 982795.26 | U16: =R16/F16 -> 0.14034898
D17: =D16+1 -> 13 | E17: 二 | F17: 6868111 | G17: =SUM(F17:F23) -> 45268529 | I17: 214686 | J17: =SUM(I17:I23) -> 1418907 | L17: 4741632 | M17: =SUM(L17:L23) -> 30792331 | O17: =L17/F17 -> 0.69038372 | P17: =AVERAGE(O17:O23) -> 0.68083524 | R17: 972275.3 | S17: =SUM(R17:R23) -> 6751568.6 | U17: =R17/F17 -> 0.14156371 | V17: =AVERAGE(U17:U23) -> 0.14974822
D18: =D17+1 -> 14 | E18: 三 | F18: 6627112 | I18: 207749 | L18: 4500047 | O18: =L18/F18 -> 0.67903591 | R18: 982210.53 | U18: =R18/F18 -> 0.14821094
D19: =D18+1 -> 15 | E19: 四 | F19: 6144184 | I19: 194623 | L19: 4559519 | O19: =L19/F19 -> 0.74208699 | R19: 975934.4 | U19: =R19/F19 -> 0.15883873
D20: =D19+1 -> 16 | E20: 五 | F20: 5795971 | I20: 183688 | L20: 3930912 | O20: =L20/F20 -> 0.67821457 | R20: 960812.3 | U20: =R20/F20 -> 0.16577245
D21: =D20+1 -> 17 | E21: 六 | F21: 6092113 | I21: 191838 | L21: 4040278 | O21: =L21/F21 -> 0.66319814 | R21: 941219.54 | U21: =R21/F21 -> 0.15449804
D22: =D21+1 -> 18 | E22: 日 | F22: 6822501 | I22: 212538 | L22: 4517752 | O22: =L22/F22 -> 0.66218415 | R22: 966307.41 | U22: =R22/F22 -> 0.14163536
D23: =D22+1 -> 19 | E23: 一 | F23: 6918537 | I23: 213785 | L23: 4502191 | O23: =L23/F23 -> 0.65074321 | R23: 952809.12 | U23: =R23/F23 -> 0.13771829
D24: =D23+1 -> 20 | E24: 二 | F24: 7713415 | G24: =SUM(F24:F30) -> 46317667 | I24: 228373 | J24: =SUM(I24:I30) -> 1417743 | L24: 5217118 | M24: =SUM(L24:L30) -> 31369885 | O24: =L24/F24 -> 0.67636942 | P24: =AVERAGE(O24:O30) -> 0.67788001 | R24: 1117488.3 | S24: =SUM(R24:R30) -> 7028260.6 | U24: =R24/F24 -> 0.14487595 | V24: =AVERAGE(U24:U30) -> 0.15259304
D25: =D24+1 -> 21 | E25: 三 | F25: 6863386 | I25: 211084 | L25: 4747084 | O25: =L25/F25 -> 0.69165336 | R25: 1098839.9 | U25: =R25/F25 -> 0.16010172
D26: =D25+1 -> 22 | E26: 四 | F26: 6394057 | I26: 197525 | L26: 4356271 | O26: =L26/F26 -> 0.68129999 | R26: 1045894.8 | U26: =R26/F26 -> 0.16357296
D27: =D26+1 -> 23 | E27: 五 | F27: 5574275 | I27: 174499 | L27: 3918701 | O27: =L27/F27 -> 0.70299743 | R27: 938389.9 | U27: =R27/F27 -> 0.16834295
D28: =D27+1 -> 24 | E28: 六 | F28: 5940745 | I28: 183312 | L28: 3957428 | O28: =L28/F28 -> 0.66615012 | R28: 935116.84 | U28: =R28/F28 -> 0.15740733
D29: =D28+1 -> 25 | E29: 日 | F29: 7104289 | I29: 215741 | L29: 4675574 | O29: =L29/F29 -> 0.65813398 | R29: 946557.22 | U29: =R29/F29 -> 0.13323743
D30: =D29+1 -> 26 | E30: 一 | F30: 6727500 | I30: 207209 | L30: 4497709 | O30: =L30/F30 -> 0.66855578 | R30: 945973.6 | U30: =R30/F30 -> 0.14061295
D31: =D30+1 -> 27 | E31: 二 | G31: =SUM(F31:F37) -> 0 | J31: =SUM(I31:I37) -> 0 | M31: =SUM(L31:L37) -> 0 | O31: =L31/F31 -> #DIV/0! | P31: =AVERAGE(O31:O37) -> #DIV/0! | S31: =SUM(R31:R37) -> 0 | U31: =R31/F31 -> #DIV/0! | V31: =AVERAGE(U31:U37) -> #DIV/0!
D32: =D31+1 -> 28 | E32: 三 | O32: =L32/F32 -> #DIV/0! | U32: =R32/F32 -> #DIV/0!
D33: =D32+1 -> 29 | E33: 四 | O33: =L33/F33 -> #DIV/0! | U33: =R33/F33 -> #DIV/0!
D34: =D33+1 -> 30 | E34: 五 | O34: =L34/F34 -> #DIV/0! | U34: =R34/F34 -> #DIV/0!
D35: =D34+1 -> 31 | E35: 六 | O35: =L35/F35 -> #DIV/0! | U35: =R35/F35 -> #DIV/0!
D36: =D35+1 -> 32 | E36: 日 | O36: =L36/F36 -> #DIV/0! | U36: =R36/F36 -> #DIV/0!
D37: =D36+1 -> 33 | E37: 一 | O37: =L37/F37 -> #DIV/0! | U37: =R37/F37 -> #DIV/0!
O38: =L38/F38 -> #DIV/0! | U38: =R38/F38 -> #DIV/0!
O39: =L39/F39 -> #DIV/0! | U39: =R39/F39 -> #DIV/0!
O40: =L40/F40 -> #DIV/0! | U40: =R40/F40 -> #DIV/0!
O41: =L41/F41 -> #DIV/0! | U41: =R41/F41 -> #DIV/0!

Sheet （２）ＫＰＩ達成進度
B1: KPI | C1: 366
B2: （２）ＫＰＩ達成進度
C3: 月份 | D3: 日期 | F3: 人時生產性(個/人) | I3: 人時生產性達成率(%) | L3: 半成品報廢(%) | O3: 半成品超用(%) | R3: 固定產線-導入率(固定產線數/總產線數) | U3: 教育訓練-實施率(進度/計畫)
F4: 日 | G4: 週平均 | H4: 月平均 | I4: 日 | J4: 週平均 | K4: 月平均 | L4: 日 | M4: 週平均 | N4: 月平均 | O4: 日 | P4: 週平均 | Q4: 月平均 | R4: 日 | S4: 週平均 | T4: 月平均 | U4: 日 | V4: 週平均 | W4: 月平均
D5: =D4+1 -> 1 | E5: 四 | F5: 319.61673 | G5: =AVERAGE(F5:F9) -> 327.58112 | I5: =F5/$C$1 -> 0.87326975 | J5: =AVERAGE(I5:I9) -> 0.89503037 | L5: 0.002477773 | M5: =AVERAGE(L5:L9) -> 0.0024553281 | O5: 0.0021782001 | P5: =AVERAGE(O5:O9) -> 0.0022669514 | R5: 0.91666667 | S5: =AVERAGE(R5:R9) -> 0.91666667 | U5: 0 | V5: =AVERAGE(U5:U9) -> 0.007
D6: =D5+1 -> 2 | E6: 五 | F6: 326.96087 | I6: =F6/$C$1 -> 0.89333571 | L6: 0.0024570213 | O6: 0.0026228821 | R6: 0.91666667 | U6: 0
D7: =D6+1 -> 3 | E7: 六 | F7: 329.7149 | I7: =F7/$C$1 -> 0.90086037 | L7: 0.0024390847 | O7: 0.0024054394 | R7: 0.91666667 | U7: 0.01
D8: =D7+1 -> 4 | E8: 日 | F8: 330.80654 | I8: =F8/$C$1 -> 0.90384301 | L8: 0.0024610153 | O8: 0.0021868876 | R8: 0.91666667 | U8: 0.01
D9: =D8+1 -> 5 | E9: 一 | F9: 330.80654 | I9: =F9/$C$1 -> 0.90384301 | L9: 0.0024417461 | O9: 0.0019413477 | R9: 0.91666667 | U9: 0.015
D10: =D9+1 -> 6 | E10: 二 | F10: 329.83195 | G10: =AVERAGE(F10:F16) -> 331.61776 | H10: =AVERAGE(F5:F35) -> 325.64656 | I10: =F10/$C$1 -> 0.90118018 | J10: =AVERAGE(I10:I16) -> 0.90605945 | K10: =AVERAGE(I5:I35) -> 0.74623749 | L10: 0.0024500026 | M10: =AVERAGE(L10:L16) -> 0.0024456743 | N10: =AVERAGE(L5:L35) -> 0.0024542705 | O10: 0.0019844694 | P10: =AVERAGE(O10:O16) -> 0.0022466556 | Q10: =AVERAGE(O5:O35) -> 0.002228393 | R10: 0.91666667 | S10: =AVERAGE(R10:R16) -> 0.91666667 | T10: =AVERAGE(R5:R35) -> 0.91666667 | U10: 0.013 | V10: =AVERAGE(U10:U16) -> 0.021428571 | W10: =AVERAGE(U5:U35) -> 0.034730769
D11: =D10+1 -> 7 | E11: 三 | F11: 334.61832 | I11: =F11/$C$1 -> 0.9142577 | L11: 0.0024494795 | O11: 0.0022355923 | R11: 0.91666667 | U11: 0.016
D12: =D11+1 -> 8 | E12: 四 | F12: 323.91023 | I12: =F12/$C$1 -> 0.88500064 | L12: 0.0024308226 | O12: 0.0022395441 | R12: 0.91666667 | U12: 0.019
D13: =D12+1 -> 9 | E13: 五 | F13: 333.65176 | I13: =F13/$C$1 -> 0.91161684 | L13: 0.0024822023 | O13: 0.0026237839 | R13: 0.91666667 | U13: 0.021
D14: =D13+1 -> 10 | E14: 六 | F14: 331.59028 | I14: =F14/$C$1 -> 0.90598437 | L14: 0.0024402258 | O14: 0.0024838361 | R14: 0.91666667 | U14: 0.024
D15: =D14+1 -> 11 | E15: 日 | F15: 335.93784 | I15: =F15/$C$1 -> 0.91786294 | L15: 0.0024308615 | O15: 0.0019629802 | R15: 0.91666667 | U15: 0.027
D16: =D15+1 -> 12 | E16: 一 | F16: 331.78394 | I16: =F16/$C$1 -> 0.90651349 | L16: 0.0024361261 | O16: 0.0021963837 | R16: 0.91666667 | U16: 0.03
D17: =D16+1 -> 13 | E17: 二 | F17: 321.79723 | G17: =AVERAGE(F17:F23) -> 324.31202 | I17: =F17/$C$1 -> 0.87922741 | J17: =AVERAGE(I17:I23) -> 0.8860984 | L17: 0.002449873 | M17: =AVERAGE(L17:L23) -> 0.0024593138 | O17: 0.0021784538 | P17: =AVERAGE(O17:O23) -> 0.0022624161 | R17: 0.91666667 | S17: =AVERAGE(R17:R23) -> 0.91666667 | U17: 0.032 | V17: =AVERAGE(U17:U23) -> 0.040428571
D18: =D17+1 -> 14 | E18: 三 | F18: 328.96883 | I18: =F18/$C$1 -> 0.89882194 | L18: 0.002470005 | O18: 0.0021811143 | R18: 0.91666667 | U18: 0.035
D19: =D18+1 -> 15 | E19: 四 | F19: 329.34009 | I19: =F19/$C$1 -> 0.89983631 | L19: 0.0024335209 | O19: 0.0025181629 | R19: 0.91666667 | U19: 0.038
D20: =D19+1 -> 16 | E20: 五 | F20: 317.64178 | I20: =F20/$C$1 -> 0.86787373 | L20: 0.0024913858 | O20: 0.0025781543 | R20: 0.91666667 | U20: 0.041
D21: =D20+1 -> 17 | E21: 六 | F21: 324.23213 | I21: =F21/$C$1 -> 0.88588014 | L21: 0.0024699148 | O21: 0.0022929677 | R21: 0.91666667 | U21: 0.043
D22: =D21+1 -> 18 | E22: 日 | F22: 324.76885 | I22: =F22/$C$1 -> 0.88734658 | L22: 0.0024602415 | O22: 0.0019762607 | R22: 0.91666667 | U22: 0.046
D23: =D22+1 -> 19 | E23: 一 | F23: 323.43519 | I23: =F23/$C$1 -> 0.88370271 | L23: 0.0024402558 | O23: 0.0021117988 | R23: 0.91666667 | U23: 0.048
D24: =D23+1 -> 20 | E24: 二 | F24: 321.76396 | G24: =AVERAGE(F24:F30) -> 319.62808 | I24: =F24/$C$1 -> 0.87913651 | J24: =AVERAGE(I24:I30) -> 0.87330078 | L24: 0.0024298564 | M24: =AVERAGE(L24:L30) -> 0.0024570681 | O24: 0.0017515724 | P24: =AVERAGE(O24:O30) -> 0.0021485655 | R24: 0.91666667 | S24: =AVERAGE(R24:R30) -> 0.91666667 | U24: 0.052 | V24: =AVERAGE(U24:U30) -> 0.062142857
D25: =D24+1 -> 21 | E25: 三 | F25: 320.65282 | I25: =F25/$C$1 -> 0.8761006 | L25: 0.0024843423 | O25: 0.0019093946 | R25: 0.91666667 | U25: 0.058
D26: =D25+1 -> 22 | E26: 四 | F26: 313.71266 | I26: =F26/$C$1 -> 0.85713842 | L26: 0.0024715138 | O26: 0.0022602211 | R26: 0.91666667 | U26: 0.06
D27: =D26+1 -> 23 | E27: 五 | F27: 317.74451 | I27: =F27/$C$1 -> 0.86815441 | L27: 0.0024699176 | O27: 0.0025697547 | R27: 0.91666667 | U27: 0.063
D28: =D27+1 -> 24 | E28: 六 | F28: 322.27305 | I28: =F28/$C$1 -> 0.88052747 | L28: 0.0024337015 | O28: 0.0025035797 | R28: 0.91666667 | U28: 0.066
D29: =D28+1 -> 25 | E29: 日 | F29: 323.07437 | I29: =F29/$C$1 -> 0.88271685 | L29: 0.002449647 | O29: 0.0018934425 | R29: 0.91666667 | U29: 0.068
D30: =D29+1 -> 26 | E30: 一 | F30: 318.17521 | I30: =F30/$C$1 -> 0.86933118 | L30: 0.002460498 | O30: 0.0021519938 | R30: 0.91666667 | U30: 0.068
D31: =D30+1 -> 27 | E31: 二 | G31: =AVERAGE(F31:F37) -> #DIV/0! | I31: =F31/$C$1 -> 0 | J31: =AVERAGE(I31:I37) -> 0 | M31: =AVERAGE(L31:L37) -> #DIV/0! | P31: =AVERAGE(O31:O37) -> #DIV/0! | S31: =AVERAGE(R31:R37) -> #DIV/0! | V31: =AVERAGE(U31:U37) -> #DIV/0!
D32: =D31+1 -> 28 | E32: 三 | I32: =F32/$C$1 -> 0
D33: =D32+1 -> 29 | E33: 四 | I33: =F33/$C$1 -> 0
D34: =D33+1 -> 30 | E34: 五 | I34: =F34/$C$1 -> 0
D35: =D34+1 -> 31 | E35: 六 | I35: =F35/$C$1 -> 0
D36: =D35+1 -> 32 | E36: 日 | I36: =F36/$C$1 -> 0
D37: =D36+1 -> 33 | E37: 一 | I37: =F37/$C$1 -> 0
I38: =F38/$C$1 -> 0
I39: =F39/$C$1 -> 0
I40: =F40/$C$1 -> 0

Sheet （３）業績構成比
B2: （3）業績構成比
C3: 月份 | D3: 日期 | F3: 營業額 | I3: 品類業績
I4: 18℃-飯糰 | O4: 18℃-壽司手卷 | U4: 4℃-飯糰 | W4: 4℃-壽司手卷 | Y4: 主食 | AE4: 便當 | AG4: 熱食義麵 | AI4: 季節調理麵 | AK4: 微波小吃
F5: 日 | G5: 週累積 | H5: 月累積 | I5: 一配 | K5: 二配 | M5: 合計 | O5: 一配 | Q5: 二配 | S5: 合計 | U5: 一配 | W5: 一配 | Y5: 一配 | AA5: 二配 | AC5: 合計 | AE5: 一配 | AG5: 一配 | AI5: 一配 | AK5: 一配
I6: 業績(元) | J6: 比例(%) | K6: 業績(元) | L6: 比例(%) | M6: 業績(元) | N6: 比例(%) | O6: 業績(元) | P6: 比例(%) | Q6: 業績(元) | R6: 比例(%) | S6: 業績(元) | T6: 比例(%) | U6: 業績(元) | V6: 比例(%) | W6: 業績(元) | X6: 比例(%) | Y6: 業績(元) | Z6: 比例(%) | AA6: 業績(元) | AB6: 比例(%) | AC6: 業績(元) | AD6: 比例(%) | AE6: 業績(元) | AF6: 比例(%) | AG6: 業績(元) | AH6: 比例(%) | AI6: 業績(元) | AJ6: 比例(%) | AK6: 業績(元) | AL6: 比例(%)
D7: =D6+1 -> 1 | E7: 四 | F7: =SUM(M7,S7,U7,W7,AC7,AE7,AG7,AI7,AK7) -> 6681403 | I7: 491743.29 | J7: =I7/F7 -> 0.073598808 | K7: 679275.4 | L7: =K7/F7 -> 0.10166658 | M7: =SUM(I7+K7) -> 1171018.7 | N7: =M7/F7 -> 0.17526539 | O7: 158062.98 | P7: =O7/F7 -> 0.023657155 | Q7: 88205.26 | R7: =Q7/$F7 -> 0.013201607 | S7: =SUM(O7+Q7) -> 246268.24 | T7: =S7/F7 -> 0.036858762 | U7: 1122071.9 | V7: =U7/F7 -> 0.16793956 | W7: 0 | X7: =W7/F7 -> 0 | Y7: 504676.45 | Z7: =Y7/F7 -> 0.075534503 | AA7: 1219522.5 | AB7: =AA7/$F7 -> 0.18252491 | AC7: =SUM(Y7+AA7) -> 1724199 | AD7: =AC7/F7 -> 0.25805942 | AE7: 801116 | AF7: =AE7/F7 -> 0.11990236 | AG7: 592123.52 | AH7: =AG7/F7 -> 0.088622632 | AI7: 425616.46 | AJ7: =AI7/F7 -> 0.06370166 | AK7: 598989.22 | AL7: =AK7/F7 -> 0.089650216
D8: =D7+1 -> 2 | E8: 五 | F8: =SUM(M8,S8,U8,W8,AC8,AE8,AG8,AI8,AK8) -> 5997913 | G8: =SUM(F7:F11) -> 33573872 | I8: 473107.13 | J8: =I8/F8 -> 0.078878624 | K8: 660367.11 | L8: =K8/F8 -> 0.11009948 | M8: =SUM(I8+K8) -> 1133474.2 | N8: =M8/F8 -> 0.18897811 | O8: 128017.29 | P8: =O8/F8 -> 0.021343639 | Q8: 80333.771 | R8: =Q8/$F8 -> 0.013393621 | S8: =SUM(O8+Q8) -> 208351.06 | T8: =S8/F8 -> 0.034737259 | U8: 966143.64 | V8: =U8/F8 -> 0.16107997 | W8: 0 | X8: =W8/F8 -> 0 | Y8: 457286.78 | Z8: =Y8/F8 -> 0.076240983 | AA8: 1263312.8 | AB8: =AA8/$F8 -> 0.2106254 | AC8: =SUM(Y8+AA8) -> 1720599.6 | AD8: =AC8/F8 -> 0.28686639 | AE8: 666469.28 | AF8: =AE8/F8 -> 0.11111686 | AG8: 481311.29 | AH8: =AG8/F8 -> 0.080246461 | AI8: 331582.72 | AJ8: =AI8/F8 -> 0.055283016 | AK8: 489981.14 | AL8: =AK8/F8 -> 0.081691939
D9: =D8+1 -> 3 | E9: 六 | F9: =SUM(M9,S9,U9,W9,AC9,AE9,AG9,AI9,AK9) -> 6555328 | I9: 444610.65 | J9: =I9/F9 -> 0.067824317 | K9: 704497.64 | L9: =K9/F9 -> 0.10746947 | M9: =SUM(I9+K9) -> 1149108.3 | N9: =M9/F9 -> 0.17529379 | O9: 109084.49 | P9: =O9/F9 -> 0.016640585 | Q9: 71805.305 | R9: =Q9/$F9 -> 0.010953732 | S9: =SUM(O9+Q9) -> 180889.8 | T9: =S9/F9 -> 0.027594317 | U9: 1070612.7 | V9: =U9/F9 -> 0.16331948 | W9: 0 | X9: =W9/F9 -> 0 | Y9: 492092.62 | Z9: =Y9/F9 -> 0.075067582 | AA9: 1332263.5 | AB9: =AA9/$F9 -> 0.20323369 | AC9: =SUM(Y9+AA9) -> 1824356.1 | AD9: =AC9/F9 -> 0.27830127 | AE9: 793774.59 | AF9: =AE9/F9 -> 0.12108846 | AG9: 547389.77 | AH9: =AG9/F9 -> 0.083503033 | AI9: 455203.42 | AJ9: =AI9/F9 -> 0.069440221 | AK9: 533993.26 | AL9: =AK9/F9 -> 0.081459427
D10: =D9+1 -> 4 | E10: 日 | F10: =SUM(M10,S10,U10,W10,AC10,AE10,AG10,AI10,AK10) -> 7070659 | I10: 550250.59 | J10: =I10/F10 -> 0.077821685 | K10: 720092.82 | L10: =K10/F10 -> 0.10184239 | M10: =SUM(I10+K10) -> 1270343.4 | N10: =M10/F10 -> 0.17966408 | O10: 150632.39 | P10: =O10/F10 -> 0.021303868 | Q10: 79783.238 | R10: =Q10/$F10 -> 0.011283706 | S10: =SUM(O10+Q10) -> 230415.62 | T10: =S10/F10 -> 0.032587574 | U10: 1291141.8 | V10: =U10/F10 -> 0.18260558 | W10: 0 | X10: =W10/F10 -> 0 | Y10: 478059.16 | Z10: =Y10/F10 -> 0.067611683 | AA10: 1376471.9 | AB10: =AA10/$F10 -> 0.19467377 | AC10: =SUM(Y10+AA10) -> 1854531 | AD10: =AC10/F10 -> 0.26228546 | AE10: 925802.1 | AF10: =AE10/F10 -> 0.13093576 | AG10: 624845.16 | AH10: =AG10/F10 -> 0.088371559 | AI10: 451315.78 | AJ10: =AI10/F10 -> 0.06382938 | AK10: 422264.09 | AL10: =AK10/F10 -> 0.059720613
D11: =D10+1 -> 5 | E11: 一 | F11: =SUM(M11,S11,U11,W11,AC11,AE11,AG11,AI11,AK11) -> 7268569 | I11: 531376.28 | J11: =I11/F11 -> 0.073106038 | K11: 760067.13 | L11: =K11/F11 -> 0.10456902 | M11: =SUM(I11+K11) -> 1291443.4 | N11: =M11/F11 -> 0.17767506 | O11: 137936.38 | P11: =O11/F11 -> 0.018977103 | Q11: 79980.185 | R11: =Q11/$F11 -> 0.011003567 | S11: =SUM(O11+Q11) -> 217916.57 | T11: =S11/F11 -> 0.02998067 | U11: 1219516.9 | V11: =U11/F11 -> 0.1677795 | W11: 0 | X11: =W11/F11 -> 0 | Y11: 481171.27 | Z11: =Y11/F11 -> 0.066198899 | AA11: 1682213.4 | AB11: =AA11/$F11 -> 0.23143666 | AC11: =SUM(Y11+AA11) -> 2163384.6 | AD11: =AC11/F11 -> 0.29763556 | AE11: 902168.5 | AF11: =AE11/F11 -> 0.12411914 | AG11: 625249.25 | AH11: =AG11/F11 -> 0.086020956 | AI11: 406782.65 | AJ11: =AI11/F11 -> 0.055964613 | AK11: 442107.09 | AL11: =AK11/F11 -> 0.060824502
D12: =D11+1 -> 6 | E12: 二 | F12: =SUM(M12,S12,U12,W12,AC12,AE12,AG12,AI12,AK12) -> 7452237 | G12: =SUM(F12:F18) -> 47860768 | H12: =SUM(F7:F37) -> 173020836 | I12: 603282.35 | J12: =I12/F12 -> 0.080953189 | K12: 753377.25 | L12: =K12/F12 -> 0.10109411 | M12: =SUM(I12+K12) -> 1356659.6 | N12: =M12/F12 -> 0.1820473 | O12: 141358.87 | P12: =O12/F12 -> 0.018968649 | Q12: 85540.989 | R12: =Q12/$F12 -> 0.011478565 | S12: =SUM(O12+Q12) -> 226899.86 | T12: =S12/F12 -> 0.030447215 | U12: 1356955.4 | V12: =U12/F12 -> 0.18208699 | W12: 50332.589 | X12: =W12/F12 -> 0.0067540241 | Y12: 583753.97 | Z12: =Y12/F12 -> 0.078332717 | AA12: 1631212.7 | AB12: =AA12/$F12 -> 0.218889 | AC12: =SUM(Y12+AA12) -> 2214966.7 | AD12: =AC12/F12 -> 0.29722172 | AE12: 870171.58 | AF12: =AE12/F12 -> 0.11676649 | AG12: 580526.74 | AH12: =AG12/F12 -> 0.077899662 | AI12: 356945.88 | AJ12: =AI12/F12 -> 0.047897817 | AK12: 438778.62 | AL12: =AK12/F12 -> 0.05887878
D13: =D12+1 -> 7 | E13: 三 | F13: =SUM(M13,S13,U13,W13,AC13,AE13,AG13,AI13,AK13) -> 6995772 | I13: 575546.65 | J13: =I13/F13 -> 0.082270642 | K13: 746364.21 | L13: =K13/F13 -> 0.1066879 | M13: =SUM(I13+K13) -> 1321910.9 | N13: =M13/F13 -> 0.18895854 | O13: 136817.5 | P13: =O13/F13 -> 0.01955717 | Q13: 88153.994 | R13: =Q13/$F13 -> 0.012601039 | S13: =SUM(O13+Q13) -> 224971.5 | T13: =S13/F13 -> 0.032158209 | U13: 1191405.7 | V13: =U13/F13 -> 0.17030368 | W13: 49323.245 | X13: =W13/F13 -> 0.0070504364 | Y13: 308367.72 | Z13: =Y13/F13 -> 0.044079156 | AA13: 1590712.9 | AB13: =AA13/$F13 -> 0.22738204 | AC13: =SUM(Y13+AA13) -> 1899080.6 | AD13: =AC13/F13 -> 0.2714612 | AE13: 907626.8 | AF13: =AE13/F13 -> 0.12973933 | AG13: 570297.39 | AH13: =AG13/F13 -> 0.081520293 | AI13: 381275.01 | AJ13: =AI13/F13 -> 0.054500776 | AK13: 449880.87 | AL13: =AK13/F13 -> 0.064307538
D14: =D13+1 -> 8 | E14: 四 | F14: =SUM(M14,S14,U14,W14,AC14,AE14,AG14,AI14,AK14) -> 6658240 | I14: 541185.42 | J14: =I14/F14 -> 0.081280551 | K14: 680572.15 | L14: =K14/F14 -> 0.10221502 | M14: =SUM(I14+K14) -> 1221757.6 | N14: =M14/F14 -> 0.18349557 | O14: 132149.33 | P14: =O14/F14 -> 0.019847486 | Q14: 85844.701 | R14: =Q14/$F14 -> 0.012893002 | S14: =SUM(O14+Q14) -> 217994.03 | T14: =S14/F14 -> 0.032740488 | U14: 1108960.3 | V14: =U14/F14 -> 0.16655458 | W14: 4237.1273 | X14: =W14/F14 -> 0.00063637348 | Y14: 591612.1 | Z14: =Y14/F14 -> 0.088854127 | AA14: 1285284.8 | AB14: =AA14/$F14 -> 0.19303671 | AC14: =SUM(Y14+AA14) -> 1876896.9 | AD14: =AC14/F14 -> 0.28189084 | AE14: 849055.38 | AF14: =AE14/F14 -> 0.12751949 | AG14: 538433.01 | AH14: =AG14/F14 -> 0.080867167 | AI14: 398818.33 | AJ14: =AI14/F14 -> 0.05989846 | AK14: 442087.35 | AL14: =AK14/F14 -> 0.066397028
D15: =D14+1 -> 9 | E15: 五 | F15: =SUM(M15,S15,U15,W15,AC15,AE15,AG15,AI15,AK15) -> 6093782 | I15: 498793.24 | J15: =I15/F15 -> 0.081852819 | K15: 651766.02 | L15: =K15/F15 -> 0.10695591 | M15: =SUM(I15+K15) -> 1150559.3 | N15: =M15/F15 -> 0.18880873 | O15: 99252.633 | P15: =O15/F15 -> 0.016287526 | Q15: 71008.624 | R15: =Q15/$F15 -> 0.011652636 | S15: =SUM(O15+Q15) -> 170261.26 | T15: =S15/F15 -> 0.027940162 | U15: 1052187.4 | V15: =U15/F15 -> 0.17266574 | W15: 26101.515 | X15: =W15/F15 -> 0.0042833031 | Y15: 502430.89 | Z15: =Y15/F15 -> 0.082449765 | AA15: 1286571.4 | AB15: =AA15/$F15 -> 0.21112856 | AC15: =SUM(Y15+AA15) -> 1789002.3 | AD15: =AC15/F15 -> 0.29357832 | AE15: 726287.07 | AF15: =AE15/F15 -> 0.11918495 | AG15: 451589.07 | AH15: =AG15/F15 -> 0.074106535 | AI15: 372093.16 | AJ15: =AI15/F15 -> 0.061061121 | AK15: 355701 | AL15: =AK15/F15 -> 0.05837114
D16: =D15+1 -> 10 | E16: 六 | F16: =SUM(M16,S16,U16,W16,AC16,AE16,AG16,AI16,AK16) -> 6273190 | I16: 477105.82 | J16: =I16/F16 -> 0.076054737 | K16: 680539.64 | L16: =K16/F16 -> 0.10848382 | M16: =SUM(I16+K16) -> 1157645.5 | N16: =M16/F16 -> 0.18453856 | O16: 88231.744 | P16: =O16/F16 -> 0.014064893 | Q16: 66561.299 | R16: =Q16/$F16 -> 0.010610439 | S16: =SUM(O16+Q16) -> 154793.04 | T16: =S16/F16 -> 0.024675332 | U16: 1085661.2 | V16: =U16/F16 -> 0.17306365 | W16: 37248.284 | X16: =W16/F16 -> 0.0059376943 | Y16: 536723.09 | Z16: =Y16/F16 -> 0.08555824 | AA16: 1296756.5 | AB16: =AA16/$F16 -> 0.20671405 | AC16: =SUM(Y16+AA16) -> 1833479.6 | AD16: =AC16/F16 -> 0.29227229 | AE16: 786069.67 | AF16: =AE16/F16 -> 0.12530621 | AG16: 482300.79 | AH16: =AG16/F16 -> 0.07688286 | AI16: 343831.97 | AJ16: =AI16/F16 -> 0.054809749 | AK16: 392160 | AL16: =AK16/F16 -> 0.06251365
D17: =D16+1 -> 11 | E17: 日 | F17: =SUM(M17,S17,U17,W17,AC17,AE17,AG17,AI17,AK17) -> 7385036 | I17: 584834.51 | J17: =I17/F17 -> 0.079191829 | K17: 713519.26 | L17: =K17/F17 -> 0.096616897 | M17: =SUM(I17+K17) -> 1298353.8 | N17: =M17/F17 -> 0.17580873 | O17: 125779.42 | P17: =O17/F17 -> 0.017031659 | Q17: 80290.236 | R17: =Q17/$F17 -> 0.010872017 | S17: =SUM(O17+Q17) -> 206069.65 | T17: =S17/F17 -> 0.027903676 | U17: 1353696.7 | V17: =U17/F17 -> 0.18330265 | W17: 67719.203 | X17: =W17/F17 -> 0.0091697864 | Y17: 659684.75 | Z17: =Y17/F17 -> 0.089327223 | AA17: 1404710.6 | AB17: =AA17/$F17 -> 0.1902104 | AC17: =SUM(Y17+AA17) -> 2064395.4 | AD17: =AC17/F17 -> 0.27953762 | AE17: 971918.6 | AF17: =AE17/F17 -> 0.13160648 | AG17: 565670.32 | AH17: =AG17/F17 -> 0.076596826 | AI17: 443028.39 | AJ17: =AI17/F17 -> 0.059990011 | AK17: 414184.02 | AL17: =AK17/F17 -> 0.056084224
D18: =D17+1 -> 12 | E18: 一 | F18: =SUM(M18,S18,U18,W18,AC18,AE18,AG18,AI18,AK18) -> 7002511 | I18: 559588.18 | J18: =I18/F18 -> 0.079912503 | K18: 703960.85 | L18: =K18/F18 -> 0.10052977 | M18: =SUM(I18+K18) -> 1263549 | N18: =M18/F18 -> 0.18044228 | O18: 115593.62 | P18: =O18/F18 -> 0.016507452 | Q18: 79128.352 | R18: =Q18/$F18 -> 0.011299997 | S18: =SUM(O18+Q18) -> 194721.97 | T18: =S18/F18 -> 0.027807449 | U18: 1277634.7 | V18: =U18/F18 -> 0.18245379 | W18: 41520.081 | X18: =W18/F18 -> 0.0059293133 | Y18: 503934.04 | Z18: =Y18/F18 -> 0.071964762 | AA18: 1363654.8 | AB18: =AA18/$F18 -> 0.19473798 | AC18: =SUM(Y18+AA18) -> 1867588.9 | AD18: =AC18/F18 -> 0.26670274 | AE18: 905518.49 | AF18: =AE18/F18 -> 0.1293134 | AG18: 568685.34 | AH18: =AG18/F18 -> 0.081211631 | AI18: 439668.37 | AJ18: =AI18/F18 -> 0.062787245 | AK18: 443624.18 | AL18: =AK18/F18 -> 0.063352158
D19: =D18+1 -> 13 | E19: 二 | F19: =SUM(M19,S19,U19,W19,AC19,AE19,AG19,AI19,AK19) -> 6868111 | G19: =SUM(F19:F25) -> 45268529 | I19: 637939.79 | J19: =I19/F19 -> 0.092884315 | K19: 696731.61 | L19: =K19/F19 -> 0.10144443 | M19: =SUM(I19+K19) -> 1334671.4 | N19: =M19/F19 -> 0.19432875 | O19: 112867.82 | P19: =O19/F19 -> 0.016433605 | Q19: 79615.009 | R19: =Q19/$F19 -> 0.011591981 | S19: =SUM(O19+Q19) -> 192482.83 | T19: =S19/F19 -> 0.028025585 | U19: 1214873.7 | V19: =U19/F19 -> 0.17688615 | W19: 32435.872 | X19: =W19/F19 -> 0.0047226774 | Y19: 498611.29 | Z19: =Y19/F19 -> 0.072598025 | AA19: 1317767.4 | AB19: =AA19/$F19 -> 0.19186752 | AC19: =SUM(Y19+AA19) -> 1816378.7 | AD19: =AC19/F19 -> 0.26446555 | AE19: 950478.6 | AF19: =AE19/F19 -> 0.13839011 | AG19: 474005.35 | AH19: =AG19/F19 -> 0.069015388 | AI19: 436511.9 | AJ19: =AI19/F19 -> 0.063556326 | AK19: 416272.62 | AL19: =AK19/F19 -> 0.060609478
D20: =D19+1 -> 14 | E20: 三 | F20: =SUM(M20,S20,U20,W20,AC20,AE20,AG20,AI20,AK20) -> 6627112 | I20: 593393.82 | J20: =I20/F20 -> 0.089540333 | K20: 669673.84 | L20: =K20/F20 -> 0.10105063 | M20: =SUM(I20+K20) -> 1263067.7 | N20: =M20/F20 -> 0.19059096 | O20: 118471.52 | P20: =O20/F20 -> 0.017876795 | Q20: 80488.419 | R20: =Q20/$F20 -> 0.012145324 | S20: =SUM(O20+Q20) -> 198959.94 | T20: =S20/F20 -> 0.030022118 | U20: 1143978.4 | V20: =U20/F20 -> 0.17262096 | W20: 47201.598 | X20: =W20/F20 -> 0.007122499 | Y20: 540101.29 | Z20: =Y20/F20 -> 0.081498742 | AA20: 1240840.4 | AB20: =AA20/$F20 -> 0.18723698 | AC20: =SUM(Y20+AA20) -> 1780941.7 | AD20: =AC20/F20 -> 0.26873572 | AE20: 874310.68 | AF20: =AE20/F20 -> 0.13192937 | AG20: 484486.49 | AH20: =AG20/F20 -> 0.07310673 | AI20: 416980.83 | AJ20: =AI20/F20 -> 0.062920444 | AK20: 417184.71 | AL20: =AK20/F20 -> 0.062951209
D21: =D20+1 -> 15 | E21: 四 | F21: =SUM(M21,S21,U21,W21,AC21,AE21,AG21,AI21,AK21) -> 6144184 | I21: 554882.19 | J21: =I21/F21 -> 0.090310152 | K21: 640452.36 | L21: =K21/F21 -> 0.10423717 | M21: =SUM(I21+K21) -> 1195334.5 | N21: =M21/F21 -> 0.19454732 | O21: 116267.66 | P21: =O21/F21 -> 0.018923206 | Q21: 81019.098 | R21: =Q21/$F21 -> 0.013186307 | S21: =SUM(O21+Q21) -> 197286.76 | T21: =S21/F21 -> 0.032109513 | U21: 1104546.9 | V21: =U21/F21 -> 0.17977114 | W21: 35925.691 | X21: =W21/F21 -> 0.0058471053 | Y21: 550409.76 | Z21: =Y21/F21 -> 0.08958224 | AA21: 1067793.2 | AB21: =AA21/$F21 -> 0.17378927 | AC21: =SUM(Y21+AA21) -> 1618203 | AD21: =AC21/F21 -> 0.26337151 | AE21: 787573.05 | AF21: =AE21/F21 -> 0.12818188 | AG21: 367376.51 | AH21: =AG21/F21 -> 0.059792563 | AI21: 425649.63 | AJ21: =AI21/F21 -> 0.069276836 | AK21: 412287.86 | AL21: =AK21/F21 -> 0.067102135
D22: =D21+1 -> 16 | E22: 五 | F22: =SUM(M22,S22,U22,W22,AC22,AE22,AG22,AI22,AK22) -> 5795971 | I22: 543927.87 | J22: =I22/F22 -> 0.093845858 | K22: 632000.64 | L22: =K22/F22 -> 0.10904137 | M22: =SUM(I22+K22) -> 1175928.5 | N22: =M22/F22 -> 0.20288723 | O22: 90042.907 | P22: =O22/F22 -> 0.015535431 | Q22: 72480.937 | R22: =Q22/$F22 -> 0.0125054 | S22: =SUM(O22+Q22) -> 162523.84 | T22: =S22/F22 -> 0.028040831 | U22: 963116.3 | V22: =U22/F22 -> 0.16616997 | W22: 35585.719 | X22: =W22/F22 -> 0.0061397338 | Y22: 527838.78 | Z22: =Y22/F22 -> 0.091069948 | AA22: 1170671.1 | AB22: =AA22/$F22 -> 0.20198015 | AC22: =SUM(Y22+AA22) -> 1698509.8 | AD22: =AC22/F22 -> 0.29305009 | AE22: 692951.65 | AF22: =AE22/F22 -> 0.11955747 | AG22: 313779.98 | AH22: =AG22/F22 -> 0.054137603 | AI22: 410485.56 | AJ22: =AI22/F22 -> 0.07082257 | AK22: 343089.59 | AL22: =AK22/F22 -> 0.059194497
D23: =D22+1 -> 17 | E23: 六 | F23: =SUM(M23,S23,U23,W23,AC23,AE23,AG23,AI23,AK23) -> 6092113 | I23: 516510.74 | J23: =I23/F23 -> 0.084783512 | K23: 673138.6 | L23: =K23/F23 -> 0.11049345 | M23: =SUM(I23+K23) -> 1189649.3 | N23: =M23/F23 -> 0.19527696 | O23: 85219.196 | P23: =O23/F23 -> 0.013988446 | Q23: 68790.21 | R23: =Q23/$F23 -> 0.011291683 | S23: =SUM(O23+Q23) -> 154009.41 | T23: =S23/F23 -> 0.02528013 | U23: 1047789.6 | V23: =U23/F23 -> 0.17199117 | W23: 27925.586 | X23: =W23/F23 -> 0.0045838917 | Y23: 541843.43 | Z23: =Y23/F23 -> 0.088941789 | AA23: 1153597.5 | AB23: =AA23/$F23 -> 0.18935918 | AC23: =SUM(Y23+AA23) -> 1695441 | AD23: =AC23/F23 -> 0.27830097 | AE23: 777702.16 | AF23: =AE23/F23 -> 0.12765721 | AG23: 352423.84 | AH23: =AG23/F23 -> 0.057849196 | AI23: 462383.88 | AJ23: =AI23/F23 -> 0.07589877 | AK23: 384788.22 | AL23: =AK23/F23 -> 0.063161701
D24: =D23+1 -> 18 | E24: 日 | F24: =SUM(M24,S24,U24,W24,AC24,AE24,AG24,AI24,AK24) -> 6822501 | I24: 613724.49 | J24: =I24/F24 -> 0.089955941 | K24: 703542.97 | L24: =K24/F24 -> 0.10312098 | M24: =SUM(I24+K24) -> 1317267.5 | N24: =M24/F24 -> 0.19307692 | O24: 114309.01 | P24: =O24/F24 -> 0.016754708 | Q24: 77186.007 | R24: =Q24/$F24 -> 0.011313447 | S24: =SUM(O24+Q24) -> 191495.02 | T24: =S24/F24 -> 0.028068156 | U24: 1272393.7 | V24: =U24/F24 -> 0.18649959 | W24: 38628.784 | X24: =W24/F24 -> 0.0056619682 | Y24: 532716.29 | Z24: =Y24/F24 -> 0.078082258 | AA24: 1270936.1 | AB24: =AA24/$F24 -> 0.18628595 | AC24: =SUM(Y24+AA24) -> 1803652.4 | AD24: =AC24/F24 -> 0.26436821 | AE24: 917387.71 | AF24: =AE24/F24 -> 0.13446502 | AG24: 403663.04 | AH24: =AG24/F24 -> 0.059166432 | AI24: 479746.37 | AJ24: =AI24/F24 -> 0.070318256 | AK24: 398266.59 | AL24: =AK24/F24 -> 0.058375454
D25: =D24+1 -> 19 | E25: 一 | F25: =SUM(M25,S25,U25,W25,AC25,AE25,AG25,AI25,AK25) -> 6918537 | I25: 593452.02 | J25: =I25/F25 -> 0.085777097 | K25: 710517.56 | L25: =K25/F25 -> 0.10269766 | M25: =SUM(I25+K25) -> 1303969.6 | N25: =M25/F25 -> 0.18847476 | O25: 105131.43 | P25: =O25/F25 -> 0.015195616 | Q25: 77122.355 | R25: =Q25/$F25 -> 0.011147206 | S25: =SUM(O25+Q25) -> 182253.79 | T25: =S25/F25 -> 0.026342822 | U25: 1214950.7 | V25: =U25/F25 -> 0.17560804 | W25: 40438.731 | X25: =W25/F25 -> 0.005844983 | Y25: 555802.11 | Z25: =Y25/F25 -> 0.080335208 | AA25: 1438624.5 | AB25: =AA25/$F25 -> 0.20793767 | AC25: =SUM(Y25+AA25) -> 1994426.6 | AD25: =AC25/F25 -> 0.28827288 | AE25: 892361.81 | AF25: =AE25/F25 -> 0.12898129 | AG25: 406850.78 | AH25: =AG25/F25 -> 0.058805898 | AI25: 462046.09 | AJ25: =AI25/F25 -> 0.066783785 | AK25: 421238.97 | AL25: =AK25/F25 -> 0.060885555
D26: =D25+1 -> 20 | E26: 二 | F26: =SUM(M26,S26,U26,W26,AC26,AE26,AG26,AI26,AK26) -> 7713415 | G26: =SUM(F26:F32) -> 46317667 | I26: 702069.32 | J26: =I26/F26 -> 0.091019259 | K26: 697330.13 | L26: =K26/F26 -> 0.090404851 | M26: =SUM(I26+K26) -> 1399399.5 | N26: =M26/F26 -> 0.18142411 | O26: 109688.05 | P26: =O26/F26 -> 0.014220427 | Q26: 82063.062 | R26: =Q26/$F26 -> 0.010639005 | S26: =SUM(O26+Q26) -> 191751.12 | T26: =S26/F26 -> 0.024859432 | U26: 1137014.2 | V26: =U26/F26 -> 0.14740737 | W26: 43391.841 | X26: =W26/F26 -> 0.0056255033 | Y26: 706514.34 | Z26: =Y26/F26 -> 0.091595531 | AA26: 1396167.7 | AB26: =AA26/$F26 -> 0.18100513 | AC26: =SUM(Y26+AA26) -> 2102682 | AD26: =AC26/F26 -> 0.27260066 | AE26: 1066112.9 | AF26: =AE26/F26 -> 0.13821542 | AG26: 1028753.4 | AH26: =AG26/F26 -> 0.13337198 | AI26: 358978.35 | AJ26: =AI26/F26 -> 0.046539484 | AK26: 385331.65 | AL26: =AK26/F26 -> 0.049956038
D27: =D26+1 -> 21 | E27: 三 | F27: =SUM(M27,S27,U27,W27,AC27,AE27,AG27,AI27,AK27) -> 6863386 | I27: 656712.91 | J27: =I27/F27 -> 0.095683516 | K27: 686113.01 | L27: =K27/F27 -> 0.099967131 | M27: =SUM(I27+K27) -> 1342825.9 | N27: =M27/F27 -> 0.19565065 | O27: 114490.38 | P27: =O27/F27 -> 0.016681327 | Q27: 85351.413 | R27: =Q27/$F27 -> 0.012435759 | S27: =SUM(O27+Q27) -> 199841.8 | T27: =S27/F27 -> 0.029117086 | U27: 1057843.3 | V27: =U27/F27 -> 0.15412849 | W27: 42757.166 | X27: =W27/F27 -> 0.0062297481 | Y27: 602761.04 | Z27: =Y27/F27 -> 0.087822693 | AA27: 1317770.6 | AB27: =AA27/$F27 -> 0.19200008 | AC27: =SUM(Y27+AA27) -> 1920531.7 | AD27: =AC27/F27 -> 0.27982277 | AE27: 860747.11 | AF27: =AE27/F27 -> 0.12541144 | AG27: 707806.82 | AH27: =AG27/F27 -> 0.10312793 | AI27: 352573.64 | AJ27: =AI27/F27 -> 0.051370219 | AK27: 378458.54 | AL27: =AK27/F27 -> 0.055141666
D28: =D27+1 -> 22 | E28: 四 | F28: =SUM(M28,S28,U28,W28,AC28,AE28,AG28,AI28,AK28) -> 6394057 | I28: 617272.73 | J28: =I28/F28 -> 0.09653851 | K28: 642595.94 | L28: =K28/F28 -> 0.10049894 | M28: =SUM(I28+K28) -> 1259868.7 | N28: =M28/F28 -> 0.19703745 | O28: 109744.64 | P28: =O28/F28 -> 0.017163537 | Q28: 85730.432 | R28: =Q28/$F28 -> 0.01340783 | S28: =SUM(O28+Q28) -> 195475.07 | T28: =S28/F28 -> 0.030571368 | U28: 1033179.1 | V28: =U28/F28 -> 0.16158429 | W28: 30793.223 | X28: =W28/F28 -> 0.0048159131 | Y28: 589331.72 | Z28: =Y28/F28 -> 0.092168669 | AA28: 1086425.2 | AB28: =AA28/$F28 -> 0.16991172 | AC28: =SUM(Y28+AA28) -> 1675757 | AD28: =AC28/F28 -> 0.26208039 | AE28: 867027.85 | AF28: =AE28/F28 -> 0.13559902 | AG28: 659002.35 | AH28: =AG28/F28 -> 0.10306482 | AI28: 322012.39 | AJ28: =AI28/F28 -> 0.050361201 | AK28: 350941.33 | AL28: =AK28/F28 -> 0.05488555
D29: =D28+1 -> 23 | E29: 五 | F29: =SUM(M29,S29,U29,W29,AC29,AE29,AG29,AI29,AK29) -> 5574275 | I29: 566526.99 | J29: =I29/F29 -> 0.10163241 | K29: 606875.83 | L29: =K29/F29 -> 0.10887081 | M29: =SUM(I29+K29) -> 1173402.8 | N29: =M29/F29 -> 0.21050322 | O29: 82635.184 | P29: =O29/F29 -> 0.014824382 | Q29: 70648.159 | R29: =Q29/$F29 -> 0.012673964 | S29: =SUM(O29+Q29) -> 153283.34 | T29: =S29/F29 -> 0.027498346 | U29: 923583.97 | V29: =U29/F29 -> 0.16568683 | W29: 21514.63 | X29: =W29/F29 -> 0.0038596285 | Y29: 504502.74 | Z29: =Y29/F29 -> 0.090505535 | AA29: 1114543.3 | AB29: =AA29/$F29 -> 0.19994409 | AC29: =SUM(Y29+AA29) -> 1619046.1 | AD29: =AC29/F29 -> 0.29044963 | AE29: 709030.47 | AF29: =AE29/F29 -> 0.12719689 | AG29: 396037.28 | AH29: =AG29/F29 -> 0.071047317 | AI29: 294659.97 | AJ29: =AI29/F29 -> 0.05286068 | AK29: 283716.43 | AL29: =AK29/F29 -> 0.050897459
D30: =D29+1 -> 24 | E30: 六 | F30: =SUM(M30,S30,U30,W30,AC30,AE30,AG30,AI30,AK30) -> 5940745 | I30: 526931.19 | J30: =I30/F30 -> 0.08869783 | K30: 642730.73 | L30: =K30/F30 -> 0.10819026 | M30: =SUM(I30+K30) -> 1169661.9 | N30: =M30/F30 -> 0.19688809 | O30: 76580.267 | P30: =O30/F30 -> 0.012890684 | Q30: 64801.785 | R30: =Q30/$F30 -> 0.010908023 | S30: =SUM(O30+Q30) -> 141382.05 | T30: =S30/F30 -> 0.023798707 | U30: 1007689.3 | V30: =U30/F30 -> 0.1696234 | W30: 19119.867 | X30: =W30/F30 -> 0.0032184291 | Y30: 546413.63 | Z30: =Y30/F30 -> 0.091977291 | AA30: 1107652.1 | AB30: =AA30/$F30 -> 0.18645003 | AC30: =SUM(Y30+AA30) -> 1654065.7 | AD30: =AC30/F30 -> 0.27842732 | AE30: 794046.66 | AF30: =AE30/F30 -> 0.13366113 | AG30: 437364.44 | AH30: =AG30/F30 -> 0.073621143 | AI30: 403868.87 | AJ30: =AI30/F30 -> 0.067982866 | AK30: 313546.13 | AL30: =AK30/F30 -> 0.052778925
D31: =D30+1 -> 25 | E31: 日 | F31: =SUM(M31,S31,U31,W31,AC31,AE31,AG31,AI31,AK31) -> 7104289 | I31: 640435.32 | J31: =I31/F31 -> 0.090147702 | K31: 676791.94 | L31: =K31/F31 -> 0.09526526 | M31: =SUM(I31+K31) -> 1317227.3 | N31: =M31/F31 -> 0.18541296 | O31: 103979.6 | P31: =O31/F31 -> 0.014636172 | Q31: 76176.964 | R31: =Q31/$F31 -> 0.010722672 | S31: =SUM(O31+Q31) -> 180156.56 | T31: =S31/F31 -> 0.025358845 | U31: 1193445.8 | V31: =U31/F31 -> 0.16798947 | W31: 27537.661 | X31: =W31/F31 -> 0.0038762022 | Y31: 649670.3 | Z31: =Y31/F31 -> 0.091447616 | AA31: 1251638.5 | AB31: =AA31/$F31 -> 0.17618068 | AC31: =SUM(Y31+AA31) -> 1901308.8 | AD31: =AC31/F31 -> 0.2676283 | AE31: 1010681 | AF31: =AE31/F31 -> 0.14226349 | AG31: 708705.47 | AH31: =AG31/F31 -> 0.09975741 | AI31: 431556.77 | AJ31: =AI31/F31 -> 0.060745948 | AK31: 333669.78 | AL31: =AK31/F31 -> 0.046967372
D32: =D31+1 -> 26 | E32: 一 | F32: =SUM(M32,S32,U32,W32,AC32,AE32,AG32,AI32,AK32) -> 6727500 | I32: 585770 | J32: =I32/F32 -> 0.087070978 | K32: 675163.06 | L32: =K32/F32 -> 0.10035869 | M32: =SUM(I32+K32) -> 1260933.1 | N32: =M32/F32 -> 0.18742966 | O32: 99919.907 | P32: =O32/F32 -> 0.014852457 | Q32: 77689.13 | R32: =Q32/$F32 -> 0.011547994 | S32: =SUM(O32+Q32) -> 177609.04 | T32: =S32/F32 -> 0.026400451 | U32: 1183259.6 | V32: =U32/F32 -> 0.175884 | W32: 29040.002 | X32: =W32/F32 -> 0.0043166113 | Y32: 606620.31 | Z32: =Y32/F32 -> 0.090170243 | AA32: 1239627.8 | AB32: =AA32/$F32 -> 0.18426277 | AC32: =SUM(Y32+AA32) -> 1846248.1 | AD32: =AC32/F32 -> 0.27443301 | AE32: 891413.36 | AF32: =AE32/F32 -> 0.13250291 | AG32: 525325.5 | AH32: =AG32/F32 -> 0.078086287 | AI32: 458714.26 | AJ32: =AI32/F32 -> 0.068184951 | AK32: 354957.08 | AL32: =AK32/F32 -> 0.052762107
D33: =D32+1 -> 27 | E33: 二 | F33: =SUM(M33,S33,U33,W33,AC33,AE33,AG33,AI33,AK33) -> 0 | G33: =SUM(F33:F39) -> 0 | J33: =I33/F33 -> #DIV/0! | L33: =K33/F33 -> #DIV/0! | M33: =SUM(I33+K33) -> 0 | N33: =M33/F33 -> #DIV/0! | P33: =O33/F33 -> #DIV/0! | R33: =Q33/$F33 -> #DIV/0! | S33: =SUM(O33+Q33) -> 0 | T33: =S33/F33 -> #DIV/0! | V33: =U33/F33 -> #DIV/0! | X33: =W33/F33 -> #DIV/0! | Z33: =Y33/F33 -> #DIV/0! | AB33: =AA33/$F33 -> #DIV/0! | AC33: =SUM(Y33+AA33) -> 0 | AD33: =AC33/F33 -> #DIV/0! | AF33: =AE33/F33 -> #DIV/0! | AH33: =AG33/F33 -> #DIV/0! | AJ33: =AI33/F33 -> #DIV/0! | AL33: =AK33/F33 -> #DIV/0!
D34: =D33+1 -> 28 | E34: 三 | F34: =SUM(M34,S34,U34,W34,AC34,AE34,AG34,AI34,AK34) -> 0 | J34: =I34/F34 -> #DIV/0! | L34: =K34/F34 -> #DIV/0! | M34: =SUM(I34+K34) -> 0 | N34: =M34/F34 -> #DIV/0! | P34: =O34/F34 -> #DIV/0! | R34: =Q34/$F34 -> #DIV/0! | S34: =SUM(O34+Q34) -> 0 | T34: =S34/F34 -> #DIV/0! | V34: =U34/F34 -> #DIV/0! | X34: =W34/F34 -> #DIV/0! | Z34: =Y34/F34 -> #DIV/0! | AB34: =AA34/$F34 -> #DIV/0! | AC34: =SUM(Y34+AA34) -> 0 | AD34: =AC34/F34 -> #DIV/0! | AF34: =AE34/F34 -> #DIV/0! | AH34: =AG34/F34 -> #DIV/0! | AJ34: =AI34/F34 -> #DIV/0! | AL34: =AK34/F34 -> #DIV/0!
D35: =D34+1 -> 29 | E35: 四 | F35: =SUM(M35,S35,U35,W35,AC35,AE35,AG35,AI35,AK35) -> 0 | J35: =I35/F35 -> #DIV/0! | L35: =K35/F35 -> #DIV/0! | M35: =SUM(I35+K35) -> 0 | N35: =M35/F35 -> #DIV/0! | P35: =O35/F35 -> #DIV/0! | R35: =Q35/$F35 -> #DIV/0! | S35: =SUM(O35+Q35) -> 0 | T35: =S35/F35 -> #DIV/0! | V35: =U35/F35 -> #DIV/0! | X35: =W35/F35 -> #DIV/0! | Z35: =Y35/F35 -> #DIV/0! | AB35: =AA35/$F35 -> #DIV/0! | AC35: =SUM(Y35+AA35) -> 0 | AD35: =AC35/F35 -> #DIV/0! | AF35: =AE35/F35 -> #DIV/0! | AH35: =AG35/F35 -> #DIV/0! | AJ35: =AI35/F35 -> #DIV/0! | AL35: =AK35/F35 -> #DIV/0!
D36: =D35+1 -> 30 | E36: 五 | F36: =SUM(M36,S36,U36,W36,AC36,AE36,AG36,AI36,AK36) -> 0 | J36: =I36/F36 -> #DIV/0! | L36: =K36/F36 -> #DIV/0! | M36: =SUM(I36+K36) -> 0 | N36: =M36/F36 -> #DIV/0! | P36: =O36/F36 -> #DIV/0! | R36: =Q36/$F36 -> #DIV/0! | S36: =SUM(O36+Q36) -> 0 | T36: =S36/F36 -> #DIV/0! | V36: =U36/F36 -> #DIV/0! | X36: =W36/F36 -> #DIV/0! | Z36: =Y36/F36 -> #DIV/0! | AB36: =AA36/$F36 -> #DIV/0! | AC36: =SUM(Y36+AA36) -> 0 | AD36: =AC36/F36 -> #DIV/0! | AF36: =AE36/F36 -> #DIV/0! | AH36: =AG36/F36 -> #DIV/0! | AJ36: =AI36/F36 -> #DIV/0! | AL36: =AK36/F36 -> #DIV/0!
D37: =D36+1 -> 31 | E37: 六 | F37: =SUM(M37,S37,U37,W37,AC37,AE37,AG37,AI37,AK37) -> 0 | J37: =I37/F37 -> #DIV/0! | L37: =K37/F37 -> #DIV/0! | M37: =SUM(I37+K37) -> 0 | N37: =M37/F37 -> #DIV/0! | P37: =O37/F37 -> #DIV/0! | R37: =Q37/$F37 -> #DIV/0! | S37: =SUM(O37+Q37) -> 0 | T37: =S37/F37 -> #DIV/0! | V37: =U37/F37 -> #DIV/0! | X37: =W37/F37 -> #DIV/0! | Z37: =Y37/F37 -> #DIV/0! | AB37: =AA37/$F37 -> #DIV/0! | AC37: =SUM(Y37+AA37) -> 0 | AD37: =AC37/F37 -> #DIV/0! | AF37: =AE37/F37 -> #DIV/0! | AH37: =AG37/F37 -> #DIV/0! | AJ37: =AI37/F37 -> #DIV/0! | AL37: =AK37/F37 -> #DIV/0!
D38: =D37+1 -> 32 | E38: 日 | F38: =SUM(M38,S38,U38,W38,AC38,AE38,AG38,AI38,AK38) -> 0 | J38: =I38/F38 -> #DIV/0! | L38: =K38/F38 -> #DIV/0! | M38: =SUM(I38+K38) -> 0 | N38: =M38/F38 -> #DIV/0! | P38: =O38/F38 -> #DIV/0! | R38: =Q38/$F38 -> #DIV/0! | S38: =SUM(O38+Q38) -> 0 | T38: =S38/F38 -> #DIV/0! | V38: =U38/F38 -> #DIV/0! | X38: =W38/F38 -> #DIV/0! | Z38: =Y38/F38 -> #DIV/0! | AB38: =AA38/$F38 -> #DIV/0! | AC38: =SUM(Y38+AA38) -> 0 | AD38: =AC38/F38 -> #DIV/0! | AF38: =AE38/F38 -> #DIV/0! | AH38: =AG38/F38 -> #DIV/0! | AJ38: =AI38/F38 -> #DIV/0! | AL38: =AK38/F38 -> #DIV/0!
D39: =D38+1 -> 33 | E39: 一 | F39: =SUM(M39,S39,U39,W39,AC39,AE39,AG39,AI39,AK39) -> 0 | J39: =I39/F39 -> #DIV/0! | L39: =K39/F39 -> #DIV/0! | M39: =SUM(I39+K39) -> 0 | N39: =M39/F39 -> #DIV/0! | P39: =O39/F39 -> #DIV/0! | R39: =Q39/$F39 -> #DIV/0! | S39: =SUM(O39+Q39) -> 0 | T39: =S39/F39 -> #DIV/0! | V39: =U39/F39 -> #DIV/0! | X39: =W39/F39 -> #DIV/0! | Z39: =Y39/F39 -> #DIV/0! | AB39: =AA39/$F39 -> #DIV/0! | AC39: =SUM(Y39+AA39) -> 0 | AD39: =AC39/F39 -> #DIV/0! | AF39: =AE39/F39 -> #DIV/0! | AH39: =AG39/F39 -> #DIV/0! | AJ39: =AI39/F39 -> #DIV/0! | AL39: =AK39/F39 -> #DIV/0!
F40: =SUM(M40,S40,U40,W40,AC40,AE40,AG40,AI40,AK40) -> 0 | J40: =I40/F40 -> #DIV/0! | L40: =K40/F40 -> #DIV/0! | M40: =SUM(I40+K40) -> 0 | N40: =M40/F40 -> #DIV/0! | P40: =O40/F40 -> #DIV/0! | R40: =Q40/$F40 -> #DIV/0! | S40: =SUM(O40+Q40) -> 0 | T40: =S40/F40 -> #DIV/0! | V40: =U40/F40 -> #DIV/0! | X40: =W40/F40 -> #DIV/0! | Z40: =Y40/F40 -> #DIV/0! | AB40: =AA40/$F40 -> #DIV/0! | AC40: =SUM(Y40+AA40) -> 0 | AD40: =AC40/F40 -> #DIV/0! | AF40: =AE40/F40 -> #DIV/0! | AH40: =AG40/F40 -> #DIV/0! | AJ40: =AI40/F40 -> #DIV/0! | AL40: =AK40/F40 -> #DIV/0!
F41: =SUM(M41,S41,U41,W41,AC41,AE41,AG41,AI41,AK41) -> 0 | J41: =I41/F41 -> #DIV/0! | L41: =K41/F41 -> #DIV/0! | M41: =SUM(I41+K41) -> 0 | N41: =M41/F41 -> #DIV/0! | P41: =O41/F41 -> #DIV/0! | R41: =Q41/$F41 -> #DIV/0! | S41: =SUM(O41+Q41) -> 0 | T41: =S41/F41 -> #DIV/0! | V41: =U41/F41 -> #DIV/0! | X41: =W41/F41 -> #DIV/0! | Z41: =Y41/F41 -> #DIV/0! | AB41: =AA41/$F41 -> #DIV/0! | AC41: =SUM(Y41+AA41) -> 0 | AD41: =AC41/F41 -> #DIV/0! | AF41: =AE41/F41 -> #DIV/0! | AH41: =AG41/F41 -> #DIV/0! | AJ41: =AI41/F41 -> #DIV/0! | AL41: =AK41/F41 -> #DIV/0!
F42: =SUM(M42,S42,U42,W42,AC42,AE42,AG42,AI42,AK42) -> 0 | J42: =I42/F42 -> #DIV/0! | L42: =K42/F42 -> #DIV/0! | M42: =SUM(I42+K42) -> 0 | N42: =M42/F42 -> #DIV/0! | P42: =O42/F42 -> #DIV/0! | R42: =Q42/$F42 -> #DIV/0! | S42: =SUM(O42+Q42) -> 0 | T42: =S42/F42 -> #DIV/0! | V42: =U42/F42 -> #DIV/0! | X42: =W42/F42 -> #DIV/0! | Z42: =Y42/F42 -> #DIV/0! | AB42: =AA42/$F42 -> #DIV/0! | AC42: =SUM(Y42+AA42) -> 0 | AD42: =AC42/F42 -> #DIV/0! | AF42: =AE42/F42 -> #DIV/0! | AH42: =AG42/F42 -> #DIV/0! | AJ42: =AI42/F42 -> #DIV/0! | AL42: =AK42/F42 -> #DIV/0!
F43: =SUM(M43,S43,U43,W43,AC43,AE43,AG43,AI43,AK43) -> 0 | J43: =I43/F43 -> #DIV/0! | L43: =K43/F43 -> #DIV/0! | M43: =SUM(I43+K43) -> 0 | N43: =M43/F43 -> #DIV/0! | P43: =O43/F43 -> #DIV/0! | R43: =Q43/$F43 -> #DIV/0! | S43: =SUM(O43+Q43) -> 0 | T43: =S43/F43 -> #DIV/0! | V43: =U43/F43 -> #DIV/0! | X43: =W43/F43 -> #DIV/0! | Z43: =Y43/F43 -> #DIV/0! | AB43: =AA43/$F43 -> #DIV/0! | AC43: =SUM(Y43+AA43) -> 0 | AD43: =AC43/F43 -> #DIV/0! | AF43: =AE43/F43 -> #DIV/0! | AH43: =AG43/F43 -> #DIV/0! | AJ43: =AI43/F43 -> #DIV/0! | AL43: =AK43/F43 -> #DIV/0!
F44: =SUM(M44,S44,U44,W44,AC44,AE44,AG44,AI44,AK44) -> 0 | J44: =I44/F44 -> #DIV/0! | L44: =K44/F44 -> #DIV/0! | M44: =SUM(I44+K44) -> 0 | N44: =M44/F44 -> #DIV/0! | P44: =O44/F44 -> #DIV/0! | R44: =Q44/$F44 -> #DIV/0! | S44: =SUM(O44+Q44) -> 0 | T44: =S44/F44 -> #DIV/0! | V44: =U44/F44 -> #DIV/0! | X44: =W44/F44 -> #DIV/0! | Z44: =Y44/F44 -> #DIV/0! | AB44: =AA44/$F44 -> #DIV/0! | AC44: =SUM(Y44+AA44) -> 0 | AD44: =AC44/F44 -> #DIV/0! | AF44: =AE44/F44 -> #DIV/0! | AH44: =AG44/F44 -> #DIV/0! | AJ44: =AI44/F44 -> #DIV/0! | AL44: =AK44/F44 -> #DIV/0!
F45: =SUM(M45,S45,U45,W45,AC45,AE45,AG45,AI45,AK45) -> 0 | J45: =I45/F45 -> #DIV/0! | L45: =K45/F45 -> #DIV/0! | M45: =SUM(I45+K45) -> 0 | N45: =M45/F45 -> #DIV/0! | P45: =O45/F45 -> #DIV/0! | R45: =Q45/$F45 -> #DIV/0! | S45: =SUM(O45+Q45) -> 0 | T45: =S45/F45 -> #DIV/0! | V45: =U45/F45 -> #DIV/0! | X45: =W45/F45 -> #DIV/0! | Z45: =Y45/F45 -> #DIV/0! | AB45: =AA45/$F45 -> #DIV/0! | AC45: =SUM(Y45+AA45) -> 0 | AD45: =AC45/F45 -> #DIV/0! | AF45: =AE45/F45 -> #DIV/0! | AH45: =AG45/F45 -> #DIV/0! | AJ45: =AI45/F45 -> #DIV/0! | AL45: =AK45/F45 -> #DIV/0!
I46: =SUM(I7:I45) -> 14680973 | J46: =I46/$H$12 -> 0.084850899 | K46: =SUM(K7:K45) -> 17808058 | L46: =K46/$H$12 -> 0.10292435 | M46: =SUM(M8:M45) -> 31318013 | N46: =M46/$H$8 -> #DIV/0! | O46: =SUM(O7:O45) -> 2962264.2 | P46: =O46/$H$12 -> 0.017120853 | Q46: =SUM(Q7:Q45) -> 2035798.9 | R46: =Q46/$H$12 -> 0.011766207 | S46: =SUM(S8:S45) -> 4751794.9 | T46: =S46/$H$8 -> #DIV/0! | U46: =SUM(U7:U45) -> 29593653 | V46: =U46/$H$12 -> 0.17104098 | W46: =SUM(W7:W45) -> 748778.42 | X46: =W46/$H$12 -> 0.0043276777 | Y46: =SUM(Y7:Y45) -> 14052930 | Z46: =Y46/$H$12 -> 0.081221026 | AA46: =SUM(AA7:AA45) -> 33906743 | AB46: =AA46/$H$12 -> 0.19596913 | AC46: =SUM(AC8:AC45) -> 46235474 | AD46: =AC46/$H$8 -> #DIV/0! | AE46: =SUM(AE7:AE45) -> 22197803 | AF46: =AE46/$H$12 -> 0.12829555 | AG46: =SUM(AG7:AG45) -> 13894003 | AH46: =AG46/$H$12 -> 0.080302484 | AI46: =SUM(AI7:AI45) -> 10522331 | AJ46: =AI46/$H$12 -> 0.060815396 | AK46: =SUM(AK7:AK45) -> 10617500 | AL46: =AK46/$H$12 -> 0.061365444
M47: =M46 -> 31318013 | S47: =S46 -> 4751794.9 | U47: =U46 -> 29593653 | W47: =W46 -> 748778.42 | AC47: =AC46 -> 46235474 | AE47: =AE46 -> 22197803 | AG47: =AG46 -> 13894003 | AI47: =AI46 -> 10522331 | AK47: =AK46 -> 10617500

Sheet （４）訂單數量構成比
B2: （4）訂單數量構成比
C3: 月份 | D3: 日期 | F3: 訂單量 | I3: 品類訂單量
I4: 18℃-飯糰 | O4: 18℃-壽司手卷 | U4: 4℃-飯糰 | W4: 4℃-壽司手卷 | Y4: 主食 | AE4: 便當 | AG4: 熱食義麵 | AI4: 季節調理麵 | AK4: 微波小吃
F5: 日 | G5: 週累積 | H5: 月累積 | I5: 一配 | K5: 二配 | M5: 合計 | O5: 一配 | Q5: 二配 | S5: 合計 | U5: 一配 | W5: 一配 | Y5: 一配 | AA5: 二配 | AC5: 合計 | AE5: 一配 | AG5: 一配 | AI5: 一配 | AK5: 一配
I6: 訂單數 | J6: 比例(%) | K6: 訂單數 | L6: 比例(%) | M6: 訂單數 | N6: 比例(%) | O6: 訂單數 | P6: 比例(%) | Q6: 訂單數 | R6: 比例(%) | S6: 訂單數 | T6: 比例(%) | U6: 訂單數 | V6: 比例(%) | W6: 訂單數 | X6: 比例(%) | Y6: 訂單數 | Z6: 比例(%) | AA6: 訂單數 | AB6: 比例(%) | AC6: 訂單數 | AD6: 比例(%) | AE6: 訂單數 | AF6: 比例(%) | AG6: 訂單數 | AH6: 比例(%) | AI6: 訂單數 | AJ6: 比例(%) | AK6: 訂單數 | AL6: 比例(%)
D7: =D6+1 -> 1 | E7: 四 | F7: =SUM(M7,S7,U7,W7,AC7,AE7,AG7,AI7,AK7) -> 205236 | I7: 25975 | J7: =I7/F7 -> 0.12656162 | K7: 36003 | L7: =K7/F7 -> 0.17542244 | M7: =SUM(I7+K7) -> 61978 | N7: =M7/F7 -> 0.30198406 | O7: 6148 | P7: =O7/F7 -> 0.029955758 | Q7: 3063 | R7: =Q7/F7 -> 0.014924282 | S7: =SUM(O7+Q7) -> 9211 | T7: =S7/F7 -> 0.044880041 | U7: 34321 | V7: =U7/F7 -> 0.167227 | W7: 0 | X7: =W7/F7 -> 0 | Y7: 21075 | Z7: =Y7/F7 -> 0.10268666 | AA7: 22860 | AB7: =AA7/F7 -> 0.11138397 | AC7: =SUM(Y7+AA7) -> 43935 | AD7: =AC7/F7 -> 0.21407063 | AE7: 14418 | AF7: =AE7/F7 -> 0.070250833 | AG7: 11771 | AH7: =AG7/F7 -> 0.057353486 | AI7: 11535 | AJ7: =AI7/F7 -> 0.05620359 | AK7: 18067 | AL7: =AK7/F7 -> 0.088030365
D8: =D7+1 -> 2 | E8: 五 | F8: =SUM(M8,S8,U8,W8,AC8,AE8,AG8,AI8,AK8) -> 186163 | G8: =SUM(F7:F11) -> 1028457 | I8: 24907 | J8: =I8/F8 -> 0.13379135 | K8: 35005 | L8: =K8/F8 -> 0.18803414 | M8: =SUM(I8+K8) -> 59912 | N8: =M8/F8 -> 0.3218255 | O8: 4951 | P8: =O8/F8 -> 0.026594973 | Q8: 2789 | R8: =Q8/F8 -> 0.014981495 | S8: =SUM(O8+Q8) -> 7740 | T8: =S8/F8 -> 0.041576468 | U8: 29211 | V8: =U8/F8 -> 0.15691088 | W8: 0 | X8: =W8/F8 -> 0 | Y8: 19654 | Z8: =Y8/F8 -> 0.10557415 | AA8: 23708 | AB8: =AA8/F8 -> 0.12735076 | AC8: =SUM(Y8+AA8) -> 43362 | AD8: =AC8/F8 -> 0.23292491 | AE8: 12079 | AF8: =AE8/F8 -> 0.064884 | AG8: 9768 | AH8: =AG8/F8 -> 0.052470147 | AI8: 8961 | AJ8: =AI8/F8 -> 0.048135236 | AK8: 15130 | AL8: =AK8/F8 -> 0.081272863
D9: =D8+1 -> 3 | E9: 六 | F9: =SUM(M9,S9,U9,W9,AC9,AE9,AG9,AI9,AK9) -> 199344 | I9: 23447 | J9: =I9/F9 -> 0.1176208 | K9: 37404 | L9: =K9/F9 -> 0.18763544 | M9: =SUM(I9+K9) -> 60851 | N9: =M9/F9 -> 0.30525624 | O9: 4238 | P9: =O9/F9 -> 0.021259732 | Q9: 2492 | R9: =Q9/F9 -> 0.012501003 | S9: =SUM(O9+Q9) -> 6730 | T9: =S9/F9 -> 0.033760735 | U9: 32498 | V9: =U9/F9 -> 0.16302472 | W9: 0 | X9: =W9/F9 -> 0 | Y9: 20230 | Z9: =Y9/F9 -> 0.10148286 | AA9: 24984 | AB9: =AA9/F9 -> 0.12533109 | AC9: =SUM(Y9+AA9) -> 45214 | AD9: =AC9/F9 -> 0.22681395 | AE9: 14396 | AF9: =AE9/F9 -> 0.072216871 | AG9: 10954 | AH9: =AG9/F9 -> 0.054950237 | AI9: 12318 | AJ9: =AI9/F9 -> 0.06179268 | AK9: 16383 | AL9: =AK9/F9 -> 0.082184565
D10: =D9+1 -> 4 | E10: 日 | F10: =SUM(M10,S10,U10,W10,AC10,AE10,AG10,AI10,AK10) -> 216721 | I10: 28967 | J10: =I10/F10 -> 0.13366033 | K10: 38308 | L10: =K10/F10 -> 0.17676183 | M10: =SUM(I10+K10) -> 67275 | N10: =M10/F10 -> 0.31042216 | O10: 5888 | P10: =O10/F10 -> 0.027168572 | Q10: 2772 | R10: =Q10/F10 -> 0.012790639 | S10: =SUM(O10+Q10) -> 8660 | T10: =S10/F10 -> 0.03995921 | U10: 39158 | V10: =U10/F10 -> 0.18068392 | W10: 0 | X10: =W10/F10 -> 0 | Y10: 19284 | Z10: =Y10/F10 -> 0.088980763 | AA10: 25818 | AB10: =AA10/F10 -> 0.11913013 | AC10: =SUM(Y10+AA10) -> 45102 | AD10: =AC10/F10 -> 0.20811089 | AE10: 16716 | AF10: =AE10/F10 -> 0.077131427 | AG10: 12830 | AH10: =AG10/F10 -> 0.059200539 | AI10: 12183 | AJ10: =AI10/F10 -> 0.056215134 | AK10: 14797 | AL10: =AK10/F10 -> 0.068276724
D11: =D10+1 -> 5 | E11: 一 | F11: =SUM(M11,S11,U11,W11,AC11,AE11,AG11,AI11,AK11) -> 220993 | I11: 28010 | J11: =I11/F11 -> 0.1267461 | K11: 40874 | L11: =K11/F11 -> 0.18495608 | M11: =SUM(I11+K11) -> 68884 | N11: =M11/F11 -> 0.31170218 | O11: 5380 | P11: =O11/F11 -> 0.024344663 | Q11: 2779 | R11: =Q11/F11 -> 0.012575059 | S11: =SUM(O11+Q11) -> 8159 | T11: =S11/F11 -> 0.036919721 | U11: 37100 | V11: =U11/F11 -> 0.16787862 | W11: 0 | X11: =W11/F11 -> 0 | Y11: 19315 | Z11: =Y11/F11 -> 0.087400958 | AA11: 32288 | AB11: =AA11/F11 -> 0.14610418 | AC11: =SUM(Y11+AA11) -> 51603 | AD11: =AC11/F11 -> 0.23350513 | AE11: 16327 | AF11: =AE11/F11 -> 0.073880168 | AG11: 12596 | AH11: =AG11/F11 -> 0.05699728 | AI11: 11004 | AJ11: =AI11/F11 -> 0.049793432 | AK11: 15320 | AL11: =AK11/F11 -> 0.069323463
D12: =D11+1 -> 6 | E12: 二 | F12: =SUM(M12,S12,U12,W12,AC12,AE12,AG12,AI12,AK12) -> 233027 | G12: =SUM(F12:F18) -> 1492256 | H12: =SUM(F7:F37) -> 5357363 | I12: 31949 | J12: =I12/F12 -> 0.13710428 | K12: 40263 | L12: =K12/F12 -> 0.17278255 | M12: =SUM(I12+K12) -> 72212 | N12: =M12/F12 -> 0.30988684 | O12: 5500 | P12: =O12/F12 -> 0.023602415 | Q12: 2973 | R12: =Q12/F12 -> 0.012758178 | S12: =SUM(O12+Q12) -> 8473 | T12: =S12/F12 -> 0.036360593 | U12: 44501 | V12: =U12/F12 -> 0.19096929 | W12: 1960 | X12: =W12/F12 -> 0.0084110425 | Y12: 22207 | Z12: =Y12/F12 -> 0.09529797 | AA12: 31308 | AB12: =AA12/F12 -> 0.13435353 | AC12: =SUM(Y12+AA12) -> 53515 | AD12: =AC12/F12 -> 0.2296515 | AE12: 15711 | AF12: =AE12/F12 -> 0.067421372 | AG12: 11684 | AH12: =AG12/F12 -> 0.050140113 | AI12: 9645 | AJ12: =AI12/F12 -> 0.041390054 | AK12: 15326 | AL12: =AK12/F12 -> 0.065769203
D13: =D12+1 -> 7 | E13: 三 | F13: =SUM(M13,S13,U13,W13,AC13,AE13,AG13,AI13,AK13) -> 220329 | I13: 30333 | J13: =I13/F13 -> 0.13767139 | K13: 39873 | L13: =K13/F13 -> 0.18097028 | M13: =SUM(I13+K13) -> 70206 | N13: =M13/F13 -> 0.31864167 | O13: 5446 | P13: =O13/F13 -> 0.024717581 | Q13: 3063 | R13: =Q13/F13 -> 0.013901938 | S13: =SUM(O13+Q13) -> 8509 | T13: =S13/F13 -> 0.038619519 | U13: 38401 | V13: =U13/F13 -> 0.17428936 | W13: 1921 | X13: =W13/F13 -> 0.0087187796 | Y13: 17146 | Z13: =Y13/F13 -> 0.077819987 | AA13: 30467 | AB13: =AA13/F13 -> 0.13827957 | AC13: =SUM(Y13+AA13) -> 47613 | AD13: =AC13/F13 -> 0.21609956 | AE13: 16349 | AF13: =AE13/F13 -> 0.07420267 | AG13: 11226 | AH13: =AG13/F13 -> 0.050951078 | AI13: 10312 | AJ13: =AI13/F13 -> 0.046802736 | AK13: 15792 | AL13: =AK13/F13 -> 0.071674632
D14: =D13+1 -> 8 | E14: 四 | F14: =SUM(M14,S14,U14,W14,AC14,AE14,AG14,AI14,AK14) -> 207527 | I14: 28577 | J14: =I14/F14 -> 0.13770256 | K14: 36237 | L14: =K14/F14 -> 0.17461342 | M14: =SUM(I14+K14) -> 64814 | N14: =M14/F14 -> 0.31231599 | O14: 5213 | P14: =O14/F14 -> 0.025119623 | Q14: 2984 | R14: =Q14/F14 -> 0.014378852 | S14: =SUM(O14+Q14) -> 8197 | T14: =S14/F14 -> 0.039498475 | U14: 35934 | V14: =U14/F14 -> 0.17315337 | W14: 165 | X14: =W14/F14 -> 0.00079507727 | Y14: 22070 | Z14: =Y14/F14 -> 0.10634761 | AA14: 24254 | AB14: =AA14/F14 -> 0.11687154 | AC14: =SUM(Y14+AA14) -> 46324 | AD14: =AC14/F14 -> 0.22321915 | AE14: 15213 | AF14: =AE14/F14 -> 0.073306124 | AG14: 10676 | AH14: =AG14/F14 -> 0.051443909 | AI14: 10794 | AJ14: =AI14/F14 -> 0.052012509 | AK14: 15410 | AL14: =AK14/F14 -> 0.074255398
D15: =D14+1 -> 9 | E15: 五 | F15: =SUM(M15,S15,U15,W15,AC15,AE15,AG15,AI15,AK15) -> 189878 | I15: 26367 | J15: =I15/F15 -> 0.13886285 | K15: 34768 | L15: =K15/F15 -> 0.18310705 | M15: =SUM(I15+K15) -> 61135 | N15: =M15/F15 -> 0.3219699 | O15: 3924 | P15: =O15/F15 -> 0.020665901 | Q15: 2467 | R15: =Q15/F15 -> 0.012992553 | S15: =SUM(O15+Q15) -> 6391 | T15: =S15/F15 -> 0.033658454 | U15: 32725 | V15: =U15/F15 -> 0.17234751 | W15: 969 | X15: =W15/F15 -> 0.0051032768 | Y15: 19620 | Z15: =Y15/F15 -> 0.10332951 | AA15: 24189 | AB15: =AA15/F15 -> 0.12739233 | AC15: =SUM(Y15+AA15) -> 43809 | AD15: =AC15/F15 -> 0.23072183 | AE15: 13099 | AF15: =AE15/F15 -> 0.068986402 | AG15: 9186 | AH15: =AG15/F15 -> 0.048378432 | AI15: 10042 | AJ15: =AI15/F15 -> 0.05288659 | AK15: 12522 | AL15: =AK15/F15 -> 0.065947608
D16: =D15+1 -> 10 | E16: 六 | F16: =SUM(M16,S16,U16,W16,AC16,AE16,AG16,AI16,AK16) -> 195163 | I16: 25286 | J16: =I16/F16 -> 0.12956349 | K16: 36354 | L16: =K16/F16 -> 0.18627506 | M16: =SUM(I16+K16) -> 61640 | N16: =M16/F16 -> 0.31583856 | O16: 3485 | P16: =O16/F16 -> 0.017856868 | Q16: 2311 | R16: =Q16/F16 -> 0.011841384 | S16: =SUM(O16+Q16) -> 5796 | T16: =S16/F16 -> 0.029698252 | U16: 34027 | V16: =U16/F16 -> 0.1743517 | W16: 1383 | X16: =W16/F16 -> 0.0070863842 | Y16: 21140 | Z16: =Y16/F16 -> 0.10831971 | AA16: 24367 | AB16: =AA16/F16 -> 0.12485461 | AC16: =SUM(Y16+AA16) -> 45507 | AD16: =AC16/F16 -> 0.23317432 | AE16: 14207 | AF16: =AE16/F16 -> 0.072795561 | AG16: 9673 | AH16: =AG16/F16 -> 0.049563698 | AI16: 9303 | AJ16: =AI16/F16 -> 0.047667847 | AK16: 13627 | AL16: =AK16/F16 -> 0.069823686
D17: =D16+1 -> 11 | E17: 日 | F17: =SUM(M17,S17,U17,W17,AC17,AE17,AG17,AI17,AK17) -> 229137 | I17: 30837 | J17: =I17/F17 -> 0.13457888 | K17: 38139 | L17: =K17/F17 -> 0.16644627 | M17: =SUM(I17+K17) -> 68976 | N17: =M17/F17 -> 0.30102515 | O17: 5003 | P17: =O17/F17 -> 0.021834099 | Q17: 2786 | R17: =Q17/F17 -> 0.012158665 | S17: =SUM(O17+Q17) -> 7789 | T17: =S17/F17 -> 0.033992764 | U17: 42693 | V17: =U17/F17 -> 0.18632085 | W17: 2513 | X17: =W17/F17 -> 0.010967238 | Y17: 24923 | Z17: =Y17/F17 -> 0.10876899 | AA17: 26403 | AB17: =AA17/F17 -> 0.11522801 | AC17: =SUM(Y17+AA17) -> 51326 | AD17: =AC17/F17 -> 0.223997 | AE17: 17519 | AF17: =AE17/F17 -> 0.076456443 | AG17: 11668 | AH17: =AG17/F17 -> 0.050921501 | AI17: 11950 | AJ17: =AI17/F17 -> 0.052152206 | AK17: 14703 | AL17: =AK17/F17 -> 0.064166852
D18: =D17+1 -> 12 | E18: 一 | F18: =SUM(M18,S18,U18,W18,AC18,AE18,AG18,AI18,AK18) -> 217195 | I18: 29565 | J18: =I18/F18 -> 0.13612192 | K18: 37713 | L18: =K18/F18 -> 0.17363659 | M18: =SUM(I18+K18) -> 67278 | N18: =M18/F18 -> 0.30975851 | O18: 4586 | P18: =O18/F18 -> 0.021114667 | Q18: 2746 | R18: =Q18/F18 -> 0.012643017 | S18: =SUM(O18+Q18) -> 7332 | T18: =S18/F18 -> 0.033757683 | U18: 39358 | V18: =U18/F18 -> 0.18121043 | W18: 1541 | X18: =W18/F18 -> 0.0070950068 | Y18: 20825 | Z18: =Y18/F18 -> 0.095881581 | AA18: 25645 | AB18: =AA18/F18 -> 0.11807362 | AC18: =SUM(Y18+AA18) -> 46470 | AD18: =AC18/F18 -> 0.2139552 | AE18: 16369 | AF18: =AE18/F18 -> 0.075365455 | AG18: 11465 | AH18: =AG18/F18 -> 0.052786666 | AI18: 11884 | AJ18: =AI18/F18 -> 0.054715808 | AK18: 15498 | AL18: =AK18/F18 -> 0.071355234
D19: =D18+1 -> 13 | E19: 二 | F19: =SUM(M19,S19,U19,W19,AC19,AE19,AG19,AI19,AK19) -> 214686 | G19: =SUM(F19:F25) -> 1418907 | I19: 33071 | J19: =I19/F19 -> 0.15404358 | K19: 37271 | L19: =K19/F19 -> 0.17360704 | M19: =SUM(I19+K19) -> 70342 | N19: =M19/F19 -> 0.32765062 | O19: 4483 | P19: =O19/F19 -> 0.02088166 | Q19: 2763 | R19: =Q19/F19 -> 0.012869959 | S19: =SUM(O19+Q19) -> 7246 | T19: =S19/F19 -> 0.033751619 | U19: 37212 | V19: =U19/F19 -> 0.17333222 | W19: 1204 | X19: =W19/F19 -> 0.0056081906 | Y19: 21070 | Z19: =Y19/F19 -> 0.098143335 | AA19: 24797 | AB19: =AA19/F19 -> 0.11550357 | AC19: =SUM(Y19+AA19) -> 45867 | AD19: =AC19/F19 -> 0.21364691 | AE19: 16985 | AF19: =AE19/F19 -> 0.079115545 | AG19: 9361 | AH19: =AG19/F19 -> 0.043603216 | AI19: 11800 | AJ19: =AI19/F19 -> 0.054963994 | AK19: 14669 | AL19: =AK19/F19 -> 0.068327697
D20: =D19+1 -> 14 | E20: 三 | F20: =SUM(M20,S20,U20,W20,AC20,AE20,AG20,AI20,AK20) -> 207749 | I20: 31002 | J20: =I20/F20 -> 0.14922816 | K20: 35804 | L20: =K20/F20 -> 0.17234259 | M20: =SUM(I20+K20) -> 66806 | N20: =M20/F20 -> 0.32157074 | O20: 4768 | P20: =O20/F20 -> 0.022950772 | Q20: 2798 | R20: =Q20/F20 -> 0.013468176 | S20: =SUM(O20+Q20) -> 7566 | T20: =S20/F20 -> 0.036418948 | U20: 35316 | V20: =U20/F20 -> 0.1699936 | W20: 1752 | X20: =W20/F20 -> 0.0084332536 | Y20: 21976 | Z20: =Y20/F20 -> 0.1057815 | AA20: 23359 | AB20: =AA20/F20 -> 0.11243857 | AC20: =SUM(Y20+AA20) -> 45335 | AD20: =AC20/F20 -> 0.21822006 | AE20: 15489 | AF20: =AE20/F20 -> 0.074556316 | AG20: 9446 | AH20: =AG20/F20 -> 0.04546833 | AI20: 11269 | AJ20: =AI20/F20 -> 0.054243342 | AK20: 14770 | AL20: =AK20/F20 -> 0.071095408
D21: =D20+1 -> 15 | E21: 四 | F21: =SUM(M21,S21,U21,W21,AC21,AE21,AG21,AI21,AK21) -> 194623 | I21: 28792 | J21: =I21/F21 -> 0.14793729 | K21: 34026 | L21: =K21/F21 -> 0.17483031 | M21: =SUM(I21+K21) -> 62818 | N21: =M21/F21 -> 0.32276761 | O21: 4622 | P21: =O21/F21 -> 0.023748478 | Q21: 2804 | R21: =Q21/F21 -> 0.014407341 | S21: =SUM(O21+Q21) -> 7426 | T21: =S21/F21 -> 0.038155819 | U21: 33955 | V21: =U21/F21 -> 0.17446551 | W21: 1326 | X21: =W21/F21 -> 0.0068131721 | Y21: 21757 | Z21: =Y21/F21 -> 0.11179049 | AA21: 19974 | AB21: =AA21/F21 -> 0.10262919 | AC21: =SUM(Y21+AA21) -> 41731 | AD21: =AC21/F21 -> 0.21441967 | AE21: 13835 | AF21: =AE21/F21 -> 0.071086151 | AG21: 7618 | AH21: =AG21/F21 -> 0.039142342 | AI21: 11452 | AJ21: =AI21/F21 -> 0.058841966 | AK21: 14462 | AL21: =AK21/F21 -> 0.074307764
D22: =D21+1 -> 16 | E22: 五 | F22: =SUM(M22,S22,U22,W22,AC22,AE22,AG22,AI22,AK22) -> 183688 | I22: 27950 | J22: =I22/F22 -> 0.15216018 | K22: 33702 | L22: =K22/F22 -> 0.18347415 | M22: =SUM(I22+K22) -> 61652 | N22: =M22/F22 -> 0.33563434 | O22: 3564 | P22: =O22/F22 -> 0.019402465 | Q22: 2510 | R22: =Q22/F22 -> 0.013664475 | S22: =SUM(O22+Q22) -> 6074 | T22: =S22/F22 -> 0.03306694 | U22: 29778 | V22: =U22/F22 -> 0.16211184 | W22: 1316 | X22: =W22/F22 -> 0.0071643221 | Y22: 20714 | Z22: =Y22/F22 -> 0.1127673 | AA22: 21921 | AB22: =AA22/F22 -> 0.11933823 | AC22: =SUM(Y22+AA22) -> 42635 | AD22: =AC22/F22 -> 0.23210553 | AE22: 12333 | AF22: =AE22/F22 -> 0.067141022 | AG22: 6633 | AH22: =AG22/F22 -> 0.036110143 | AI22: 11044 | AJ22: =AI22/F22 -> 0.060123688 | AK22: 12223 | AL22: =AK22/F22 -> 0.06654218
D23: =D22+1 -> 17 | E23: 六 | F23: =SUM(M23,S23,U23,W23,AC23,AE23,AG23,AI23,AK23) -> 191838 | I23: 26696 | J23: =I23/F23 -> 0.13915908 | K23: 36102 | L23: =K23/F23 -> 0.18819004 | M23: =SUM(I23+K23) -> 62798 | N23: =M23/F23 -> 0.32734912 | O23: 3392 | P23: =O23/F23 -> 0.017681586 | Q23: 2388 | R23: =Q23/F23 -> 0.012448003 | S23: =SUM(O23+Q23) -> 5780 | T23: =S23/F23 -> 0.030129589 | U23: 32496 | V23: =U23/F23 -> 0.16939293 | W23: 1037 | X23: =W23/F23 -> 0.0054056026 | Y23: 20787 | Z23: =Y23/F23 -> 0.10835705 | AA23: 21699 | AB23: =AA23/F23 -> 0.11311106 | AC23: =SUM(Y23+AA23) -> 42486 | AD23: =AC23/F23 -> 0.22146811 | AE23: 13870 | AF23: =AE23/F23 -> 0.072300587 | AG23: 7381 | AH23: =AG23/F23 -> 0.038475172 | AI23: 12503 | AJ23: =AI23/F23 -> 0.065174783 | AK23: 13487 | AL23: =AK23/F23 -> 0.070304111
D24: =D23+1 -> 18 | E24: 日 | F24: =SUM(M24,S24,U24,W24,AC24,AE24,AG24,AI24,AK24) -> 212538 | I24: 31697 | J24: =I24/F24 -> 0.14913568 | K24: 37713 | L24: =K24/F24 -> 0.17744121 | M24: =SUM(I24+K24) -> 69410 | N24: =M24/F24 -> 0.32657689 | O24: 4580 | P24: =O24/F24 -> 0.021549088 | Q24: 2681 | R24: =Q24/F24 -> 0.012614215 | S24: =SUM(O24+Q24) -> 7261 | T24: =S24/F24 -> 0.034163303 | U24: 39095 | V24: =U24/F24 -> 0.18394358 | W24: 1434 | X24: =W24/F24 -> 0.0067470288 | Y24: 19264 | Z24: =Y24/F24 -> 0.090637909 | AA24: 23896 | AB24: =AA24/F24 -> 0.11243166 | AC24: =SUM(Y24+AA24) -> 43160 | AD24: =AC24/F24 -> 0.20306957 | AE24: 16376 | AF24: =AE24/F24 -> 0.077049751 | AG24: 8587 | AH24: =AG24/F24 -> 0.040402187 | AI24: 12947 | AJ24: =AI24/F24 -> 0.060916166 | AK24: 14268 | AL24: =AK24/F24 -> 0.067131525
D25: =D24+1 -> 19 | E25: 一 | F25: =SUM(M25,S25,U25,W25,AC25,AE25,AG25,AI25,AK25) -> 213785 | I25: 30734 | J25: =I25/F25 -> 0.14376126 | K25: 38342 | L25: =K25/F25 -> 0.17934841 | M25: =SUM(I25+K25) -> 69076 | N25: =M25/F25 -> 0.32310967 | O25: 4199 | P25: =O25/F25 -> 0.019641228 | Q25: 2678 | R25: =Q25/F25 -> 0.012526604 | S25: =SUM(O25+Q25) -> 6877 | T25: =S25/F25 -> 0.032167832 | U25: 37541 | V25: =U25/F25 -> 0.17560166 | W25: 1501 | X25: =W25/F25 -> 0.0070210726 | Y25: 20054 | Z25: =Y25/F25 -> 0.093804523 | AA25: 26947 | AB25: =AA25/F25 -> 0.1260472 | AC25: =SUM(Y25+AA25) -> 47001 | AD25: =AC25/F25 -> 0.21985172 | AE25: 15919 | AF25: =AE25/F25 -> 0.074462661 | AG25: 8562 | AH25: =AG25/F25 -> 0.040049583 | AI25: 12471 | AJ25: =AI25/F25 -> 0.058334308 | AK25: 14837 | AL25: =AK25/F25 -> 0.069401502
D26: =D25+1 -> 20 | E26: 二 | F26: =SUM(M26,S26,U26,W26,AC26,AE26,AG26,AI26,AK26) -> 228373 | G26: =SUM(F26:F32) -> 1417743 | I26: 34975 | J26: =I26/F26 -> 0.15314858 | K26: 37369 | L26: =K26/F26 -> 0.16363143 | M26: =SUM(I26+K26) -> 72344 | N26: =M26/F26 -> 0.31678 | O26: 4384 | P26: =O26/F26 -> 0.019196665 | Q26: 2852 | R26: =Q26/F26 -> 0.012488341 | S26: =SUM(O26+Q26) -> 7236 | T26: =S26/F26 -> 0.031685007 | U26: 34876 | V26: =U26/F26 -> 0.15271508 | W26: 1610 | X26: =W26/F26 -> 0.0070498702 | Y26: 23706 | Z26: =Y26/F26 -> 0.10380386 | AA26: 26148 | AB26: =AA26/F26 -> 0.1144969 | AC26: =SUM(Y26+AA26) -> 49854 | AD26: =AC26/F26 -> 0.21830076 | AE26: 18570 | AF26: =AE26/F26 -> 0.081314341 | AG26: 20051 | AH26: =AG26/F26 -> 0.087799346 | AI26: 9708 | AJ26: =AI26/F26 -> 0.042509403 | AK26: 14124 | AL26: =AK26/F26 -> 0.06184619
D27: =D26+1 -> 21 | E27: 三 | F27: =SUM(M27,S27,U27,W27,AC27,AE27,AG27,AI27,AK27) -> 211084 | I27: 33073 | J27: =I27/F27 -> 0.1566817 | K27: 36743 | L27: =K27/F27 -> 0.17406814 | M27: =SUM(I27+K27) -> 69816 | N27: =M27/F27 -> 0.33074984 | O27: 4677 | P27: =O27/F27 -> 0.022157056 | Q27: 2971 | R27: =Q27/F27 -> 0.014074965 | S27: =SUM(O27+Q27) -> 7648 | T27: =S27/F27 -> 0.036232021 | U27: 32646 | V27: =U27/F27 -> 0.15465881 | W27: 1587 | X27: =W27/F27 -> 0.0075183339 | Y27: 22122 | Z27: =Y27/F27 -> 0.10480188 | AA27: 24715 | AB27: =AA27/F27 -> 0.11708609 | AC27: =SUM(Y27+AA27) -> 46837 | AD27: =AC27/F27 -> 0.22188797 | AE27: 15064 | AF27: =AE27/F27 -> 0.071364954 | AG27: 13960 | AH27: =AG27/F27 -> 0.066134809 | AI27: 9531 | AJ27: =AI27/F27 -> 0.045152641 | AK27: 13995 | AL27: =AK27/F27 -> 0.06630062
D28: =D27+1 -> 22 | E28: 四 | F28: =SUM(M28,S28,U28,W28,AC28,AE28,AG28,AI28,AK28) -> 197525 | I28: 30974 | J28: =I28/F28 -> 0.15681053 | K28: 34321 | L28: =K28/F28 -> 0.17375522 | M28: =SUM(I28+K28) -> 65295 | N28: =M28/F28 -> 0.33056575 | O28: 4465 | P28: =O28/F28 -> 0.022604734 | Q28: 2985 | R28: =Q28/F28 -> 0.015112011 | S28: =SUM(O28+Q28) -> 7450 | T28: =S28/F28 -> 0.037716745 | U28: 32042 | V28: =U28/F28 -> 0.16221744 | W28: 1143 | X28: =W28/F28 -> 0.0057866093 | Y28: 21475 | Z28: =Y28/F28 -> 0.10872042 | AA28: 20314 | AB28: =AA28/F28 -> 0.10284268 | AC28: =SUM(Y28+AA28) -> 41789 | AD28: =AC28/F28 -> 0.21156309 | AE28: 15124 | AF28: =AE28/F28 -> 0.076567523 | AG28: 13010 | AH28: =AG28/F28 -> 0.06586508 | AI28: 8706 | AJ28: =AI28/F28 -> 0.044075433 | AK28: 12966 | AL28: =AK28/F28 -> 0.065642324
D29: =D28+1 -> 23 | E29: 五 | F29: =SUM(M29,S29,U29,W29,AC29,AE29,AG29,AI29,AK29) -> 174499 | I29: 28088 | J29: =I29/F29 -> 0.16096367 | K29: 32560 | L29: =K29/F29 -> 0.18659133 | M29: =SUM(I29+K29) -> 60648 | N29: =M29/F29 -> 0.347555 | O29: 3371 | P29: =O29/F29 -> 0.019318162 | Q29: 2458 | R29: =Q29/F29 -> 0.014086041 | S29: =SUM(O29+Q29) -> 5829 | T29: =S29/F29 -> 0.033404203 | U29: 28308 | V29: =U29/F29 -> 0.16222443 | W29: 799 | X29: =W29/F29 -> 0.0045788228 | Y29: 19068 | Z29: =Y29/F29 -> 0.10927283 | AA29: 20883 | AB29: =AA29/F29 -> 0.11967404 | AC29: =SUM(Y29+AA29) -> 39951 | AD29: =AC29/F29 -> 0.22894687 | AE29: 12559 | AF29: =AE29/F29 -> 0.071971759 | AG29: 7994 | AH29: =AG29/F29 -> 0.045811151 | AI29: 7946 | AJ29: =AI29/F29 -> 0.045536078 | AK29: 10465 | AL29: =AK29/F29 -> 0.05997169
D30: =D29+1 -> 24 | E30: 六 | F30: =SUM(M30,S30,U30,W30,AC30,AE30,AG30,AI30,AK30) -> 183312 | I30: 26307 | J30: =I30/F30 -> 0.14350943 | K30: 34588 | L30: =K30/F30 -> 0.18868377 | M30: =SUM(I30+K30) -> 60895 | N30: =M30/F30 -> 0.3321932 | O30: 3105 | P30: =O30/F30 -> 0.016938335 | Q30: 2252 | R30: =Q30/F30 -> 0.012285066 | S30: =SUM(O30+Q30) -> 5357 | T30: =S30/F30 -> 0.029223401 | U30: 31032 | V30: =U30/F30 -> 0.16928515 | W30: 710 | X30: =W30/F30 -> 0.003873178 | Y30: 19466 | Z30: =Y30/F30 -> 0.10619054 | AA30: 20727 | AB30: =AA30/F30 -> 0.11306952 | AC30: =SUM(Y30+AA30) -> 40193 | AD30: =AC30/F30 -> 0.21926006 | AE30: 14024 | AF30: =AE30/F30 -> 0.076503448 | AG30: 8747 | AH30: =AG30/F30 -> 0.047716462 | AI30: 10911 | AJ30: =AI30/F30 -> 0.059521472 | AK30: 11443 | AL30: =AK30/F30 -> 0.062423627
D31: =D30+1 -> 25 | E31: 日 | F31: =SUM(M31,S31,U31,W31,AC31,AE31,AG31,AI31,AK31) -> 215741 | I31: 31844 | J31: =I31/F31 -> 0.14760291 | K31: 36348 | L31: =K31/F31 -> 0.1684798 | M31: =SUM(I31+K31) -> 68192 | N31: =M31/F31 -> 0.31608271 | O31: 4232 | P31: =O31/F31 -> 0.019616114 | Q31: 2650 | R31: =Q31/F31 -> 0.012283247 | S31: =SUM(O31+Q31) -> 6882 | T31: =S31/F31 -> 0.031899361 | U31: 36594 | V31: =U31/F31 -> 0.16962005 | W31: 1022 | X31: =W31/F31 -> 0.0047371617 | Y31: 24061 | Z31: =Y31/F31 -> 0.11152725 | AA31: 23418 | AB31: =AA31/F31 -> 0.10854682 | AC31: =SUM(Y31+AA31) -> 47479 | AD31: =AC31/F31 -> 0.22007407 | AE31: 17704 | AF31: =AE31/F31 -> 0.082061361 | AG31: 13907 | AH31: =AG31/F31 -> 0.064461553 | AI31: 11631 | AJ31: =AI31/F31 -> 0.053911867 | AK31: 12330 | AL31: =AK31/F31 -> 0.057151863
D32: =D31+1 -> 26 | E32: 一 | F32: =SUM(M32,S32,U32,W32,AC32,AE32,AG32,AI32,AK32) -> 207209 | I32: 29688 | J32: =I32/F32 -> 0.14327563 | K32: 36298 | L32: =K32/F32 -> 0.17517579 | M32: =SUM(I32+K32) -> 65986 | N32: =M32/F32 -> 0.31845142 | O32: 4053 | P32: =O32/F32 -> 0.019559961 | Q32: 2701 | R32: =Q32/F32 -> 0.013035148 | S32: =SUM(O32+Q32) -> 6754 | T32: =S32/F32 -> 0.032595109 | U32: 36289 | V32: =U32/F32 -> 0.17513235 | W32: 1078 | X32: =W32/F32 -> 0.0052024767 | Y32: 22206 | Z32: =Y32/F32 -> 0.10716716 | AA32: 23190 | AB32: =AA32/F32 -> 0.11191599 | AC32: =SUM(Y32+AA32) -> 45396 | AD32: =AC32/F32 -> 0.21908315 | AE32: 15789 | AF32: =AE32/F32 -> 0.076198428 | AG32: 10543 | AH32: =AG32/F32 -> 0.050880995 | AI32: 12395 | AJ32: =AI32/F32 -> 0.05981883 | AK32: 12979 | AL32: =AK32/F32 -> 0.062637241
D33: =D32+1 -> 27 | E33: 二 | F33: =SUM(M33,S33,U33,W33,AC33,AE33,AG33,AI33,AK33) -> 0 | G33: =SUM(F33:F39) -> 0 | J33: =I33/F33 -> #DIV/0! | L33: =K33/F33 -> #DIV/0! | M33: =SUM(I33+K33) -> 0 | N33: =M33/F33 -> #DIV/0! | P33: =O33/F33 -> #DIV/0! | R33: =Q33/F33 -> #DIV/0! | S33: =SUM(O33+Q33) -> 0 | T33: =S33/F33 -> #DIV/0! | V33: =U33/F33 -> #DIV/0! | X33: =W33/F33 -> #DIV/0! | Z33: =Y33/F33 -> #DIV/0! | AB33: =AA33/F33 -> #DIV/0! | AC33: =SUM(Y33+AA33) -> 0 | AD33: =AC33/F33 -> #DIV/0! | AF33: =AE33/F33 -> #DIV/0! | AH33: =AG33/F33 -> #DIV/0! | AJ33: =AI33/F33 -> #DIV/0! | AL33: =AK33/F33 -> #DIV/0!
D34: =D33+1 -> 28 | E34: 三 | F34: =SUM(M34,S34,U34,W34,AC34,AE34,AG34,AI34,AK34) -> 0 | J34: =I34/F34 -> #DIV/0! | L34: =K34/F34 -> #DIV/0! | M34: =SUM(I34+K34) -> 0 | N34: =M34/F34 -> #DIV/0! | P34: =O34/F34 -> #DIV/0! | R34: =Q34/F34 -> #DIV/0! | S34: =SUM(O34+Q34) -> 0 | T34: =S34/F34 -> #DIV/0! | V34: =U34/F34 -> #DIV/0! | X34: =W34/F34 -> #DIV/0! | Z34: =Y34/F34 -> #DIV/0! | AB34: =AA34/F34 -> #DIV/0! | AC34: =SUM(Y34+AA34) -> 0 | AD34: =AC34/F34 -> #DIV/0! | AF34: =AE34/F34 -> #DIV/0! | AH34: =AG34/F34 -> #DIV/0! | AJ34: =AI34/F34 -> #DIV/0! | AL34: =AK34/F34 -> #DIV/0!
D35: =D34+1 -> 29 | E35: 四 | F35: =SUM(M35,S35,U35,W35,AC35,AE35,AG35,AI35,AK35) -> 0 | J35: =I35/F35 -> #DIV/0! | L35: =K35/F35 -> #DIV/0! | M35: =SUM(I35+K35) -> 0 | N35: =M35/F35 -> #DIV/0! | P35: =O35/F35 -> #DIV/0! | R35: =Q35/F35 -> #DIV/0! | S35: =SUM(O35+Q35) -> 0 | T35: =S35/F35 -> #DIV/0! | V35: =U35/F35 -> #DIV/0! | X35: =W35/F35 -> #DIV/0! | Z35: =Y35/F35 -> #DIV/0! | AB35: =AA35/F35 -> #DIV/0! | AC35: =SUM(Y35+AA35) -> 0 | AD35: =AC35/F35 -> #DIV/0! | AF35: =AE35/F35 -> #DIV/0! | AH35: =AG35/F35 -> #DIV/0! | AJ35: =AI35/F35 -> #DIV/0! | AL35: =AK35/F35 -> #DIV/0!
D36: =D35+1 -> 30 | E36: 五 | F36: =SUM(M36,S36,U36,W36,AC36,AE36,AG36,AI36,AK36) -> 0 | J36: =I36/F36 -> #DIV/0! | L36: =K36/F36 -> #DIV/0! | M36: =SUM(I36+K36) -> 0 | N36: =M36/F36 -> #DIV/0! | P36: =O36/F36 -> #DIV/0! | R36: =Q36/F36 -> #DIV/0! | S36: =SUM(O36+Q36) -> 0 | T36: =S36/F36 -> #DIV/0! | V36: =U36/F36 -> #DIV/0! | X36: =W36/F36 -> #DIV/0! | Z36: =Y36/F36 -> #DIV/0! | AB36: =AA36/F36 -> #DIV/0! | AC36: =SUM(Y36+AA36) -> 0 | AD36: =AC36/F36 -> #DIV/0! | AF36: =AE36/F36 -> #DIV/0! | AH36: =AG36/F36 -> #DIV/0! | AJ36: =AI36/F36 -> #DIV/0! | AL36: =AK36/F36 -> #DIV/0!
D37: =D36+1 -> 31 | E37: 六 | F37: =SUM(M37,S37,U37,W37,AC37,AE37,AG37,AI37,AK37) -> 0 | J37: =I37/F37 -> #DIV/0! | L37: =K37/F37 -> #DIV/0! | M37: =SUM(I37+K37) -> 0 | N37: =M37/F37 -> #DIV/0! | P37: =O37/F37 -> #DIV/0! | R37: =Q37/F37 -> #DIV/0! | S37: =SUM(O37+Q37) -> 0 | T37: =S37/F37 -> #DIV/0! | V37: =U37/F37 -> #DIV/0! | X37: =W37/F37 -> #DIV/0! | Z37: =Y37/F37 -> #DIV/0! | AB37: =AA37/F37 -> #DIV/0! | AC37: =SUM(Y37+AA37) -> 0 | AD37: =AC37/F37 -> #DIV/0! | AF37: =AE37/F37 -> #DIV/0! | AH37: =AG37/F37 -> #DIV/0! | AJ37: =AI37/F37 -> #DIV/0! | AL37: =AK37/F37 -> #DIV/0!
D38: =D37+1 -> 32 | E38: 日 | F38: =SUM(M38,S38,U38,W38,AC38,AE38,AG38,AI38,AK38) -> 0 | J38: =I38/F38 -> #DIV/0! | L38: =K38/F38 -> #DIV/0! | M38: =SUM(I38+K38) -> 0 | N38: =M38/F38 -> #DIV/0! | P38: =O38/F38 -> #DIV/0! | R38: =Q38/F38 -> #DIV/0! | S38: =SUM(O38+Q38) -> 0 | T38: =S38/F38 -> #DIV/0! | V38: =U38/F38 -> #DIV/0! | X38: =W38/F38 -> #DIV/0! | Z38: =Y38/F38 -> #DIV/0! | AB38: =AA38/F38 -> #DIV/0! | AC38: =SUM(Y38+AA38) -> 0 | AD38: =AC38/F38 -> #DIV/0! | AF38: =AE38/F38 -> #DIV/0! | AH38: =AG38/F38 -> #DIV/0! | AJ38: =AI38/F38 -> #DIV/0! | AL38: =AK38/F38 -> #DIV/0!
D39: =D38+1 -> 33 | E39: 一 | F39: =SUM(M39,S39,U39,W39,AC39,AE39,AG39,AI39,AK39) -> 0 | J39: =I39/F39 -> #DIV/0! | L39: =K39/F39 -> #DIV/0! | M39: =SUM(I39+K39) -> 0 | N39: =M39/F39 -> #DIV/0! | P39: =O39/F39 -> #DIV/0! | R39: =Q39/F39 -> #DIV/0! | S39: =SUM(O39+Q39) -> 0 | T39: =S39/F39 -> #DIV/0! | V39: =U39/F39 -> #DIV/0! | X39: =W39/F39 -> #DIV/0! | Z39: =Y39/F39 -> #DIV/0! | AB39: =AA39/F39 -> #DIV/0! | AC39: =SUM(Y39+AA39) -> 0 | AD39: =AC39/F39 -> #DIV/0! | AF39: =AE39/F39 -> #DIV/0! | AH39: =AG39/F39 -> #DIV/0! | AJ39: =AI39/F39 -> #DIV/0! | AL39: =AK39/F39 -> #DIV/0!
F40: =SUM(M40,S40,U40,W40,AC40,AE40,AG40,AI40,AK40) -> 0 | J40: =I40/F40 -> #DIV/0! | L40: =K40/F40 -> #DIV/0! | M40: =SUM(I40+K40) -> 0 | N40: =M40/F40 -> #DIV/0! | P40: =O40/F40 -> #DIV/0! | R40: =Q40/F40 -> #DIV/0! | S40: =SUM(O40+Q40) -> 0 | T40: =S40/F40 -> #DIV/0! | V40: =U40/F40 -> #DIV/0! | X40: =W40/F40 -> #DIV/0! | Z40: =Y40/F40 -> #DIV/0! | AB40: =AA40/F40 -> #DIV/0! | AC40: =SUM(Y40+AA40) -> 0 | AD40: =AC40/F40 -> #DIV/0! | AF40: =AE40/F40 -> #DIV/0! | AH40: =AG40/F40 -> #DIV/0! | AJ40: =AI40/F40 -> #DIV/0! | AL40: =AK40/F40 -> #DIV/0!
F41: =SUM(M41,S41,U41,W41,AC41,AE41,AG41,AI41,AK41) -> 0 | J41: =I41/F41 -> #DIV/0! | L41: =K41/F41 -> #DIV/0! | M41: =SUM(I41+K41) -> 0 | N41: =M41/F41 -> #DIV/0! | P41: =O41/F41 -> #DIV/0! | R41: =Q41/F41 -> #DIV/0! | S41: =SUM(O41+Q41) -> 0 | T41: =S41/F41 -> #DIV/0! | V41: =U41/F41 -> #DIV/0! | X41: =W41/F41 -> #DIV/0! | Z41: =Y41/F41 -> #DIV/0! | AB41: =AA41/F41 -> #DIV/0! | AC41: =SUM(Y41+AA41) -> 0 | AD41: =AC41/F41 -> #DIV/0! | AF41: =AE41/F41 -> #DIV/0! | AH41: =AG41/F41 -> #DIV/0! | AJ41: =AI41/F41 -> #DIV/0! | AL41: =AK41/F41 -> #DIV/0!
F42: =SUM(M42,S42,U42,W42,AC42,AE42,AG42,AI42,AK42) -> 0 | J42: =I42/F42 -> #DIV/0! | L42: =K42/F42 -> #DIV/0! | M42: =SUM(I42+K42) -> 0 | N42: =M42/F42 -> #DIV/0! | P42: =O42/F42 -> #DIV/0! | R42: =Q42/F42 -> #DIV/0! | S42: =SUM(O42+Q42) -> 0 | T42: =S42/F42 -> #DIV/0! | V42: =U42/F42 -> #DIV/0! | X42: =W42/F42 -> #DIV/0! | Z42: =Y42/F42 -> #DIV/0! | AB42: =AA42/F42 -> #DIV/0! | AC42: =SUM(Y42+AA42) -> 0 | AD42: =AC42/F42 -> #DIV/0! | AF42: =AE42/F42 -> #DIV/0! | AH42: =AG42/F42 -> #DIV/0! | AJ42: =AI42/F42 -> #DIV/0! | AL42: =AK42/F42 -> #DIV/0!
F43: =SUM(M43,S43,U43,W43,AC43,AE43,AG43,AI43,AK43) -> 0 | J43: =I43/F43 -> #DIV/0! | L43: =K43/F43 -> #DIV/0! | M43: =SUM(I43+K43) -> 0 | N43: =M43/F43 -> #DIV/0! | P43: =O43/F43 -> #DIV/0! | R43: =Q43/F43 -> #DIV/0! | S43: =SUM(O43+Q43) -> 0 | T43: =S43/F43 -> #DIV/0! | V43: =U43/F43 -> #DIV/0! | X43: =W43/F43 -> #DIV/0! | Z43: =Y43/F43 -> #DIV/0! | AB43: =AA43/F43 -> #DIV/0! | AC43: =SUM(Y43+AA43) -> 0 | AD43: =AC43/F43 -> #DIV/0! | AF43: =AE43/F43 -> #DIV/0! | AH43: =AG43/F43 -> #DIV/0! | AJ43: =AI43/F43 -> #DIV/0! | AL43: =AK43/F43 -> #DIV/0!
F44: =SUM(M44,S44,U44,W44,AC44,AE44,AG44,AI44,AK44) -> 0 | J44: =I44/F44 -> #DIV/0! | L44: =K44/F44 -> #DIV/0! | M44: =SUM(I44+K44) -> 0 | N44: =M44/F44 -> #DIV/0! | P44: =O44/F44 -> #DIV/0! | R44: =Q44/F44 -> #DIV/0! | S44: =SUM(O44+Q44) -> 0 | T44: =S44/F44 -> #DIV/0! | V44: =U44/F44 -> #DIV/0! | X44: =W44/F44 -> #DIV/0! | Z44: =Y44/F44 -> #DIV/0! | AB44: =AA44/F44 -> #DIV/0! | AC44: =SUM(Y44+AA44) -> 0 | AD44: =AC44/F44 -> #DIV/0! | AF44: =AE44/F44 -> #DIV/0! | AH44: =AG44/F44 -> #DIV/0! | AJ44: =AI44/F44 -> #DIV/0! | AL44: =AK44/F44 -> #DIV/0!
F45: =SUM(M45,S45,U45,W45,AC45,AE45,AG45,AI45,AK45) -> 0 | J45: =I45/F45 -> #DIV/0! | L45: =K45/F45 -> #DIV/0! | M45: =SUM(I45+K45) -> 0 | N45: =M45/F45 -> #DIV/0! | P45: =O45/F45 -> #DIV/0! | R45: =Q45/F45 -> #DIV/0! | S45: =SUM(O45+Q45) -> 0 | T45: =S45/F45 -> #DIV/0! | V45: =U45/F45 -> #DIV/0! | X45: =W45/F45 -> #DIV/0! | Z45: =Y45/F45 -> #DIV/0! | AB45: =AA45/F45 -> #DIV/0! | AC45: =SUM(Y45+AA45) -> 0 | AD45: =AC45/F45 -> #DIV/0! | AF45: =AE45/F45 -> #DIV/0! | AH45: =AG45/F45 -> #DIV/0! | AJ45: =AI45/F45 -> #DIV/0! | AL45: =AK45/F45 -> #DIV/0!
I46: =SUM(I7:I44) -> 759111 | J46: =I46/$H$12 -> 0.1416949 | K46: =SUM(K7:K44) -> 952128 | L46: =K46/$H$12 -> 0.17772326 | M46: =SUM(M7:M44) -> 1711239 | N46: =M46/$H$12 -> 0.31941815 | O46: =SUM(O7:O44) -> 117657 | P46: =O46/$H$12 -> 0.021961738 | Q46: =SUM(Q7:Q44) -> 70716 | R46: =Q46/$H$12 -> 0.013199778 | S46: =SUM(S7:S44) -> 188373 | T46: =S46/$H$12 -> 0.035161515 | U46: =SUM(U7:U44) -> 917107 | V46: =U46/$H$12 -> 0.17118627 | W46: =SUM(W7:W44) -> 27971 | X46: =W46/$H$12 -> 0.0052210388 | Y46: =SUM(Y7:Y44) -> 545215 | Z46: =Y46/$H$12 -> 0.10176928 | AA46: =SUM(AA7:AA44) -> 638279 | AB46: =AA46/$H$12 -> 0.11914052 | AC46: =SUM(AC7:AC44) -> 1183494 | AD46: =AC46/$H$12 -> 0.2209098 | AE46: =SUM(AE7:AE44) -> 396044 | AF46: =AE46/$H$12 -> 0.073925176 | AG46: =SUM(AG7:AG44) -> 279297 | AH46: =AG46/$H$12 -> 0.052133298 | AI46: =SUM(AI7:AI44) -> 284245 | AJ46: =AI46/$H$12 -> 0.053056886 | AK46: =SUM(AK7:AK44) -> 369593 | AL46: =AK46/$H$12 -> 0.068987858
M47: =M46 -> 1711239 | S47: =S46 -> 188373 | U47: =U46 -> 917107 | W47: =W46 -> 27971 | AC47: =AC46 -> 1183494 | AE47: =AE46 -> 396044 | AG47: =AG46 -> 279297 | AI47: =AI46 -> 284245 | AK47: =AK46 -> 369593

Sheet （５-1）品群別人時生產性（18℃-飯糰）
B1: 月平均人時性 | C1: =AVERAGE(L7,L42,L77,L112,L147,L182) -> 793.62477
B2: 產線配置圖－每週更新 | N2: 資料繳交 | O2: 日期 | P2: 46386 | U2: =P2+1 -> 46387 | Z2: =U2+1 -> 46388 | AE2: =Z2+1 -> 46389 | AJ2: =AE2+1 -> 46390 | AO2: =AJ2+1 -> 46391 | AT2: =AO2+1 -> 46392
P3: 二 | U3: 三 | Z3: 四 | AE3: 五 | AJ3: 六 | AO3: 日 | AT3: 一
B4: 品群 | C4: 商品名稱 | E4: 計畫 | H4: 平均人時性 | I4: 實績 | L4: 平均人時性 | M4: 排名 | O4: 日報 | P4: 實際 | T4: 平均人時性 | U4: 實際 | Y4: 平均人時性 | Z4: 實際 | AD4: 平均人時性 | AE4: 實際 | AI4: 平均人時性 | AJ4: 實際 | AN4: 平均人時性 | AO4: 實際 | AS4: 平均人時性 | AT4: 實際 | AX4: 平均人時性
E5: 產線配置圖 | I5: 產線配置圖 | P5: 生產實績 | U5: 生產實績 | Z5: 生產實績 | AE5: 生產實績 | AJ5: 生產實績 | AO5: 生產實績 | AT5: 生產實績
E6: 人數 | F6: 產能／時 | G6: 人時性 | I6: 人數 | J6: 產能／時 | K6: 人時性 | P6: 人數 | Q6: 產能／時 | R6: 人時性 | S6: 排名 | U6: 人數 | V6: 產能／時 | W6: 人時性 | X6: 排名 | Z6: 人數 | AA6: 產能／時 | AB6: 人時性 | AC6: 排名 | AE6: 人數 | AF6: 產能／時 | AG6: 人時性 | AH6: 排名 | AJ6: 人數 | AK6: 產能／時 | AL6: 人時性 | AM6: 排名 | AO6: 人數 | AP6: 產能／時 | AQ6: 人時性 | AR6: 排名 | AT6: 人數 | AU6: 產能／時 | AV6: 人時性 | AW6: 排名
B7: 18℃-飯糰 | C7: 1 | D7: 經典肉鬆飯糰 | E7: 4 | F7: 2200 | G7: 550 | H7: =AVERAGE(G7:G36) -> 859.12698 | I7: =AVERAGE(P7,U7,Z7,AE7,AJ7,AO7,AT7) -> 3 | J7: =AVERAGE(Q7,V7,AA7,AF7,AK7,AP7,AU7) -> 3182.8131 | K7: =AVERAGE(R7,W7,AB7,AG7,AL7,AQ7,AV7) -> 1060.9377 | L7: =AVERAGE(K7:K36) -> 790.50929 | M7: =RANK(K7, K$182:$K$211) -> #DIV/0! | P7: 3 | Q7: 3340.3846 | R7: 1113.4615 | S7: =RANK(R7, R$7:R$36) -> 1 | T7: =AVERAGE(R7:R36) -> 811.07093 | U7: 3 | V7: 3276.2791 | W7: 1092.093 | X7: =RANK(W7, W$7:W$36) -> 1 | Y7: =AVERAGE(W7:W36) -> 810.4881 | Z7: 3 | AA7: 2811.2727 | AB7: 937.09091 | AC7: =RANK(AB7, AB$7:AB$36) -> 2 | AD7: =AVERAGE(AB7:AB36) -> 741.27956 | AE7: 3 | AF7: 3186.9767 | AG7: 1062.3256 | AH7: =RANK(AG7, AG$7:AG$36) -> 1 | AI7: =AVERAGE(AG7:AG36) -> 795.93775 | AJ7: 3 | AK7: 3181.4286 | AL7: 1060.4762 | AM7: =RANK(AL7, AL$7:AL$36) -> 2 | AN7: =AVERAGE(AL7:AL36) -> 798.0442 | AO7: 3 | AP7: 3323.75 | AQ7: 1107.9167 | AR7: =RANK(AQ7, AQ$7:AQ$36) -> 1 | AS7: =AVERAGE(AQ7:AQ36) -> 795.96598 | AT7: 3 | AU7: 3159.6 | AV7: 1053.2 | AW7: =RANK(AV7, AV$7:AV$36) -> 2 | AX7: =AVERAGE(AV7:AV36) -> 780.7785 | AZ7: =RANK(AX7, $K$7:AX$36) -> #DIV/0! | BB7: =RANK(BA7, BA$7:BA$36) -> #N/A
C8: 2 | D8: 蔬食鮪魚飯糰 | E8: 3 | F8: 2700 | G8: 900 | I8: =AVERAGE(P8,U8,Z8,AE8,AJ8,AO8,AT8) -> 3 | J8: =AVERAGE(Q8,V8,AA8,AF8,AK8,AP8,AU8) -> 2825.2101 | K8: =AVERAGE(R8,W8,AB8,AG8,AL8,AQ8,AV8) -> 941.73669 | M8: =RANK(K8, K$182:$K$211) -> #DIV/0! | P8: 3 | Q8: 2900 | R8: 966.66667 | S8: =RANK(R8, R$7:R$36) -> 3 | U8: 3 | V8: 2852 | W8: 950.66667 | X8: =RANK(W8, W$7:W$36) -> 6 | Z8: 3 | AA8: 2508 | AB8: 836 | AC8: =RANK(AB8, AB$7:AB$36) -> 8 | AE8: 3 | AF8: 2940 | AG8: 980 | AH8: =RANK(AG8, AG$7:AG$36) -> 3 | AJ8: 3 | AK8: 2910 | AL8: 970 | AM8: =RANK(AL8, AL$7:AL$36) -> 5 | AO8: 3 | AP8: 2936.4706 | AQ8: 978.82353 | AR8: =RANK(AQ8, AQ$7:AQ$36) -> 3 | AT8: 3 | AU8: 2730 | AV8: 910 | AW8: =RANK(AV8, AV$7:AV$36) -> 7 | AZ8: =RANK(AX8, $K$7:AX$36) -> #DIV/0! | BB8: =RANK(BA8, BA$7:BA$36) -> #N/A
C9: 3 | D9: 北海道秋鮭親子飯糰 | E9: 4 | F9: 3600 | G9: 900 | I9: =AVERAGE(P9,U9,Z9,AE9,AJ9,AO9,AT9) -> 4 | J9: =AVERAGE(Q9,V9,AA9,AF9,AK9,AP9,AU9) -> 3245.0686 | K9: =AVERAGE(R9,W9,AB9,AG9,AL9,AQ9,AV9) -> 811.26715 | M9: =RANK(K9, K$182:$K$211) -> #DIV/0! | P9: 4 | Q9: 3308.1818 | R9: 827.04545 | S9: =RANK(R9, R$7:R$36) -> 11 | U9: 4 | V9: 3412 | W9: 853 | X9: =RANK(W9, W$7:W$36) -> 11 | Z9: 4 | AA9: 2775 | AB9: 693.75 | AC9: =RANK(AB9, AB$7:AB$36) -> 13 | AE9: 4 | AF9: 3315 | AG9: 828.75 | AH9: =RANK(AG9, AG$7:AG$36) -> 10 | AJ9: 4 | AK9: 3296 | AL9: 824 | AM9: =RANK(AL9, AL$7:AL$36) -> 11 | AO9: 4 | AP9: 3476.6667 | AQ9: 869.16667 | AR9: =RANK(AQ9, AQ$7:AQ$36) -> 9 | AT9: 4 | AU9: 3132.6316 | AV9: 783.15789 | AW9: =RANK(AV9, AV$7:AV$36) -> 13 | AZ9: =RANK(AX9, $K$7:AX$36) -> #DIV/0! | BB9: =RANK(BA9, BA$7:BA$36) -> #N/A
C10: 4 | D10: 鮪魚飯糰 | E10: 3 | F10: 3600 | G10: 1200 | I10: =AVERAGE(P10,U10,Z10,AE10,AJ10,AO10,AT10) -> 3 | J10: =AVERAGE(Q10,V10,AA10,AF10,AK10,AP10,AU10) -> 3199.7136 | K10: =AVERAGE(R10,W10,AB10,AG10,AL10,AQ10,AV10) -> 1066.5712 | M10: =RANK(K10, K$182:$K$211) -> #DIV/0! | P10: 3 | Q10: 3276 | R10: 1092 | S10: =RANK(R10, R$7:R$36) -> 2 | U10: 3 | V10: 3238.9655 | W10: 1079.6552 | X10: =RANK(W10, W$7:W$36) -> 2 | Z10: 3 | AA10: 3045.4286 | AB10: 1015.1429 | AC10: =RANK(AB10, AB$7:AB$36) -> 1 | AE10: 3 | AF10: 3182.9508 | AG10: 1060.9836 | AH10: =RANK(AG10, AG$7:AG$36) -> 2 | AJ10: 3 | AK10: 3256.8421 | AL10: 1085.614 | AM10: =RANK(AL10, AL$7:AL$36) -> 1 | AO10: 3 | AP10: 3221.0959 | AQ10: 1073.6986 | AR10: =RANK(AQ10, AQ$7:AQ$36) -> 2 | AT10: 3 | AU10: 3176.7123 | AV10: 1058.9041 | AW10: =RANK(AV10, AV$7:AV$36) -> 1 | AZ10: =RANK(AX10, $K$7:AX$36) -> #DIV/0! | BB10: =RANK(BA10, BA$7:BA$36) -> #N/A
C11: 5 | D11: 贅沢鮭魚肚飯糰 | E11: 3 | F11: 3600 | G11: 1200 | I11: =AVERAGE(P11,U11,Z11,AE11,AJ11,AO11,AT11) -> 4 | J11: =AVERAGE(Q11,V11,AA11,AF11,AK11,AP11,AU11) -> 3162.15 | K11: =AVERAGE(R11,W11,AB11,AG11,AL11,AQ11,AV11) -> 790.53749 | M11: =RANK(K11, K$182:$K$211) -> #DIV/0! | P11: 4 | Q11: 3264.7059 | R11: 816.17647 | S11: =RANK(R11, R$7:R$36) -> 12 | U11: 4 | V11: 3307.5 | W11: 826.875 | X11: =RANK(W11, W$7:W$36) -> 12 | Z11: 4 | AA11: 2653.7143 | AB11: 663.42857 | AC11: =RANK(AB11, AB$7:AB$36) -> 15 | AE11: 4 | AF11: 3276.9231 | AG11: 819.23077 | AH11: =RANK(AG11, AG$7:AG$36) -> 12 | AJ11: 4 | AK11: 3206.4 | AL11: 801.6 | AM11: =RANK(AL11, AL$7:AL$36) -> 12 | AO11: 4 | AP11: 3267.0968 | AQ11: 816.77419 | AR11: =RANK(AQ11, AQ$7:AQ$36) -> 10 | AT11: 4 | AU11: 3158.7097 | AV11: 789.67742 | AW11: =RANK(AV11, AV$7:AV$36) -> 12 | AZ11: =RANK(AX11, $K$7:AX$36) -> #DIV/0! | BB11: =RANK(BA11, BA$7:BA$36) -> #N/A
C12: 6 | D12: 熟成紅鮭飯糰 | E12: 4 | F12: 3600 | G12: 900 | I12: =AVERAGE(P12,U12,Z12,AE12,AJ12,AO12,AT12) -> 4 | J12: =AVERAGE(Q12,V12,AA12,AF12,AK12,AP12,AU12) -> 3270.1123 | K12: =AVERAGE(R12,W12,AB12,AG12,AL12,AQ12,AV12) -> 817.52807 | M12: =RANK(K12, K$182:$K$211) -> #DIV/0! | P12: 4 | Q12: 3367.0588 | R12: 841.76471 | S12: =RANK(R12, R$7:R$36) -> 10 | U12: 4 | V12: 3545.4545 | W12: 886.36364 | X12: =RANK(W12, W$7:W$36) -> 10 | Z12: 4 | AA12: 2960 | AB12: 740 | AC12: =RANK(AB12, AB$7:AB$36) -> 10 | AE12: 4 | AF12: 3305 | AG12: 826.25 | AH12: =RANK(AG12, AG$7:AG$36) -> 11 | AJ12: 4 | AK12: 3387.2727 | AL12: 846.81818 | AM12: =RANK(AL12, AL$7:AL$36) -> 10 | AO12: 4 | AP12: 3116 | AQ12: 779 | AR12: =RANK(AQ12, AQ$7:AQ$36) -> 12 | AT12: 4 | AU12: 3210 | AV12: 802.5 | AW12: =RANK(AV12, AV$7:AV$36) -> 10 | AZ12: =RANK(AX12, $K$7:AX$36) -> #DIV/0! | BB12: =RANK(BA12, BA$7:BA$36) -> #N/A
C13: 7 | D13: 博多明太子奶油飯糰 | E13: 4 | F13: 3600 | G13: 900 | I13: =AVERAGE(P13,U13,Z13,AE13,AJ13,AO13,AT13) -> 4 | J13: =AVERAGE(Q13,V13,AA13,AF13,AK13,AP13,AU13) -> 3292.0714 | K13: =AVERAGE(R13,W13,AB13,AG13,AL13,AQ13,AV13) -> 823.01786 | M13: =RANK(K13, K$182:$K$211) -> #DIV/0! | P13: 4 | Q13: 3502.5 | R13: 875.625 | S13: =RANK(R13, R$7:R$36) -> 8 | U13: 4 | V13: 3684 | W13: 921 | X13: =RANK(W13, W$7:W$36) -> 9 | Z13: 4 | AA13: 2238 | AB13: 559.5 | AC13: =RANK(AB13, AB$7:AB$36) -> 20 | AE13: 4 | AF13: 3780 | AG13: 945 | AH13: =RANK(AG13, AG$7:AG$36) -> 5 | AJ13: 4 | AK13: 3420 | AL13: 855 | AM13: =RANK(AL13, AL$7:AL$36) -> 9 | AO13: 4 | AP13: 3257.1429 | AQ13: 814.28571 | AR13: =RANK(AQ13, AQ$7:AQ$36) -> 11 | AT13: 4 | AU13: 3162.8571 | AV13: 790.71429 | AW13: =RANK(AV13, AV$7:AV$36) -> 11 | AZ13: =RANK(AX13, $K$7:AX$36) -> #DIV/0! | BB13: =RANK(BA13, BA$7:BA$36) -> #N/A
C14: 8 | D14: 壹號醬炙烤牛飯糰 | E14: 4 | F14: 3300 | G14: 825 | I14: =AVERAGE(P14,U14,Z14,AE14,AJ14,AO14,AT14) -> 4 | J14: =AVERAGE(Q14,V14,AA14,AF14,AK14,AP14,AU14) -> 2791.3187 | K14: =AVERAGE(R14,W14,AB14,AG14,AL14,AQ14,AV14) -> 697.82967 | M14: =RANK(K14, K$182:$K$211) -> #DIV/0! | P14: 4 | Q14: 2944 | R14: 736 | S14: =RANK(R14, R$7:R$36) -> 14 | U14: 4 | V14: 2964 | W14: 741 | X14: =RANK(W14, W$7:W$36) -> 13 | Z14: 4 | AA14: 2420 | AB14: 605 | AC14: =RANK(AB14, AB$7:AB$36) -> 18 | AE14: 4 | AF14: 3054 | AG14: 763.5 | AH14: =RANK(AG14, AG$7:AG$36) -> 13 | AJ14: 4 | AK14: 2688 | AL14: 672 | AM14: =RANK(AL14, AL$7:AL$36) -> 17 | AO14: 4 | AP14: 2838.4615 | AQ14: 709.61538 | AR14: =RANK(AQ14, AQ$7:AQ$36) -> 14 | AT14: 4 | AU14: 2630.7692 | AV14: 657.69231 | AW14: =RANK(AV14, AV$7:AV$36) -> 18 | AZ14: =RANK(AX14, $K$7:AX$36) -> #DIV/0! | BB14: =RANK(BA14, BA$7:BA$36) -> #N/A
C15: 9 | D15: 明太子龍蝦風味沙拉飯糰 | E15: 3 | F15: 3300 | G15: 1100 | I15: =AVERAGE(P15,U15,Z15,AE15,AJ15,AO15,AT15) -> 3 | J15: =AVERAGE(Q15,V15,AA15,AF15,AK15,AP15,AU15) -> 2834.0832 | K15: =AVERAGE(R15,W15,AB15,AG15,AL15,AQ15,AV15) -> 944.6944 | M15: =RANK(K15, K$182:$K$211) -> #DIV/0! | P15: 3 | Q15: 2878.1818 | R15: 959.39394 | S15: =RANK(R15, R$7:R$36) -> 4 | U15: 3 | V15: 2889.2308 | W15: 963.07692 | X15: =RANK(W15, W$7:W$36) -> 5 | Z15: 3 | AA15: 2772 | AB15: 924 | AC15: =RANK(AB15, AB$7:AB$36) -> 4 | AE15: 3 | AF15: 2826.6667 | AG15: 942.22222 | AH15: =RANK(AG15, AG$7:AG$36) -> 6 | AJ15: 3 | AK15: 2853.6 | AL15: 951.2 | AM15: =RANK(AL15, AL$7:AL$36) -> 7 | AO15: 3 | AP15: 2886 | AQ15: 962 | AR15: =RANK(AQ15, AQ$7:AQ$36) -> 4 | AT15: 3 | AU15: 2732.9032 | AV15: 910.96774 | AW15: =RANK(AV15, AV$7:AV$36) -> 6 | AZ15: =RANK(AX15, $K$7:AX$36) -> #DIV/0! | BB15: =RANK(BA15, BA$7:BA$36) -> #N/A
C16: 10 | D16: 鹽蔥燒肉飯糰 | E16: 3 | F16: 3300 | G16: 1100 | I16: =AVERAGE(P16,U16,Z16,AE16,AJ16,AO16,AT16) -> 3 | J16: =AVERAGE(Q16,V16,AA16,AF16,AK16,AP16,AU16) -> 2843.1149 | K16: =AVERAGE(R16,W16,AB16,AG16,AL16,AQ16,AV16) -> 947.70498 | M16: =RANK(K16, K$182:$K$211) -> #DIV/0! | P16: 3 | Q16: 2868.9474 | R16: 956.31579 | S16: =RANK(R16, R$7:R$36) -> 5 | U16: 3 | V16: 2970 | W16: 990 | X16: =RANK(W16, W$7:W$36) -> 3 | Z16: 3 | AA16: 2686.2857 | AB16: 895.42857 | AC16: =RANK(AB16, AB$7:AB$36) -> 7 | AE16: 3 | AF16: 2866 | AG16: 955.33333 | AH16: =RANK(AG16, AG$7:AG$36) -> 4 | AJ16: 3 | AK16: 2918.5714 | AL16: 972.85714 | AM16: =RANK(AL16, AL$7:AL$36) -> 4 | AO16: 3 | AP16: 2820 | AQ16: 940 | AR16: =RANK(AQ16, AQ$7:AQ$36) -> 7 | AT16: 3 | AU16: 2772 | AV16: 924 | AW16: =RANK(AV16, AV$7:AV$36) -> 5 | AZ16: =RANK(AX16, $K$7:AX$36) -> #DIV/0! | BB16: =RANK(BA16, BA$7:BA$36) -> #N/A
C17: 11 | D17: 雞肉飯飯糰 | E17: 4 | F17: 3300 | G17: 825 | I17: =AVERAGE(P17,U17,Z17,AE17,AJ17,AO17,AT17) -> 4 | J17: =AVERAGE(Q17,V17,AA17,AF17,AK17,AP17,AU17) -> 2830.2535 | K17: =AVERAGE(R17,W17,AB17,AG17,AL17,AQ17,AV17) -> 707.56338 | M17: =RANK(K17, K$182:$K$211) -> #DIV/0! | P17: 4 | Q17: 2820 | R17: 705 | S17: =RANK(R17, R$7:R$36) -> 16 | U17: 4 | V17: 2921.8605 | W17: 730.46512 | X17: =RANK(W17, W$7:W$36) -> 14 | Z17: 4 | AA17: 2809.2 | AB17: 702.3 | AC17: =RANK(AB17, AB$7:AB$36) -> 12 | AE17: 4 | AF17: 2818.6957 | AG17: 704.67391 | AH17: =RANK(AG17, AG$7:AG$36) -> 15 | AJ17: 4 | AK17: 2850.6977 | AL17: 712.67442 | AM17: =RANK(AL17, AL$7:AL$36) -> 15 | AO17: 4 | AP17: 2832.4528 | AQ17: 708.11321 | AR17: =RANK(AQ17, AQ$7:AQ$36) -> 15 | AT17: 4 | AU17: 2758.8679 | AV17: 689.71698 | AW17: =RANK(AV17, AV$7:AV$36) -> 16 | AZ17: =RANK(AX17, $K$7:AX$36) -> #DIV/0! | BB17: =RANK(BA17, BA$7:BA$36) -> #N/A
C18: 12 | D18: 碳烤燒肉飯飯糰(區) | E18: 4 | F18: 3300 | G18: 825 | I18: =AVERAGE(P18,U18,Z18,AE18,AJ18,AO18,AT18) -> 4 | J18: =AVERAGE(Q18,V18,AA18,AF18,AK18,AP18,AU18) -> 2777.8006 | K18: =AVERAGE(R18,W18,AB18,AG18,AL18,AQ18,AV18) -> 694.45015 | M18: =RANK(K18, K$182:$K$211) -> #DIV/0! | P18: 4 | Q18: 2819.0909 | R18: 704.77273 | S18: =RANK(R18, R$7:R$36) -> 17 | U18: 4 | V18: 2841.6 | W18: 710.4 | X18: =RANK(W18, W$7:W$36) -> 17 | Z18: 4 | AA18: 2657 | AB18: 664.25 | AC18: =RANK(AB18, AB$7:AB$36) -> 14 | AE18: 4 | AF18: 2793.4615 | AG18: 698.36538 | AH18: =RANK(AG18, AG$7:AG$36) -> 16 | AJ18: 4 | AK18: 2829.7959 | AL18: 707.44898 | AM18: =RANK(AL18, AL$7:AL$36) -> 16 | AO18: 4 | AP18: 2780.6557 | AQ18: 695.16393 | AR18: =RANK(AQ18, AQ$7:AQ$36) -> 17 | AT18: 4 | AU18: 2723 | AV18: 680.75 | AW18: =RANK(AV18, AV$7:AV$36) -> 17 | AZ18: =RANK(AX18, $K$7:AX$36) -> #DIV/0! | BB18: =RANK(BA18, BA$7:BA$36) -> #N/A
C19: 13 | D19: 油蔥雞汁飯糰(區) | E19: 4 | F19: 2800 | G19: 700 | I19: =AVERAGE(P19,U19,Z19,AE19,AJ19,AO19,AT19) -> 4 | J19: =AVERAGE(Q19,V19,AA19,AF19,AK19,AP19,AU19) -> 2862.681 | K19: =AVERAGE(R19,W19,AB19,AG19,AL19,AQ19,AV19) -> 715.67026 | M19: =RANK(K19, K$182:$K$211) -> #DIV/0! | P19: 4 | Q19: 2818.5 | R19: 704.625 | S19: =RANK(R19, R$7:R$36) -> 18 | U19: 4 | V19: 2876.25 | W19: 719.0625 | X19: =RANK(W19, W$7:W$36) -> 16 | Z19: 4 | AA19: 2919.4286 | AB19: 729.85714 | AC19: =RANK(AB19, AB$7:AB$36) -> 11 | AE19: 4 | AF19: 2723.6364 | AG19: 680.90909 | AH19: =RANK(AG19, AG$7:AG$36) -> 17 | AJ19: 4 | AK19: 3093.3333 | AL19: 773.33333 | AM19: =RANK(AL19, AL$7:AL$36) -> 13 | AO19: 4 | AP19: 2813.3333 | AQ19: 703.33333 | AR19: =RANK(AQ19, AQ$7:AQ$36) -> 16 | AT19: 4 | AU19: 2794.2857 | AV19: 698.57143 | AW19: =RANK(AV19, AV$7:AV$36) -> 15 | AZ19: =RANK(AX19, $K$7:AX$36) -> #DIV/0! | BB19: =RANK(BA19, BA$7:BA$36) -> #N/A
... C27: 21 | D27: 鮭魚奶油醬油飯糰 | E27: 3 | F27: 2800 | G27: 933.33333 | I27: =AVERAGE(P27,U27,Z27,AE27,AJ27,AO27,AT27) -> 3 | J27: =AVERAGE(Q27,V27,AA27,AF27,AK27,AP27,AU27) -> 2803.3663 | K27: =AVERAGE(R27,W27,AB27,AG27,AL27,AQ27,AV27) -> 934.45542 | M27: =RANK(K27, K$182:$K$211) -> #DIV/0! | P27: 3 | Q27: 2747.1429 | R27: 915.71429 | S27: =RANK(R27, R$7:R$36) -> 7 | U27: 3 | V27: 2828.75 | W27: 942.91667 | X27: =RANK(W27, W$7:W$36) -> 7 | Z27: 3 | AA27: 2791.2 | AB27: 930.4 | AC27: =RANK(AB27, AB$7:AB$36) -> 3 | AE27: 3 | AF27: 2784.8 | AG27: 928.26667 | AH27: =RANK(AG27, AG$7:AG$36) -> 7 | AJ27: 3 | AK27: 2859.7059 | AL27: 953.23529 | AM27: =RANK(AL27, AL$7:AL$36) -> 6 | AO27: 3 | AP27: 2832.7059 | AQ27: 944.23529 | AR27: =RANK(AQ27, AQ$7:AQ$36) -> 6 | AT27: 3 | AU27: 2779.2593 | AV27: 926.41975 | AW27: =RANK(AV27, AV$7:AV$36) -> 4 | AZ27: =RANK(AX27, $K$7:AX$36) -> #DIV/0! | BB27: =RANK(BA27, BA$7:BA$36) -> #N/A
C28: 22 | M28: =RANK(K28, K$182:$K$211) -> #DIV/0! | S28: =RANK(R28, R$7:R$36) -> #N/A | X28: =RANK(W28, W$7:W$36) -> #N/A | AC28: =RANK(AB28, AB$7:AB$36) -> #N/A | AH28: =RANK(AG28, AG$7:AG$36) -> #N/A | AM28: =RANK(AL28, AL$7:AL$36) -> #N/A | AR28: =RANK(AQ28, AQ$7:AQ$36) -> #N/A | AW28: =RANK(AV28, AV$7:AV$36) -> #N/A | AZ28: =RANK(AX28, $K$7:AX$36) -> #DIV/0! | BB28: =RANK(BA28, BA$7:BA$36) -> #N/A
C29: 23 | M29: =RANK(K29, K$182:$K$211) -> #DIV/0! | S29: =RANK(R29, R$7:R$36) -> #N/A | X29: =RANK(W29, W$7:W$36) -> #N/A | AC29: =RANK(AB29, AB$7:AB$36) -> #N/A | AH29: =RANK(AG29, AG$7:AG$36) -> #N/A | AM29: =RANK(AL29, AL$7:AL$36) -> #N/A | AR29: =RANK(AQ29, AQ$7:AQ$36) -> #N/A | AW29: =RANK(AV29, AV$7:AV$36) -> #N/A | AZ29: =RANK(AX29, $K$7:AX$36) -> #DIV/0! | BB29: =RANK(BA29, BA$7:BA$36) -> #N/A
C30: 24 | M30: =RANK(K30, K$182:$K$211) -> #DIV/0! | S30: =RANK(R30, R$7:R$36) -> #N/A | X30: =RANK(W30, W$7:W$36) -> #N/A | AC30: =RANK(AB30, AB$7:AB$36) -> #N/A | AH30: =RANK(AG30, AG$7:AG$36) -> #N/A | AM30: =RANK(AL30, AL$7:AL$36) -> #N/A | AR30: =RANK(AQ30, AQ$7:AQ$36) -> #N/A | AW30: =RANK(AV30, AV$7:AV$36) -> #N/A | AZ30: =RANK(AX30, $K$7:AX$36) -> #DIV/0! | BB30: =RANK(BA30, BA$7:BA$36) -> #N/A
C31: 25 | M31: =RANK(K31, K$182:$K$211) -> #DIV/0! | S31: =RANK(R31, R$7:R$36) -> #N/A | X31: =RANK(W31, W$7:W$36) -> #N/A | AC31: =RANK(AB31, AB$7:AB$36) -> #N/A | AH31: =RANK(AG31, AG$7:AG$36) -> #N/A | AM31: =RANK(AL31, AL$7:AL$36) -> #N/A | AR31: =RANK(AQ31, AQ$7:AQ$36) -> #N/A | AW31: =RANK(AV31, AV$7:AV$36) -> #N/A | AZ31: =RANK(AX31, $K$7:AX$36) -> #DIV/0! | BB31: =RANK(BA31, BA$7:BA$36) -> #N/A
C32: 26 | M32: =RANK(K32, K$182:$K$211) -> #DIV/0! | S32: =RANK(R32, R$7:R$36) -> #N/A | X32: =RANK(W32, W$7:W$36) -> #N/A | AC32: =RANK(AB32, AB$7:AB$36) -> #N/A | AH32: =RANK(AG32, AG$7:AG$36) -> #N/A | AM32: =RANK(AL32, AL$7:AL$36) -> #N/A | AR32: =RANK(AQ32, AQ$7:AQ$36) -> #N/A | AW32: =RANK(AV32, AV$7:AV$36) -> #N/A | AZ32: =RANK(AX32, $K$7:AX$36) -> #DIV/0! | BB32: =RANK(BA32, BA$7:BA$36) -> #N/A
C33: 27 | M33: =RANK(K33, K$182:$K$211) -> #DIV/0! | S33: =RANK(R33, R$7:R$36) -> #N/A | X33: =RANK(W33, W$7:W$36) -> #N/A | AC33: =RANK(AB33, AB$7:AB$36) -> #N/A | AH33: =RANK(AG33, AG$7:AG$36) -> #N/A | AM33: =RANK(AL33, AL$7:AL$36) -> #N/A | AR33: =RANK(AQ33, AQ$7:AQ$36) -> #N/A | AW33: =RANK(AV33, AV$7:AV$36) -> #N/A | AZ33: =RANK(AX33, $K$7:AX$36) -> #DIV/0! | BB33: =RANK(BA33, BA$7:BA$36) -> #N/A
C34: 28 | M34: =RANK(K34, K$182:$K$211) -> #DIV/0! | S34: =RANK(R34, R$7:R$36) -> #N/A | X34: =RANK(W34, W$7:W$36) -> #N/A | AC34: =RANK(AB34, AB$7:AB$36) -> #N/A | AH34: =RANK(AG34, AG$7:AG$36) -> #N/A | AM34: =RANK(AL34, AL$7:AL$36) -> #N/A | AR34: =RANK(AQ34, AQ$7:AQ$36) -> #N/A | AW34: =RANK(AV34, AV$7:AV$36) -> #N/A | AZ34: =RANK(AX34, $K$7:AX$36) -> #DIV/0! | BB34: =RANK(BA34, BA$7:BA$36) -> #N/A
C35: 29 | M35: =RANK(K35, K$182:$K$211) -> #DIV/0! | S35: =RANK(R35, R$7:R$36) -> #N/A | X35: =RANK(W35, W$7:W$36) -> #N/A | AC35: =RANK(AB35, AB$7:AB$36) -> #N/A | AH35: =RANK(AG35, AG$7:AG$36) -> #N/A | AM35: =RANK(AL35, AL$7:AL$36) -> #N/A | AR35: =RANK(AQ35, AQ$7:AQ$36) -> #N/A | AW35: =RANK(AV35, AV$7:AV$36) -> #N/A | AZ35: =RANK(AX35, $K$7:AX$36) -> #DIV/0! | BB35: =RANK(BA35, BA$7:BA$36) -> #N/A
C36: 30 | M36: =RANK(K36, K$182:$K$211) -> #DIV/0! | S36: =RANK(R36, R$7:R$36) -> #N/A | X36: =RANK(W36, W$7:W$36) -> #N/A | AC36: =RANK(AB36, AB$7:AB$36) -> #N/A | AH36: =RANK(AG36, AG$7:AG$36) -> #N/A | AM36: =RANK(AL36, AL$7:AL$36) -> #N/A | AR36: =RANK(AQ36, AQ$7:AQ$36) -> #N/A | AW36: =RANK(AV36, AV$7:AV$36) -> #N/A | AZ36: =RANK(AX36, $K$7:AX$36) -> #DIV/0! | BB36: =RANK(BA36, BA$7:BA$36) -> #N/A
B37: 產線配置圖－每週更新 | N37: 資料繳交 | O37: 日期 | P37: =P2+7 -> 46393 | U37: =P37+1 -> 46394 | Z37: =U37+1 -> 46395 | AE37: =Z37+1 -> 46396 | AJ37: =AE37+1 -> 46397 | AO37: =AJ37+1 -> 46398 | AT37: =AO37+1 -> 46399
P38: 二 | U38: 三 | Z38: 四 | AE38: 五 | AJ38: 六 | AO38: 日 | AT38: 一
B39: 品群 | C39: 商品名稱 | E39: 計畫 | H39: 平均人時性 | I39: 實績 | L39: 平均人時性 | M39: 排名 | O39: 日報 | P39: 實際 | T39: 平均人時性 | U39: 實際 | Y39: 平均人時性 | Z39: 實際 | AD39: 平均人時性 | AE39: 實際 | AI39: 平均人時性 | AJ39: 實際 | AN39: 平均人時性 | AO39: 實際 | AS39: 平均人時性 | AT39: 實際 | AX39: 平均人時性
E40: 產線配置圖 | I40: 產線配置圖 | P40: 生產實績 | U40: 生產實績 | Z40: 生產實績 | AE40: 生產實績 | AJ40: 生產實績 | AO40: 生產實績 | AT40: 生產實績
E41: 人數 | F41: 產能／時 | G41: 人時性 | I41: 人數 | J41: 產能／時 | K41: 人時性 | P41: 人數 | Q41: 產能／時 | R41: 人時性 | S41: 排名 | U41: 人數 | V41: 產能／時 | W41: 人時性 | X41: 排名 | Z41: 人數 | AA41: 產能／時 | AB41: 人時性 | AC41: 排名 | AE41: 人數 | AF41: 產能／時 | AG41: 人時性 | AH41: 排名 | AJ41: 人數 | AK41: 產能／時 | AL41: 人時性 | AM41: 排名 | AO41: 人數 | AP41: 產能／時 | AQ41: 人時性 | AR41: 排名 | AT41: 人數 | AU41: 產能／時 | AV41: 人時性 | AW41: 排名
B42: 18℃-飯糰 | C42: 1 | D42: 經典肉鬆飯糰 | E42: 4 | F42: 2200 | G42: 550 | H42: =AVERAGE(G42:G71) -> 851.89394 | I42: =AVERAGE(P42,U42,Z42,AE42,AJ42,AO42,AT42) -> 3 | J42: =AVERAGE(Q42,V42,AA42,AF42,AK42,AP42,AU42) -> 3230.299 | K42: =AVERAGE(R42,W42,AB42,AG42,AL42,AQ42,AV42) -> 1076.7663 | L42: =IFERROR(AVERAGE(K42:K71),"-") -> 803.74372 | M42: =RANK(K42, K$42:$K$71) -> 1 | P42: 3 | Q42: 3215.7447 | R42: 1071.9149 | S42: =RANK(R42, R$42:R$71) -> 1 | T42: =AVERAGE(R42:R71) -> 777.90293 | U42: 3 | V42: 3262.9787 | W42: 1087.6596 | X42: =RANK(W42, W$42:W$71) -> 1 | Y42: =AVERAGE(W42:W71) -> 808.57894 | Z42: 3 | AA42: 3177.2727 | AB42: 1059.0909 | AC42: =RANK(AB42, AB$42:AB$71) -> 1 | AD42: =AVERAGE(AB42:AB71) -> 764.15546 | AE42: 3 | AF42: 3246 | AG42: 1082 | AH42: =RANK(AG42, AG$42:AG$71) -> 2 | AI42: =AVERAGE(AG42:AG71) -> 805.38204 | AJ42: 3 | AK42: 3214.5 | AL42: 1071.5 | AM42: =RANK(AL42, AL$42:AL$71) -> 1 | AN42: =AVERAGE(AL42:AL71) -> 798.84023 | AO42: 3 | AP42: 3253.0435 | AQ42: 1084.3478 | AR42: =RANK(AQ42, AQ$42:AQ$71) -> 2 | AS42: =AVERAGE(AQ42:AQ71) -> 812.17432 | AT42: 3 | AU42: 3242.5532 | AV42: 1080.8511 | AW42: =RANK(AV42, AV$42:AV$71) -> 1 | AX42: =AVERAGE(AV42:AV71) -> 798.19071
C43: 2 | D43: 蔬食鮪魚飯糰 | E43: 3 | F43: 2700 | G43: 900 | I43: =AVERAGE(P43,U43,Z43,AE43,AJ43,AO43,AT43) -> 3 | J43: =AVERAGE(Q43,V43,AA43,AF43,AK43,AP43,AU43) -> 2835.6 | K43: =AVERAGE(R43,W43,AB43,AG43,AL43,AQ43,AV43) -> 945.19999 | M43: =RANK(K43, K$42:$K$71) -> 6 | P43: 3 | Q43: 2848.4211 | R43: 949.47368 | S43: =RANK(R43, R$42:R$71) -> 3 | U43: 3 | V43: 2902.1053 | W43: 967.36842 | X43: =RANK(W43, W$42:W$71) -> 3 | Z43: 3 | AA43: 2667 | AB43: 889 | AC43: =RANK(AB43, AB$42:AB$71) -> 7 | AE43: 3 | AF43: 2880 | AG43: 960 | AH43: =RANK(AG43, AG$42:AG$71) -> 6 | AJ43: 3 | AK43: 2963.0769 | AL43: 987.69231 | AM43: =RANK(AL43, AL$42:AL$71) -> 5 | AO43: 3 | AP43: 2923.3333 | AQ43: 974.44444 | AR43: =RANK(AQ43, AQ$42:AQ$71) -> 5 | AT43: 3 | AU43: 2665.2632 | AV43: 888.42105 | AW43: =RANK(AV43, AV$42:AV$71) -> 8
C44: 3 | D44: 北海道秋鮭親子飯糰 | E44: 4 | F44: 3600 | G44: 900 | I44: =AVERAGE(P44,U44,Z44,AE44,AJ44,AO44,AT44) -> 4 | J44: =AVERAGE(Q44,V44,AA44,AF44,AK44,AP44,AU44) -> 3261.0218 | K44: =AVERAGE(R44,W44,AB44,AG44,AL44,AQ44,AV44) -> 815.25544 | M44: =RANK(K44, K$42:$K$71) -> 10 | P44: 4 | Q44: 3074.2857 | R44: 768.57143 | S44: =RANK(R44, R$42:R$71) -> 12 | U44: 4 | V44: 3210 | W44: 802.5 | X44: =RANK(W44, W$42:W$71) -> 13 | Z44: 4 | AA44: 3183.1579 | AB44: 795.78947 | AC44: =RANK(AB44, AB$42:AB$71) -> 10 | AE44: 4 | AF44: 3328 | AG44: 832 | AH44: =RANK(AG44, AG$42:AG$71) -> 11 | AJ44: 4 | AK44: 3368.5714 | AL44: 842.14286 | AM44: =RANK(AL44, AL$42:AL$71) -> 10 | AO44: 4 | AP44: 3306.6667 | AQ44: 826.66667 | AR44: =RANK(AQ44, AQ$42:AQ$71) -> 13 | AT44: 4 | AU44: 3356.4706 | AV44: 839.11765 | AW44: =RANK(AV44, AV$42:AV$71) -> 11
C45: 4 | D45: 鮪魚飯糰 | E45: 3 | F45: 3600 | G45: 1200 | I45: =AVERAGE(P45,U45,Z45,AE45,AJ45,AO45,AT45) -> 3 | J45: =AVERAGE(Q45,V45,AA45,AF45,AK45,AP45,AU45) -> 3222.5963 | K45: =AVERAGE(R45,W45,AB45,AG45,AL45,AQ45,AV45) -> 1074.1988 | M45: =RANK(K45, K$42:$K$71) -> 2 | P45: 3 | Q45: 3172.1739 | R45: 1057.3913 | S45: =RANK(R45, R$42:R$71) -> 2 | U45: 3 | V45: 3212.7273 | W45: 1070.9091 | X45: =RANK(W45, W$42:W$71) -> 2 | Z45: 3 | AA45: 3165.7143 | AB45: 1055.2381 | AC45: =RANK(AB45, AB$42:AB$71) -> 2 | AE45: 3 | AF45: 3281.4545 | AG45: 1093.8182 | AH45: =RANK(AG45, AG$42:AG$71) -> 1 | AJ45: 3 | AK45: 3214.2857 | AL45: 1071.4286 | AM45: =RANK(AL45, AL$42:AL$71) -> 2 | AO45: 3 | AP45: 3271.8182 | AQ45: 1090.6061 | AR45: =RANK(AQ45, AQ$42:AQ$71) -> 1 | AT45: 3 | AU45: 3240 | AV45: 1080 | AW45: =RANK(AV45, AV$42:AV$71) -> 2
C46: 5 | D46: 贅沢鮭魚肚飯糰 | E46: 3 | F46: 3600 | G46: 1200 | I46: =AVERAGE(P46,U46,Z46,AE46,AJ46,AO46,AT46) -> 4 | J46: =AVERAGE(Q46,V46,AA46,AF46,AK46,AP46,AU46) -> 3251.2975 | K46: =AVERAGE(R46,W46,AB46,AG46,AL46,AQ46,AV46) -> 812.82437 | M46: =RANK(K46, K$42:$K$71) -> 11 | P46: 4 | Q46: 3142.5 | R46: 785.625 | S46: =RANK(R46, R$42:R$71) -> 10 | U46: 4 | V46: 3308 | W46: 827 | X46: =RANK(W46, W$42:W$71) -> 12 | Z46: 4 | AA46: 3106 | AB46: 776.5 | AC46: =RANK(AB46, AB$42:AB$71) -> 11 | AE46: 4 | AF46: 3327.5 | AG46: 831.875 | AH46: =RANK(AG46, AG$42:AG$71) -> 12 | AJ46: 4 | AK46: 3289.5652 | AL46: 822.3913 | AM46: =RANK(AL46, AL$42:AL$71) -> 11 | AO46: 4 | AP46: 3351.7241 | AQ46: 837.93103 | AR46: =RANK(AQ46, AQ$42:AQ$71) -> 10 | AT46: 4 | AU46: 3233.7931 | AV46: 808.44828 | AW46: =RANK(AV46, AV$42:AV$71) -> 12
C47: 6 | D47: 熟成紅鮭飯糰 | E47: 4 | F47: 3600 | G47: 900 | I47: =AVERAGE(P47,U47,Z47,AE47,AJ47,AO47,AT47) -> 4 | J47: =AVERAGE(Q47,V47,AA47,AF47,AK47,AP47,AU47) -> 3324.4643 | K47: =AVERAGE(R47,W47,AB47,AG47,AL47,AQ47,AV47) -> 831.11607 | M47: =RANK(K47, K$42:$K$71) -> 9 | P47: 4 | Q47: 3221.25 | R47: 805.3125 | S47: =RANK(R47, R$42:R$71) -> 9 | U47: 4 | V47: 3380 | W47: 845 | X47: =RANK(W47, W$42:W$71) -> 11 | Z47: 4 | AA47: 3200 | AB47: 800 | AC47: =RANK(AB47, AB$42:AB$71) -> 9 | AE47: 4 | AF47: 3436.3636 | AG47: 859.09091 | AH47: =RANK(AG47, AG$42:AG$71) -> 10 | AJ47: 4 | AK47: 3283.6364 | AL47: 820.90909 | AM47: =RANK(AL47, AL$42:AL$71) -> 12 | AO47: 4 | AP47: 3330 | AQ47: 832.5 | AR47: =RANK(AQ47, AQ$42:AQ$71) -> 11 | AT47: 4 | AU47: 3420 | AV47: 855 | AW47: =RANK(AV47, AV$42:AV$71) -> 10
C48: 7 | D48: 博多明太子奶油飯糰 | E48: 4 | F48: 3600 | G48: 900 | I48: =AVERAGE(P48,U48,Z48,AE48,AJ48,AO48,AT48) -> 4 | J48: =AVERAGE(Q48,V48,AA48,AF48,AK48,AP48,AU48) -> 3427.7415 | K48: =AVERAGE(R48,W48,AB48,AG48,AL48,AQ48,AV48) -> 856.93537 | M48: =RANK(K48, K$42:$K$71) -> 8 | P48: 4 | Q48: 3120 | R48: 780 | S48: =RANK(R48, R$42:R$71) -> 11 | U48: 4 | V48: 3690 | W48: 922.5 | X48: =RANK(W48, W$42:W$71) -> 9 | Z48: 4 | AA48: 2873.3333 | AB48: 718.33333 | AC48: =RANK(AB48, AB$42:AB$71) -> 13 | AE48: 4 | AF48: 3708 | AG48: 927 | AH48: =RANK(AG48, AG$42:AG$71) -> 9 | AJ48: 4 | AK48: 3540 | AL48: 885 | AM48: =RANK(AL48, AL$42:AL$71) -> 9 | AO48: 4 | AP48: 3634.2857 | AQ48: 908.57143 | AR48: =RANK(AQ48, AQ$42:AQ$71) -> 9 | AT48: 4 | AU48: 3428.5714 | AV48: 857.14286 | AW48: =RANK(AV48, AV$42:AV$71) -> 9
C49: 8 | D49: 壹號醬炙烤牛飯糰 | E49: 4 | F49: 3300 | G49: 825 | I49: =AVERAGE(P49,U49,Z49,AE49,AJ49,AO49,AT49) -> 4 | J49: =AVERAGE(Q49,V49,AA49,AF49,AK49,AP49,AU49) -> 2927.2166 | K49: =AVERAGE(R49,W49,AB49,AG49,AL49,AQ49,AV49) -> 731.80416 | M49: =RANK(K49, K$42:$K$71) -> 12 | P49: 4 | Q49: 3009.2308 | R49: 752.30769 | S49: =RANK(R49, R$42:R$71) -> 13 | U49: 4 | V49: 2875.7143 | W49: 718.92857 | X49: =RANK(W49, W$42:W$71) -> 15 | Z49: 4 | AA49: 2708.5714 | AB49: 677.14286 | AC49: =RANK(AB49, AB$42:AB$71) -> 18 | AE49: 4 | AF49: 3084 | AG49: 771 | AH49: =RANK(AG49, AG$42:AG$71) -> 13 | AJ49: 4 | AK49: 2808 | AL49: 702 | AM49: =RANK(AL49, AL$42:AL$71) -> 17 | AO49: 4 | AP49: 3000 | AQ49: 750 | AR49: =RANK(AQ49, AQ$42:AQ$71) -> 14 | AT49: 4 | AU49: 3005 | AV49: 751.25 | AW49: =RANK(AV49, AV$42:AV$71) -> 14
C50: 9 | D50: 明太子龍蝦風味沙拉飯糰 | E50: 3 | F50: 3300 | G50: 1100 | I50: =AVERAGE(P50,U50,Z50,AE50,AJ50,AO50,AT50) -> 3 | J50: =AVERAGE(Q50,V50,AA50,AF50,AK50,AP50,AU50) -> 2864.4767 | K50: =AVERAGE(R50,W50,AB50,AG50,AL50,AQ50,AV50) -> 954.82557 | M50: =RANK(K50, K$42:$K$71) -> 4 | P50: 3 | Q50: 2821.9355 | R50: 940.64516 | S50: =RANK(R50, R$42:R$71) -> 5 | U50: 3 | V50: 2810.3226 | W50: 936.77419 | X50: =RANK(W50, W$42:W$71) -> 7 | Z50: 3 | AA50: 2780 | AB50: 926.66667 | AC50: =RANK(AB50, AB$42:AB$71) -> 4 | AE50: 3 | AF50: 2896.8 | AG50: 965.6 | AH50: =RANK(AG50, AG$42:AG$71) -> 4 | AJ50: 3 | AK50: 3044.3478 | AL50: 1014.7826 | AM50: =RANK(AL50, AL$42:AL$71) -> 4 | AO50: 3 | AP50: 2869.6552 | AQ50: 956.55172 | AR50: =RANK(AQ50, AQ$42:AQ$71) -> 6 | AT50: 3 | AU50: 2828.2759 | AV50: 942.75862 | AW50: =RANK(AV50, AV$42:AV$71) -> 6
C51: 10 | D51: 鹽蔥燒肉飯糰 | E51: 3 | F51: 3300 | G51: 1100 | I51: =AVERAGE(P51,U51,Z51,AE51,AJ51,AO51,AT51) -> 3 | J51: =AVERAGE(Q51,V51,AA51,AF51,AK51,AP51,AU51) -> 2854.7592 | K51: =AVERAGE(R51,W51,AB51,AG51,AL51,AQ51,AV51) -> 951.5864 | M51: =RANK(K51, K$42:$K$71) -> 5 | P51: 3 | Q51: 2808 | R51: 936 | S51: =RANK(R51, R$42:R$71) -> 7 | U51: 3 | V51: 2887.0588 | W51: 962.35294 | X51: =RANK(W51, W$42:W$71) -> 4 | Z51: 3 | AA51: 2749.4118 | AB51: 916.47059 | AC51: =RANK(AB51, AB$42:AB$71) -> 6 | AE51: 3 | AF51: 2961.4286 | AG51: 987.14286 | AH51: =RANK(AG51, AG$42:AG$71) -> 3 | AJ51: 3 | AK51: 2926.6667 | AL51: 975.55556 | AM51: =RANK(AL51, AL$42:AL$71) -> 6 | AO51: 3 | AP51: 2825.2941 | AQ51: 941.76471 | AR51: =RANK(AQ51, AQ$42:AQ$71) -> 8 | AT51: 3 | AU51: 2825.4545 | AV51: 941.81818 | AW51: =RANK(AV51, AV$42:AV$71) -> 7
C52: 11 | D52: 雞肉飯飯糰 | E52: 4 | F52: 3300 | G52: 825 | I52: =AVERAGE(P52,U52,Z52,AE52,AJ52,AO52,AT52) -> 4 | J52: =AVERAGE(Q52,V52,AA52,AF52,AK52,AP52,AU52) -> 2832.0473 | K52: =AVERAGE(R52,W52,AB52,AG52,AL52,AQ52,AV52) -> 708.01183 | M52: =RANK(K52, K$42:$K$71) -> 17 | P52: 4 | Q52: 2842.3529 | R52: 710.58824 | S52: =RANK(R52, R$42:R$71) -> 14 | U52: 4 | V52: 2805.8824 | W52: 701.47059 | X52: =RANK(W52, W$42:W$71) -> 18 | Z52: 4 | AA52: 2778.3673 | AB52: 694.59184 | AC52: =RANK(AB52, AB$42:AB$71) -> 15 | AE52: 4 | AF52: 2862.8571 | AG52: 715.71429 | AH52: =RANK(AG52, AG$42:AG$71) -> 19 | AJ52: 4 | AK52: 2828.5714 | AL52: 707.14286 | AM52: =RANK(AL52, AL$42:AL$71) -> 16 | AO52: 4 | AP52: 2848.8 | AQ52: 712.2 | AR52: =RANK(AQ52, AQ$42:AQ$71) -> 16 | AT52: 4 | AU52: 2857.5 | AV52: 714.375 | AW52: =RANK(AV52, AV$42:AV$71) -> 16
C53: 12 | D53: 碳烤燒肉飯飯糰(區) | E53: 4 | F53: 3300 | G53: 825 | I53: =AVERAGE(P53,U53,Z53,AE53,AJ53,AO53,AT53) -> 4 | J53: =AVERAGE(Q53,V53,AA53,AF53,AK53,AP53,AU53) -> 2832.6582 | K53: =AVERAGE(R53,W53,AB53,AG53,AL53,AQ53,AV53) -> 708.16456 | M53: =RANK(K53, K$42:$K$71) -> 16 | P53: 4 | Q53: 2793.1034 | R53: 698.27586 | S53: =RANK(R53, R$42:R$71) -> 15 | U53: 4 | V53: 2831.7857 | W53: 707.94643 | X53: =RANK(W53, W$42:W$71) -> 17 | Z53: 4 | AA53: 2760 | AB53: 690 | AC53: =RANK(AB53, AB$42:AB$71) -> 17 | AE53: 4 | AF53: 2916.5217 | AG53: 729.13043 | AH53: =RANK(AG53, AG$42:AG$71) -> 16 | AJ53: 4 | AK53: 2866.9565 | AL53: 716.73913 | AM53: =RANK(AL53, AL$42:AL$71) -> 15 | AO53: 4 | AP53: 2846.7857 | AQ53: 711.69643 | AR53: =RANK(AQ53, AQ$42:AQ$71) -> 17 | AT53: 4 | AU53: 2813.4545 | AV53: 703.36364 | AW53: =RANK(AV53, AV$42:AV$71) -> 17
C54: 13 | D54: 油蔥雞汁飯糰(區) | E54: 4 | F54: 2800 | G54: 700 | I54: =AVERAGE(P54,U54,Z54,AE54,AJ54,AO54,AT54) -> 4 | J54: =AVERAGE(Q54,V54,AA54,AF54,AK54,AP54,AU54) -> 2846.4486 | K54: =AVERAGE(R54,W54,AB54,AG54,AL54,AQ54,AV54) -> 711.61216 | M54: =RANK(K54, K$42:$K$71) -> 15 | P54: 4 | Q54: 2760 | R54: 690 | S54: =RANK(R54, R$42:R$71) -> 17 | U54: 4 | V54: 2851.7647 | W54: 712.94118 | X54: =RANK(W54, W$42:W$71) -> 16 | Z54: 4 | AA54: 2799.375 | AB54: 699.84375 | AC54: =RANK(AB54, AB$42:AB$71) -> 14 | AE54: 4 | AF54: 2892.8571 | AG54: 723.21429 | AH54: =RANK(AG54, AG$42:AG$71) -> 17 | AJ54: 4 | AK54: 2910 | AL54: 727.5 | AM54: =RANK(AL54, AL$42:AL$71) -> 14 | AO54: 4 | AP54: 2827.2727 | AQ54: 706.81818 | AR54: =RANK(AQ54, AQ$42:AQ$71) -> 18 | AT54: 4 | AU54: 2883.871 | AV54: 720.96774 | AW54: =RANK(AV54, AV$42:AV$71) -> 15
... C60: 19 | D60: 兩粒飯糰(鮪魚.焦糖鮭魚) | E60: 12 | F60: 1500 | G60: 125 | I60: =AVERAGE(P60,U60,Z60,AE60,AJ60,AO60,AT60) -> 10 | J60: =AVERAGE(Q60,V60,AA60,AF60,AK60,AP60,AU60) -> 1516.7806 | K60: =AVERAGE(R60,W60,AB60,AG60,AL60,AQ60,AV60) -> 151.67806 | M60: =RANK(K60, K$42:$K$71) -> 19 | P60: 10 | Q60: 1493.1429 | R60: 149.31429 | S60: =RANK(R60, R$42:R$71) -> 22 | U60: 10 | V60: 1541.4706 | W60: 154.14706 | X60: =RANK(W60, W$42:W$71) -> 22 | Z60: 10 | AA60: 1498.125 | AB60: 149.8125 | AC60: =RANK(AB60, AB$42:AB$71) -> 22 | AE60: 10 | AF60: 1498.0328 | AG60: 149.80328 | AH60: =RANK(AG60, AG$42:AG$71) -> 22 | AJ60: 10 | AK60: 1549.4737 | AL60: 154.94737 | AM60: =RANK(AL60, AL$42:AL$71) -> 22 | AO60: 10 | AP60: 1531.7647 | AQ60: 153.17647 | AR60: =RANK(AQ60, AQ$42:AQ$71) -> 22 | AT60: 10 | AU60: 1505.4545 | AV60: 150.54545 | AW60: =RANK(AV60, AV$42:AV$71) -> 22
C61: 20 | D61: 二配大飯糰滷肉飯加蛋 | E61: 4 | F61: 3000 | G61: 750 | M61: =RANK(K61, K$42:$K$71) -> #N/A | P61: 4 | Q61: 2112 | R61: 528 | S61: =RANK(R61, R$42:R$71) -> 21 | U61: 4 | V61: 2103.2727 | W61: 525.81818 | X61: =RANK(W61, W$42:W$71) -> 21 | Z61: 4 | AA61: 2240 | AB61: 560 | AC61: =RANK(AB61, AB$42:AB$71) -> 21 | AE61: 4 | AF61: 2114.6667 | AG61: 528.66667 | AH61: =RANK(AG61, AG$42:AG$71) -> 20 | AJ61: 4 | AK61: 2210.6667 | AL61: 552.66667 | AM61: =RANK(AL61, AL$42:AL$71) -> 20 | AO61: 4 | AP61: 2262.6667 | AQ61: 565.66667 | AR61: =RANK(AQ61, AQ$42:AQ$71) -> 21 | AT61: 4 | AU61: 2265.3333 | AV61: 566.33333 | AW61: =RANK(AV61, AV$42:AV$71) -> 21
C62: 21 | D62: 鮭魚奶油醬油飯糰 | E62: 3 | F62: 2800 | G62: 933.33333 | M62: =RANK(K62, K$42:$K$71) -> #N/A | P62: 3 | Q62: 2826.75 | R62: 942.25 | S62: =RANK(R62, R$42:R$71) -> 4 | U62: 3 | V62: 2819.2308 | W62: 939.74359 | X62: =RANK(W62, W$42:W$71) -> 6 | Z62: 3 | AA62: 2767.2 | AB62: 922.4 | AC62: =RANK(AB62, AB$42:AB$71) -> 5 | AE62: 3 | AF62: 2865.8824 | AG62: 955.29412 | AH62: =RANK(AG62, AG$42:AG$71) -> 7 | AJ62: 3 | AK62: 2828.4375 | AL62: 942.8125 | AM62: =RANK(AL62, AL$42:AL$71) -> 8 | AO62: 3 | AP62: 2843.8462 | AQ62: 947.94872 | AR62: =RANK(AQ62, AQ$42:AQ$71) -> 7 | AT62: 3 | AU62: 2863.4211 | AV62: 954.47368 | AW62: =RANK(AV62, AV$42:AV$71) -> 5
C63: 22 | D63: 明太子乳酪起司沙拉飯糰 | E63: 4 | F63: 2800 | G63: 700 | M63: =RANK(K63, K$42:$K$71) -> #N/A | P63: 4 | Q63: 2639.3103 | R63: 659.82759 | S63: =RANK(R63, R$42:R$71) -> 19 | U63: 3 | V63: 2788.2353 | W63: 929.41176 | X63: =RANK(W63, W$42:W$71) -> 8 | Z63: 4 | AA63: 2774.6939 | AB63: 693.67347 | AC63: =RANK(AB63, AB$42:AB$71) -> 16 | AE63: 4 | AF63: 2885.7143 | AG63: 721.42857 | AH63: =RANK(AG63, AG$42:AG$71) -> 18 | AJ63: 4 | AK63: 2787.0968 | AL63: 696.77419 | AM63: =RANK(AL63, AL$42:AL$71) -> 18 | AO63: 4 | AP63: 2810.8333 | AQ63: 702.70833 | AR63: =RANK(AQ63, AQ$42:AQ$71) -> 19 | AT63: 4 | AU63: 2804.5161 | AV63: 701.12903 | AW63: =RANK(AV63, AV$42:AV$71) -> 18
C64: 23 | M64: =RANK(K64, K$42:$K$71) -> #N/A | S64: =RANK(R64, R$42:R$71) -> #N/A | X64: =RANK(W64, W$42:W$71) -> #N/A | AC64: =RANK(AB64, AB$42:AB$71) -> #N/A | AH64: =RANK(AG64, AG$42:AG$71) -> #N/A | AM64: =RANK(AL64, AL$42:AL$71) -> #N/A | AR64: =RANK(AQ64, AQ$42:AQ$71) -> #N/A | AW64: =RANK(AV64, AV$42:AV$71) -> #N/A
C65: 24 | M65: =RANK(K65, K$42:$K$71) -> #N/A | S65: =RANK(R65, R$42:R$71) -> #N/A | X65: =RANK(W65, W$42:W$71) -> #N/A | AC65: =RANK(AB65, AB$42:AB$71) -> #N/A | AH65: =RANK(AG65, AG$42:AG$71) -> #N/A | AM65: =RANK(AL65, AL$42:AL$71) -> #N/A | AR65: =RANK(AQ65, AQ$42:AQ$71) -> #N/A | AW65: =RANK(AV65, AV$42:AV$71) -> #N/A
C66: 25 | M66: =RANK(K66, K$42:$K$71) -> #N/A | S66: =RANK(R66, R$42:R$71) -> #N/A | X66: =RANK(W66, W$42:W$71) -> #N/A | AC66: =RANK(AB66, AB$42:AB$71) -> #N/A | AH66: =RANK(AG66, AG$42:AG$71) -> #N/A | AM66: =RANK(AL66, AL$42:AL$71) -> #N/A | AR66: =RANK(AQ66, AQ$42:AQ$71) -> #N/A | AW66: =RANK(AV66, AV$42:AV$71) -> #N/A
C67: 26 | M67: =RANK(K67, K$42:$K$71) -> #N/A | S67: =RANK(R67, R$42:R$71) -> #N/A | X67: =RANK(W67, W$42:W$71) -> #N/A | AC67: =RANK(AB67, AB$42:AB$71) -> #N/A | AH67: =RANK(AG67, AG$42:AG$71) -> #N/A | AM67: =RANK(AL67, AL$42:AL$71) -> #N/A | AR67: =RANK(AQ67, AQ$42:AQ$71) -> #N/A | AW67: =RANK(AV67, AV$42:AV$71) -> #N/A
C68: 27 | M68: =RANK(K68, K$42:$K$71) -> #N/A | S68: =RANK(R68, R$42:R$71) -> #N/A | X68: =RANK(W68, W$42:W$71) -> #N/A | AC68: =RANK(AB68, AB$42:AB$71) -> #N/A | AH68: =RANK(AG68, AG$42:AG$71) -> #N/A | AM68: =RANK(AL68, AL$42:AL$71) -> #N/A | AR68: =RANK(AQ68, AQ$42:AQ$71) -> #N/A | AW68: =RANK(AV68, AV$42:AV$71) -> #N/A
C69: 28 | M69: =RANK(K69, K$42:$K$71) -> #N/A | S69: =RANK(R69, R$42:R$71) -> #N/A | X69: =RANK(W69, W$42:W$71) -> #N/A | AC69: =RANK(AB69, AB$42:AB$71) -> #N/A | AH69: =RANK(AG69, AG$42:AG$71) -> #N/A | AM69: =RANK(AL69, AL$42:AL$71) -> #N/A | AR69: =RANK(AQ69, AQ$42:AQ$71) -> #N/A | AW69: =RANK(AV69, AV$42:AV$71) -> #N/A
C70: 29 | M70: =RANK(K70, K$42:$K$71) -> #N/A | S70: =RANK(R70, R$42:R$71) -> #N/A | X70: =RANK(W70, W$42:W$71) -> #N/A | AC70: =RANK(AB70, AB$42:AB$71) -> #N/A | AH70: =RANK(AG70, AG$42:AG$71) -> #N/A | AM70: =RANK(AL70, AL$42:AL$71) -> #N/A | AR70: =RANK(AQ70, AQ$42:AQ$71) -> #N/A | AW70: =RANK(AV70, AV$42:AV$71) -> #N/A
C71: 30 | M71: =RANK(K71, K$42:$K$71) -> #N/A | S71: =RANK(R71, R$42:R$71) -> #N/A | X71: =RANK(W71, W$42:W$71) -> #N/A | AC71: =RANK(AB71, AB$42:AB$71) -> #N/A | AH71: =RANK(AG71, AG$42:AG$71) -> #N/A | AM71: =RANK(AL71, AL$42:AL$71) -> #N/A | AR71: =RANK(AQ71, AQ$42:AQ$71) -> #N/A | AW71: =RANK(AV71, AV$42:AV$71) -> #N/A
B72: 產線配置圖－每週更新 | N72: 資料繳交 | O72: 日期 | P72: =P37+7 -> 46400 | U72: =P72+1 -> 46401 | Z72: =U72+1 -> 46402 | AE72: =Z72+1 -> 46403 | AJ72: =AE72+1 -> 46404 | AO72: =AJ72+1 -> 46405 | AT72: =AO72+1 -> 46406
P73: 二 | U73: 三 | Z73: 四 | AE73: 五 | AJ73: 六 | AO73: 日 | AT73: 一
B74: 品群 | C74: 商品名稱 | E74: 計畫 | H74: 平均人時性 | I74: 實績 | L74: 平均人時性 | M74: 排名 | O74: 日報 | P74: 實際 | T74: 平均人時性 | U74: 實際 | Y74: 平均人時性 | Z74: 實際 | AD74: 平均人時性 | AE74: 實際 | AI74: 平均人時性 | AJ74: 實際 | AN74: 平均人時性 | AO74: 實際 | AS74: 平均人時性 | AT74: 實際 | AX74: 平均人時性
E75: 產線配置圖 | I75: 產線配置圖 | P75: 生產實績 | U75: 生產實績 | Z75: 生產實績 | AE75: 生產實績 | AJ75: 生產實績 | AO75: 生產實績 | AT75: 生產實績
E76: 人數 | F76: 產能／時 | G76: 人時性 | I76: 人數 | J76: 產能／時 | K76: 人時性 | P76: 人數 | Q76: 產能／時 | R76: 人時性 | S76: 排名 | U76: 人數 | V76: 產能／時 | W76: 人時性 | X76: 排名 | Z76: 人數 | AA76: 產能／時 | AB76: 人時性 | AC76: 排名 | AE76: 人數 | AF76: 產能／時 | AG76: 人時性 | AH76: 排名 | AJ76: 人數 | AK76: 產能／時 | AL76: 人時性 | AM76: 排名 | AO76: 人數 | AP76: 產能／時 | AQ76: 人時性 | AR76: 排名 | AT76: 人數 | AU76: 產能／時 | AV76: 人時性 | AW76: 排名
B77: 18℃-飯糰 | C77: 1 | D77: 經典肉鬆飯糰 | E77: 4 | F77: 2200 | G77: 550 | H77: =AVERAGE(G77:G106) -> 845.28986 | I77: =AVERAGE(P77,U77,Z77,AE77,AJ77,AO77,AT77) -> 3 | J77: =AVERAGE(Q77,V77,AA77,AF77,AK77,AP77,AU77) -> 3212.7346 | K77: =AVERAGE(R77,W77,AB77,AG77,AL77,AQ77,AV77) -> 1070.9115 | L77: =IFERROR(AVERAGE(K77:K106),"-") -> 798.99546 | M77: =RANK(K77, K$77:$K$106) -> 1 | P77: 3 | Q77: 3163.4043 | R77: 1054.4681 | S77: =RANK(R77, R$77:R$106) -> 2 | T77: =AVERAGE(R77:R106) -> 791.78293 | U77: 3 | V77: 3159.5745 | W77: 1053.1915 | X77: =RANK(W77, W$77:W$106) -> 4 | Y77: =AVERAGE(W77:W106) -> 797.66164 | Z77: 3 | AA77: 3250 | AB77: 1083.3333 | AC77: =RANK(AB77, AB$77:AB$106) -> 3 | AD77: =AVERAGE(AB77:AB106) -> 813.27056 | AE77: 3 | AF77: 3145.7143 | AG77: 1048.5714 | AH77: =RANK(AG77, AG$77:AG$106) -> 5 | AI77: =AVERAGE(AG77:AG106) -> 770.91583 | AJ77: 3 | AK77: 3249 | AL77: 1083 | AM77: =RANK(AL77, AL$77:AL$106) -> 2 | AN77: =AVERAGE(AL77:AL106) -> 802.28818 | AO77: 3 | AP77: 3234.7826 | AQ77: 1078.2609 | AR77: =RANK(AQ77, AQ$77:AQ$106) -> 4 | AS77: =AVERAGE(AQ77:AQ106) -> 807.30632 | AT77: 3 | AU77: 3286.6667 | AV77: 1095.5556 | AW77: =RANK(AV77, AV$77:AV$106) -> 1 | AX77: =AVERAGE(AV77:AV106) -> 809.74275
C78: 2 | D78: 蔬食鮪魚飯糰 | E78: 3 | F78: 2700 | G78: 900 | I78: =AVERAGE(P78,U78,Z78,AE78,AJ78,AO78,AT78) -> 3 | J78: =AVERAGE(Q78,V78,AA78,AF78,AK78,AP78,AU78) -> 3190.0742 | K78: =AVERAGE(R78,W78,AB78,AG78,AL78,AQ78,AV78) -> 1063.3581 | M78: =RANK(K78, K$77:$K$106) -> 3 | P78: 3 | Q78: 2720 | R78: 906.66667 | S78: =RANK(R78, R$77:R$106) -> 7 | U78: 3 | V78: 3200 | W78: 1066.6667 | X78: =RANK(W78, W$77:W$106) -> 2 | Z78: 3 | AA78: 3309.2308 | AB78: 1103.0769 | AC78: =RANK(AB78, AB$77:AB$106) -> 2 | AE78: 3 | AF78: 3170.7692 | AG78: 1056.9231 | AH78: =RANK(AG78, AG$77:AG$106) -> 2 | AJ78: 3 | AK78: 3409.0909 | AL78: 1136.3636 | AM78: =RANK(AL78, AL$77:AL$106) -> 1 | AO78: 3 | AP78: 3260 | AQ78: 1086.6667 | AR78: =RANK(AQ78, AQ$77:AQ$106) -> 1 | AT78: 3 | AU78: 3261.4286 | AV78: 1087.1429 | AW78: =RANK(AV78, AV$77:AV$106) -> 3
C79: 3 | D79: 北海道秋鮭親子飯糰 | E79: 4 | F79: 3600 | G79: 900 | I79: =AVERAGE(P79,U79,Z79,AE79,AJ79,AO79,AT79) -> 4 | J79: =AVERAGE(Q79,V79,AA79,AF79,AK79,AP79,AU79) -> 3258.639 | K79: =AVERAGE(R79,W79,AB79,AG79,AL79,AQ79,AV79) -> 814.65974 | M79: =RANK(K79, K$77:$K$106) -> 11 | P79: 4 | Q79: 3374.1176 | R79: 843.52941 | S79: =RANK(R79, R$77:R$106) -> 11 | U79: 4 | V79: 3187.0588 | W79: 796.76471 | X79: =RANK(W79, W$77:W$106) -> 10 | Z79: 4 | AA79: 3228.75 | AB79: 807.1875 | AC79: =RANK(AB79, AB$77:AB$106) -> 12 | AE79: 4 | AF79: 3132 | AG79: 783 | AH79: =RANK(AG79, AG$77:AG$106) -> 11 | AJ79: 4 | AK79: 3355.3846 | AL79: 838.84615 | AM79: =RANK(AL79, AL$77:AL$106) -> 11 | AO79: 4 | AP79: 3229.4118 | AQ79: 807.35294 | AR79: =RANK(AQ79, AQ$77:AQ$106) -> 12 | AT79: 4 | AU79: 3303.75 | AV79: 825.9375 | AW79: =RANK(AV79, AV$77:AV$106) -> 11
C80: 4 | D80: 鮪魚飯糰 | E80: 3 | F80: 3600 | G80: 1200 | I80: =AVERAGE(P80,U80,Z80,AE80,AJ80,AO80,AT80) -> 3 | J80: =AVERAGE(Q80,V80,AA80,AF80,AK80,AP80,AU80) -> 3201.1147 | K80: =AVERAGE(R80,W80,AB80,AG80,AL80,AQ80,AV80) -> 1067.0382 | M80: =RANK(K80, K$77:$K$106) -> 2 | P80: 3 | Q80: 3185.4545 | R80: 1061.8182 | S80: =RANK(R80, R$77:R$106) -> 1 | U80: 3 | V80: 3167.8125 | W80: 1055.9375 | X80: =RANK(W80, W$77:W$106) -> 3 | Z80: 3 | AA80: 3183.9344 | AB80: 1061.3115 | AC80: =RANK(AB80, AB$77:AB$106) -> 4 | AE80: 3 | AF80: 3163.4483 | AG80: 1054.4828 | AH80: =RANK(AG80, AG$77:AG$106) -> 3 | AJ80: 3 | AK80: 3214.2857 | AL80: 1071.4286 | AM80: =RANK(AL80, AL$77:AL$106) -> 4 | AO80: 3 | AP80: 3249.2308 | AQ80: 1083.0769 | AR80: =RANK(AQ80, AQ$77:AQ$106) -> 2 | AT80: 3 | AU80: 3243.6364 | AV80: 1081.2121 | AW80: =RANK(AV80, AV$77:AV$106) -> 4
C81: 5 | D81: 贅沢鮭魚肚飯糰 | E81: 3 | F81: 3600 | G81: 1200 | I81: =AVERAGE(P81,U81,Z81,AE81,AJ81,AO81,AT81) -> 4 | J81: =AVERAGE(Q81,V81,AA81,AF81,AK81,AP81,AU81) -> 3293.5338 | K81: =AVERAGE(R81,W81,AB81,AG81,AL81,AQ81,AV81) -> 823.38346 | M81: =RANK(K81, K$77:$K$106) -> 10 | P81: 4 | Q81: 3397.7778 | R81: 849.44444 | S81: =RANK(R81, R$77:R$106) -> 10 | U81: 4 | V81: 3152.1429 | W81: 788.03571 | X81: =RANK(W81, W$77:W$106) -> 11 | Z81: 4 | AA81: 3328.8 | AB81: 832.2 | AC81: =RANK(AB81, AB$77:AB$106) -> 11 | AE81: 4 | AF81: 3194.4 | AG81: 798.6 | AH81: =RANK(AG81, AG$77:AG$106) -> 9 | AJ81: 4 | AK81: 3452.7273 | AL81: 863.18182 | AM81: =RANK(AL81, AL$77:AL$106) -> 9 | AO81: 4 | AP81: 3297.7778 | AQ81: 824.44444 | AR81: =RANK(AQ81, AQ$77:AQ$106) -> 10 | AT81: 4 | AU81: 3231.1111 | AV81: 807.77778 | AW81: =RANK(AV81, AV$77:AV$106) -> 12
C82: 6 | D82: 熟成紅鮭飯糰 | E82: 4 | F82: 3600 | G82: 900 | I82: =AVERAGE(P82,U82,Z82,AE82,AJ82,AO82,AT82) -> 4 | J82: =AVERAGE(Q82,V82,AA82,AF82,AK82,AP82,AU82) -> 3313.7266 | K82: =AVERAGE(R82,W82,AB82,AG82,AL82,AQ82,AV82) -> 828.43164 | M82: =RANK(K82, K$77:$K$106) -> 9 | P82: 4 | Q82: 3452.3077 | R82: 863.07692 | S82: =RANK(R82, R$77:R$106) -> 8 | U82: 4 | V82: 3051.4286 | W82: 762.85714 | X82: =RANK(W82, W$77:W$106) -> 14 | Z82: 4 | AA82: 3518.1818 | AB82: 879.54545 | AC82: =RANK(AB82, AB$77:AB$106) -> 10 | AE82: 4 | AF82: 3169.0909 | AG82: 792.27273 | AH82: =RANK(AG82, AG$77:AG$106) -> 10 | AJ82: 4 | AK82: 3342 | AL82: 835.5 | AM82: =RANK(AL82, AL$77:AL$106) -> 12 | AO82: 4 | AP82: 3263.0769 | AQ82: 815.76923 | AR82: =RANK(AQ82, AQ$77:AQ$106) -> 11 | AT82: 4 | AU82: 3400 | AV82: 850 | AW82: =RANK(AV82, AV$77:AV$106) -> 9
C83: 7 | D83: 博多明太子奶油飯糰 | E83: 4 | F83: 3600 | G83: 900 | I83: =AVERAGE(P83,U83,Z83,AE83,AJ83,AO83,AT83) -> 4 | J83: =AVERAGE(Q83,V83,AA83,AF83,AK83,AP83,AU83) -> 3245.3776 | K83: =AVERAGE(R83,W83,AB83,AG83,AL83,AQ83,AV83) -> 811.34439 | M83: =RANK(K83, K$77:$K$106) -> 12 | P83: 4 | Q83: 3282.8571 | R83: 820.71429 | S83: =RANK(R83, R$77:R$106) -> 13 | U83: 4 | V83: 3094.2857 | W83: 773.57143 | X83: =RANK(W83, W$77:W$106) -> 12 | Z83: 4 | AA83: 3744 | AB83: 936 | AC83: =RANK(AB83, AB$77:AB$106) -> 8 | AE83: 4 | AF83: 2242.5 | AG83: 560.625 | AH83: =RANK(AG83, AG$77:AG$106) -> 20 | AJ83: 4 | AK83: 3444 | AL83: 861 | AM83: =RANK(AL83, AL$77:AL$106) -> 10 | AO83: 4 | AP83: 3540 | AQ83: 885 | AR83: =RANK(AQ83, AQ$77:AQ$106) -> 9 | AT83: 4 | AU83: 3370 | AV83: 842.5 | AW83: =RANK(AV83, AV$77:AV$106) -> 10
C84: 8 | D84: 壹號醬炙烤牛飯糰 | E84: 4 | F84: 3300 | G84: 825 | I84: =AVERAGE(P84,U84,Z84,AE84,AJ84,AO84,AT84) -> 4 | J84: =AVERAGE(Q84,V84,AA84,AF84,AK84,AP84,AU84) -> 2855.7576 | K84: =AVERAGE(R84,W84,AB84,AG84,AL84,AQ84,AV84) -> 713.93939 | M84: =RANK(K84, K$77:$K$106) -> 15 | P84: 4 | Q84: 3005 | R84: 751.25 | S84: =RANK(R84, R$77:R$106) -> 15 | U84: 4 | V84: 2720 | W84: 680 | X84: =RANK(W84, W$77:W$106) -> 20 | Z84: 4 | AA84: 2825 | AB84: 706.25 | AC84: =RANK(AB84, AB$77:AB$106) -> 18 | AE84: 4 | AF84: 2569.0909 | AG84: 642.27273 | AH84: =RANK(AG84, AG$77:AG$106) -> 19 | AJ84: 4 | AK84: 3066.6667 | AL84: 766.66667 | AM84: =RANK(AL84, AL$77:AL$106) -> 13 | AO84: 4 | AP84: 2870 | AQ84: 717.5 | AR84: =RANK(AQ84, AQ$77:AQ$106) -> 16 | AT84: 4 | AU84: 2934.5455 | AV84: 733.63636 | AW84: =RANK(AV84, AV$77:AV$106) -> 15
C85: 9 | D85: 明太子龍蝦風味沙拉飯糰 | E85: 3 | F85: 3300 | G85: 1100 | I85: =AVERAGE(P85,U85,Z85,AE85,AJ85,AO85,AT85) -> 3 | J85: =AVERAGE(Q85,V85,AA85,AF85,AK85,AP85,AU85) -> 3182.1509 | K85: =AVERAGE(R85,W85,AB85,AG85,AL85,AQ85,AV85) -> 1060.717 | M85: =RANK(K85, K$77:$K$106) -> 4 | P85: 3 | Q85: 2797.2414 | R85: 932.41379 | S85: =RANK(R85, R$77:R$106) -> 3 | U85: 3 | V85: 3208.8 | W85: 1069.6 | X85: =RANK(W85, W$77:W$106) -> 1 | Z85: 3 | AA85: 3346.9565 | AB85: 1115.6522 | AC85: =RANK(AB85, AB$77:AB$106) -> 1 | AE85: 3 | AF85: 3146.087 | AG85: 1048.6957 | AH85: =RANK(AG85, AG$77:AG$106) -> 4 | AJ85: 3 | AK85: 3248.5714 | AL85: 1082.8571 | AM85: =RANK(AL85, AL$77:AL$106) -> 3 | AO85: 3 | AP85: 3242.4 | AQ85: 1080.8 | AR85: =RANK(AQ85, AQ$77:AQ$106) -> 3 | AT85: 3 | AU85: 3285 | AV85: 1095 | AW85: =RANK(AV85, AV$77:AV$106) -> 2
C86: 10 | D86: 鹽蔥燒肉飯糰 | E86: 3 | F86: 3300 | G86: 1100 | I86: =AVERAGE(P86,U86,Z86,AE86,AJ86,AO86,AT86) -> 3 | J86: =AVERAGE(Q86,V86,AA86,AF86,AK86,AP86,AU86) -> 2771.3581 | K86: =AVERAGE(R86,W86,AB86,AG86,AL86,AQ86,AV86) -> 923.78603 | M86: =RANK(K86, K$77:$K$106) -> 8 | P86: 3 | Q86: 2796.3636 | R86: 932.12121 | S86: =RANK(R86, R$77:R$106) -> 4 | U86: 3 | V86: 2400 | W86: 800 | X86: =RANK(W86, W$77:W$106) -> 9 | Z86: 3 | AA86: 2892 | AB86: 964 | AC86: =RANK(AB86, AB$77:AB$106) -> 5 | AE86: 3 | AF86: 2772.4138 | AG86: 924.13793 | AH86: =RANK(AG86, AG$77:AG$106) -> 7 | AJ86: 3 | AK86: 2873.3333 | AL86: 957.77778 | AM86: =RANK(AL86, AL$77:AL$106) -> 6 | AO86: 3 | AP86: 2816.3636 | AQ86: 938.78788 | AR86: =RANK(AQ86, AQ$77:AQ$106) -> 7 | AT86: 3 | AU86: 2849.0323 | AV86: 949.67742 | AW86: =RANK(AV86, AV$77:AV$106) -> 8
C87: 11 | D87: 雞肉飯飯糰 | E87: 4 | F87: 3300 | G87: 825 | I87: =AVERAGE(P87,U87,Z87,AE87,AJ87,AO87,AT87) -> 4 | J87: =AVERAGE(Q87,V87,AA87,AF87,AK87,AP87,AU87) -> 2827.6177 | K87: =AVERAGE(R87,W87,AB87,AG87,AL87,AQ87,AV87) -> 706.90443 | M87: =RANK(K87, K$77:$K$106) -> 17 | P87: 4 | Q87: 2861.25 | R87: 715.3125 | S87: =RANK(R87, R$77:R$106) -> 16 | U87: 4 | V87: 2704 | W87: 676 | X87: =RANK(W87, W$77:W$106) -> 21 | Z87: 4 | AA87: 2846.6667 | AB87: 711.66667 | AC87: =RANK(AB87, AB$77:AB$106) -> 17 | AE87: 4 | AF87: 2777.7273 | AG87: 694.43182 | AH87: =RANK(AG87, AG$77:AG$106) -> 16 | AJ87: 4 | AK87: 2838.5714 | AL87: 709.64286 | AM87: =RANK(AL87, AL$77:AL$106) -> 18 | AO87: 4 | AP87: 2852.5 | AQ87: 713.125 | AR87: =RANK(AQ87, AQ$77:AQ$106) -> 18 | AT87: 4 | AU87: 2912.6087 | AV87: 728.15217 | AW87: =RANK(AV87, AV$77:AV$106) -> 16
C88: 12 | D88: 碳烤燒肉飯飯糰(區) | E88: 4 | F88: 3300 | G88: 825 | I88: =AVERAGE(P88,U88,Z88,AE88,AJ88,AO88,AT88) -> 4 | J88: =AVERAGE(Q88,V88,AA88,AF88,AK88,AP88,AU88) -> 2809.6108 | K88: =AVERAGE(R88,W88,AB88,AG88,AL88,AQ88,AV88) -> 702.40271 | M88: =RANK(K88, K$77:$K$106) -> 20 | P88: 4 | Q88: 2791.6364 | R88: 697.90909 | S88: =RANK(R88, R$77:R$106) -> 18 | U88: 4 | V88: 2636.5714 | W88: 659.14286 | X88: =RANK(W88, W$77:W$106) -> 22 | Z88: 4 | AA88: 2883.6 | AB88: 720.9 | AC88: =RANK(AB88, AB$77:AB$106) -> 15 | AE88: 4 | AF88: 2766.1224 | AG88: 691.53061 | AH88: =RANK(AG88, AG$77:AG$106) -> 17 | AJ88: 4 | AK88: 2822.5532 | AL88: 705.6383 | AM88: =RANK(AL88, AL$77:AL$106) -> 19 | AO88: 4 | AP88: 2884.5283 | AQ88: 721.13208 | AR88: =RANK(AQ88, AQ$77:AQ$106) -> 15 | AT88: 4 | AU88: 2882.2642 | AV88: 720.56604 | AW88: =RANK(AV88, AV$77:AV$106) -> 17
C89: 13 | D89: 油蔥雞汁飯糰(區) | E89: 4 | F89: 2800 | G89: 700 | I89: =AVERAGE(P89,U89,Z89,AE89,AJ89,AO89,AT89) -> 4 | J89: =AVERAGE(Q89,V89,AA89,AF89,AK89,AP89,AU89) -> 2825.3062 | K89: =AVERAGE(R89,W89,AB89,AG89,AL89,AQ89,AV89) -> 706.32654 | M89: =RANK(K89, K$77:$K$106) -> 18 | P89: 4 | Q89: 2790.9677 | R89: 697.74194 | S89: =RANK(R89, R$77:R$106) -> 19 | U89: 4 | V89: 2746.8 | W89: 686.7 | X89: =RANK(W89, W$77:W$106) -> 18 | Z89: 4 | AA89: 2851.0345 | AB89: 712.75862 | AC89: =RANK(AB89, AB$77:AB$106) -> 16 | AE89: 4 | AF89: 2784.4444 | AG89: 696.11111 | AH89: =RANK(AG89, AG$77:AG$106) -> 15 | AJ89: 4 | AK89: 2905 | AL89: 726.25 | AM89: =RANK(AL89, AL$77:AL$106) -> 15 | AO89: 4 | AP89: 2852 | AQ89: 713 | AR89: =RANK(AQ89, AQ$77:AQ$106) -> 19 | AT89: 4 | AU89: 2846.8966 | AV89: 711.72414 | AW89: =RANK(AV89, AV$77:AV$106) -> 19
... C99: 23 | D99: 真明太子玉子飯糰 | E99: 4 | F99: 2800 | G99: 700 | I99: =AVERAGE(P99,U99,Z99,AE99,AJ99,AO99,AT99) -> 4 | J99: =AVERAGE(Q99,V99,AA99,AF99,AK99,AP99,AU99) -> 2845.8022 | K99: =AVERAGE(R99,W99,AB99,AG99,AL99,AQ99,AV99) -> 711.45054 | M99: =RANK(K99, K$77:$K$106) -> 16 | P99: 4 | Q99: 2783.4146 | R99: 695.85366 | S99: =RANK(R99, R$77:R$106) -> 20 | U99: 4 | V99: 2948 | W99: 737 | X99: =RANK(W99, W$77:W$106) -> 16 | Z99: 4 | AA99: 2822.4 | AB99: 705.6 | AC99: =RANK(AB99, AB$77:AB$106) -> 19 | AE99: 4 | AF99: 2794.4118 | AG99: 698.60294 | AH99: =RANK(AG99, AG$77:AG$106) -> 14 | AJ99: 4 | AK99: 2847.619 | AL99: 711.90476 | AM99: =RANK(AL99, AL$77:AL$106) -> 17 | AO99: 4 | AP99: 2869.3151 | AQ99: 717.32877 | AR99: =RANK(AQ99, AQ$77:AQ$106) -> 17 | AT99: 4 | AU99: 2855.4545 | AV99: 713.86364 | AW99: =RANK(AV99, AV$77:AV$106) -> 18
C100: 24 | M100: =RANK(K100, K$77:$K$106) -> #N/A | S100: =RANK(R100, R$77:R$106) -> #N/A | X100: =RANK(W100, W$77:W$106) -> #N/A | AC100: =RANK(AB100, AB$77:AB$106) -> #N/A | AH100: =RANK(AG100, AG$77:AG$106) -> #N/A | AM100: =RANK(AL100, AL$77:AL$106) -> #N/A | AR100: =RANK(AQ100, AQ$77:AQ$106) -> #N/A | AW100: =RANK(AV100, AV$77:AV$106) -> #N/A
C101: 25 | M101: =RANK(K101, K$77:$K$106) -> #N/A | S101: =RANK(R101, R$77:R$106) -> #N/A | X101: =RANK(W101, W$77:W$106) -> #N/A | AC101: =RANK(AB101, AB$77:AB$106) -> #N/A | AH101: =RANK(AG101, AG$77:AG$106) -> #N/A | AM101: =RANK(AL101, AL$77:AL$106) -> #N/A | AR101: =RANK(AQ101, AQ$77:AQ$106) -> #N/A | AW101: =RANK(AV101, AV$77:AV$106) -> #N/A
C102: 26 | M102: =RANK(K102, K$77:$K$106) -> #N/A | S102: =RANK(R102, R$77:R$106) -> #N/A | X102: =RANK(W102, W$77:W$106) -> #N/A | AC102: =RANK(AB102, AB$77:AB$106) -> #N/A | AH102: =RANK(AG102, AG$77:AG$106) -> #N/A | AM102: =RANK(AL102, AL$77:AL$106) -> #N/A | AR102: =RANK(AQ102, AQ$77:AQ$106) -> #N/A | AW102: =RANK(AV102, AV$77:AV$106) -> #N/A
C103: 27 | M103: =RANK(K103, K$77:$K$106) -> #N/A | S103: =RANK(R103, R$77:R$106) -> #N/A | X103: =RANK(W103, W$77:W$106) -> #N/A | AC103: =RANK(AB103, AB$77:AB$106) -> #N/A | AH103: =RANK(AG103, AG$77:AG$106) -> #N/A | AM103: =RANK(AL103, AL$77:AL$106) -> #N/A | AR103: =RANK(AQ103, AQ$77:AQ$106) -> #N/A | AW103: =RANK(AV103, AV$77:AV$106) -> #N/A
C104: 28 | M104: =RANK(K104, K$77:$K$106) -> #N/A | S104: =RANK(R104, R$77:R$106) -> #N/A | X104: =RANK(W104, W$77:W$106) -> #N/A | AC104: =RANK(AB104, AB$77:AB$106) -> #N/A | AH104: =RANK(AG104, AG$77:AG$106) -> #N/A | AM104: =RANK(AL104, AL$77:AL$106) -> #N/A | AR104: =RANK(AQ104, AQ$77:AQ$106) -> #N/A | AW104: =RANK(AV104, AV$77:AV$106) -> #N/A
C105: 29 | M105: =RANK(K105, K$77:$K$106) -> #N/A | S105: =RANK(R105, R$77:R$106) -> #N/A | X105: =RANK(W105, W$77:W$106) -> #N/A | AC105: =RANK(AB105, AB$77:AB$106) -> #N/A | AH105: =RANK(AG105, AG$77:AG$106) -> #N/A | AM105: =RANK(AL105, AL$77:AL$106) -> #N/A | AR105: =RANK(AQ105, AQ$77:AQ$106) -> #N/A | AW105: =RANK(AV105, AV$77:AV$106) -> #N/A
C106: 30 | M106: =RANK(K106, K$77:$K$106) -> #N/A | S106: =RANK(R106, R$77:R$106) -> #N/A | X106: =RANK(W106, W$77:W$106) -> #N/A | AC106: =RANK(AB106, AB$77:AB$106) -> #N/A | AH106: =RANK(AG106, AG$77:AG$106) -> #N/A | AM106: =RANK(AL106, AL$77:AL$106) -> #N/A | AR106: =RANK(AQ106, AQ$77:AQ$106) -> #N/A | AW106: =RANK(AV106, AV$77:AV$106) -> #N/A
B107: 產線配置圖－每週更新 | N107: 資料繳交 | O107: 日期 | P107: =P72+7 -> 46407 | U107: =P107+1 -> 46408 | Z107: =U107+1 -> 46409 | AE107: =Z107+1 -> 46410 | AJ107: =AE107+1 -> 46411 | AO107: =AJ107+1 -> 46412 | AT107: =AO107+1 -> 46413
P108: 二 | U108: 三 | Z108: 四 | AE108: 五 | AJ108: 六 | AO108: 日 | AT108: 一
B109: 品群 | C109: 商品名稱 | E109: 計畫 | H109: 平均人時性 | I109: 實績 | L109: 平均人時性 | M109: 排名 | O109: 日報 | P109: 實際 | T109: 平均人時性 | U109: 實際 | Y109: 平均人時性 | Z109: 實際 | AD109: 平均人時性 | AE109: 實際 | AI109: 平均人時性 | AJ109: 實際 | AN109: 平均人時性 | AO109: 實際 | AS109: 平均人時性 | AT109: 實際 | AX109: 平均人時性
E110: 產線配置圖 | I110: 產線配置圖 | P110: 生產實績 | U110: 生產實績 | Z110: 生產實績 | AE110: 生產實績 | AJ110: 生產實績 | AO110: 生產實績 | AT110: 生產實績
E111: 人數 | F111: 產能／時 | G111: 人時性 | I111: 人數 | J111: 產能／時 | K111: 人時性 | P111: 人數 | Q111: 產能／時 | R111: 人時性 | S111: 排名 | U111: 人數 | V111: 產能／時 | W111: 人時性 | X111: 排名 | Z111: 人數 | AA111: 產能／時 | AB111: 人時性 | AC111: 排名 | AE111: 人數 | AF111: 產能／時 | AG111: 人時性 | AH111: 排名 | AJ111: 人數 | AK111: 產能／時 | AL111: 人時性 | AM111: 排名 | AO111: 人數 | AP111: 產能／時 | AQ111: 人時性 | AR111: 排名 | AT111: 人數 | AU111: 產能／時 | AV111: 人時性 | AW111: 排名
B112: 18℃-飯糰 | C112: 1 | D112: 經典肉鬆飯糰 | E112: 4 | F112: 2200 | G112: 550 | H112: =AVERAGE(G112:G141) -> 839.23611 | I112: =AVERAGE(P112,U112,Z112,AE112,AJ112,AO112,AT112) -> 3 | J112: =AVERAGE(Q112,V112,AA112,AF112,AK112,AP112,AU112) -> 3206.8302 | K112: =AVERAGE(R112,W112,AB112,AG112,AL112,AQ112,AV112) -> 1068.9434 | L112: =IFERROR(AVERAGE(K112:K141),"-") -> 781.25061 | M112: =RANK(K112, K$112:$K$141) -> 3 | P112: 3 | Q112: 3278.1818 | R112: 1092.7273 | S112: =RANK(R112, R$112:R$141) -> 1 | T112: =AVERAGE(R112:R141) -> 798.25924 | U112: 3 | V112: 3118.6667 | W112: 1039.5556 | X112: =RANK(W112, W$112:W$141) -> 4 | Y112: =AVERAGE(W112:W141) -> 764.47294 | Z112: 3 | AA112: 3175.5 | AB112: 1058.5 | AC112: =RANK(AB112, AB$112:AB$141) -> 2 | AD112: =AVERAGE(AB112:AB141) -> 776.0073 | AE112: 3 | AF112: 3271.5789 | AG112: 1090.5263 | AH112: =RANK(AG112, AG$112:AG$141) -> 4 | AI112: =AVERAGE(AG112:AG141) -> 801.88509 | AJ112: 3 | AK112: 3238.6667 | AL112: 1079.5556 | AM112: =RANK(AL112, AL$112:AL$141) -> 3 | AN112: =AVERAGE(AL112:AL141) -> 790.41637 | AO112: 3 | AP112: 3182.6087 | AQ112: 1060.8696 | AR112: =RANK(AQ112, AQ$112:AQ$141) -> 1 | AS112: =AVERAGE(AQ112:AQ141) -> 771.50654 | AT112: 3 | AU112: 3182.6087 | AV112: 1060.8696 | AW112: =RANK(AV112, AV$112:AV$141) -> 1 | AX112: =AVERAGE(AV112:AV141) -> 771.50654
C113: 2 | D113: 蔬食鮪魚飯糰 | E113: 3 | F113: 2700 | G113: 900 | I113: =AVERAGE(P113,U113,Z113,AE113,AJ113,AO113,AT113) -> 3 | J113: =AVERAGE(Q113,V113,AA113,AF113,AK113,AP113,AU113) -> 3265.0408 | K113: =AVERAGE(R113,W113,AB113,AG113,AL113,AQ113,AV113) -> 1088.3469 | M113: =RANK(K113, K$112:$K$141) -> 1 | P113: 3 | Q113: 3268 | R113: 1089.3333 | S113: =RANK(R113, R$112:R$141) -> 2 | U113: 3 | V113: 3244 | W113: 1081.3333 | X113: =RANK(W113, W$112:W$141) -> 2 | Z113: 3 | AA113: 3145 | AB113: 1048.3333 | AC113: =RANK(AB113, AB$112:AB$141) -> 3 | AE113: 3 | AF113: 3444 | AG113: 1148 | AH113: =RANK(AG113, AG$112:AG$141) -> 1 | AJ113: 3 | AK113: 3424.2857 | AL113: 1141.4286 | AM113: =RANK(AL113, AL$112:AL$141) -> 1 | AO113: 3 | AP113: 3165 | AQ113: 1055 | AR113: =RANK(AQ113, AQ$112:AQ$141) -> 3 | AT113: 3 | AU113: 3165 | AV113: 1055 | AW113: =RANK(AV113, AV$112:AV$141) -> 3
C114: 3 | D114: 北海道秋鮭親子飯糰 | E114: 4 | F114: 3600 | G114: 900 | I114: =AVERAGE(P114,U114,Z114,AE114,AJ114,AO114,AT114) -> 4 | J114: =AVERAGE(Q114,V114,AA114,AF114,AK114,AP114,AU114) -> 3153.4674 | K114: =AVERAGE(R114,W114,AB114,AG114,AL114,AQ114,AV114) -> 788.36684 | M114: =RANK(K114, K$112:$K$141) -> 11 | P114: 4 | Q114: 3180 | R114: 795 | S114: =RANK(R114, R$112:R$141) -> 12 | U114: 4 | V114: 2934 | W114: 733.5 | X114: =RANK(W114, W$112:W$141) -> 11 | Z114: 4 | AA114: 3180 | AB114: 795 | AC114: =RANK(AB114, AB$112:AB$141) -> 10 | AE114: 4 | AF114: 3286.1538 | AG114: 821.53846 | AH114: =RANK(AG114, AG$112:AG$141) -> 10 | AJ114: 4 | AK114: 3314.1176 | AL114: 828.52941 | AM114: =RANK(AL114, AL$112:AL$141) -> 10 | AO114: 4 | AP114: 3090 | AQ114: 772.5 | AR114: =RANK(AQ114, AQ$112:AQ$141) -> 11 | AT114: 4 | AU114: 3090 | AV114: 772.5 | AW114: =RANK(AV114, AV$112:AV$141) -> 11
C115: 4 | D115: 鮪魚飯糰 | E115: 3 | F115: 3600 | G115: 1200 | I115: =AVERAGE(P115,U115,Z115,AE115,AJ115,AO115,AT115) -> 3 | J115: =AVERAGE(Q115,V115,AA115,AF115,AK115,AP115,AU115) -> 3234.9039 | K115: =AVERAGE(R115,W115,AB115,AG115,AL115,AQ115,AV115) -> 1078.3013 | M115: =RANK(K115, K$112:$K$141) -> 2 | P115: 3 | Q115: 3253.3333 | R115: 1084.4444 | S115: =RANK(R115, R$112:R$141) -> 3 | U115: 3 | V115: 3240 | W115: 1080 | X115: =RANK(W115, W$112:W$141) -> 3 | Z115: 3 | AA115: 3238.9091 | AB115: 1079.6364 | AC115: =RANK(AB115, AB$112:AB$141) -> 1 | AE115: 3 | AF115: 3304.5283 | AG115: 1101.5094 | AH115: =RANK(AG115, AG$112:AG$141) -> 3 | AJ115: 3 | AK115: 3249.375 | AL115: 1083.125 | AM115: =RANK(AL115, AL$112:AL$141) -> 2 | AO115: 3 | AP115: 3179.0909 | AQ115: 1059.697 | AR115: =RANK(AQ115, AQ$112:AQ$141) -> 2 | AT115: 3 | AU115: 3179.0909 | AV115: 1059.697 | AW115: =RANK(AV115, AV$112:AV$141) -> 2
C116: 5 | D116: 贅沢鮭魚肚飯糰 | E116: 3 | F116: 3600 | G116: 1200 | I116: =AVERAGE(P116,U116,Z116,AE116,AJ116,AO116,AT116) -> 4 | J116: =AVERAGE(Q116,V116,AA116,AF116,AK116,AP116,AU116) -> 3216.4077 | K116: =AVERAGE(R116,W116,AB116,AG116,AL116,AQ116,AV116) -> 804.10193 | M116: =RANK(K116, K$112:$K$141) -> 10 | P116: 4 | Q116: 3268.8889 | R116: 817.22222 | S116: =RANK(R116, R$112:R$141) -> 11 | U116: 4 | V116: 3381.6 | W116: 845.4 | X116: =RANK(W116, W$112:W$141) -> 9 | Z116: 4 | AA116: 3065 | AB116: 766.25 | AC116: =RANK(AB116, AB$112:AB$141) -> 12 | AE116: 4 | AF116: 3262.8571 | AG116: 815.71429 | AH116: =RANK(AG116, AG$112:AG$141) -> 11 | AJ116: 4 | AK116: 3262.2222 | AL116: 815.55556 | AM116: =RANK(AL116, AL$112:AL$141) -> 11 | AO116: 4 | AP116: 3137.1429 | AQ116: 784.28571 | AR116: =RANK(AQ116, AQ$112:AQ$141) -> 10 | AT116: 4 | AU116: 3137.1429 | AV116: 784.28571 | AW116: =RANK(AV116, AV$112:AV$141) -> 10
C117: 6 | D117: 熟成紅鮭飯糰 | E117: 4 | F117: 3600 | G117: 900 | I117: =AVERAGE(P117,U117,Z117,AE117,AJ117,AO117,AT117) -> 4 | J117: =AVERAGE(Q117,V117,AA117,AF117,AK117,AP117,AU117) -> 3299.9707 | K117: =AVERAGE(R117,W117,AB117,AG117,AL117,AQ117,AV117) -> 824.99267 | M117: =RANK(K117, K$112:$K$141) -> 9 | P117: 4 | Q117: 3428.5714 | R117: 857.14286 | S117: =RANK(R117, R$112:R$141) -> 10 | U117: 4 | V117: 2996 | W117: 749 | X117: =RANK(W117, W$112:W$141) -> 10 | Z117: 4 | AA117: 3552 | AB117: 888 | AC117: =RANK(AB117, AB$112:AB$141) -> 8 | AE117: 4 | AF117: 3513.3333 | AG117: 878.33333 | AH117: =RANK(AG117, AG$112:AG$141) -> 8 | AJ117: 4 | AK117: 3318.4615 | AL117: 829.61538 | AM117: =RANK(AL117, AL$112:AL$141) -> 9 | AO117: 4 | AP117: 3145.7143 | AQ117: 786.42857 | AR117: =RANK(AQ117, AQ$112:AQ$141) -> 9 | AT117: 4 | AU117: 3145.7143 | AV117: 786.42857 | AW117: =RANK(AV117, AV$112:AV$141) -> 9
C118: 7 | D118: 博多明太子奶油飯糰 | E118: 4 | F118: 3600 | G118: 900 | I118: =AVERAGE(P118,U118,Z118,AE118,AJ118,AO118,AT118) -> 4 | J118: =AVERAGE(Q118,V118,AA118,AF118,AK118,AP118,AU118) -> 3108.5 | K118: =AVERAGE(R118,W118,AB118,AG118,AL118,AQ118,AV118) -> 777.125 | M118: =RANK(K118, K$112:$K$141) -> 12 | P118: 4 | Q118: 3487.5 | R118: 871.875 | S118: =RANK(R118, R$112:R$141) -> 9 | U118: 4 | V118: 2718 | W118: 679.5 | X118: =RANK(W118, W$112:W$141) -> 19 | Z118: 4 | AA118: 3120 | AB118: 780 | AC118: =RANK(AB118, AB$112:AB$141) -> 11 | AH118: =RANK(AG118, AG$112:AG$141) -> #N/A | AM118: =RANK(AL118, AL$112:AL$141) -> #N/A | AR118: =RANK(AQ118, AQ$112:AQ$141) -> #N/A | AW118: =RANK(AV118, AV$112:AV$141) -> #VALUE!
C119: 8 | D119: 壹號醬炙烤牛飯糰 | E119: 4 | F119: 3300 | G119: 825 | I119: =AVERAGE(P119,U119,Z119,AE119,AJ119,AO119,AT119) -> 4 | J119: =AVERAGE(Q119,V119,AA119,AF119,AK119,AP119,AU119) -> 2824.6813 | K119: =AVERAGE(R119,W119,AB119,AG119,AL119,AQ119,AV119) -> 706.17033 | M119: =RANK(K119, K$112:$K$141) -> 15 | P119: 4 | Q119: 2867.1429 | R119: 716.78571 | S119: =RANK(R119, R$112:R$141) -> 16 | U119: 4 | V119: 2772.8571 | W119: 693.21429 | X119: =RANK(W119, W$112:W$141) -> 17 | Z119: 4 | AA119: 2922 | AB119: 730.5 | AC119: =RANK(AB119, AB$112:AB$141) -> 14 | AE119: 4 | AF119: 2940 | AG119: 735 | AH119: =RANK(AG119, AG$112:AG$141) -> 14 | AJ119: 4 | AK119: 2824.6154 | AL119: 706.15385 | AM119: =RANK(AL119, AL$112:AL$141) -> 17 | AO119: 4 | AP119: 2723.0769 | AQ119: 680.76923 | AR119: =RANK(AQ119, AQ$112:AQ$141) -> 17 | AT119: 4 | AU119: 2723.0769 | AV119: 680.76923 | AW119: =RANK(AV119, AV$112:AV$141) -> 17
C120: 9 | D120: 明太子龍蝦風味沙拉飯糰 | E120: 3 | F120: 3300 | G120: 1100 | I120: =AVERAGE(P120,U120,Z120,AE120,AJ120,AO120,AT120) -> 3 | J120: =AVERAGE(Q120,V120,AA120,AF120,AK120,AP120,AU120) -> 3139.0154 | K120: =AVERAGE(R120,W120,AB120,AG120,AL120,AQ120,AV120) -> 1046.3385 | M120: =RANK(K120, K$112:$K$141) -> 4 | P120: 3 | Q120: 3212.3077 | R120: 1070.7692 | S120: =RANK(R120, R$112:R$141) -> 4 | U120: 3 | V120: 3244.8 | W120: 1081.6 | X120: =RANK(W120, W$112:W$141) -> 1 | Z120: 3 | AA120: 2798.4 | AB120: 932.8 | AC120: =RANK(AB120, AB$112:AB$141) -> 7 | AE120: 3 | AF120: 3312 | AG120: 1104 | AH120: =RANK(AG120, AG$112:AG$141) -> 2 | AJ120: 3 | AK120: 3225.6 | AL120: 1075.2 | AM120: =RANK(AL120, AL$112:AL$141) -> 4 | AO120: 3 | AP120: 3090 | AQ120: 1030 | AR120: =RANK(AQ120, AQ$112:AQ$141) -> 4 | AT120: 3 | AU120: 3090 | AV120: 1030 | AW120: =RANK(AV120, AV$112:AV$141) -> 4
C121: 10 | D121: 鹽蔥燒肉飯糰 | E121: 3 | F121: 3300 | G121: 1100 | I121: =AVERAGE(P121,U121,Z121,AE121,AJ121,AO121,AT121) -> 3 | J121: =AVERAGE(Q121,V121,AA121,AF121,AK121,AP121,AU121) -> 2764.0661 | K121: =AVERAGE(R121,W121,AB121,AG121,AL121,AQ121,AV121) -> 921.35537 | M121: =RANK(K121, K$112:$K$141) -> 7 | P121: 3 | Q121: 2829.375 | R121: 943.125 | S121: =RANK(R121, R$112:R$141) -> 5 | U121: 3 | V121: 2735.625 | W121: 911.875 | X121: =RANK(W121, W$112:W$141) -> 6 | Z121: 3 | AA121: 2630 | AB121: 876.66667 | AC121: =RANK(AB121, AB$112:AB$141) -> 9 | AE121: 3 | AF121: 2856.9231 | AG121: 952.30769 | AH121: =RANK(AG121, AG$112:AG$141) -> 6 | AJ121: 3 | AK121: 2852.9032 | AL121: 950.96774 | AM121: =RANK(AL121, AL$112:AL$141) -> 5 | AO121: 3 | AP121: 2721.8182 | AQ121: 907.27273 | AR121: =RANK(AQ121, AQ$112:AQ$141) -> 7 | AT121: 3 | AU121: 2721.8182 | AV121: 907.27273 | AW121: =RANK(AV121, AV$112:AV$141) -> 7
...

Sheet （５-2）品群別人時生產性（18-壽司手卷)
B1: 月平均人時性 | C1: =AVERAGE(L7,L27,L47,L67,L87,L107) -> 166.67639
B2: 產線配置圖－每週更新 | N2: 資料繳交 | O2: 日期 | P2: 46386 | U2: =P2+1 -> 46387 | Z2: =U2+1 -> 46388 | AE2: =Z2+1 -> 46389 | AJ2: =AE2+1 -> 46390 | AO2: =AJ2+1 -> 46391 | AT2: =AO2+1 -> 46392
P3: 二 | U3: 三 | Z3: 四 | AE3: 五 | AJ3: 六 | AO3: 日 | AT3: 一
B4: 品群 | C4: 商品名稱 | E4: 計畫 | H4: 平均人時性 | I4: 實績 | L4: 平均人時性 | M4: 排名 | O4: 日報 | P4: 實際 | T4: 平均人時性 | U4: 實際 | Y4: 平均人時性 | Z4: 實際 | AD4: 平均人時性 | AE4: 實際 | AI4: 平均人時性 | AJ4: 實際 | AN4: 平均人時性 | AO4: 實際 | AS4: 平均人時性 | AT4: 實際 | AX4: 平均人時性
E5: 產線配置圖 | I5: 產線配置圖 | P5: 生產實績 | U5: 生產實績 | Z5: 生產實績 | AE5: 生產實績 | AJ5: 生產實績 | AO5: 生產實績 | AT5: 生產實績
E6: 人數 | F6: 產能／時 | G6: 人時性 | I6: 人數 | J6: 產能／時 | K6: 人時性 | P6: 人數 | Q6: 產能／時 | R6: 人時性 | S6: 排名 | U6: 人數 | V6: 產能／時 | W6: 人時性 | X6: 排名 | Z6: 人數 | AA6: 產能／時 | AB6: 人時性 | AC6: 排名 | AE6: 人數 | AF6: 產能／時 | AG6: 人時性 | AH6: 排名 | AJ6: 人數 | AK6: 產能／時 | AL6: 人時性 | AM6: 排名 | AO6: 人數 | AP6: 產能／時 | AQ6: 人時性 | AR6: 排名 | AT6: 人數 | AU6: 產能／時 | AV6: 人時性 | AW6: 排名
B7: 18℃-壽司手卷 | C7: 1 | D7: 長野稻荷壽司 | E7: 10 | F7: 1500 | G7: 150 | H7: =AVERAGE(G7:G21) -> 167.14286 | I7: =AVERAGE(P7,U7,Z7,AE7,AJ7,AO7,AT7) -> 10 | J7: =AVERAGE(Q7,V7,AA7,AF7,AK7,AP7,AU7) -> 1426.8857 | K7: =AVERAGE(R7,W7,AB7,AG7,AL7,AQ7,AV7) -> 142.68857 | L7: =AVERAGE(K7:K21) -> 165.79335 | M7: =RANK(K7, K$7:$K$21) -> 4 | P7: 10 | Q7: 1411.2 | R7: 141.12 | S7: =RANK(R7, R$7:R$21) -> 5 | T7: =AVERAGE(R7:R21) -> 171.90791 | U7: 10 | V7: 1365 | W7: 136.5 | X7: =RANK(W7, W$7:W$21) -> 5 | Y7: =AVERAGE(W7:W21) -> 166.27143 | Z7: 10 | AA7: 1599 | AB7: 159.9 | AC7: =RANK(AB7, AB$7:AB$21) -> 3 | AD7: =AVERAGE(AB7:AB21) -> 164.72562 | AE7: 10 | AF7: 1368 | AG7: 136.8 | AH7: =RANK(AG7, AG$7:AG$21) -> 5 | AI7: =AVERAGE(AG7:AG21) -> 166.58274 | AJ7: 10 | AK7: 1218 | AL7: 121.8 | AM7: =RANK(AL7, AL$7:AL$21) -> 3 | AN7: =AVERAGE(AL7:AL21) -> 155.50761 | AO7: 10 | AP7: 1590 | AQ7: 159 | AR7: =RANK(AQ7, AQ$7:AQ$21) -> 3 | AS7: =AVERAGE(AQ7:AQ21) -> 171.43321 | AT7: 10 | AU7: 1437 | AV7: 143.7 | AW7: =RANK(AV7, AV$7:AV$21) -> 4 | AX7: =AVERAGE(AV7:AV21) -> 164.12493 | AZ7: =RANK(AX7, $K$7:AX$21) -> #N/A | BB7: =RANK(BA7, BA$7:BA$21) -> #N/A
C8: 2 | D8: 雙饗雙手卷 | E8: 15 | F8: 1800 | G8: 120 | I8: =AVERAGE(P8,U8,Z8,AE8,AJ8,AO8,AT8) -> 12.285714 | J8: =AVERAGE(Q8,V8,AA8,AF8,AK8,AP8,AU8) -> 1762.5442 | K8: =AVERAGE(R8,W8,AB8,AG8,AL8,AQ8,AV8) -> 144.08568 | M8: =RANK(K8, K$7:$K$21) -> 3 | P8: 12 | Q8: 1830.6667 | R8: 152.55556 | S8: =RANK(R8, R$7:R$21) -> 3 | U8: 12 | V8: 1689 | W8: 140.75 | X8: =RANK(W8, W$7:W$21) -> 3 | Z8: 12 | AA8: 1878 | AB8: 156.5 | AC8: =RANK(AB8, AB$7:AB$21) -> 4 | AE8: 12 | AF8: 1818.8571 | AG8: 151.57143 | AH8: =RANK(AG8, AG$7:AG$21) -> 3 | AJ8: 14 | AK8: 1642.2857 | AL8: 117.30612 | AM8: =RANK(AL8, AL$7:AL$21) -> 4 | AO8: 12 | AP8: 1688 | AQ8: 140.66667 | AR8: =RANK(AQ8, AQ$7:AQ$21) -> 4 | AT8: 12 | AU8: 1791 | AV8: 149.25 | AW8: =RANK(AV8, AV$7:AV$21) -> 3 | AZ8: =RANK(AX8, $K$7:AX$21) -> #N/A | BB8: =RANK(BA8, BA$7:BA$21) -> #N/A
C9: 3 | D9: 海饌雙手卷 | E9: 15 | F9: 1800 | G9: 120 | I9: =AVERAGE(P9,U9,Z9,AE9,AJ9,AO9,AT9) -> 12.285714 | J9: =AVERAGE(Q9,V9,AA9,AF9,AK9,AP9,AU9) -> 1681.0789 | K9: =AVERAGE(R9,W9,AB9,AG9,AL9,AQ9,AV9) -> 137.34064 | M9: =RANK(K9, K$7:$K$21) -> 5 | P9: 12 | Q9: 1814.6667 | R9: 151.22222 | S9: =RANK(R9, R$7:R$21) -> 4 | U9: 12 | V9: 1683 | W9: 140.25 | X9: =RANK(W9, W$7:W$21) -> 4 | Z9: 12 | AA9: 1730.6667 | AB9: 144.22222 | AC9: =RANK(AB9, AB$7:AB$21) -> 5 | AE9: 12 | AF9: 1765.7143 | AG9: 147.14286 | AH9: =RANK(AG9, AG$7:AG$21) -> 4 | AJ9: 14 | AK9: 1616.5714 | AL9: 115.46939 | AM9: =RANK(AL9, AL$7:AL$21) -> 5 | AO9: 12 | AP9: 1551.6 | AQ9: 129.3 | AR9: =RANK(AQ9, AQ$7:AQ$21) -> 5 | AT9: 12 | AU9: 1605.3333 | AV9: 133.77778 | AW9: =RANK(AV9, AV$7:AV$21) -> 5 | AZ9: =RANK(AX9, $K$7:AX$21) -> #N/A | BB9: =RANK(BA9, BA$7:BA$21) -> #N/A
C10: 4 | D10: 雙鬆細卷 | E10: 5 | F10: 1500 | G10: 300 | I10: =AVERAGE(P10,U10,Z10,AE10,AJ10,AO10,AT10) -> 6 | J10: =AVERAGE(Q10,V10,AA10,AF10,AK10,AP10,AU10) -> 1504.8193 | K10: =AVERAGE(R10,W10,AB10,AG10,AL10,AQ10,AV10) -> 250.80321 | M10: =RANK(K10, K$7:$K$21) -> 2 | P10: 6 | Q10: 1573.6364 | R10: 262.27273 | S10: =RANK(R10, R$7:R$21) -> 2 | U10: 6 | V10: 1560 | W10: 260 | X10: =RANK(W10, W$7:W$21) -> 2 | Z10: 6 | AA10: 1394.4 | AB10: 232.4 | AC10: =RANK(AB10, AB$7:AB$21) -> 2 | AE10: 6 | AF10: 1455.7895 | AG10: 242.63158 | AH10: =RANK(AG10, AG$7:AG$21) -> 2 | AJ10: 6 | AK10: 1572 | AL10: 262 | AM10: =RANK(AL10, AL$7:AL$21) -> 2 | AO10: 6 | AP10: 1510.9091 | AQ10: 251.81818 | AR10: =RANK(AQ10, AQ$7:AQ$21) -> 2 | AT10: 6 | AU10: 1467 | AV10: 244.5 | AW10: =RANK(AV10, AV$7:AV$21) -> 2 | AZ10: =RANK(AX10, $K$7:AX$21) -> #N/A | BB10: =RANK(BA10, BA$7:BA$21) -> #N/A
C11: 5 | D11: 經典鮪魚沙拉細卷 | E11: 5 | F11: 1500 | G11: 300 | I11: =AVERAGE(P11,U11,Z11,AE11,AJ11,AO11,AT11) -> 5 | J11: =AVERAGE(Q11,V11,AA11,AF11,AK11,AP11,AU11) -> 1477.0204 | K11: =AVERAGE(R11,W11,AB11,AG11,AL11,AQ11,AV11) -> 295.40408 | M11: =RANK(K11, K$7:$K$21) -> 1 | P11: 5 | Q11: 1528 | R11: 305.6 | S11: =RANK(R11, R$7:R$21) -> 1 | U11: 5 | V11: 1498 | W11: 299.6 | X11: =RANK(W11, W$7:W$21) -> 1 | Z11: 5 | AA11: 1263.4286 | AB11: 252.68571 | AC11: =RANK(AB11, AB$7:AB$21) -> 1 | AE11: 5 | AF11: 1455 | AG11: 291 | AH11: =RANK(AG11, AG$7:AG$21) -> 1 | AJ11: 5 | AK11: 1554 | AL11: 310.8 | AM11: =RANK(AL11, AL$7:AL$21) -> 1 | AO11: 5 | AP11: 1583.5714 | AQ11: 316.71429 | AR11: =RANK(AQ11, AQ$7:AQ$21) -> 1 | AT11: 5 | AU11: 1457.1429 | AV11: 291.42857 | AW11: =RANK(AV11, AV$7:AV$21) -> 1 | AZ11: =RANK(AX11, $K$7:AX$21) -> #N/A | BB11: =RANK(BA11, BA$7:BA$21) -> #N/A
C12: 6 | D12: 明太子玉子脆卷 | E12: 15 | F12: 1200 | G12: 80 | I12: =AVERAGE(P12,U12,Z12,AE12,AJ12,AO12,AT12) -> 10.285714 | J12: =AVERAGE(Q12,V12,AA12,AF12,AK12,AP12,AU12) -> 1130.7143 | K12: =AVERAGE(R12,W12,AB12,AG12,AL12,AQ12,AV12) -> 110.64286 | M12: =RANK(K12, K$7:$K$21) -> 6 | P12: 10 | Q12: 1101 | R12: 110.1 | S12: =RANK(R12, R$7:R$21) -> 6 | U12: 10 | V12: 1050 | W12: 105 | X12: =RANK(W12, W$7:W$21) -> 6 | Z12: 10 | AA12: 1252 | AB12: 125.2 | AC12: =RANK(AB12, AB$7:AB$21) -> 6 | AE12: 10 | AF12: 1188 | AG12: 118.8 | AH12: =RANK(AG12, AG$7:AG$21) -> 6 | AJ12: 12 | AK12: 1020 | AL12: 85 | AM12: =RANK(AL12, AL$7:AL$21) -> 6 | AO12: 10 | AP12: 1220 | AQ12: 122 | AR12: =RANK(AQ12, AQ$7:AQ$21) -> 6 | AT12: 10 | AU12: 1084 | AV12: 108.4 | AW12: =RANK(AV12, AV$7:AV$21) -> 6 | AZ12: =RANK(AX12, $K$7:AX$21) -> #N/A | BB12: =RANK(BA12, BA$7:BA$21) -> #N/A
C13: 7 | D13: 核桃腰果稻荷壽司組 | E13: 13 | F13: 1300 | G13: 100 | I13: =AVERAGE(P13,U13,Z13,AE13,AJ13,AO13,AT13) -> 15 | J13: =AVERAGE(Q13,V13,AA13,AF13,AK13,AP13,AU13) -> 1193.8262 | K13: =AVERAGE(R13,W13,AB13,AG13,AL13,AQ13,AV13) -> 79.588415 | M13: =RANK(K13, K$7:$K$21) -> 7 | P13: 15 | Q13: 1207.2727 | R13: 80.484848 | S13: =RANK(R13, R$7:R$21) -> 7 | U13: 15 | V13: 1227 | W13: 81.8 | X13: =RANK(W13, W$7:W$21) -> 7 | Z13: 15 | AA13: 1232.5714 | AB13: 82.171429 | AC13: =RANK(AB13, AB$7:AB$21) -> 7 | AE13: 15 | AF13: 1172 | AG13: 78.133333 | AH13: =RANK(AG13, AG$7:AG$21) -> 7 | AJ13: 15 | AK13: 1142.6667 | AL13: 76.177778 | AM13: =RANK(AL13, AL$7:AL$21) -> 7 | AO13: 15 | AP13: 1208 | AQ13: 80.533333 | AR13: =RANK(AQ13, AQ$7:AQ$21) -> 7 | AT13: 15 | AU13: 1167.2727 | AV13: 77.818182 | AW13: =RANK(AV13, AV$7:AV$21) -> 7 | AZ13: =RANK(AX13, $K$7:AX$21) -> #N/A | BB13: =RANK(BA13, BA$7:BA$21) -> #N/A
C14: 8 | M14: =RANK(K14, K$7:$K$21) -> #N/A | S14: =RANK(R14, R$7:R$21) -> #N/A | X14: =RANK(W14, W$7:W$21) -> #N/A | AC14: =RANK(AB14, AB$7:AB$21) -> #N/A | AH14: =RANK(AG14, AG$7:AG$21) -> #N/A | AM14: =RANK(AL14, AL$7:AL$21) -> #N/A | AR14: =RANK(AQ14, AQ$7:AQ$21) -> #N/A | AW14: =RANK(AV14, AV$7:AV$21) -> #N/A | AZ14: =RANK(AX14, $K$7:AX$21) -> #N/A | BB14: =RANK(BA14, BA$7:BA$21) -> #N/A
C15: 9 | M15: =RANK(K15, K$7:$K$21) -> #N/A | S15: =RANK(R15, R$7:R$21) -> #N/A | X15: =RANK(W15, W$7:W$21) -> #N/A | AC15: =RANK(AB15, AB$7:AB$21) -> #N/A | AH15: =RANK(AG15, AG$7:AG$21) -> #N/A | AM15: =RANK(AL15, AL$7:AL$21) -> #N/A | AR15: =RANK(AQ15, AQ$7:AQ$21) -> #N/A | AW15: =RANK(AV15, AV$7:AV$21) -> #N/A | AZ15: =RANK(AX15, $K$7:AX$21) -> #N/A | BB15: =RANK(BA15, BA$7:BA$21) -> #N/A
C16: 10 | M16: =RANK(K16, K$7:$K$21) -> #N/A | S16: =RANK(R16, R$7:R$21) -> #N/A | X16: =RANK(W16, W$7:W$21) -> #N/A | AC16: =RANK(AB16, AB$7:AB$21) -> #N/A | AH16: =RANK(AG16, AG$7:AG$21) -> #N/A | AM16: =RANK(AL16, AL$7:AL$21) -> #N/A | AR16: =RANK(AQ16, AQ$7:AQ$21) -> #N/A | AW16: =RANK(AV16, AV$7:AV$21) -> #N/A | AZ16: =RANK(AX16, $K$7:AX$21) -> #N/A | BB16: =RANK(BA16, BA$7:BA$21) -> #N/A
C17: 11 | M17: =RANK(K17, K$7:$K$21) -> #N/A | S17: =RANK(R17, R$7:R$21) -> #N/A | X17: =RANK(W17, W$7:W$21) -> #N/A | AC17: =RANK(AB17, AB$7:AB$21) -> #N/A | AH17: =RANK(AG17, AG$7:AG$21) -> #N/A | AM17: =RANK(AL17, AL$7:AL$21) -> #N/A | AR17: =RANK(AQ17, AQ$7:AQ$21) -> #N/A | AW17: =RANK(AV17, AV$7:AV$21) -> #N/A | AZ17: =RANK(AX17, $K$7:AX$21) -> #N/A | BB17: =RANK(BA17, BA$7:BA$21) -> #N/A
C18: 12 | M18: =RANK(K18, K$7:$K$21) -> #N/A | S18: =RANK(R18, R$7:R$21) -> #N/A | X18: =RANK(W18, W$7:W$21) -> #N/A | AC18: =RANK(AB18, AB$7:AB$21) -> #N/A | AH18: =RANK(AG18, AG$7:AG$21) -> #N/A | AM18: =RANK(AL18, AL$7:AL$21) -> #N/A | AR18: =RANK(AQ18, AQ$7:AQ$21) -> #N/A | AW18: =RANK(AV18, AV$7:AV$21) -> #N/A | AZ18: =RANK(AX18, $K$7:AX$21) -> #N/A | BB18: =RANK(BA18, BA$7:BA$21) -> #N/A
C19: 13 | M19: =RANK(K19, K$7:$K$21) -> #N/A | S19: =RANK(R19, R$7:R$21) -> #N/A | X19: =RANK(W19, W$7:W$21) -> #N/A | AC19: =RANK(AB19, AB$7:AB$21) -> #N/A | AH19: =RANK(AG19, AG$7:AG$21) -> #N/A | AM19: =RANK(AL19, AL$7:AL$21) -> #N/A | AR19: =RANK(AQ19, AQ$7:AQ$21) -> #N/A | AW19: =RANK(AV19, AV$7:AV$21) -> #N/A | AZ19: =RANK(AX19, $K$7:AX$21) -> #N/A | BB19: =RANK(BA19, BA$7:BA$21) -> #N/A
C20: 14 | M20: =RANK(K20, K$7:$K$21) -> #N/A | S20: =RANK(R20, R$7:R$21) -> #N/A | X20: =RANK(W20, W$7:W$21) -> #N/A | AC20: =RANK(AB20, AB$7:AB$21) -> #N/A | AH20: =RANK(AG20, AG$7:AG$21) -> #N/A | AM20: =RANK(AL20, AL$7:AL$21) -> #N/A | AR20: =RANK(AQ20, AQ$7:AQ$21) -> #N/A | AW20: =RANK(AV20, AV$7:AV$21) -> #N/A | AZ20: =RANK(AX20, $K$7:AX$21) -> #N/A | BB20: =RANK(BA20, BA$7:BA$21) -> #N/A
C21: 15 | M21: =RANK(K21, K$7:$K$21) -> #N/A | S21: =RANK(R21, R$7:R$21) -> #N/A | X21: =RANK(W21, W$7:W$21) -> #N/A | AC21: =RANK(AB21, AB$7:AB$21) -> #N/A | AH21: =RANK(AG21, AG$7:AG$21) -> #N/A | AM21: =RANK(AL21, AL$7:AL$21) -> #N/A | AR21: =RANK(AQ21, AQ$7:AQ$21) -> #N/A | AW21: =RANK(AV21, AV$7:AV$21) -> #N/A | AZ21: =RANK(AX21, $K$7:AX$21) -> #N/A | BB21: =RANK(BA21, BA$7:BA$21) -> #N/A
B22: 產線配置圖－每週更新 | N22: 資料繳交 | O22: 日期 | P22: =AT2+1 -> 46393 | U22: =P22+1 -> 46394 | Z22: =U22+1 -> 46395 | AE22: =Z22+1 -> 46396 | AJ22: =AE22+1 -> 46397 | AO22: =AJ22+1 -> 46398 | AT22: =AO22+1 -> 46399
P23: 二 | U23: 三 | Z23: 四 | AE23: 五 | AJ23: 六 | AO23: 日 | AT23: 一
B24: 品群 | C24: 商品名稱 | E24: 計畫 | H24: 平均人時性 | I24: 實績 | L24: 平均人時性 | M24: 排名 | O24: 日報 | P24: 實際 | T24: 平均人時性 | U24: 實際 | Y24: 平均人時性 | Z24: 實際 | AD24: 平均人時性 | AE24: 實際 | AI24: 平均人時性 | AJ24: 實際 | AN24: 平均人時性 | AO24: 實際 | AS24: 平均人時性 | AT24: 實際 | AX24: 平均人時性
E25: 產線配置圖 | I25: 產線配置圖 | P25: 生產實績 | U25: 生產實績 | Z25: 生產實績 | AE25: 生產實績 | AJ25: 生產實績 | AO25: 生產實績 | AT25: 生產實績
E26: 人數 | F26: 產能／時 | G26: 人時性 | I26: 人數 | J26: 產能／時 | K26: 人時性 | P26: 人數 | Q26: 產能／時 | R26: 人時性 | S26: 排名 | U26: 人數 | V26: 產能／時 | W26: 人時性 | X26: 排名 | Z26: 人數 | AA26: 產能／時 | AB26: 人時性 | AC26: 排名 | AE26: 人數 | AF26: 產能／時 | AG26: 人時性 | AH26: 排名 | AJ26: 人數 | AK26: 產能／時 | AL26: 人時性 | AM26: 排名 | AO26: 人數 | AP26: 產能／時 | AQ26: 人時性 | AR26: 排名 | AT26: 人數 | AU26: 產能／時 | AV26: 人時性 | AW26: 排名
B27: 18℃-壽司手卷 | C27: 1 | D27: 長野稻荷壽司 | E27: =IFERROR(VLOOKUP($D27,[1]ST總表!$A$2:$D$999,2,0),"") -> 10 | F27: =IFERROR(VLOOKUP($D27,[1]ST總表!$A$2:$D$999,3,0),"") -> 1500 | G27: =IFERROR(VLOOKUP($D27,[1]ST總表!$A$2:$D$999,4,0),"") -> 150 | H27: =AVERAGE(G27:G41) -> 167.14286 | I27: =AVERAGE(P27,U27,Z27,AE27,AJ27,AO27,AT27) -> 10 | J27: =AVERAGE(Q27,V27,AA27,AF27,AK27,AP27,AU27) -> 1464.1429 | K27: =AVERAGE(R27,W27,AB27,AG27,AL27,AQ27,AV27) -> 146.41429 | L27: =AVERAGE(K27:K41) -> 166.6482 | M27: =RANK(K27, K$27:$K$41) -> 4 | P27: 10 | Q27: 1382.4 | R27: 138.24 | S27: =RANK(R27, R$27:R$41) -> 3 | T27: =AVERAGE(R27:R41) -> 160.79807 | U27: 10 | V27: 1480.8 | W27: 148.08 | X27: =RANK(W27, W$27:W$41) -> 5 | Y27: =AVERAGE(W27:W41) -> 175.17603 | Z27: 10 | AA27: 1360.8 | AB27: 136.08 | AC27: =RANK(AB27, AB$27:AB$41) -> 3 | AD27: =AVERAGE(AB27:AB41) -> 158.07141 | AE27: 10 | AF27: 1296 | AG27: 129.6 | AH27: =RANK(AG27, AG$27:AG$41) -> 5 | AI27: =AVERAGE(AG27:AG41) -> 164.13252 | AJ27: 10 | AK27: 1528 | AL27: 152.8 | AM27: =RANK(AL27, AL$27:AL$41) -> 4 | AN27: =AVERAGE(AL27:AL41) -> 153.51661 | AO27: 10 | AP27: 1662 | AQ27: 166.2 | AR27: =RANK(AQ27, AQ$27:AQ$41) -> 3 | AS27: =AVERAGE(AQ27:AQ41) -> 182.01421 | AT27: 10 | AU27: 1539 | AV27: 153.9 | AW27: =RANK(AV27, AV$27:AV$41) -> 3 | AX27: =AVERAGE(AV27:AV41) -> 172.82853
C28: 2 | D28: 雙饗雙手卷 | E28: =IFERROR(VLOOKUP($D28,[1]ST總表!$A$2:$D$999,2,0),"") -> 15 | F28: =IFERROR(VLOOKUP($D28,[1]ST總表!$A$2:$D$999,3,0),"") -> 1800 | G28: =IFERROR(VLOOKUP($D28,[1]ST總表!$A$2:$D$999,4,0),"") -> 120 | I28: =AVERAGE(P28,U28,Z28,AE28,AJ28,AO28,AT28) -> 12.571429 | J28: =AVERAGE(Q28,V28,AA28,AF28,AK28,AP28,AU28) -> 1869.4286 | K28: =AVERAGE(R28,W28,AB28,AG28,AL28,AQ28,AV28) -> 149.45918 | M28: =RANK(K28, K$27:$K$41) -> 3 | P28: 14 | Q28: 1822.5 | R28: 130.17857 | S28: =RANK(R28, R$27:R$41) -> 5 | U28: 12 | V28: 1935 | W28: 161.25 | X28: =RANK(W28, W$27:W$41) -> 3 | Z28: 14 | AA28: 1897.5 | AB28: 135.53571 | AC28: =RANK(AB28, AB$27:AB$41) -> 4 | AE28: 12 | AF28: 1984 | AG28: 165.33333 | AH28: =RANK(AG28, AG$27:AG$41) -> 3 | AJ28: 12 | AK28: 1838 | AL28: 153.16667 | AM28: =RANK(AL28, AL$27:AL$41) -> 3 | AO28: 12 | AP28: 1840.5 | AQ28: 153.375 | AR28: =RANK(AQ28, AQ$27:AQ$41) -> 4 | AT28: 12 | AU28: 1768.5 | AV28: 147.375 | AW28: =RANK(AV28, AV$27:AV$41) -> 4
C29: 3 | D29: 海饌雙手卷 | E29: =IFERROR(VLOOKUP($D29,[1]ST總表!$A$2:$D$999,2,0),"") -> 15 | F29: =IFERROR(VLOOKUP($D29,[1]ST總表!$A$2:$D$999,3,0),"") -> 1800 | G29: =IFERROR(VLOOKUP($D29,[1]ST總表!$A$2:$D$999,4,0),"") -> 120 | I29: =AVERAGE(P29,U29,Z29,AE29,AJ29,AO29,AT29) -> 12.571429 | J29: =AVERAGE(Q29,V29,AA29,AF29,AK29,AP29,AU29) -> 1564.7721 | K29: =AVERAGE(R29,W29,AB29,AG29,AL29,AQ29,AV29) -> 124.32823 | M29: =RANK(K29, K$27:$K$41) -> 5 | P29: 14 | Q29: 1831.5 | R29: 130.82143 | S29: =RANK(R29, R$27:R$41) -> 4 | U29: 12 | V29: 1789.3333 | W29: 149.11111 | X29: =RANK(W29, W$27:W$41) -> 4 | Z29: 14 | AA29: 1737.3333 | AB29: 124.09524 | AC29: =RANK(AB29, AB$27:AB$41) -> 5 | AE29: 12 | AF29: 1700.5714 | AG29: 141.71429 | AH29: =RANK(AG29, AG$27:AG$41) -> 4 | AJ29: 12 | AK29: 613.33333 | AL29: 51.111111 | AM29: =RANK(AL29, AL$27:AL$41) -> 7 | AO29: 12 | AP29: 1685.3333 | AQ29: 140.44444 | AR29: =RANK(AQ29, AQ$27:AQ$41) -> 6 | AT29: 12 | AU29: 1596 | AV29: 133 | AW29: =RANK(AV29, AV$27:AV$41) -> 6
C30: 4 | D30: 雙鬆細卷 | E30: =IFERROR(VLOOKUP($D30,[1]ST總表!$A$2:$D$999,2,0),"") -> 5 | F30: =IFERROR(VLOOKUP($D30,[1]ST總表!$A$2:$D$999,3,0),"") -> 1500 | G30: =IFERROR(VLOOKUP($D30,[1]ST總表!$A$2:$D$999,4,0),"") -> 300 | I30: =AVERAGE(P30,U30,Z30,AE30,AJ30,AO30,AT30) -> 6 | J30: =AVERAGE(Q30,V30,AA30,AF30,AK30,AP30,AU30) -> 1546.3823 | K30: =AVERAGE(R30,W30,AB30,AG30,AL30,AQ30,AV30) -> 257.73038 | M30: =RANK(K30, K$27:$K$41) -> 2 | P30: 6 | Q30: 1503 | R30: 250.5 | S30: =RANK(R30, R$27:R$41) -> 2 | U30: 6 | V30: 1542.8571 | W30: 257.14286 | X30: =RANK(W30, W$27:W$41) -> 2 | Z30: 6 | AA30: 1503 | AB30: 250.5 | AC30: =RANK(AB30, AB$27:AB$41) -> 2 | AE30: 6 | AF30: 1596 | AG30: 266 | AH30: =RANK(AG30, AG$27:AG$41) -> 2 | AJ30: 6 | AK30: 1509.2308 | AL30: 251.53846 | AM30: =RANK(AL30, AL$27:AL$41) -> 2 | AO30: 6 | AP30: 1660 | AQ30: 276.66667 | AR30: =RANK(AQ30, AQ$27:AQ$41) -> 2 | AT30: 6 | AU30: 1510.5882 | AV30: 251.76471 | AW30: =RANK(AV30, AV$27:AV$41) -> 2
C31: 5 | D31: 經典鮪魚沙拉細卷 | E31: =IFERROR(VLOOKUP($D31,[1]ST總表!$A$2:$D$999,2,0),"") -> 5 | F31: =IFERROR(VLOOKUP($D31,[1]ST總表!$A$2:$D$999,3,0),"") -> 1500 | G31: =IFERROR(VLOOKUP($D31,[1]ST總表!$A$2:$D$999,4,0),"") -> 300 | I31: =AVERAGE(P31,U31,Z31,AE31,AJ31,AO31,AT31) -> 5 | J31: =AVERAGE(Q31,V31,AA31,AF31,AK31,AP31,AU31) -> 1537.8948 | K31: =AVERAGE(R31,W31,AB31,AG31,AL31,AQ31,AV31) -> 307.57896 | M31: =RANK(K31, K$27:$K$41) -> 1 | P31: 5 | Q31: 1477.7778 | R31: 295.55556 | S31: =RANK(R31, R$27:R$41) -> 1 | U31: 5 | V31: 1537.2414 | W31: 307.44828 | X31: =RANK(W31, W$27:W$41) -> 1 | Z31: 5 | AA31: 1497.7778 | AB31: 299.55556 | AC31: =RANK(AB31, AB$27:AB$41) -> 1 | AE31: 5 | AF31: 1569 | AG31: 313.8 | AH31: =RANK(AG31, AG$27:AG$41) -> 1 | AJ31: 5 | AK31: 1620 | AL31: 324 | AM31: =RANK(AL31, AL$27:AL$41) -> 1 | AO31: 5 | AP31: 1546.6667 | AQ31: 309.33333 | AR31: =RANK(AQ31, AQ$27:AQ$41) -> 1 | AT31: 5 | AU31: 1516.8 | AV31: 303.36 | AW31: =RANK(AV31, AV$27:AV$41) -> 1
C32: 6 | D32: 明太子玉子脆卷 | E32: =IFERROR(VLOOKUP($D32,[1]ST總表!$A$2:$D$999,2,0),"") -> 15 | F32: =IFERROR(VLOOKUP($D32,[1]ST總表!$A$2:$D$999,3,0),"") -> 1200 | G32: =IFERROR(VLOOKUP($D32,[1]ST總表!$A$2:$D$999,4,0),"") -> 80 | I32: =AVERAGE(P32,U32,Z32,AE32,AJ32,AO32,AT32) -> 10.285714 | J32: =AVERAGE(Q32,V32,AA32,AF32,AK32,AP32,AU32) -> 1058 | K32: =AVERAGE(R32,W32,AB32,AG32,AL32,AQ32,AV32) -> 103.33333 | M32: =RANK(K32, K$27:$K$41) -> 6 | P32: 10 | Q32: 1016 | R32: 101.6 | S32: =RANK(R32, R$27:R$41) -> 6 | U32: 10 | V32: 1196 | W32: 119.6 | X32: =RANK(W32, W$27:W$41) -> 6 | Z32: 12 | AA32: 1036 | AB32: 86.333333 | AC32: =RANK(AB32, AB$27:AB$41) -> 6 | AE32: 10 | AF32: 600 | AG32: 60 | AH32: =RANK(AG32, AG$27:AG$41) -> 7 | AJ32: 10 | AK32: 756 | AL32: 75.6 | AM32: =RANK(AL32, AL$27:AL$41) -> 5 | AO32: 10 | AP32: 1428 | AQ32: 142.8 | AR32: =RANK(AQ32, AQ$27:AQ$41) -> 5 | AT32: 10 | AU32: 1374 | AV32: 137.4 | AW32: =RANK(AV32, AV$27:AV$41) -> 5
C33: 7 | D33: 核桃腰果稻荷壽司組 | E33: =IFERROR(VLOOKUP($D33,[1]ST總表!$A$2:$D$999,2,0),"") -> 13 | F33: =IFERROR(VLOOKUP($D33,[1]ST總表!$A$2:$D$999,3,0),"") -> 1300 | G33: =IFERROR(VLOOKUP($D33,[1]ST總表!$A$2:$D$999,4,0),"") -> 100 | I33: =AVERAGE(P33,U33,Z33,AE33,AJ33,AO33,AT33) -> 15 | J33: =AVERAGE(Q33,V33,AA33,AF33,AK33,AP33,AU33) -> 1165.3948 | K33: =AVERAGE(R33,W33,AB33,AG33,AL33,AQ33,AV33) -> 77.692987 | M33: =RANK(K33, K$27:$K$41) -> 7 | P33: 15 | Q33: 1180.3636 | R33: 78.690909 | S33: =RANK(R33, R$27:R$41) -> 7 | U33: 15 | V33: 1254 | W33: 83.6 | X33: =RANK(W33, W$27:W$41) -> 7 | Z33: 15 | AA33: 1116 | AB33: 74.4 | AC33: =RANK(AB33, AB$27:AB$41) -> 7 | AE33: 15 | AF33: 1087.2 | AG33: 72.48 | AH33: =RANK(AG33, AG$27:AG$41) -> 6 | AJ33: 15 | AK33: 996 | AL33: 66.4 | AM33: =RANK(AL33, AL$27:AL$41) -> 6 | AO33: 15 | AP33: 1279.2 | AQ33: 85.28 | AR33: =RANK(AQ33, AQ$27:AQ$41) -> 7 | AT33: 15 | AU33: 1245 | AV33: 83 | AW33: =RANK(AV33, AV$27:AV$41) -> 7
C34: 8 | M34: =RANK(K34, K$27:$K$41) -> #N/A | S34: =RANK(R34, R$27:R$41) -> #N/A | X34: =RANK(W34, W$27:W$41) -> #N/A | AC34: =RANK(AB34, AB$27:AB$41) -> #N/A | AH34: =RANK(AG34, AG$27:AG$41) -> #N/A | AM34: =RANK(AL34, AL$27:AL$41) -> #N/A | AR34: =RANK(AQ34, AQ$27:AQ$41) -> #N/A | AW34: =RANK(AV34, AV$27:AV$41) -> #N/A
C35: 9 | M35: =RANK(K35, K$27:$K$41) -> #N/A | S35: =RANK(R35, R$27:R$41) -> #N/A | X35: =RANK(W35, W$27:W$41) -> #N/A | AC35: =RANK(AB35, AB$27:AB$41) -> #N/A | AH35: =RANK(AG35, AG$27:AG$41) -> #N/A | AM35: =RANK(AL35, AL$27:AL$41) -> #N/A | AR35: =RANK(AQ35, AQ$27:AQ$41) -> #N/A | AW35: =RANK(AV35, AV$27:AV$41) -> #N/A
C36: 10 | M36: =RANK(K36, K$27:$K$41) -> #N/A | S36: =RANK(R36, R$27:R$41) -> #N/A | X36: =RANK(W36, W$27:W$41) -> #N/A | AC36: =RANK(AB36, AB$27:AB$41) -> #N/A | AH36: =RANK(AG36, AG$27:AG$41) -> #N/A | AM36: =RANK(AL36, AL$27:AL$41) -> #N/A | AR36: =RANK(AQ36, AQ$27:AQ$41) -> #N/A | AW36: =RANK(AV36, AV$27:AV$41) -> #N/A
C37: 11 | M37: =RANK(K37, K$27:$K$41) -> #N/A | S37: =RANK(R37, R$27:R$41) -> #N/A | X37: =RANK(W37, W$27:W$41) -> #N/A | AC37: =RANK(AB37, AB$27:AB$41) -> #N/A | AH37: =RANK(AG37, AG$27:AG$41) -> #N/A | AM37: =RANK(AL37, AL$27:AL$41) -> #N/A | AR37: =RANK(AQ37, AQ$27:AQ$41) -> #N/A | AW37: =RANK(AV37, AV$27:AV$41) -> #N/A
C38: 12 | M38: =RANK(K38, K$27:$K$41) -> #N/A | S38: =RANK(R38, R$27:R$41) -> #N/A | X38: =RANK(W38, W$27:W$41) -> #N/A | AC38: =RANK(AB38, AB$27:AB$41) -> #N/A | AH38: =RANK(AG38, AG$27:AG$41) -> #N/A | AM38: =RANK(AL38, AL$27:AL$41) -> #N/A | AR38: =RANK(AQ38, AQ$27:AQ$41) -> #N/A | AW38: =RANK(AV38, AV$27:AV$41) -> #N/A
C39: 13 | M39: =RANK(K39, K$27:$K$41) -> #N/A | S39: =RANK(R39, R$27:R$41) -> #N/A | X39: =RANK(W39, W$27:W$41) -> #N/A | AC39: =RANK(AB39, AB$27:AB$41) -> #N/A | AH39: =RANK(AG39, AG$27:AG$41) -> #N/A | AM39: =RANK(AL39, AL$27:AL$41) -> #N/A | AR39: =RANK(AQ39, AQ$27:AQ$41) -> #N/A | AW39: =RANK(AV39, AV$27:AV$41) -> #N/A
C40: 14 | M40: =RANK(K40, K$27:$K$41) -> #N/A | S40: =RANK(R40, R$27:R$41) -> #N/A | X40: =RANK(W40, W$27:W$41) -> #N/A | AC40: =RANK(AB40, AB$27:AB$41) -> #N/A | AH40: =RANK(AG40, AG$27:AG$41) -> #N/A | AM40: =RANK(AL40, AL$27:AL$41) -> #N/A | AR40: =RANK(AQ40, AQ$27:AQ$41) -> #N/A | AW40: =RANK(AV40, AV$27:AV$41) -> #N/A
C41: 15 | M41: =RANK(K41, K$27:$K$41) -> #N/A | S41: =RANK(R41, R$27:R$41) -> #N/A | X41: =RANK(W41, W$27:W$41) -> #N/A | AC41: =RANK(AB41, AB$27:AB$41) -> #N/A | AH41: =RANK(AG41, AG$27:AG$41) -> #N/A | AM41: =RANK(AL41, AL$27:AL$41) -> #N/A | AR41: =RANK(AQ41, AQ$27:AQ$41) -> #N/A | AW41: =RANK(AV41, AV$27:AV$41) -> #N/A
B42: 產線配置圖－每週更新 | N42: 資料繳交 | O42: 日期 | P42: =P22+7 -> 46400 | U42: =P42+1 -> 46401 | Z42: =U42+1 -> 46402 | AE42: =Z42+1 -> 46403 | AJ42: =AE42+1 -> 46404 | AO42: =AJ42+1 -> 46405 | AT42: =AO42+1 -> 46406
P43: 二 | U43: 三 | Z43: 四 | AE43: 五 | AJ43: 六 | AO43: 日 | AT43: 一
B44: 品群 | C44: 商品名稱 | E44: 計畫 | H44: 平均人時性 | I44: 實績 | L44: 平均人時性 | M44: 排名 | O44: 日報 | P44: 實際 | T44: 平均人時性 | U44: 實際 | Y44: 平均人時性 | Z44: 實際 | AD44: 平均人時性 | AE44: 實際 | AI44: 平均人時性 | AJ44: 實際 | AN44: 平均人時性 | AO44: 實際 | AS44: 平均人時性 | AT44: 實際 | AX44: 平均人時性
E45: 產線配置圖 | I45: 產線配置圖 | P45: 生產實績 | U45: 生產實績 | Z45: 生產實績 | AE45: 生產實績 | AJ45: 生產實績 | AO45: 生產實績 | AT45: 生產實績
E46: 人數 | F46: 產能／時 | G46: 人時性 | I46: 人數 | J46: 產能／時 | K46: 人時性 | P46: 人數 | Q46: 產能／時 | R46: 人時性 | S46: 排名 | U46: 人數 | V46: 產能／時 | W46: 人時性 | X46: 排名 | Z46: 人數 | AA46: 產能／時 | AB46: 人時性 | AC46: 排名 | AE46: 人數 | AF46: 產能／時 | AG46: 人時性 | AH46: 排名 | AJ46: 人數 | AK46: 產能／時 | AL46: 人時性 | AM46: 排名 | AO46: 人數 | AP46: 產能／時 | AQ46: 人時性 | AR46: 排名 | AT46: 人數 | AU46: 產能／時 | AV46: 人時性 | AW46: 排名
B47: 18℃-壽司手卷 | C47: 1 | D47: 長野稻荷壽司 | E47: 10 | F47: 1500 | G47: 150 | H47: =AVERAGE(G47:G61) -> 167.14286 | I47: =AVERAGE(P47,U47,Z47,AE47,AJ47,AO47,AT47) -> 10 | J47: =AVERAGE(Q47,V47,AA47,AF47,AK47,AP47,AU47) -> 1537.7143 | K47: =AVERAGE(R47,W47,AB47,AG47,AL47,AQ47,AV47) -> 153.77143 | L47: =IFERROR(AVERAGE(K47:K61),"-") -> 170.64701 | M47: =RANK(K47, K$47:$K$61) -> 4 | P47: 10 | Q47: 1536 | R47: 153.6 | S47: =RANK(R47, R$47:R$61) -> 4 | T47: =AVERAGE(R47:R61) -> 173.26328 | U47: 10 | V47: 1587 | W47: 158.7 | X47: =RANK(W47, W$47:W$61) -> 3 | Y47: =AVERAGE(W47:W61) -> 173.44881 | Z47: 10 | AA47: 1545 | AB47: 154.5 | AC47: =RANK(AB47, AB$47:AB$61) -> 3 | AD47: =AVERAGE(AB47:AB61) -> 168.37849 | AE47: 10 | AF47: 1504 | AG47: 150.4 | AH47: =RANK(AG47, AG$47:AG$61) -> 5 | AI47: =AVERAGE(AG47:AG61) -> 166.27619 | AJ47: 10 | AK47: 1580 | AL47: 158 | AM47: =RANK(AL47, AL$47:AL$61) -> 3 | AN47: =AVERAGE(AL47:AL61) -> 171.2293 | AO47: 10 | AP47: 1590 | AQ47: 159 | AR47: =RANK(AQ47, AQ$47:AQ$61) -> 3 | AS47: =AVERAGE(AQ47:AQ61) -> 172.75681 | AT47: 10 | AU47: 1422 | AV47: 142.2 | AW47: =RANK(AV47, AV$47:AV$61) -> 5 | AX47: =AVERAGE(AV47:AV61) -> 169.17619
C48: 2 | D48: 雙饗雙手卷 | E48: 15 | F48: 1800 | G48: 120 | I48: =AVERAGE(P48,U48,Z48,AE48,AJ48,AO48,AT48) -> 12.285714 | J48: =AVERAGE(Q48,V48,AA48,AF48,AK48,AP48,AU48) -> 1841.3571 | K48: =AVERAGE(R48,W48,AB48,AG48,AL48,AQ48,AV48) -> 150.42347 | M48: =RANK(K48, K$47:$K$61) -> 5 | P48: 12 | Q48: 1708.5 | R48: 142.375 | S48: =RANK(R48, R$47:R$61) -> 5 | U48: 12 | V48: 1872 | W48: 156 | X48: =RANK(W48, W$47:W$61) -> 4 | Z48: 14 | AA48: 1777.5 | AB48: 126.96429 | AC48: =RANK(AB48, AB$47:AB$61) -> 5 | AE48: 12 | AF48: 1924 | AG48: 160.33333 | AH48: =RANK(AG48, AG$47:AG$61) -> 4 | AJ48: 12 | AK48: 1862 | AL48: 155.16667 | AM48: =RANK(AL48, AL$47:AL$61) -> 5 | AO48: 12 | AP48: 1801.5 | AQ48: 150.125 | AR48: =RANK(AQ48, AQ$47:AQ$61) -> 4 | AT48: 12 | AU48: 1944 | AV48: 162 | AW48: =RANK(AV48, AV$47:AV$61) -> 3
C49: 3 | D49: 海饌雙手卷 | E49: 15 | F49: 1800 | G49: 120 | I49: =AVERAGE(P49,U49,Z49,AE49,AJ49,AO49,AT49) -> 12.285714 | J49: =AVERAGE(Q49,V49,AA49,AF49,AK49,AP49,AU49) -> 1893.4762 | K49: =AVERAGE(R49,W49,AB49,AG49,AL49,AQ49,AV49) -> 154.69274 | M49: =RANK(K49, K$47:$K$61) -> 3 | P49: 12 | Q49: 2338.5 | R49: 194.875 | S49: =RANK(R49, R$47:R$61) -> 3 | U49: 12 | V49: 1858.5 | W49: 154.875 | X49: =RANK(W49, W$47:W$61) -> 5 | Z49: 14 | AA49: 1821 | AB49: 130.07143 | AC49: =RANK(AB49, AB$47:AB$61) -> 4 | AE49: 12 | AF49: 1952 | AG49: 162.66667 | AH49: =RANK(AG49, AG$47:AG$61) -> 3 | AJ49: 12 | AK49: 1890 | AL49: 157.5 | AM49: =RANK(AL49, AL$47:AL$61) -> 4 | AO49: 12 | AP49: 1645.3333 | AQ49: 137.11111 | AR49: =RANK(AQ49, AQ$47:AQ$61) -> 5 | AT49: 12 | AU49: 1749 | AV49: 145.75 | AW49: =RANK(AV49, AV$47:AV$61) -> 4
C50: 4 | D50: 雙鬆細卷 | E50: 5 | F50: 1500 | G50: 300 | I50: =AVERAGE(P50,U50,Z50,AE50,AJ50,AO50,AT50) -> 6 | J50: =AVERAGE(Q50,V50,AA50,AF50,AK50,AP50,AU50) -> 1534.2415 | K50: =AVERAGE(R50,W50,AB50,AG50,AL50,AQ50,AV50) -> 255.70692 | M50: =RANK(K50, K$47:$K$61) -> 2 | P50: 6 | Q50: 1514.1176 | R50: 252.35294 | S50: =RANK(R50, R$47:R$61) -> 2 | U50: 6 | V50: 1497 | W50: 249.5 | X50: =RANK(W50, W$47:W$61) -> 2 | Z50: 6 | AA50: 1556.8421 | AB50: 259.47368 | AC50: =RANK(AB50, AB$47:AB$61) -> 2 | AE50: 6 | AF50: 1460 | AG50: 243.33333 | AH50: =RANK(AG50, AG$47:AG$61) -> 2 | AJ50: 6 | AK50: 1569.2308 | AL50: 261.53846 | AM50: =RANK(AL50, AL$47:AL$61) -> 2 | AO50: 6 | AP50: 1590 | AQ50: 265 | AR50: =RANK(AQ50, AQ$47:AQ$61) -> 2 | AT50: 6 | AU50: 1552.5 | AV50: 258.75 | AW50: =RANK(AV50, AV$47:AV$61) -> 2
C51: 5 | D51: 經典鮪魚沙拉細卷 | E51: 5 | F51: 1500 | G51: 300 | I51: =AVERAGE(P51,U51,Z51,AE51,AJ51,AO51,AT51) -> 5 | J51: =AVERAGE(Q51,V51,AA51,AF51,AK51,AP51,AU51) -> 1529.863 | K51: =AVERAGE(R51,W51,AB51,AG51,AL51,AQ51,AV51) -> 305.9726 | M51: =RANK(K51, K$47:$K$61) -> 1 | P51: 5 | Q51: 1495.2 | R51: 299.04 | S51: =RANK(R51, R$47:R$61) -> 1 | U51: 5 | V51: 1493.3333 | W51: 298.66667 | X51: =RANK(W51, W$47:W$61) -> 1 | Z51: 5 | AA51: 1543.2 | AB51: 308.64 | AC51: =RANK(AB51, AB$47:AB$61) -> 1 | AE51: 5 | AF51: 1500 | AG51: 300 | AH51: =RANK(AG51, AG$47:AG$61) -> 1 | AJ51: 5 | AK51: 1630 | AL51: 326 | AM51: =RANK(AL51, AL$47:AL$61) -> 1 | AO51: 5 | AP51: 1532.3077 | AQ51: 306.46154 | AR51: =RANK(AQ51, AQ$47:AQ$61) -> 1 | AT51: 5 | AU51: 1515 | AV51: 303 | AW51: =RANK(AV51, AV$47:AV$61) -> 1
C52: 6 | D52: 明太子玉子脆卷 | E52: 15 | F52: 1200 | G52: 80 | I52: =AVERAGE(P52,U52,Z52,AE52,AJ52,AO52,AT52) -> 10 | J52: =AVERAGE(Q52,V52,AA52,AF52,AK52,AP52,AU52) -> 985.14286 | K52: =AVERAGE(R52,W52,AB52,AG52,AL52,AQ52,AV52) -> 98.514286 | M52: =RANK(K52, K$47:$K$61) -> 6 | P52: 10 | Q52: 864 | R52: 86.4 | S52: =RANK(R52, R$47:R$61) -> 6 | U52: 10 | V52: 1148 | W52: 114.8 | X52: =RANK(W52, W$47:W$61) -> 6 | Z52: 10 | AA52: 1248 | AB52: 124.8 | AC52: =RANK(AB52, AB$47:AB$61) -> 6 | AE52: 10 | AF52: 768 | AG52: 76.8 | AH52: =RANK(AG52, AG$47:AG$61) -> 6 | AJ52: 10 | AK52: 624 | AL52: 62.4 | AM52: =RANK(AL52, AL$47:AL$61) -> 7 | AO52: 10 | AP52: 1140 | AQ52: 114 | AR52: =RANK(AQ52, AQ$47:AQ$61) -> 6 | AT52: 10 | AU52: 1104 | AV52: 110.4 | AW52: =RANK(AV52, AV$47:AV$61) -> 6
C53: 7 | D53: 核桃腰果稻荷壽司組 | E53: 13 | F53: 1300 | G53: 100 | I53: =AVERAGE(P53,U53,Z53,AE53,AJ53,AO53,AT53) -> 15 | J53: =AVERAGE(Q53,V53,AA53,AF53,AK53,AP53,AU53) -> 1131.7143 | K53: =AVERAGE(R53,W53,AB53,AG53,AL53,AQ53,AV53) -> 75.447619 | M53: =RANK(K53, K$47:$K$61) -> 7 | P53: 15 | Q53: 1263 | R53: 84.2 | S53: =RANK(R53, R$47:R$61) -> 7 | U53: 15 | V53: 1224 | W53: 81.6 | X53: =RANK(W53, W$47:W$61) -> 7 | Z53: 15 | AA53: 1113 | AB53: 74.2 | AC53: =RANK(AB53, AB$47:AB$61) -> 7 | AE53: 15 | AF53: 1056 | AG53: 70.4 | AH53: =RANK(AG53, AG$47:AG$61) -> 7 | AJ53: 15 | AK53: 1170 | AL53: 78 | AM53: =RANK(AL53, AL$47:AL$61) -> 6 | AO53: 15 | AP53: 1164 | AQ53: 77.6 | AR53: =RANK(AQ53, AQ$47:AQ$61) -> 7 | AT53: 15 | AU53: 932 | AV53: 62.133333 | AW53: =RANK(AV53, AV$47:AV$61) -> 7
C54: 8 | M54: =RANK(K54, K$47:$K$61) -> #N/A
C55: 9 | M55: =RANK(K55, K$47:$K$61) -> #N/A
C56: 10 | M56: =RANK(K56, K$47:$K$61) -> #N/A
C57: 11 | M57: =RANK(K57, K$47:$K$61) -> #N/A
C58: 12 | M58: =RANK(K58, K$47:$K$61) -> #N/A
C59: 13 | M59: =RANK(K59, K$47:$K$61) -> #N/A
C60: 14 | M60: =RANK(K60, K$47:$K$61) -> #N/A
C61: 15 | M61: =RANK(K61, K$47:$K$61) -> #N/A
B62: 產線配置圖－每週更新 | N62: 資料繳交 | O62: 日期 | P62: =P42+7 -> 46407 | U62: =P62+1 -> 46408 | Z62: =U62+1 -> 46409 | AE62: =Z62+1 -> 46410 | AJ62: =AE62+1 -> 46411 | AO62: =AJ62+1 -> 46412 | AT62: =AO62+1 -> 46413
P63: 二 | U63: 三 | Z63: 四 | AE63: 五 | AJ63: 六 | AO63: 日 | AT63: 一
B64: 品群 | C64: 商品名稱 | E64: 計畫 | H64: 平均人時性 | I64: 實績 | L64: 平均人時性 | M64: 排名 | O64: 日報 | P64: 實際 | T64: 平均人時性 | U64: 實際 | Y64: 平均人時性 | Z64: 實際 | AD64: 平均人時性 | AE64: 實際 | AI64: 平均人時性 | AJ64: 實際 | AN64: 平均人時性 | AO64: 實際 | AS64: 平均人時性 | AT64: 實際 | AX64: 平均人時性
E65: 產線配置圖 | I65: 產線配置圖 | P65: 生產實績 | U65: 生產實績 | Z65: 生產實績 | AE65: 生產實績 | AJ65: 生產實績 | AO65: 生產實績 | AT65: 生產實績
E66: 人數 | F66: 產能／時 | G66: 人時性 | I66: 人數 | J66: 產能／時 | K66: 人時性 | P66: 人數 | Q66: 產能／時 | R66: 人時性 | S66: 排名 | U66: 人數 | V66: 產能／時 | W66: 人時性 | X66: 排名 | Z66: 人數 | AA66: 產能／時 | AB66: 人時性 | AC66: 排名 | AE66: 人數 | AF66: 產能／時 | AG66: 人時性 | AH66: 排名 | AJ66: 人數 | AK66: 產能／時 | AL66: 人時性 | AM66: 排名 | AO66: 人數 | AP66: 產能／時 | AQ66: 人時性 | AR66: 排名 | AT66: 人數 | AU66: 產能／時 | AV66: 人時性 | AW66: 排名
B67: 18℃-壽司手卷 | C67: 1 | D67: 長野稻荷壽司 | E67: 10 | F67: 1500 | G67: 150 | H67: =AVERAGE(G67:G81) -> 167.14286 | I67: =AVERAGE(P67,U67,Z67,AE67,AJ67,AO67,AT67) -> 10 | J67: =AVERAGE(Q67,V67,AA67,AF67,AK67,AP67,AU67) -> 1440.3429 | K67: =AVERAGE(R67,W67,AB67,AG67,AL67,AQ67,AV67) -> 144.03429 | L67: =IFERROR(AVERAGE(K67:K81),"-") -> 163.617 | M67: =RANK(K67, K$67:$K$81) -> 4 | P67: 10 | Q67: 1615.2 | R67: 161.52 | S67: =RANK(R67, R$67:R$81) -> 3 | T67: =AVERAGE(R67:R81) -> 170.12281 | U67: 10 | V67: 1615.2 | W67: 161.52 | X67: =RANK(W67, W$67:W$81) -> 3 | Y67: =AVERAGE(W67:W81) -> 187.23217 | Z67: 10 | AA67: 1490.4 | AB67: 149.04 | AC67: =RANK(AB67, AB$67:AB$81) -> 3 | AD67: =AVERAGE(AB67:AB81) -> 172.57214 | AE67: 10 | AF67: 1317 | AG67: 131.7 | AH67: =RANK(AG67, AG$67:AG$81) -> 5 | AI67: =AVERAGE(AG67:AG81) -> 174.0128 | AJ67: 10 | AK67: 1239 | AL67: 123.9 | AM67: =RANK(AL67, AL$67:AL$81) -> 5 | AN67: =AVERAGE(AL67:AL81) -> 178.53889 | AO67: 10 | AP67: 1437.6 | AQ67: 143.76 | AR67: =RANK(AQ67, AQ$67:AQ$81) -> 5 | AS67: =AVERAGE(AQ67:AQ81) -> 182.45199 | AT67: 10 | AU67: 1368 | AV67: 136.8 | AW67: =RANK(AV67, AV$67:AV$81) -> 5 | AX67: =AVERAGE(AV67:AV81) -> 175.45426
C68: 2 | D68: 雙饗雙手卷 | E68: 15 | F68: 1800 | G68: 120 | I68: =AVERAGE(P68,U68,Z68,AE68,AJ68,AO68,AT68) -> 12.285714 | J68: =AVERAGE(Q68,V68,AA68,AF68,AK68,AP68,AU68) -> 1756.3571 | K68: =AVERAGE(R68,W68,AB68,AG68,AL68,AQ68,AV68) -> 143.21003 | M68: =RANK(K68, K$67:$K$81) -> 5 | P68: 12 | Q68: 1684 | R68: 140.33333 | S68: =RANK(R68, R$67:R$81) -> 5 | U68: 12 | V68: 1684 | W68: 140.33333 | X68: =RANK(W68, W$67:W$81) -> 5 | Z68: 14 | AA68: 1854 | AB68: 132.42857 | AC68: =RANK(AB68, AB$67:AB$81) -> 5 | AE68: 12 | AF68: 1884 | AG68: 157 | AH68: =RANK(AG68, AG$67:AG$81) -> 4 | AJ68: 12 | AK68: 1770 | AL68: 147.5 | AM68: =RANK(AL68, AL$67:AL$81) -> 4 | AO68: 12 | AP68: 1734 | AQ68: 144.5 | AR68: =RANK(AQ68, AQ$67:AQ$81) -> 4 | AT68: 12 | AU68: 1684.5 | AV68: 140.375 | AW68: =RANK(AV68, AV$67:AV$81) -> 4
C69: 3 | D69: 海饌雙手卷 | E69: 15 | F69: 1800 | G69: 120 | I69: =AVERAGE(P69,U69,Z69,AE69,AJ69,AO69,AT69) -> 12.285714 | J69: =AVERAGE(Q69,V69,AA69,AF69,AK69,AP69,AU69) -> 1793.0952 | K69: =AVERAGE(R69,W69,AB69,AG69,AL69,AQ69,AV69) -> 146.21287 | M69: =RANK(K69, K$67:$K$81) -> 3 | P69: 12 | Q69: 1729.3333 | R69: 144.11111 | S69: =RANK(R69, R$67:R$81) -> 4 | U69: 12 | V69: 1729.3333 | W69: 144.11111 | X69: =RANK(W69, W$67:W$81) -> 4 | Z69: 14 | AA69: 1888.5 | AB69: 134.89286 | AC69: =RANK(AB69, AB$67:AB$81) -> 4 | AE69: 12 | AF69: 1910 | AG69: 159.16667 | AH69: =RANK(AG69, AG$67:AG$81) -> 3 | AJ69: 12 | AK69: 1774 | AL69: 147.83333 | AM69: =RANK(AL69, AL$67:AL$81) -> 3 | AO69: 12 | AP69: 1792.5 | AQ69: 149.375 | AR69: =RANK(AQ69, AQ$67:AQ$81) -> 3 | AT69: 12 | AU69: 1728 | AV69: 144 | AW69: =RANK(AV69, AV$67:AV$81) -> 3
C70: 4 | D70: 雙鬆細卷 | E70: 5 | F70: 1500 | G70: 300 | I70: =AVERAGE(P70,U70,Z70,AE70,AJ70,AO70,AT70) -> 6 | J70: =AVERAGE(Q70,V70,AA70,AF70,AK70,AP70,AU70) -> 1516.8319 | K70: =AVERAGE(R70,W70,AB70,AG70,AL70,AQ70,AV70) -> 252.80532 | M70: =RANK(K70, K$67:$K$81) -> 2 | P70: 6 | Q70: 1530 | R70: 255 | S70: =RANK(R70, R$67:R$81) -> 2 | U70: 6 | V70: 1530 | W70: 255 | X70: =RANK(W70, W$67:W$81) -> 2 | Z70: 6 | AA70: 1446 | AB70: 241 | AC70: =RANK(AB70, AB$67:AB$81) -> 2 | AE70: 6 | AF70: 1468 | AG70: 244.66667 | AH70: =RANK(AG70, AG$67:AG$81) -> 2 | AJ70: 6 | AK70: 1605 | AL70: 267.5 | AM70: =RANK(AL70, AL$67:AL$81) -> 2 | AO70: 6 | AP70: 1560 | AQ70: 260 | AR70: =RANK(AQ70, AQ$67:AQ$81) -> 2 | AT70: 6 | AU70: 1478.8235 | AV70: 246.47059 | AW70: =RANK(AV70, AV$67:AV$81) -> 2
C71: 5 | D71: 經典鮪魚沙拉細卷 | E71: 5 | F71: 1500 | G71: 300 | I71: =AVERAGE(P71,U71,Z71,AE71,AJ71,AO71,AT71) -> 5 | J71: =AVERAGE(Q71,V71,AA71,AF71,AK71,AP71,AU71) -> 1534.0207 | K71: =AVERAGE(R71,W71,AB71,AG71,AL71,AQ71,AV71) -> 306.80414 | M71: =RANK(K71, K$67:$K$81) -> 1 | P71: 5 | Q71: 1577.1429 | R71: 315.42857 | S71: =RANK(R71, R$67:R$81) -> 1 | U71: 5 | V71: 1577.1429 | W71: 315.42857 | X71: =RANK(W71, W$67:W$81) -> 1 | Z71: 5 | AA71: 1452.8571 | AB71: 290.57143 | AC71: =RANK(AB71, AB$67:AB$81) -> 1 | AE71: 5 | AF71: 1445.2174 | AG71: 289.04348 | AH71: =RANK(AG71, AG$67:AG$81) -> 1 | AJ71: 5 | AK71: 1640 | AL71: 328 | AM71: =RANK(AL71, AL$67:AL$81) -> 1 | AO71: 5 | AP71: 1555.3846 | AQ71: 311.07692 | AR71: =RANK(AQ71, AQ$67:AQ$81) -> 1 | AT71: 5 | AU71: 1490.4 | AV71: 298.08 | AW71: =RANK(AV71, AV$67:AV$81) -> 1
C72: 6 | D72: 明太子玉子脆卷 | E72: 15 | F72: 1200 | G72: 80 | I72: =AVERAGE(P72,U72,Z72,AE72,AJ72,AO72,AT72) -> 12 | J72: =AVERAGE(Q72,V72,AA72,AF72,AK72,AP72,AU72) -> 1017.4286 | K72: =AVERAGE(R72,W72,AB72,AG72,AL72,AQ72,AV72) -> 84.785714 | M72: =RANK(K72, K$67:$K$81) -> 6 | P72: 12 | Q72: 1284 | R72: 107 | S72: =RANK(R72, R$67:R$81) -> 6 | U72: 12 | V72: 1284 | W72: 107 | X72: =RANK(W72, W$67:W$81) -> 6 | Z72: 12 | AA72: 1050 | AB72: 87.5 | AC72: =RANK(AB72, AB$67:AB$81) -> 6 | AE72: 12 | AF72: 750 | AG72: 62.5 | AH72: =RANK(AG72, AG$67:AG$81) -> 6 | AJ72: 12 | AK72: 678 | AL72: 56.5 | AM72: =RANK(AL72, AL$67:AL$81) -> 6 | AO72: 12 | AP72: 1032 | AQ72: 86 | AR72: =RANK(AQ72, AQ$67:AQ$81) -> 6 | AT72: 12 | AU72: 1044 | AV72: 87 | AW72: =RANK(AV72, AV$67:AV$81) -> 6
C73: 7 | D73: 核桃腰果稻荷壽司組 | E73: 13 | F73: 1300 | G73: 100 | I73: =AVERAGE(P73,U73,Z73,AE73,AJ73,AO73,AT73) -> 15 | J73: =AVERAGE(Q73,V73,AA73,AF73,AK73,AP73,AU73) -> 1012 | K73: =AVERAGE(R73,W73,AB73,AG73,AL73,AQ73,AV73) -> 67.466667 | M73: =RANK(K73, K$67:$K$81) -> 7 | P73: 15 | Q73: 1012 | R73: 67.466667 | S73: =RANK(R73, R$67:R$81) -> 7 | X73: =RANK(W73, W$67:W$81) -> #N/A | AC73: =RANK(AB73, AB$67:AB$81) -> #N/A | AH73: =RANK(AG73, AG$67:AG$81) -> #N/A | AM73: =RANK(AL73, AL$67:AL$81) -> #N/A | AR73: =RANK(AQ73, AQ$67:AQ$81) -> #N/A | AW73: =RANK(AV73, AV$67:AV$81) -> #N/A
C74: 8 | M74: =RANK(K74, K$67:$K$81) -> #N/A | S74: =RANK(R74, R$67:R$81) -> #N/A | X74: =RANK(W74, W$67:W$81) -> #N/A | AC74: =RANK(AB74, AB$67:AB$81) -> #N/A | AH74: =RANK(AG74, AG$67:AG$81) -> #N/A | AM74: =RANK(AL74, AL$67:AL$81) -> #N/A | AR74: =RANK(AQ74, AQ$67:AQ$81) -> #N/A | AW74: =RANK(AV74, AV$67:AV$81) -> #N/A
C75: 9 | M75: =RANK(K75, K$67:$K$81) -> #N/A | S75: =RANK(R75, R$67:R$81) -> #N/A | X75: =RANK(W75, W$67:W$81) -> #N/A | AC75: =RANK(AB75, AB$67:AB$81) -> #N/A | AH75: =RANK(AG75, AG$67:AG$81) -> #N/A | AM75: =RANK(AL75, AL$67:AL$81) -> #N/A | AR75: =RANK(AQ75, AQ$67:AQ$81) -> #N/A | AW75: =RANK(AV75, AV$67:AV$81) -> #N/A
C76: 10 | M76: =RANK(K76, K$67:$K$81) -> #N/A | S76: =RANK(R76, R$67:R$81) -> #N/A | X76: =RANK(W76, W$67:W$81) -> #N/A | AC76: =RANK(AB76, AB$67:AB$81) -> #N/A | AH76: =RANK(AG76, AG$67:AG$81) -> #N/A | AM76: =RANK(AL76, AL$67:AL$81) -> #N/A | AR76: =RANK(AQ76, AQ$67:AQ$81) -> #N/A | AW76: =RANK(AV76, AV$67:AV$81) -> #N/A
C77: 11 | M77: =RANK(K77, K$67:$K$81) -> #N/A | S77: =RANK(R77, R$67:R$81) -> #N/A | X77: =RANK(W77, W$67:W$81) -> #N/A | AC77: =RANK(AB77, AB$67:AB$81) -> #N/A | AH77: =RANK(AG77, AG$67:AG$81) -> #N/A | AM77: =RANK(AL77, AL$67:AL$81) -> #N/A | AR77: =RANK(AQ77, AQ$67:AQ$81) -> #N/A | AW77: =RANK(AV77, AV$67:AV$81) -> #N/A
C78: 12 | M78: =RANK(K78, K$67:$K$81) -> #N/A | S78: =RANK(R78, R$67:R$81) -> #N/A | X78: =RANK(W78, W$67:W$81) -> #N/A | AC78: =RANK(AB78, AB$67:AB$81) -> #N/A | AH78: =RANK(AG78, AG$67:AG$81) -> #N/A | AM78: =RANK(AL78, AL$67:AL$81) -> #N/A | AR78: =RANK(AQ78, AQ$67:AQ$81) -> #N/A | AW78: =RANK(AV78, AV$67:AV$81) -> #N/A
C79: 13 | M79: =RANK(K79, K$67:$K$81) -> #N/A | S79: =RANK(R79, R$67:R$81) -> #N/A | X79: =RANK(W79, W$67:W$81) -> #N/A | AC79: =RANK(AB79, AB$67:AB$81) -> #N/A | AH79: =RANK(AG79, AG$67:AG$81) -> #N/A | AM79: =RANK(AL79, AL$67:AL$81) -> #N/A | AR79: =RANK(AQ79, AQ$67:AQ$81) -> #N/A | AW79: =RANK(AV79, AV$67:AV$81) -> #N/A
C80: 14 | M80: =RANK(K80, K$67:$K$81) -> #N/A | S80: =RANK(R80, R$67:R$81) -> #N/A | X80: =RANK(W80, W$67:W$81) -> #N/A | AC80: =RANK(AB80, AB$67:AB$81) -> #N/A | AH80: =RANK(AG80, AG$67:AG$81) -> #N/A | AM80: =RANK(AL80, AL$67:AL$81) -> #N/A | AR80: =RANK(AQ80, AQ$67:AQ$81) -> #N/A | AW80: =RANK(AV80, AV$67:AV$81) -> #N/A
C81: 15 | M81: =RANK(K81, K$67:$K$81) -> #N/A | S81: =RANK(R81, R$67:R$81) -> #N/A | X81: =RANK(W81, W$67:W$81) -> #N/A | AC81: =RANK(AB81, AB$67:AB$81) -> #N/A | AH81: =RANK(AG81, AG$67:AG$81) -> #N/A | AM81: =RANK(AL81, AL$67:AL$81) -> #N/A | AR81: =RANK(AQ81, AQ$67:AQ$81) -> #N/A | AW81: =RANK(AV81, AV$67:AV$81) -> #N/A
B82: 產線配置圖－每週更新 | N82: 資料繳交 | O82: 日期 | P82: =P62+7 -> 46414 | U82: =P82+1 -> 46415 | Z82: =U82+1 -> 46416 | AE82: =Z82+1 -> 46417 | AJ82: =AE82+1 -> 46418 | AO82: =AJ82+1 -> 46419 | AT82: =AO82+1 -> 46420
P83: 二 | U83: 三 | Z83: 四 | AE83: 五 | AJ83: 六 | AO83: 日 | AT83: 一
B84: 品群 | C84: 商品名稱 | E84: 計畫 | H84: 平均人時性 | I84: 實績 | L84: 平均人時性 | M84: 排名 | O84: 日報 | P84: 實際 | T84: 平均人時性 | U84: 實際 | Y84: 平均人時性 | Z84: 實際 | AD84: 平均人時性 | AE84: 實際 | AI84: 平均人時性 | AJ84: 實際 | AN84: 平均人時性 | AO84: 實際 | AS84: 平均人時性 | AT84: 實際 | AX84: 平均人時性
E85: 產線配置圖 | I85: 產線配置圖 | P85: 生產實績 | U85: 生產實績 | Z85: 生產實績 | AE85: 生產實績 | AJ85: 生產實績 | AO85: 生產實績 | AT85: 生產實績
E86: 人數 | F86: 產能／時 | G86: 人時性 | I86: 人數 | J86: 產能／時 | K86: 人時性 | P86: 人數 | Q86: 產能／時 | R86: 人時性 | S86: 排名 | U86: 人數 | V86: 產能／時 | W86: 人時性 | X86: 排名 | Z86: 人數 | AA86: 產能／時 | AB86: 人時性 | AC86: 排名 | AE86: 人數 | AF86: 產能／時 | AG86: 人時性 | AH86: 排名 | AJ86: 人數 | AK86: 產能／時 | AL86: 人時性 | AM86: 排名 | AO86: 人數 | AP86: 產能／時 | AQ86: 人時性 | AR86: 排名 | AT86: 人數 | AU86: 產能／時 | AV86: 人時性 | AW86: 排名
B87: 18℃-壽司手卷 | C87: 1 | H87: =AVERAGE(G87:G101) -> #DIV/0! | I87: =AVERAGE(P87,U87,Z87,AE87,AJ87,AO87,AT87) -> #DIV/0! | J87: =AVERAGE(Q87,V87,AA87,AF87,AK87,AP87,AU87) -> #DIV/0! | K87: =AVERAGE(R87,W87,AB87,AG87,AL87,AQ87,AV87) -> #DIV/0! | L87: =IFERROR(AVERAGE(K87:K101),"-") -> - | M87: =RANK(K87, K$87:$K$101) -> #DIV/0! | S87: =RANK(R87, R$87:R$101) -> #N/A | T87: =AVERAGE(R87:R101) -> #DIV/0! | X87: =RANK(W87, W$87:W$101) -> #N/A | Y87: =AVERAGE(W87:W101) -> #DIV/0! | AC87: =RANK(AB87, AB$87:AB$101) -> #N/A | AD87: =AVERAGE(AB87:AB101) -> #DIV/0! | AH87: =RANK(AG87, AG$87:AG$101) -> #N/A | AI87: =AVERAGE(AG87:AG101) -> #DIV/0! | AM87: =RANK(AL87, AL$87:AL$101) -> #N/A | AN87: =AVERAGE(AL87:AL101) -> #DIV/0! | AR87: =RANK(AQ87, AQ$87:AQ$101) -> #N/A | AS87: =AVERAGE(AQ87:AQ101) -> #DIV/0! | AW87: =RANK(AV87, AV$87:AV$101) -> #N/A | AX87: =AVERAGE(AV87:AV101) -> #DIV/0!
C88: 2 | I88: =AVERAGE(P88,U88,Z88,AE88,AJ88,AO88,AT88) -> #DIV/0! | J88: =AVERAGE(Q88,V88,AA88,AF88,AK88,AP88,AU88) -> #DIV/0! | K88: =AVERAGE(R88,W88,AB88,AG88,AL88,AQ88,AV88) -> #DIV/0! | M88: =RANK(K88, K$87:$K$101) -> #DIV/0! | S88: =RANK(R88, R$87:R$101) -> #N/A | X88: =RANK(W88, W$87:W$101) -> #N/A | AC88: =RANK(AB88, AB$87:AB$101) -> #N/A | AH88: =RANK(AG88, AG$87:AG$101) -> #N/A | AM88: =RANK(AL88, AL$87:AL$101) -> #N/A | AR88: =RANK(AQ88, AQ$87:AQ$101) -> #N/A | AW88: =RANK(AV88, AV$87:AV$101) -> #N/A
C89: 3 | I89: =AVERAGE(P89,U89,Z89,AE89,AJ89,AO89,AT89) -> #DIV/0! | J89: =AVERAGE(Q89,V89,AA89,AF89,AK89,AP89,AU89) -> #DIV/0! | K89: =AVERAGE(R89,W89,AB89,AG89,AL89,AQ89,AV89) -> #DIV/0! | M89: =RANK(K89, K$87:$K$101) -> #DIV/0! | S89: =RANK(R89, R$87:R$101) -> #N/A | X89: =RANK(W89, W$87:W$101) -> #N/A | AC89: =RANK(AB89, AB$87:AB$101) -> #N/A | AH89: =RANK(AG89, AG$87:AG$101) -> #N/A | AM89: =RANK(AL89, AL$87:AL$101) -> #N/A | AR89: =RANK(AQ89, AQ$87:AQ$101) -> #N/A | AW89: =RANK(AV89, AV$87:AV$101) -> #N/A
C90: 4 | I90: =AVERAGE(P90,U90,Z90,AE90,AJ90,AO90,AT90) -> #DIV/0! | J90: =AVERAGE(Q90,V90,AA90,AF90,AK90,AP90,AU90) -> #DIV/0! | K90: =AVERAGE(R90,W90,AB90,AG90,AL90,AQ90,AV90) -> #DIV/0! | M90: =RANK(K90, K$87:$K$101) -> #DIV/0! | S90: =RANK(R90, R$87:R$101) -> #N/A | X90: =RANK(W90, W$87:W$101) -> #N/A | AC90: =RANK(AB90, AB$87:AB$101) -> #N/A | AH90: =RANK(AG90, AG$87:AG$101) -> #N/A | AM90: =RANK(AL90, AL$87:AL$101) -> #N/A | AR90: =RANK(AQ90, AQ$87:AQ$101) -> #N/A | AW90: =RANK(AV90, AV$87:AV$101) -> #N/A
C91: 5 | I91: =AVERAGE(P91,U91,Z91,AE91,AJ91,AO91,AT91) -> #DIV/0! | J91: =AVERAGE(Q91,V91,AA91,AF91,AK91,AP91,AU91) -> #DIV/0! | K91: =AVERAGE(R91,W91,AB91,AG91,AL91,AQ91,AV91) -> #DIV/0! | M91: =RANK(K91, K$87:$K$101) -> #DIV/0! | S91: =RANK(R91, R$87:R$101) -> #N/A | X91: =RANK(W91, W$87:W$101) -> #N/A | AC91: =RANK(AB91, AB$87:AB$101) -> #N/A | AH91: =RANK(AG91, AG$87:AG$101) -> #N/A | AM91: =RANK(AL91, AL$87:AL$101) -> #N/A | AR91: =RANK(AQ91, AQ$87:AQ$101) -> #N/A | AW91: =RANK(AV91, AV$87:AV$101) -> #N/A
C92: 6 | I92: =AVERAGE(P92,U92,Z92,AE92,AJ92,AO92,AT92) -> #DIV/0! | J92: =AVERAGE(Q92,V92,AA92,AF92,AK92,AP92,AU92) -> #DIV/0! | K92: =AVERAGE(R92,W92,AB92,AG92,AL92,AQ92,AV92) -> #DIV/0! | M92: =RANK(K92, K$87:$K$101) -> #DIV/0! | S92: =RANK(R92, R$87:R$101) -> #N/A | X92: =RANK(W92, W$87:W$101) -> #N/A | AC92: =RANK(AB92, AB$87:AB$101) -> #N/A | AH92: =RANK(AG92, AG$87:AG$101) -> #N/A | AM92: =RANK(AL92, AL$87:AL$101) -> #N/A | AR92: =RANK(AQ92, AQ$87:AQ$101) -> #N/A | AW92: =RANK(AV92, AV$87:AV$101) -> #N/A
C93: 7 | I93: =AVERAGE(P93,U93,Z93,AE93,AJ93,AO93,AT93) -> #DIV/0! | J93: =AVERAGE(Q93,V93,AA93,AF93,AK93,AP93,AU93) -> #DIV/0! | K93: =AVERAGE(R93,W93,AB93,AG93,AL93,AQ93,AV93) -> #DIV/0! | M93: =RANK(K93, K$87:$K$101) -> #DIV/0! | S93: =RANK(R93, R$87:R$101) -> #N/A | X93: =RANK(W93, W$87:W$101) -> #N/A | AC93: =RANK(AB93, AB$87:AB$101) -> #N/A | AH93: =RANK(AG93, AG$87:AG$101) -> #N/A | AM93: =RANK(AL93, AL$87:AL$101) -> #N/A | AR93: =RANK(AQ93, AQ$87:AQ$101) -> #N/A | AW93: =RANK(AV93, AV$87:AV$101) -> #N/A
C94: 8 | M94: =RANK(K94, K$87:$K$101) -> #DIV/0! | S94: =RANK(R94, R$87:R$101) -> #N/A | X94: =RANK(W94, W$87:W$101) -> #N/A | AC94: =RANK(AB94, AB$87:AB$101) -> #N/A | AH94: =RANK(AG94, AG$87:AG$101) -> #N/A | AM94: =RANK(AL94, AL$87:AL$101) -> #N/A | AR94: =RANK(AQ94, AQ$87:AQ$101) -> #N/A | AW94: =RANK(AV94, AV$87:AV$101) -> #N/A
C95: 9 | M95: =RANK(K95, K$87:$K$101) -> #DIV/0! | S95: =RANK(R95, R$87:R$101) -> #N/A | X95: =RANK(W95, W$87:W$101) -> #N/A | AC95: =RANK(AB95, AB$87:AB$101) -> #N/A | AH95: =RANK(AG95, AG$87:AG$101) -> #N/A | AM95: =RANK(AL95, AL$87:AL$101) -> #N/A | AR95: =RANK(AQ95, AQ$87:AQ$101) -> #N/A | AW95: =RANK(AV95, AV$87:AV$101) -> #N/A
C96: 10 | M96: =RANK(K96, K$87:$K$101) -> #DIV/0! | S96: =RANK(R96, R$87:R$101) -> #N/A | X96: =RANK(W96, W$87:W$101) -> #N/A | AC96: =RANK(AB96, AB$87:AB$101) -> #N/A | AH96: =RANK(AG96, AG$87:AG$101) -> #N/A | AM96: =RANK(AL96, AL$87:AL$101) -> #N/A | AR96: =RANK(AQ96, AQ$87:AQ$101) -> #N/A | AW96: =RANK(AV96, AV$87:AV$101) -> #N/A
C97: 11 | M97: =RANK(K97, K$87:$K$101) -> #DIV/0! | S97: =RANK(R97, R$87:R$101) -> #N/A | X97: =RANK(W97, W$87:W$101) -> #N/A | AC97: =RANK(AB97, AB$87:AB$101) -> #N/A | AH97: =RANK(AG97, AG$87:AG$101) -> #N/A | AM97: =RANK(AL97, AL$87:AL$101) -> #N/A | AR97: =RANK(AQ97, AQ$87:AQ$101) -> #N/A | AW97: =RANK(AV97, AV$87:AV$101) -> #N/A
