Workbook

Sheet 填寫舉例
A2: 7 | B2: 月別 | C2: 工廠名 | D2: ・・・・・・・・
A4: （１）收支狀況 | E4: ※單位：千元 | G4: （２）ＫＰＩ達成進度 | M4: （３）業績構成比 | S4: （４）訂單數量構成比
B5: 當月 | C5: 前月 | D5: 差異 | E5: 累計 | H5: KPI | I5: 當月 | J5: 前月 | K5: 累計 | L5: ※補充 | N5: 當月 | O5: 比例 | P5: 前月 | Q5: 差異 | T5: 當月 | U5: 比例 | V5: 前月 | W5: 差異
A6: 業績金額 | B6: 500000 | C6: 510000 | D6: =B6-C6 -> -10000 | E6: =B6+C6 -> 1010000 | G6: 人時生產性1 | H6: 110 | I6: 100 | J6: 90 | L6: 個／MH | M6: 飯糰 | N6: 150000 | O6: =IFERROR(N6/$B$6,"") -> 0.3 | P6: 0.4 | Q6: =IFERROR(O6-P6,"") -> -0.1 | S6: 飯糰 | T6: 35000 | U6: =IFERROR(T6/$B$7,"") -> 0.35 | V6: 0.3 | W6: =IFERROR(U6-V6,"") -> 0.05
A7: 訂單數量 | B7: 100000 | C7: 110000 | D7: =B7-C7 -> -10000 | E7: =B7+C7 -> 210000 | G7: 人時生產性2 | H7: 0.8 | I7: 0.85 | J7: 0.81 | K7: 0.84 | L7: 達成率 | M7: 大口飯糰 | N7: 100000 | O7: =IFERROR(N7/$B$6,"") -> 0.2 | P7: 0.15 | Q7: =IFERROR(O7-P7,"") -> 0.05 | S7: 大口飯糰 | T7: 30000 | U7: =IFERROR(T7/$B$7,"") -> 0.3 | V7: 0.15 | W7: =IFERROR(U7-V7,"") -> 0.15
A8: 材料費 | B8: 250000 | C8: 260000 | D8: =B8-C8 -> -10000 | E8: =B8+C8 -> 510000 | G8: 半成品報廢 | H8: 0.0025 | I8: 0.0024 | J8: 0.0023 | K8: 0.00235 | L8: 報廢率 | M8: 便當 | N8: 160000 | O8: =IFERROR(N8/$B$6,"") -> 0.32 | P8: 0.28 | Q8: =IFERROR(O8-P8,"") -> 0.04 | S8: 便當 | T8: 20000 | U8: =IFERROR(T8/$B$7,"") -> 0.2 | V8: 0.28 | W8: =IFERROR(U8-V8,"") -> -0.08
A9: 材料費率 | B9: =B8/B6 -> 0.5 | C9: =C8/C6 -> 0.50980392 | D9: =B9-C9 -> -0.0098039216 | E9: =(B9+C9)/2 -> 0.50490196 | G9: 半成品超用 | H9: 0.006 | I9: 0.009 | J9: 0.0095 | K9: 0.0092 | L9: 超用率 | M9: 調理麵 | N9: 90000 | O9: =IFERROR(N9/$B$6,"") -> 0.18 | P9: 0.17 | Q9: =IFERROR(O9-P9,"") -> 0.01 | S9: 調理麵 | T9: 15000 | U9: =IFERROR(T9/$B$7,"") -> 0.15 | V9: 0.27 | W9: =IFERROR(U9-V9,"") -> -0.12
A10: 勞務成本 | B10: 100000 | C10: 105000 | D10: =B10-C10 -> -5000 | E10: =B10+C10 -> 205000 | G10: 固定產線 | H10: 0.95 | I10: 0.9 | J10: 0.92 | K10: 0.91 | L10: 導入率 | M10: 調理麵包 | N10: - | O10: =IFERROR(N10/$B$6,"") | P10: -% | Q10: =IFERROR(O10-P10,"") | S10: 調理麵包 | T10: - | U10: =IFERROR(T10/$B$7,"") | V10: -% | W10: =IFERROR(U10-V10,"")
A11: 勞務費率 | B11: =B10/B6 -> 0.2 | C11: =C10/C6 -> 0.20588235 | D11: =B11-C11 -> -0.0058823529 | E11: =(B11+C11)/2 -> 0.20294118 | G11: 教育訓練 | H11: 0.8 | I11: 0.85 | J11: 1 | K11: 0.92 | L11: 實施率 | M11: 袋裝調理麵包 | N11: - | O11: =IFERROR(N11/$B$6,"") | P11: -% | Q11: =IFERROR(O11-P11,"") | S11: 袋裝調理麵包 | T11: - | U11: =IFERROR(T11/$B$7,"") | V11: -% | W11: =IFERROR(U11-V11,"")
M12: 義大利麵 | N12: - | O12: =IFERROR(N12/$B$6,"") | P12: -% | Q12: =IFERROR(O12-P12,"") | S12: 義大利麵 | T12: - | U12: =IFERROR(T12/$B$7,"") | V12: -% | W12: =IFERROR(U12-V12,"")
A13: （５）品群別人時生產性 | M13: 調理包 | N13: - | O13: =IFERROR(N13/$B$6,"") | P13: -% | Q13: =IFERROR(O13-P13,"") | S13: 調理包 | T13: - | U13: =IFERROR(T13/$B$7,"") | V13: -% | W13: =IFERROR(U13-V13,"")
B14: 當月 | C14: 前月 | D14: 差異 | E14: 累計 | H14: 當月 | I14: 前月 | J14: 差異 | K14: 累計 | O14: =SUM(O6:O13) -> 1 | P14: =SUM(P6:P13) -> 1 | U14: =SUM(U6:U13) -> 1 | V14: =SUM(V6:V13) -> 1
A15: 飯糰 | B15: 600 | C15: 660 | D15: =B15-C15 -> -60 | E15: =(B15+C15)/2 -> 630 | G15: 調理麵包 | J15: =H15-I15 -> 0 | M15: （７）原因別分析
A16: 大口飯糰 | B16: 800 | C16: 780 | D16: =B16-C16 -> 20 | E16: =(B16+C16)/2 -> 790 | G16: 袋裝調理麵包 | J16: =H16-I16 -> 0 | N16: 合計 | P16: 作業原因 | R16: 規格原因
A17: 便當 | B17: 130 | C17: 111 | D17: =B17-C17 -> 19 | E17: =(B17+C17)/2 -> 120.5 | G17: 義大利麵 | J17: =H17-I17 -> 0 | N17: 金額 | O17: 比例 | P17: 金額 | Q17: 比例 | R17: 金額 | S17: 比例
A18: 調理麵 | B18: 140 | C18: 165 | D18: =B18-C18 -> -25 | E18: =(B18+C18)/2 -> 152.5 | G18: 調理包 | J18: =H18-I18 -> 0 | M18: 半成品報廢 | N18: 1200 | O18: =N18/$B$6 -> 0.0024 | P18: 900 | Q18: =IFERROR(P18/$B$6,"") -> 0.0018 | R18: 300 | S18: =IFERROR(R18/$B$6,"") -> 0.0006
M19: 半成品超用 | N19: 4500 | O19: =N19/$B$6 -> 0.009 | P19: 3500 | Q19: =IFERROR(P19/$B$6,"") -> 0.007 | R19: 1000 | S19: =IFERROR(R19/$B$6,"") -> 0.002
A20: （６）人時生產性前幾名品項
B21: 排名 | C21: 商品名 | F21: 人數 | G21: 產能 | H21: 人時生產性 | I21: 前月比 | J21: 主要原因&對策 | M21: （８）報廢原因別前幾名品項
A22: 飯糰 | B22: 1 | C22: 手巻明太子 | F22: 3 | G22: 3000 | H22: 1000 | I22: 10 | J22: 減少暫時停止生產,人時UP | M22: 半成品報廢 | N22: 排名 | O22: 商品名 | R22: 半成品名 | U22: 單價 | V22: 報廢率 | W22: 數量 | X22: 金額 | Y22: 前月比 | Z22: 主要原因&對策
B23: 2 | M23: 作業原因 | N23: 1 | O23: 明太子海苔便當 | R23: 油炸白身魚 | U23: 10 | V23: 0.15 | W23: 10 | X23: =W23*U23 -> 100 | Y23: 80 | Z23: 油調過多報廢。變更條件。
B24: 3 | N24: 2 | X24: =W24*U24 -> 0
B25: 4 | N25: 3 | X25: =W25*U25 -> 0
B26: 5 | N26: 4 | X26: =W26*U26 -> 0
B27: ▼1 | C27: 手巻卵黄雞絞肉 | F27: 4 | G27: 2800 | H27: 700 | I27: 6/30新商品 | J27: 因組裝2食材,人員增加,產速減少 | N27: 5 | X27: =W27*U27 -> 0
B28: ▼2 | U28: 前幾名合計比例 | V28: =X28/N18 -> 0.083333333 | W28: 前幾名合計金額 | X28: =SUM(X23:X27) -> 100
B29: ▼3 | M29: 規格原因 | N29: 1 | O29: 海老炒飯 | R29: 川燙蝦子拌醬 | U29: 5.55 | V29: 0.21 | W29: 50 | X29: =W29*U29 -> 277.5 | Y29: 35 | Z29: 蝦子入數不足
B30: ▼4 | N30: 2 | X30: =W30*U30 -> 0
B31: ▼5 | N31: 3 | X31: =W31*U31 -> 0
N32: 4 | X32: =W32*U32 -> 0
B33: 排名 | C33: 商品名 | F33: 人數 | G33: 產能 | H33: 人時生產性 | I33: 前月比 | J33: 主要原因&對策 | N33: 5 | X33: =W33*U33 -> 0
A34: 大口飯糰 | B34: 1 | C34: 直巻明太子美奶茲 | F34: 3 | G34: 2500 | H34: 833.33 | I34: 20 | J34: 透由調整速度提升。 | U34: 前幾名合計比例 | V34: =X34/N18 -> 0.23125 | W34: 前幾名合計金額 | X34: =SUM(X29:X33) -> 277.5
B35: 2
B36: 3 | M36: 半成品超用 | N36: 排名 | O36: 商品名 | R36: 半成品名 | U36: 單價 | V36: 報廢率 | W36: 數量 | X36: 金額 | Y36: 前月比 | Z36: 主要原因&對策
B37: 4 | M37: 作業原因 | N37: 1 | O37: 特製醬汁炙燒牛五花便當 | R37: 牛五花醬汁 | U37: 25 | V37: 0.25 | W37: 10 | X37: =W37*U37 -> 250 | Y37: 150 | Z37: 難度有差異。調理指導。
B38: 5 | N38: 2 | X38: =W38*U38 -> 0
B39: ▼1 | C39: 大口飯糰燒肉美奶滋 | F39: 7 | G39: 2200 | H39: 314.29 | I39: -15 | J39: 因摺疊增員。實施教育訓練。 | N39: 3 | X39: =W39*U39 -> 0
B40: ▼2 | N40: 4 | X40: =W40*U40 -> 0
B41: ▼3 | N41: 5 | X41: =W41*U41 -> 0
B42: ▼4 | U42: 前幾名合計比例 | V42: =X42/N19 -> 0.055555556 | W42: 前幾名合計金額 | X42: =SUM(X37:X41) -> 250
B43: ▼5 | M43: 規格原因 | N43: 1 | O43: 特製醬汁炙燒牛五花便當 | R43: 牛五花燒成 | U43: 30 | V43: 0.1 | W43: 20 | X43: =W43*U43 -> 600 | Y43: 400 | Z43: 因原料變更。
N44: 2 | X44: =W44*U44 -> 0
B45: 排名 | C45: 商品名 | F45: 人數 | G45: 產能 | H45: 人時生產性 | I45: 前月比 | J45: 主要原因&對策 | N45: 3 | X45: =W45*U45 -> 0
A46: 便當 | B46: 1 | C46: 明太子海苔便當 | F46: 15 | G46: 1200 | H46: 80 | I46: 5 | J46: 指導鋪開炒柴魚片 | N46: 4 | X46: =W46*U46 -> 0
B47: 2 | N47: 5 | X47: =W47*U47 -> 0
B48: 3 | U48: 前幾名合計比例 | V48: =X48/N19 -> 0.13333333 | W48: 前幾名合計金額 | X48: =SUM(X43:X47) -> 600
B49: 4
B50: 5 | M50: （９）歩留
B51: ▼1 | C51: 特製醬汁炙燒牛五花便當 | F51: 18 | G51: 800 | H51: 44.44 | I51: -15 | J51: 肉狀態不良，已連動開發 | N51: No. | O51: 商品名 | R51: 半成品名 | U51: 單價 | V51: 規格 | W51: 實績 | X51: 差異 | Y51: 主要原因&對策
B52: ▼2 | M52: 作業原因 | N52: 1 | O52: 特製醬汁炙燒牛五花便當 | R52: 牛五花燒成 | U52: 30 | V52: 0.62 | W52: 0.58 | X52: =W52-V52 -> -0.04 | Y52: 燒成過多，調整調理條件。
B53: ▼3 | N53: 2 | X53: =W53-V53 -> 0
B54: ▼4 | M54: 規格原因 | N54: 1 | O54: 大口飯糰三種起司午餐肉 | R54: ３種起司燒成 | U54: 20 | V54: 0.9 | W54: 0.82 | X54: =W54-V54 -> -0.08 | Y54: 與燒成範本不同。
B55: ▼5 | N55: 2 | X55: =W55-V55 -> 0

Sheet 生產管理報表(月)
A1: 生產管理報表
A3: 月別 | B3: 8 | C3: 工廠 | D3: 晉欣廠
A4: （１）收支狀況 | E4: ※單位：千元 | G4: （２）ＫＰＩ達成進度
A5: 項目 | B5: 當月 | C5: 前月 | D5: 差異 | E5: 累計 | G5: 項目 | H5: KPI | I5: 當月 | J5: 前月 | K5: 累計 | L5: ※補充
A6: 業績金額 | B6: ='（１）收支狀況'!H5/1000 -> 212376.15 | D6: =B6-C6 -> 212376.15 | E6: =B6 -> 212376.15 | G6: 人時性(個/月均) | H6: 266 | I6: ='（２）ＫＰＩ達成進度'!H5 -> 331.32088 | K6: =I6 -> 331.32088 | L6: 個／MH
A7: 訂單數量 | B7: ='（４）訂單數量構成比'!H7 -> 6558055 | D7: =B7-C7 -> 6558055 | E7: =B7 -> 6558055 | G7: 人時達成率(%/月均) | H7: 0.8 | I7: ='（２）ＫＰＩ達成進度'!K5 -> 0.90524832 | K7: =I7 -> 0.90524832 | L7: 達成率
A8: 材料費 | B8: ='（１）收支狀況'!N5/1000 -> 139088.16 | D8: =B8-C8 -> 139088.16 | E8: =B8 -> 139088.16 | G8: 半成品-報廢(%) | H8: 0.0025 | I8: ='（２）ＫＰＩ達成進度'!N5 -> 0.0024946244 | K8: =I8 -> 0.0024946244 | L8: 報廢率
A9: 材料費率 | B9: ='（１）收支狀況'!Q5 -> 0.65491423 | D9: =B9-C9 -> 0.65491423 | E9: =B9 -> 0.65491423 | G9: 半成品-超用(%) | H9: 0.0026 | I9: ='（２）ＫＰＩ達成進度'!Q5 -> 0.0023789152 | K9: =I9 -> 0.0023789152 | L9: 超用率
A10: 勞務成本 | B10: ='（１）收支狀況'!T5/1000 -> 30146.177 | D10: =B10-C10 -> 30146.177 | E10: =B10 -> 30146.177 | G10: 固定產線-導入率(%) | H10: 0.8 | I10: ='（２）ＫＰＩ達成進度'!T5 -> 0.91666667 | K10: =I10 -> 0.91666667 | L10: 導入率
A11: 勞務費率 | B11: ='（１）收支狀況'!W5 -> 0.14194709 | D11: =B11-C11 -> 0.14194709 | E11: =B11 -> 0.14194709 | G11: 教育訓練-實施率(%) | H11: 1 | I11: ='（２）ＫＰＩ達成進度'!W5 -> 0.67912903 | K11: =I11 -> 0.67912903 | L11: 實施率
A13: （３）業績構成比 | G13: （４）訂單數量構成比
B14: 當月 | C14: 比例 | D14: 前月 | E14: 差異 | H14: 當月 | I14: 比例 | J14: 前月 | K14: 差異
A15: 18℃-飯A15:A23糰(061,063) | B15: ='（３）業績構成比'!M46/1000 -> 40454.576 | C15: =IFERROR(B15/$B$6,"") -> 0.19048549 | E15: =IFERROR(C15-D15,"") -> 0.19048549 | G15: 18℃-飯A15:A23糰(061,063) | H15: ='（４）訂單數量構成比'!M46 -> 2176845 | I15: =IFERROR(H15/$B$7,"") -> 0.33193454 | K15: =IFERROR(I15-J15,"") -> 0.33193454
A16: 18℃-壽司手卷(071,072,075,076) | B16: ='（３）業績構成比'!S46/1000 -> 8499.4529 | C16: =IFERROR(B16/$B$6,"") -> 0.04002075 | E16: =IFERROR(C16-D16,"") -> 0.04002075 | G16: 18℃-壽司手卷(071,072,075,076) | H16: ='（４）訂單數量構成比'!S46 -> 330582 | I16: =IFERROR(H16/$B$7,"") -> 0.050408543 | K16: =IFERROR(I16-J16,"") -> 0.050408543
A17: 4℃-飯糰(065) | B17: ='（３）業績構成比'!U46/1000 -> 20818.277 | C17: =IFERROR(B17/$B$6,"") -> 0.098025494 | E17: =IFERROR(C17-D17,"") -> 0.098025494 | G17: 4℃-飯糰(065) | H17: ='（４）訂單數量構成比'!U46 -> 639734 | I17: =IFERROR(H17/$B$7,"") -> 0.09754935 | K17: =IFERROR(I17-J17,"") -> 0.09754935
A18: 4℃-壽司手卷(077) | B18: ='（３）業績構成比'!W46/1000 -> 491.81794 | C18: =IFERROR(B18/$B$6,"") -> 0.0023157871 | E18: =IFERROR(C18-D18,"") -> 0.0023157871 | G18: 4℃-壽司手卷(077) | H18: ='（４）訂單數量構成比'!W46 -> 18191 | I18: =IFERROR(H18/$B$7,"") -> 0.0027738407 | K18: =IFERROR(I18-J18,"") -> 0.0027738407
A19: 主食(091,092,093,094,095) | B19: ='（３）業績構成比'!AC46/1000 -> 56587.976 | C19: =IFERROR(B19/$B$6,"") -> 0.26645165 | E19: =IFERROR(C19-D19,"") -> 0.26645165 | G19: 主食(091,092,093,094,095) | H19: ='（４）訂單數量構成比'!AC46 -> 1374966 | I19: =IFERROR(H19/$B$7,"") -> 0.20966064 | K19: =IFERROR(I19-J19,"") -> 0.20966064
A20: 便當(083) | B20: ='（３）業績構成比'!AE46/1000 -> 25231.125 | C20: =IFERROR(B20/$B$6,"") -> 0.11880395 | E20: =IFERROR(C20-D20,"") -> 0.11880395 | G20: 便當(083) | H20: ='（４）訂單數量構成比'!AE46 -> 455610 | I20: =IFERROR(H20/$B$7,"") -> 0.069473342 | K20: =IFERROR(I20-J20,"") -> 0.069473342
A21: 熱食義麵(122,123,124,126) | B21: ='（３）業績構成比'!AG46/1000 -> 27837.423 | C21: =IFERROR(B21/$B$6,"") -> 0.13107603 | E21: =IFERROR(C21-D21,"") -> 0.13107603 | G21: 熱食義麵(122,123,124,126) | H21: ='（４）訂單數量構成比'!AG46 -> 576771 | I21: =IFERROR(H21/$B$7,"") -> 0.087948485 | K21: =IFERROR(I21-J21,"") -> 0.087948485
A22: 季節調理麵(111,112) | B22: ='（３）業績構成比'!AI46/1000 -> 19439.937 | C22: =IFERROR(B22/$B$6,"") -> 0.091535408 | E22: =IFERROR(C22-D22,"") -> 0.091535408 | G22: 季節調理麵(111,112) | H22: ='（４）訂單數量構成比'!AI46 -> 524524 | I22: =IFERROR(H22/$B$7,"") -> 0.079981641 | K22: =IFERROR(I22-J22,"") -> 0.079981641
A23: 微波小吃(153,154,155) | B23: ='（３）業績構成比'!AK46/1000 -> 13015.565 | C23: =IFERROR(B23/$B$6,"") -> 0.061285436 | E23: =IFERROR(C23-D23,"") -> 0.061285436 | G23: 微波小吃(153,154,155) | H23: ='（４）訂單數量構成比'!AK46 -> 460832 | I23: =IFERROR(H23/$B$7,"") -> 0.070269615 | K23: =IFERROR(I23-J23,"") -> 0.070269615
C24: =SUM(C15:C23) -> 1 | D24: =SUM(D15:D23) -> 0 | I24: =SUM(I15:I23) -> 1 | J24: =SUM(J15:J23) -> 0
A26: （５）品群別人時生產性
A27: 品群 | B27: 當月 | C27: 前月 | D27: 差異 | E27: 累計
A28: 18℃-飯A15:A23糰(061,063) | B28: ='（５-1）品群別人時生產性（18℃-飯糰）'!$C$1 -> 717.52753 | D28: 0 | E28: =B28 -> 717.52753
A29: 18℃-壽司手卷(071,072,075,076) | B29: ='（５-2）品群別人時生產性（18-壽司手卷)'!$C$1 -> 197.63272 | D29: 0 | E29: =B29 -> 197.63272
A30: 4℃-飯糰(065) | B30: ='（５-3）品群別人時生產性（4℃-飯糰)'!$C$1 -> 240.45857 | D30: 0 | E30: =B30 -> 240.45857
A31: 4℃-壽司手卷(077) | B31: ='（５-4）品群別人時生產性（4℃-壽司手卷)'!$C$1 -> 106.86512 | D31: 0 | E31: =B31 -> 106.86512
A32: 主食(091,092,093,094,095) | B32: ='（５-5）品群別人時生產性(主食) '!$C$1 -> 89.310428 | D32: 0 | E32: =B32 -> 89.310428
A33: 便當(083) | B33: ='（５-6）品群別人時生產性(便當)'!$C$1 -> 65.672742 | D33: 0 | E33: =B33 -> 65.672742
A34: 熱食義麵(122,123,124,126) | B34: ='（５-7）品群別人時生產性(熱食義麵) '!$C$1 -> 75.478569 | D34: 0 | E34: =B34 -> 75.478569
A35: 季節調理麵(111,112) | B35: ='（５-8）品群別人時生產性(季節調理麵) '!$C$1 -> 114.50557 | D35: 0 | E35: =B35 -> 114.50557
A36: 微波小吃(153,154,155) | B36: ='（５-9）品群別人時生產性(微波小吃)'!$C$1 -> 99.648342 | D36: 0 | E36: =B36 -> 99.648342

Sheet 生產管理報表(週) 
A1: 生產管理報表
A3: 月別 | B3: 8 | C3: 週別 | D3: W5 | E3: 工廠 | F3: 晉欣廠
A4: （１）收支狀況 | E4: ※單位：千元 | G4: （２）ＫＰＩ達成進度
A5: 項目 | B5: 當週 | C5: 前週 | D5: 差異 | E5: 累計 | G5: 項目 | H5: KPI | I5: 當週 | J5: 前週 | K5: 累計 | L5: ※補充
A6: 業績金額 | B6: ='（１）收支狀況'!G30/1000 -> 39181.352 | C6: 48798.227 | D6: =B6-C6 -> -9616.875 | E6: ='（１）收支狀況'!H5/1000 -> 212376.15 | G6: 人時性(個/月均) | H6: 266 | I6: ='（２）ＫＰＩ達成進度'!G30 -> 338.34123 | J6: 335.27143 | K6: ='（２）ＫＰＩ達成進度'!H5 -> 331.32088 | L6: 個／MH
A7: 訂單數量 | B7: ='（１）收支狀況'!J30 -> 1233798 | C7: 1526628 | D7: =B7-C7 -> -292830 | E7: ='（１）收支狀況'!K5 -> 6558055 | G7: 人時達成率(%/月均) | H7: 0.8 | I7: ='（２）ＫＰＩ達成進度'!J30 -> 0.9244296 | J7: 1.2580541 | K7: ='（２）ＫＰＩ達成進度'!K5 -> 0.90524832 | L7: 達成率
A8: 材料費 | B8: ='（１）收支狀況'!M30/1000 -> 25627.594 | C8: 32021.656 | D8: =B8-C8 -> -6394.062 | E8: ='（１）收支狀況'!N5/1000 -> 139088.16 | G8: 半成品-報廢(%) | H8: 0.0025 | I8: ='（２）ＫＰＩ達成進度'!M30 -> 0.0024445365 | J8: 0.0025001696 | K8: ='（２）ＫＰＩ達成進度'!N5 -> 0.0024946244 | L8: 報廢率
A9: 材料費率 | B9: ='（１）收支狀況'!P30 -> 0.65407631 | C9: 0.65620532 | D9: =B9-C9 -> -0.0021290101 | E9: ='（１）收支狀況'!Q5 -> 0.65491423 | G9: 半成品-超用(%) | H9: 0.0026 | I9: ='（２）ＫＰＩ達成進度'!P30 -> 0.0022832747 | J9: 0.0023270885 | K9: ='（２）ＫＰＩ達成進度'!Q5 -> 0.0023789152 | L9: 超用率
A10: 勞務成本 | B10: ='（１）收支狀況'!S30/1000 -> 5846.8136 | C10: 6898.7488 | D10: =B10-C10 -> -1051.9352 | E10: ='（１）收支狀況'!T5/1000 -> 30146.177 | G10: 固定產線-導入率(%) | H10: 0.8 | I10: 0.917 | J10: 0.917 | K10: 0.917 | L10: 導入率
A11: 勞務費率 | B11: ='（１）收支狀況'!V30 -> 0.1492244 | C11: 0.14137294 | D11: =B11-C11 -> 0.0078514567 | E11: ='（１）收支狀況'!W5 -> 0.14194709 | G11: 教育訓練-實施率(%) | H11: 1 | I11: ='（２）ＫＰＩ達成進度'!V30 -> 0.71033333 | J11: 0.69585714 | K11: ='（２）ＫＰＩ達成進度'!W5 -> 0.67912903 | L11: 實施率
A13: （３）業績構成比 | G13: （４）訂單數量構成比
B14: 當週 | C14: 比例 | D14: 前週 | E14: 差異 | H14: 當週 | I14: 比例 | J14: 前週 | K14: 差異
A15: 18℃-飯糰(061,063) | B15: =SUM('（３）業績構成比'!I32:I37,'（３）業績構成比'!K32:K37)/1000 -> 7797.1912 | C15: =IFERROR(B15/$B$6,"") -> 0.19900261 | D15: 0.19444348 | E15: =IFERROR(C15-D15,"") -> 0.0045591242 | G15: 18℃-飯糰(061,063) | H15: =SUM(,'（４）訂單數量構成比'!I32:I37,'（４）訂單數量構成比'!K32:K37) -> 425642 | I15: =IFERROR(H15/$B$7,"") -> 0.34498516 | J15: 0.33795659 | K15: =IFERROR(I15-J15,"") -> 0.0070285651
A16: 18℃-壽司手卷(071,072,075,076) | B16: =SUM('（３）業績構成比'!O32:O37,'（３）業績構成比'!Q32:Q37)/1000 -> 1664.1067 | C16: =IFERROR(B16/$B$6,"") -> 0.042471907 | D16: 0.044192215 | E16: =IFERROR(C16-D16,"") -> -0.0017203079 | G16: 18℃-壽司手卷(071,072,075,076) | H16: =SUM('（４）訂單數量構成比'!O32:O37,'（４）訂單數量構成比'!Q32:Q37) -> 64362 | I16: =IFERROR(H16/$B$7,"") -> 0.052165752 | J16: 0.054991786 | K16: =IFERROR(I16-J16,"") -> -0.0028260342
A17: 4℃-飯糰(065) | B17: =SUM('（３）業績構成比'!U32:U37)/1000 -> 3677.2412 | C17: =IFERROR(B17/$B$6,"") -> 0.093851821 | D17: 0.091697501 | E17: =IFERROR(C17-D17,"") -> 0.0021543199 | G17: 4℃-飯糰(065) | H17: =SUM('（４）訂單數量構成比'!U32:U37) -> 111910 | I17: =IFERROR(H17/$B$7,"") -> 0.090703665 | J17: 0.089911884 | K17: =IFERROR(I17-J17,"") -> 0.00079178039
A18: 4℃-壽司手卷(077) | B18: =SUM('（３）業績構成比'!W32:W37)/1000 -> 67.80207 | C18: =IFERROR(B18/$B$6,"") -> 0.0017304678 | D18: 0.0017420909 | E18: =IFERROR(C18-D18,"") -> -1.1623061e-05 | G18: 4℃-壽司手卷(077) | H18: =SUM('（４）訂單數量構成比'!W32:W37) -> 2559 | I18: =IFERROR(H18/$B$7,"") -> 0.0020740834 | J18: 0.0021013633 | K18: =IFERROR(I18-J18,"") -> -2.7279826e-05
A19: 主食(091,092,093,094,095) | B19: =SUM('（３）業績構成比'!Y32:Y37,'（３）業績構成比'!AA32:AA37)/1000 -> 10171.242 | C19: =IFERROR(B19/$B$6,"") -> 0.25959395 | D19: 0.25567189 | E19: =IFERROR(C19-D19,"") -> 0.0039220543 | G19: 主食(091,092,093,094,095) | H19: =SUM('（４）訂單數量構成比'!Y32:Y37,'（４）訂單數量構成比'!AA32:AA37) -> 250811 | I19: =IFERROR(H19/$B$7,"") -> 0.20328368 | J19: 0.20040573 | K19: =IFERROR(I19-J19,"") -> 0.002877951
A20: 便當(083) | B20: =SUM('（３）業績構成比'!AE32:AE37)/1000 -> 4282.0169 | C20: =IFERROR(B20/$B$6,"") -> 0.10928712 | D20: 0.11207897 | E20: =IFERROR(C20-D20,"") -> -0.0027918534 | G20: 便當(083) | H20: =SUM('（４）訂單數量構成比'!AE32:AE37) -> 78455 | I20: =IFERROR(H20/$B$7,"") -> 0.063588205 | J20: 0.06504204 | K20: =IFERROR(I20-J20,"") -> -0.0014538355
A21: 熱食義麵(122,123,124,126) | B21: =SUM('（３）業績構成比'!AG32:AG37)/1000 -> 5110.8428 | C21: =IFERROR(B21/$B$6,"") -> 0.1304407 | D21: 0.1392766 | E21: =IFERROR(C21-D21,"") -> -0.0088359076 | G21: 熱食義麵(122,123,124,126) | H21: =SUM('（４）訂單數量構成比'!AG32:AG37) -> 102742 | I21: =IFERROR(H21/$B$7,"") -> 0.083272951 | J21: 0.090392027 | K21: =IFERROR(I21-J21,"") -> -0.0071190767
A22: 季節調理麵(111,112) | B22: =SUM('（３）業績構成比'!AI32:AI37)/1000 -> 3681.6571 | C22: =IFERROR(B22/$B$6,"") -> 0.093964524 | D22: 0.088677963 | E22: =IFERROR(C22-D22,"") -> 0.0052865611 | G22: 季節調理麵(111,112) | H22: =SUM('（４）訂單數量構成比'!AI32:AI37) -> 100424 | I22: =IFERROR(H22/$B$7,"") -> 0.081394199 | J22: 0.077251957 | K22: =IFERROR(I22-J22,"") -> 0.0041422425
A23: 微波小吃(153,154,155) | B23: =SUM('（３）業績構成比'!AK32:AK37)/1000 -> 2729.2521 | C23: =IFERROR(B23/$B$6,"") -> 0.069656916 | D23: 0.072219283 | E23: =IFERROR(C23-D23,"") -> -0.0025623675 | G23: 微波小吃(153,154,155) | H23: =SUM('（４）訂單數量構成比'!AK32:AK37) -> 96893 | I23: =IFERROR(H23/$B$7,"") -> 0.078532304 | J23: 0.081946617 | K23: =IFERROR(I23-J23,"") -> -0.0034143127
C24: =SUM(C15:C23) -> 1 | D24: =SUM(D15:D23) -> 1 | I24: =SUM(I15:I23) -> 1 | J24: =SUM(J15:J23) -> 1
A26: （５）品群別人時生產性
A27: 品群 | B27: 當週 | C27: 前週 | D27: 差異 | E27: 累計
A28: 18℃-飯糰(061,063) | B28: ='（５-1）品群別人時生產性（18℃-飯糰）'!L147 -> 763.10229 | C28: 713.3324 | D28: =B28-C28 -> 49.76989 | E28: ='（５-1）品群別人時生產性（18℃-飯糰）'!C1 -> 717.52753
A29: 18℃-壽司手卷(071,072,075,076) | B29: ='（５-2）品群別人時生產性（18-壽司手卷)'!L87 -> 204.23333 | C29: 195.15465 | D29: =B29-C29 -> 9.0786719 | E29: ='（５-2）品群別人時生產性（18-壽司手卷)'!C1 -> 197.63272
A30: 4℃-飯糰(065) | B30: ='（５-3）品群別人時生產性（4℃-飯糰)'!L87 -> 249.11259 | C30: 241.43435 | D30: =B30-C30 -> 7.6782351 | E30: ='（５-3）品群別人時生產性（4℃-飯糰)'!C1 -> 240.45857
A31: 4℃-壽司手卷(077) | B31: ='（５-4）品群別人時生產性（4℃-壽司手卷)'!L87 -> 103.74359 | C31: 106.08791 | D31: =B31-C31 -> -2.3443223 | E31: ='（５-4）品群別人時生產性（4℃-壽司手卷)'!C1 -> 106.86512
A32: 主食(091,092,093,094,095) | B32: ='（５-5）品群別人時生產性(主食) '!L147 -> 93.01182 | C32: 90.927237 | D32: =B32-C32 -> 2.0845831 | E32: ='（５-5）品群別人時生產性(主食) '!C1 -> 89.310428
A33: 便當(083) | B33: ='（５-6）品群別人時生產性(便當)'!L87 -> 64.556754 | C33: 65.660495 | D33: =B33-C33 -> -1.1037409 | E33: ='（５-6）品群別人時生產性(便當)'!C1 -> 65.672742
A34: 熱食義麵(122,123,124,126) | B34: ='（５-7）品群別人時生產性(熱食義麵) '!L87 -> 87.311945 | C34: 73.563268 | D34: =B34-C34 -> 13.748677 | E34: ='（５-7）品群別人時生產性(熱食義麵) '!C1 -> 75.478569
A35: 季節調理麵(111,112) | B35: ='（５-8）品群別人時生產性(季節調理麵) '!L87 -> 116.96724 | C35: 115.96039 | D35: =B35-C35 -> 1.0068481 | E35: ='（５-8）品群別人時生產性(季節調理麵) '!C1 -> 114.50557
A36: 微波小吃(153,154,155) | B36: ='（５-9）品群別人時生產性(微波小吃)'!L87 -> 104.21393 | C36: 103.00021 | D36: =B36-C36 -> 1.2137197 | E36: ='（５-9）品群別人時生產性(微波小吃)'!C1 -> 99.648342

Sheet （１）收支狀況
B2: （１）收支狀況
B3: 資料繳交日 | C3: 月份 | D3: 日期 | F3: 營業額(元) | I3: 訂單數量(個) | L3: 材料費(元) | O3: 材料費率（材料費／營業額） | R3: 勞務成本（全廠人事成本） | U3: 勞務費率（勞務成本／營業額）
F4: 日 | G4: 週累積 | H4: 月累積 | I4: 日 | J4: 週累積 | K4: 月累積 | L4: 日 | M4: 週累積 | N4: 月累積 | O4: 日 | P4: 週累積 | Q4: 月累積 | R4: 日 | S4: 週累積 | T4: 月累積 | U4: 日 | V4: 週累積 | W4: 月累積
B5: =D17 -> 45882 | C5: 八 | D5: 45870 | E5: 五 | F5: 6238721 | G5: =SUM(F5:F8) -> 27719634 | H5: =SUM(F5:F35) -> 212376150 | I5: 189694 | J5: =SUM(I5:I8) -> 835562 | K5: =SUM(I5:I35) -> 6558055 | L5: 4328564 | M5: =SUM(L5:L8) -> 18071368 | N5: =SUM(L5:L35) -> 139088163 | O5: =L5/F5 -> 0.69382234 | P5: =M5/G5 -> 0.65193386 | Q5: =N5/H5 -> 0.65491423 | R5: 943023.35 | S5: =SUM(R5:R8) -> 3865161.5 | T5: =SUM(R5:R35) -> 30146177 | U5: =R5/F5 -> 0.15115652 | V5: =S5/G5 -> 0.13943768 | W5: =T5/H5 -> 0.14194709
D6: 45871 | E6: 六 | F6: 6562252 | I6: 198615 | L6: 4232726 | O6: =L6/F6 -> 0.64501119 | R6: 938418.88 | U6: =R6/F6 -> 0.14300257
D7: 45872 | E7: 日 | F7: 7531206 | I7: 226309 | L7: 4804413 | O7: =L7/F7 -> 0.63793408 | R7: 986964.21 | U7: =R7/F7 -> 0.13104996
D8: 45873 | E8: 一 | F8: 7387455 | I8: 220944 | L8: 4705665 | O8: =L8/F8 -> 0.63698053 | R8: 996755.08 | U8: =R8/F8 -> 0.13492537
D9: 45874 | E9: 二 | F9: 7967674 | G9: =SUM(F9:F15) -> 48153352 | I9: 237092 | J9: =SUM(I9:I15) -> 1481597 | L9: 5154252 | M9: =SUM(L9:L15) -> 31832447 | O9: =L9/F9 -> 0.64689544 | P9: =M9/G9 -> 0.66106399 | R9: 1013986.2 | S9: =SUM(R9:R15) -> 6693842.4 | U9: =R9/F9 -> 0.12726251 | V9: =S9/G9 -> 0.13901093
D10: 45875 | E10: 三 | F10: 7313533 | I10: 222453 | L10: 4928684 | O10: =L10/F10 -> 0.67391287 | R10: 978046.09 | U10: =R10/F10 -> 0.133731
D11: 45876 | E11: 四 | F11: 6849540 | I11: 211393 | L11: 4518685 | O11: =L11/F11 -> 0.65970635 | R11: 969314.06 | U11: =R11/F11 -> 0.14151521
D12: 45877 | E12: 五 | F12: 6028491 | I12: 189264 | L12: 4132693 | O12: =L12/F12 -> 0.68552694 | R12: 928029.26 | U12: =R12/F12 -> 0.15394056
D13: 45878 | E13: 六 | F13: 6203511 | I13: 192323 | L13: 4132318 | O13: =L13/F13 -> 0.66612568 | R13: 925688.35 | U13: =R13/F13 -> 0.14922007
D14: 45879 | E14: 日 | F14: 6959932 | I14: 216752 | L14: 4477956 | O14: =L14/F14 -> 0.64339077 | R14: 940286.83 | U14: =R14/F14 -> 0.1351
D15: 45880 | E15: 一 | F15: 6830671 | I15: 212320 | L15: 4487859 | O15: =L15/F15 -> 0.65701583 | R15: 938491.58 | U15: =R15/F15 -> 0.13739376
B16: =D24 -> 45889 | D16: 45881 | E16: 二 | F16: 7487435 | G16: =SUM(F16:F22) -> 48523585 | I16: 224380 | J16: =SUM(I16:I22) -> 1480470 | L16: 4856053 | M16: =SUM(L16:L22) -> 31535098 | O16: =L16/F16 -> 0.64856029 | P16: =M16/G16 -> 0.64989217 | R16: 983069.18 | S16: =SUM(R16:R22) -> 6841610.2 | U16: =R16/F16 -> 0.13129585 | V16: =S16/G16 -> 0.14099556
D17: 45882 | E17: 三 | F17: 7231344 | I17: 220130 | L17: 4546524 | O17: =L17/F17 -> 0.62872462 | R17: 985534.26 | U17: =R17/F17 -> 0.13628646
D18: 45883 | E18: 四 | F18: 7037093 | I18: 214387 | L18: 4629818 | O18: =L18/F18 -> 0.65791627 | R18: 991055.77 | U18: =R18/F18 -> 0.14083312
D19: 45884 | E19: 五 | F19: 6388038 | I19: 194099 | L19: 4187375 | O19: =L19/F19 -> 0.65550252 | R19: 982289.15 | U19: =R19/F19 -> 0.15377009
D20: 45885 | E20: 六 | F20: 6365900 | I20: 193782 | L20: 4221117 | O20: =L20/F20 -> 0.66308252 | R20: 964177.16 | U20: =R20/F20 -> 0.15145968
D21: 45886 | E21: 日 | F21: 7153920 | I21: 218883 | L21: 4622586 | O21: =L21/F21 -> 0.64616127 | R21: 959179.65 | U21: =R21/F21 -> 0.13407749
D22: 45887 | E22: 一 | F22: 6859855 | I22: 214809 | L22: 4471625 | O22: =L22/F22 -> 0.65185416 | R22: 976304.98 | U22: =R22/F22 -> 0.14232152
B23: =D31 -> 45896 | D23: 45888 | E23: 二 | F23: 7669791 | G23: =SUM(F23:F29) -> 48798227 | I23: 237868 | J23: =SUM(I23:I29) -> 1526628 | L23: 5123124 | M23: =SUM(L23:L29) -> 32021656 | O23: =L23/F23 -> 0.66796136 | P23: =M23/G23 -> 0.65620532 | R23: 986490.34 | S23: =SUM(R23:R29) -> 6898748.8 | U23: =R23/F23 -> 0.12862024 | V23: =S23/G23 -> 0.14137294
D24: 45889 | E24: 三 | F24: 7361858 | I24: 229442 | L24: 4636620 | O24: =L24/F24 -> 0.62981655 | R24: 983128.49 | U24: =R24/F24 -> 0.13354353
D25: 45890 | E25: 四 | F25: 7002876 | I25: 218054 | L25: 4532763 | O25: =L25/F25 -> 0.64727164 | R25: 968897.68 | U25: =R25/F25 -> 0.13835711
D26: 45891 | E26: 五 | F26: 6204031 | I26: 195390 | L26: 4156769 | O26: =L26/F26 -> 0.670011 | R26: 992349.54 | U26: =R26/F26 -> 0.15995238
D27: 45892 | E27: 六 | F27: 6323179 | I27: 198181 | L27: 4318835 | O27: =L27/F27 -> 0.68301641 | R27: 990699.66 | U27: =R27/F27 -> 0.15667747
D28: 45893 | E28: 日 | F28: 7218612 | I28: 227099 | L28: 4527394 | O28: =L28/F28 -> 0.62718345 | R28: 988981.44 | U28: =R28/F28 -> 0.13700438
D29: 45894 | E29: 一 | F29: 7017880 | I29: 220594 | L29: 4726151 | O29: =L29/F29 -> 0.67344426 | R29: 988201.65 | U29: =R29/F29 -> 0.14081199
B30: =D38 -> 45903 | D30: 45895 | E30: 二 | F30: 6875105 | G30: =SUM(F30:F36) -> 39181352 | I30: 215808 | J30: =SUM(I30:I36) -> 1233798 | L30: 4445363 | M30: =SUM(L30:L36) -> 25627594 | O30: =L30/F30 -> 0.64658838 | P30: =M30/G30 -> 0.65407631 | R30: 993229.01 | S30: =SUM(R30:R36) -> 5846813.6 | U30: =R30/F30 -> 0.14446747 | V30: =S30/G30 -> 0.1492244
D31: 45896 | E31: 三 | F31: 6713523 | I31: 211789 | L31: 4375267 | O31: =L31/F31 -> 0.65170954 | R31: 975476.53 | U31: =R31/F31 -> 0.14530024
D32: 45897 | E32: 四 | F32: 6453701 | I32: 204538 | L32: 4275402 | O32: =L32/F32 -> 0.6624729 | R32: 984413.34 | U32: =R32/F32 -> 0.1525347
D33: 45898 | E33: 五 | F33: 5903385 | I33: 187591 | L33: 3865422 | O33: =L33/F33 -> 0.6547806 | R33: 962941.29 | U33: =R33/F33 -> 0.1631168
D34: 45899 | E34: 六 | F34: 6221025 | I34: 193659 | L34: 4192354 | O34: =L34/F34 -> 0.67390084 | R34: 950874.71 | U34: =R34/F34 -> 0.15284856
D35: 45900 | E35: 日 | F35: 7014613 | I35: 220413 | L35: 4473786 | O35: =L35/F35 -> 0.63778087 | R35: 979878.72 | U35: =R35/F35 -> 0.13969106
D36: 45901 | E36: 一 | O36: =L36/F36 -> #DIV/0!
D37: 45902 | E37: 二 | G37: =SUM(F37:F43) -> 0 | J37: =SUM(I37:I43) -> 0 | M37: =SUM(L37:L43) -> 0 | O37: =L37/F37 -> #DIV/0! | P37: =M37/G37 -> #DIV/0! | S37: =SUM(R37:R43) -> 0 | V37: =SUM(U37:U43) -> 0
D38: 45903 | E38: 三 | O38: =L38/F38 -> #DIV/0!
D39: 45904 | E39: 四 | O39: =L39/F39 -> #DIV/0!
D40: 45905 | E40: 五 | O40: =L40/F40 -> #DIV/0!
D41: 45906 | E41: 六 | O41: =L41/F41 -> #DIV/0!
D42: 45907 | E42: 日 | O42: =L42/F42 -> #DIV/0!
D43: 45908 | E43: 一 | O43: =L43/F43 -> #DIV/0!

Sheet （２）ＫＰＩ達成進度
B1: KPI | C1: 366
B2: （２）ＫＰＩ達成進度
B3: 資料繳交日 | C3: 月份 | D3: 日期 | F3: 人時生產性(個/人) | I3: 人時生產性達成率(%) | L3: 半成品報廢(%) | O3: 半成品超用(%) | R3: 固定產線-導入率(固定產線數/總產線數) | U3: 教育訓練-實施率(進度/計畫)
F4: 日 | G4: 週平均 | H4: 月平均 | I4: 日 | J4: 週平均 | K4: 月平均 | L4: 日 | M4: 週平均 | N4: 月平均 | O4: 日 | P4: 週平均 | Q4: 月平均 | R4: 日 | S4: 週平均 | T4: 月平均 | U4: 日 | V4: 週平均 | W4: 月平均
B5: =D17 -> 45882 | C5: 八 | D5: 45870 | E5: 五 | F5: 323.2 | G5: =AVERAGE(F5:F8) -> 323.2 | H5: =AVERAGE(F5:F35) -> 331.32088 | I5: =F5/$C$1 -> 0.88306011 | J5: =AVERAGE(I5:I8) -> 0.88306011 | K5: =AVERAGE(I5:I35) -> 0.90524832 | L5: 0.0025117077 | M5: =AVERAGE(L5:L8) -> 0.0024983247 | N5: =AVERAGE(L5:L35) -> 0.0024946244 | O5: 0.002999903 | P5: =AVERAGE(O5:O8) -> 0.0025091067 | Q5: =AVERAGE(O5:O35) -> 0.0023789152 | R5: =11/12 -> 0.91666667 | S5: =AVERAGE(R5:R8) -> 0.91666667 | T5: =AVERAGE(R5:R35) -> 0.91666667 | U5: 0.62 | V5: =AVERAGE(U5:U8) -> 0.625 | W5: =AVERAGE(U5:U35) -> 0.67912903
D6: 45871 | E6: 六 | F6: 319.2 | I6: =F6/$C$1 -> 0.87213115 | L6: 0.002468592 | O6: 0.0028443956 | R6: =11/12 -> 0.91666667 | U6: 0.62
D7: 45872 | E7: 日 | F7: 320.9 | I7: =F7/$C$1 -> 0.87677596 | L7: 0.0024820518 | O7: 0.0021361567 | R7: =11/12 -> 0.91666667 | U7: 0.63
D8: 45873 | E8: 一 | F8: 329.5 | I8: =F8/$C$1 -> 0.90027322 | L8: 0.0025309471 | O8: 0.0020559715 | R8: =11/12 -> 0.91666667 | U8: 0.63
D9: 45874 | E9: 二 | F9: 330.6 | G9: =AVERAGE(F9:F15) -> 328.97143 | I9: =F9/$C$1 -> 0.90327869 | J9: =AVERAGE(I9:I15) -> 0.89882904 | L9: 0.0024806626 | M9: =AVERAGE(L9:L15) -> 0.0025106738 | O9: 0.0020747828 | P9: =AVERAGE(O9:O15) -> 0.0024001339 | R9: =11/12 -> 0.91666667 | S9: =AVERAGE(R9:R15) -> 0.91666667 | U9: 0.635 | V9: =AVERAGE(U9:U15) -> 0.66
D10: 45875 | E10: 三 | F10: 329.4 | I10: =F10/$C$1 -> 0.9 | L10: 0.0024885303 | O10: 0.0024893285 | R10: =11/12 -> 0.91666667 | U10: 0.65
D11: 45876 | E11: 四 | F11: 331.8 | I11: =F11/$C$1 -> 0.90655738 | L11: 0.002511329 | O11: 0.0022021476 | R11: =11/12 -> 0.91666667 | U11: 0.66
D12: 45877 | E12: 五 | F12: 327.6 | I12: =F12/$C$1 -> 0.89508197 | L12: 0.0025100673 | O12: 0.0026764289 | R12: =11/12 -> 0.91666667 | U12: 0.66
D13: 45878 | E13: 六 | F13: 327 | I13: =F13/$C$1 -> 0.89344262 | L13: 0.0025210535 | O13: 0.0028191053 | R13: =11/12 -> 0.91666667 | U13: 0.67
D14: 45879 | E14: 日 | F14: 330.9 | I14: =F14/$C$1 -> 0.90409836 | L14: 0.0025324776 | O14: 0.0022019356 | R14: =11/12 -> 0.91666667 | U14: 0.67
D15: 45880 | E15: 一 | F15: 325.5 | I15: =F15/$C$1 -> 0.88934426 | L15: 0.0025305966 | O15: 0.0023372087 | R15: =11/12 -> 0.91666667 | U15: 0.675
B16: =D24 -> 45889 | D16: 45881 | E16: 二 | F16: 326.1 | G16: =AVERAGE(F16:F22) -> 328.34286 | I16: =F16/$C$1 -> 0.89098361 | J16: =AVERAGE(I16:I22) -> 0.89711163 | L16: 0.002479823 | M16: =AVERAGE(L16:L22) -> 0.0025138479 | O16: 0.0022799124 | P16: =AVERAGE(O16:O22) -> 0.0024171057 | R16: =11/12 -> 0.91666667 | S16: =AVERAGE(R16:R22) -> 0.91666667 | U16: 0.68 | V16: =AVERAGE(U16:U22) -> 0.68571429
D17: 45882 | E17: 三 | F17: 331.8 | I17: =F17/$C$1 -> 0.90655738 | L17: 0.0024907161 | O17: 0.0024630926 | R17: =11/12 -> 0.91666667 | U17: 0.68
D18: 45883 | E18: 四 | F18: 326.6 | I18: =F18/$C$1 -> 0.89234973 | L18: 0.0025108283 | O18: 0.002472546 | R18: =11/12 -> 0.91666667 | U18: 0.68
D19: 45884 | E19: 五 | F19: 332.3 | I19: =F19/$C$1 -> 0.9079235 | L19: 0.0025132368 | O19: 0.0025667444 | R19: =11/12 -> 0.91666667 | U19: 0.69
D20: 45885 | E20: 六 | F20: 325.6 | I20: =F20/$C$1 -> 0.88961749 | L20: 0.0025209124 | O20: 0.00251042 | R20: =11/12 -> 0.91666667 | U20: 0.69
D21: 45886 | E21: 日 | F21: 327.6 | I21: =F21/$C$1 -> 0.89508197 | L21: 0.0025325514 | O21: 0.0022401803 | R21: =11/12 -> 0.91666667 | U21: 0.69
D22: 45887 | E22: 一 | F22: 328.4 | I22: =F22/$C$1 -> 0.89726776 | L22: 0.0025488676 | O22: 0.0023868442 | R22: =11/12 -> 0.91666667 | U22: 0.69
B23: =D31 -> 45896 | D23: 45888 | E23: 二 | F23: 333.7 | G23: =AVERAGE(F23:F29) -> 335.27143 | I23: =F23/$C$1 -> 0.91174863 | J23: =AVERAGE(I23:I29) -> 0.91604215 | L23: 0.0024754769 | M23: =AVERAGE(L23:L29) -> 0.0025001696 | O23: 0.0022714493 | P23: =AVERAGE(O23:O29) -> 0.0023270885 | R23: =11/12 -> 0.91666667 | S23: =AVERAGE(R23:R29) -> 0.91666667 | U23: 0.69 | V23: =AVERAGE(U23:U29) -> 0.69585714
D24: 45889 | E24: 三 | F24: 334.1 | I24: =F24/$C$1 -> 0.91284153 | L24: 0.0025144124 | O24: 0.002165809 | R24: =11/12 -> 0.91666667 | U24: 0.69
D25: 45890 | E25: 四 | F25: 340 | I25: =F25/$C$1 -> 0.92896175 | L25: 0.0025342309 | O25: 0.002217703 | R25: =11/12 -> 0.91666667 | U25: 0.695
D26: 45891 | E26: 五 | F26: 330.2 | I26: =F26/$C$1 -> 0.90218579 | L26: 0.0024972691 | O26: 0.0025154403 | R26: =11/12 -> 0.91666667 | U26: 0.695
D27: 45892 | E27: 六 | F27: 333.2 | I27: =F27/$C$1 -> 0.91038251 | L27: 0.0024895345 | O27: 0.0025103538 | R27: =11/12 -> 0.91666667 | U27: 0.7
D28: 45893 | E28: 日 | F28: 337.2 | I28: =F28/$C$1 -> 0.92131148 | L28: 0.0025185436 | O28: 0.0023235667 | R28: =11/12 -> 0.91666667 | U28: 0.7
D29: 45894 | E29: 一 | F29: 338.5 | I29: =F29/$C$1 -> 0.92486339 | L29: 0.0024717196 | O29: 0.0022852972 | R29: =11/12 -> 0.91666667 | U29: 0.701
B30: =D38 -> 45903 | D30: 45895 | E30: 二 | F30: 330.16744 | G30: =AVERAGE(F30:F36) -> 338.34123 | I30: =F30/$C$1 -> 0.90209682 | J30: =AVERAGE(I30:I36) -> 0.9244296 | L30: 0.0024688309 | M30: =AVERAGE(L30:L36) -> 0.0024445365 | O30: 0.0023625366 | P30: =AVERAGE(O30:O36) -> 0.0022832747 | R30: =11/12 -> 0.91666667 | S30: =AVERAGE(R30:R36) -> 0.91666667 | U30: 0.701 | V30: =AVERAGE(U30:U36) -> 0.71033333
D31: 45896 | E31: 三 | F31: 337.73305 | I31: =F31/$C$1 -> 0.9227679 | L31: 0.0025111525 | O31: 0.0023225024 | R31: =11/12 -> 0.91666667 | U31: 0.701
D32: 45897 | E32: 四 | F32: 362.18425 | I32: =F32/$C$1 -> 0.98957445 | L32: 0.002507462 | O32: 0.0023385481 | R32: =11/12 -> 0.91666667 | U32: 0.71
D33: 45898 | E33: 五 | F33: 335.46477 | I33: =F33/$C$1 -> 0.91657041 | L33: 0.0024989334 | O33: 0.0025849009 | R33: =11/12 -> 0.91666667 | U33: 0.71
D34: 45899 | E34: 六 | F34: 331.23588 | I34: =F34/$C$1 -> 0.90501606 | L34: 0.0021813294 | O34: 0.0020831805 | R34: =11/12 -> 0.91666667 | U34: 0.72
D35: 45900 | E35: 日 | F35: 333.26201 | I35: =F35/$C$1 -> 0.91055194 | L35: 0.0024995108 | O35: 0.00200798 | R35: =11/12 -> 0.91666667 | U35: 0.72
D36: 45901 | E36: 一
D37: 45902 | E37: 二 | G37: =AVERAGE(F37:F43) -> #DIV/0! | J37: =AVERAGE(I37:I43) -> #DIV/0! | M37: =AVERAGE(L37:L43) -> #DIV/0! | P37: =AVERAGE(O37:O43) -> #DIV/0! | S37: =AVERAGE(R37:R43) -> #DIV/0! | V37: =AVERAGE(U37:U43) -> #DIV/0!
D38: 45903 | E38: 三
D39: 45904 | E39: 四
D40: 45905 | E40: 五
D41: 45906 | E41: 六
D42: 45907 | E42: 日
D43: 45908 | E43: 一

Sheet （３）業績構成比
B2: （3）業績構成比
B3: 資料繳交日 | C3: 月份 | D3: 日期 | F3: 營業額 | I3: 品類業績
I4: 18℃-飯糰 | O4: 18℃-壽司手卷 | U4: 4℃-飯糰 | W4: 4℃-壽司手卷 | Y4: 主食 | AE4: 便當 | AG4: 熱食義麵 | AI4: 季節調理麵 | AK4: 微波小吃
F5: 日 | G5: 週累積 | H5: 月累積 | I5: 一配 | K5: 二配 | M5: 合計 | O5: 一配 | Q5: 二配 | S5: 合計 | U5: 一配 | W5: 一配 | Y5: 一配 | AA5: 二配 | AC5: 合計 | AE5: 一配 | AG5: 一配 | AI5: 一配 | AK5: 一配
I6: 業績(元) | J6: 比例(%) | K6: 業績(元) | L6: 比例(%) | M6: 業績(元) | N6: 比例(%) | O6: 業績(元) | P6: 比例(%) | Q6: 業績(元) | R6: 比例(%) | S6: 業績(元) | T6: 比例(%) | U6: 業績(元) | V6: 比例(%) | W6: 業績(元) | X6: 比例(%) | Y6: 業績(元) | Z6: 比例(%) | AA6: 業績(元) | AB6: 比例(%) | AC6: 業績(元) | AD6: 比例(%) | AE6: 業績(元) | AF6: 比例(%) | AG6: 業績(元) | AH6: 比例(%) | AI6: 業績(元) | AJ6: 比例(%) | AK6: 業績(元) | AL6: 比例(%)
B7: =D19 -> 45882 | C7: 八 | D7: 45870 | E7: 五 | F7: =SUM(M7,S7,U7,W7,AC7,AE7,AG7,AI7,AK7) -> 6238721 | G7: =SUM(F7:F10) -> 27719634 | H7: =SUM(F7:F37) -> 212376150 | I7: 460351.7 | J7: =I7/$F7 -> 0.073789435 | K7: 693287.53 | L7: =K7/$F7 -> 0.11112655 | M7: =SUM(I7+K7) -> 1153639.2 | N7: =M7/$F7 -> 0.18491598 | O7: 137104.25 | P7: =O7/$F7 -> 0.021976339 | Q7: 111569.65 | R7: =Q7/$F7 -> 0.017883417 | S7: =SUM(O7+Q7) -> 248673.9 | T7: =S7/$F7 -> 0.039859757 | U7: 584777.06 | V7: =U7/$F7 -> 0.093733484 | W7: 29842.929 | X7: =W7/$F7 -> 0.0047835011 | Y7: 555162.57 | Z7: =Y7/$F7 -> 0.088986599 | AA7: 1091012.2 | AB7: =AA7/$F7 -> 0.17487754 | AC7: =SUM(Y7+AA7) -> 1646174.8 | AD7: =AC7/$F7 -> 0.26386414 | AE7: 845899.79 | AF7: =AE7/F7 -> 0.13558866 | AG7: 729805.08 | AH7: =AG7/F7 -> 0.11697992 | AI7: 648633.45 | AJ7: =AI7/F7 -> 0.10396898 | AK7: 351274.81 | AL7: =AK7/F7 -> 0.056305581
D8: 45871 | E8: 六 | F8: =SUM(M8,S8,U8,W8,AC8,AE8,AG8,AI8,AK8) -> 6562252 | I8: 451183.47 | J8: =I8/F8 -> 0.068754366 | K8: 750326.8 | L8: =K8/F8 -> 0.11433983 | M8: =SUM(I8+K8) -> 1201510.3 | N8: =M8/F8 -> 0.1830942 | O8: 138472.77 | P8: =O8/F8 -> 0.02110141 | Q8: 109730.43 | R8: =Q8/$F8 -> 0.016721459 | S8: =SUM(O8+Q8) -> 248203.19 | T8: =S8/F8 -> 0.037822868 | U8: 637083.78 | V8: =U8/F8 -> 0.097083102 | W8: 31992.391 | X8: =W8/F8 -> 0.0048752152 | Y8: 592645.44 | Z8: =Y8/F8 -> 0.09031129 | AA8: 1191918.8 | AB8: =AA8/$F8 -> 0.18163258 | AC8: =SUM(Y8+AA8) -> 1784564.2 | AD8: =AC8/F8 -> 0.27194387 | AE8: 865122.14 | AF8: =AE8/F8 -> 0.13183312 | AG8: 762782.7 | AH8: =AG8/F8 -> 0.11623795 | AI8: 672816.42 | AJ8: =AI8/F8 -> 0.10252828 | AK8: 358176.9 | AL8: =AK8/F8 -> 0.0545814
D9: 45872 | E9: 日 | F9: =SUM(M9,S9,U9,W9,AC9,AE9,AG9,AI9,AK9) -> 7531206 | I9: 547613.1 | J9: =I9/F9 -> 0.072712537 | K9: 792821.74 | L9: =K9/F9 -> 0.10527155 | M9: =SUM(I9+K9) -> 1340434.8 | N9: =M9/F9 -> 0.17798409 | O9: 166503.65 | P9: =O9/F9 -> 0.022108497 | Q9: 123789.32 | R9: =Q9/$F9 -> 0.016436852 | S9: =SUM(O9+Q9) -> 290292.97 | T9: =S9/F9 -> 0.038545349 | U9: 764518.16 | V9: =U9/F9 -> 0.10151338 | W9: 36401.381 | X9: =W9/F9 -> 0.0048334067 | Y9: 632029.54 | Z9: =Y9/F9 -> 0.083921425 | AA9: 1243905.9 | AB9: =AA9/$F9 -> 0.16516689 | AC9: =SUM(Y9+AA9) -> 1875935.4 | AD9: =AC9/F9 -> 0.24908831 | AE9: 1088217.5 | AF9: =AE9/F9 -> 0.14449446 | AG9: 954793.09 | AH9: =AG9/F9 -> 0.12677825 | AI9: 770955.77 | AJ9: =AI9/F9 -> 0.10236817 | AK9: 409656.86 | AL9: =AK9/F9 -> 0.05439459
D10: 45873 | E10: 一 | F10: =SUM(M10,S10,U10,W10,AC10,AE10,AG10,AI10,AK10) -> 7387455 | I10: 527064.59 | J10: =I10/F10 -> 0.071345896 | K10: 775570.16 | L10: =K10/F10 -> 0.10498476 | M10: =SUM(I10+K10) -> 1302634.8 | N10: =M10/F10 -> 0.17633065 | O10: 155828.97 | P10: =O10/F10 -> 0.021093729 | Q10: 122876.16 | R10: =Q10/$F10 -> 0.016633084 | S10: =SUM(O10+Q10) -> 278705.13 | T10: =S10/F10 -> 0.037726813 | U10: 731978.07 | V10: =U10/F10 -> 0.09908393 | W10: 33244.716 | X10: =W10/F10 -> 0.0045001581 | Y10: 655973.36 | Z10: =Y10/F10 -> 0.088795582 | AA10: 1278728.5 | AB10: =AA10/$F10 -> 0.17309459 | AC10: =SUM(Y10+AA10) -> 1934701.8 | AD10: =AC10/F10 -> 0.26189017 | AE10: 1084705.9 | AF10: =AE10/F10 -> 0.1468308 | AG10: 943304.52 | AH10: =AG10/F10 -> 0.12769005 | AI10: 679572.81 | AJ10: =AI10/F10 -> 0.091990112 | AK10: 398607.27 | AL10: =AK10/F10 -> 0.05395732
D11: 45874 | E11: 二 | F11: =SUM(M11,S11,U11,W11,AC11,AE11,AG11,AI11,AK11) -> 7967674 | G11: =SUM(F11:F17) -> 48153352 | I11: 588097.61 | J11: =I11/F11 -> 0.073810451 | K11: 773398.49 | L11: =K11/F11 -> 0.097067035 | M11: =SUM(I11+K11) -> 1361496.1 | N11: =M11/F11 -> 0.17087749 | O11: 155327.19 | P11: =O11/F11 -> 0.019494672 | Q11: 120159.87 | R11: =Q11/$F11 -> 0.015080922 | S11: =SUM(O11+Q11) -> 275487.06 | T11: =S11/F11 -> 0.034575593 | U11: 844784.96 | V11: =U11/F11 -> 0.10602655 | W11: 17264.6 | X11: =W11/F11 -> 0.0021668307 | Y11: 1098875 | Z11: =Y11/F11 -> 0.13791666 | AA11: 1257542 | AB11: =AA11/$F11 -> 0.15783051 | AC11: =SUM(Y11+AA11) -> 2356417 | AD11: =AC11/F11 -> 0.29574717 | AE11: 1102785.5 | AF11: =AE11/F11 -> 0.13840746 | AG11: 934645.05 | AH11: =AG11/F11 -> 0.11730463 | AI11: 683690.99 | AJ11: =AI11/F11 -> 0.085808103 | AK11: 391102.75 | AL11: =AK11/F11 -> 0.049086189
D12: 45875 | E12: 三 | F12: =SUM(M12,S12,U12,W12,AC12,AE12,AG12,AI12,AK12) -> 7313533 | I12: 568466.36 | J12: =I12/F12 -> 0.07772801 | K12: 770103.71 | L12: =K12/F12 -> 0.10529845 | M12: =SUM(I12+K12) -> 1338570.1 | N12: =M12/F12 -> 0.18302646 | O12: 154078.89 | P12: =O12/F12 -> 0.021067641 | Q12: 118660.19 | R12: =Q12/$F12 -> 0.016224742 | S12: =SUM(O12+Q12) -> 272739.07 | T12: =S12/F12 -> 0.037292383 | U12: 765121.05 | V12: =U12/F12 -> 0.10461716 | W12: 18856.173 | X12: =W12/F12 -> 0.0025782577 | Y12: 906317.98 | Z12: =Y12/F12 -> 0.12392341 | AA12: 1172639 | AB12: =AA12/$F12 -> 0.16033824 | AC12: =SUM(Y12+AA12) -> 2078957 | AD12: =AC12/F12 -> 0.28426165 | AE12: 905933.31 | AF12: =AE12/F12 -> 0.12387082 | AG12: 936490.42 | AH12: =AG12/F12 -> 0.12804898 | AI12: 600419.6 | AJ12: =AI12/F12 -> 0.082097066 | AK12: 396446.34 | AL12: =AK12/F12 -> 0.054207227
D13: 45876 | E13: 四 | F13: =SUM(M13,S13,U13,W13,AC13,AE13,AG13,AI13,AK13) -> 6849540 | I13: 555011.39 | J13: =I13/F13 -> 0.081029002 | K13: 747275.49 | L13: =K13/F13 -> 0.10909864 | M13: =SUM(I13+K13) -> 1302286.9 | N13: =M13/F13 -> 0.19012764 | O13: 148311.83 | P13: =O13/F13 -> 0.021652817 | Q13: 113722.3 | R13: =Q13/$F13 -> 0.01660291 | S13: =SUM(O13+Q13) -> 262034.13 | T13: =S13/F13 -> 0.038255727 | U13: 734422.27 | V13: =U13/F13 -> 0.10722213 | W13: 18720.731 | X13: =W13/F13 -> 0.002733137 | Y13: 807904.82 | Z13: =Y13/F13 -> 0.11795023 | AA13: 1022028.5 | AB13: =AA13/$F13 -> 0.14921126 | AC13: =SUM(Y13+AA13) -> 1829933.3 | AD13: =AC13/F13 -> 0.26716149 | AE13: 847604.45 | AF13: =AE13/F13 -> 0.12374619 | AG13: 879842.73 | AH13: =AG13/F13 -> 0.12845282 | AI13: 598863.2 | AJ13: =AI13/F13 -> 0.087431156 | AK13: 375832.32 | AL13: =AK13/F13 -> 0.054869717
D14: 45877 | E14: 五 | F14: =SUM(M14,S14,U14,W14,AC14,AE14,AG14,AI14,AK14) -> 6028491 | I14: 496338.67 | J14: =I14/F14 -> 0.082332158 | K14: 707672.44 | L14: =K14/F14 -> 0.11738799 | M14: =SUM(I14+K14) -> 1204011.1 | N14: =M14/F14 -> 0.19972015 | O14: 129409.85 | P14: =O14/F14 -> 0.021466375 | Q14: 107645.26 | R14: =Q14/$F14 -> 0.017856088 | S14: =SUM(O14+Q14) -> 237055.11 | T14: =S14/F14 -> 0.039322463 | U14: 646701.73 | V14: =U14/F14 -> 0.10727423 | W14: 17062.801 | X14: =W14/F14 -> 0.0028303602 | Y14: 660019.93 | Z14: =Y14/F14 -> 0.10948344 | AA14: 985617.94 | AB14: =AA14/$F14 -> 0.16349331 | AC14: =SUM(Y14+AA14) -> 1645637.9 | AD14: =AC14/F14 -> 0.27297675 | AE14: 694834.18 | AF14: =AE14/F14 -> 0.11525839 | AG14: 682038.66 | AH14: =AG14/F14 -> 0.11313588 | AI14: 558792.51 | AJ14: =AI14/F14 -> 0.092691937 | AK14: 342357.02 | AL14: =AK14/F14 -> 0.056789837
D15: 45878 | E15: 六 | F15: =SUM(M15,S15,U15,W15,AC15,AE15,AG15,AI15,AK15) -> 6203511 | I15: 476683.17 | J15: =I15/F15 -> 0.076840868 | K15: 757212.94 | L15: =K15/F15 -> 0.122062 | M15: =SUM(I15+K15) -> 1233896.1 | N15: =M15/F15 -> 0.19890286 | O15: 130154.49 | P15: =O15/F15 -> 0.020980778 | Q15: 108343.59 | R15: =Q15/$F15 -> 0.017464882 | S15: =SUM(O15+Q15) -> 238498.07 | T15: =S15/F15 -> 0.03844566 | U15: 677203.79 | V15: =U15/F15 -> 0.1091646 | W15: 14888.362 | X15: =W15/F15 -> 0.0023999896 | Y15: 666656.12 | Z15: =Y15/F15 -> 0.10746432 | AA15: 1075048.8 | AB15: =AA15/$F15 -> 0.17329684 | AC15: =SUM(Y15+AA15) -> 1741705 | AD15: =AC15/F15 -> 0.28076116 | AE15: 686858.9 | AF15: =AE15/F15 -> 0.11072099 | AG15: 664889.2 | AH15: =AG15/F15 -> 0.1071795 | AI15: 604376.54 | AJ15: =AI15/F15 -> 0.097424916 | AK15: 341195.07 | AL15: =AK15/F15 -> 0.055000317
D16: 45879 | E16: 日 | F16: =SUM(M16,S16,U16,W16,AC16,AE16,AG16,AI16,AK16) -> 6959932 | I16: 579957.52 | J16: =I16/F16 -> 0.083328044 | K16: 800683.84 | L16: =K16/F16 -> 0.11504191 | M16: =SUM(I16+K16) -> 1380641.4 | N16: =M16/F16 -> 0.19836995 | O16: 159336.96 | P16: =O16/F16 -> 0.022893465 | Q16: 120225.97 | R16: =Q16/$F16 -> 0.017274015 | S16: =SUM(O16+Q16) -> 279562.93 | T16: =S16/F16 -> 0.04016748 | U16: 782722.64 | V16: =U16/F16 -> 0.11246125 | W16: 14095.087 | X16: =W16/F16 -> 0.0020251759 | Y16: 700085.96 | Z16: =Y16/F16 -> 0.10058805 | AA16: 1081221 | AB16: =AA16/$F16 -> 0.15534937 | AC16: =SUM(Y16+AA16) -> 1781307 | AD16: =AC16/F16 -> 0.25593742 | AE16: 842001.04 | AF16: =AE16/F16 -> 0.12097834 | AG16: 872019.59 | AH16: =AG16/F16 -> 0.1252914 | AI16: 618960.1 | AJ16: =AI16/F16 -> 0.088931918 | AK16: 388622.23 | AL16: =AK16/F16 -> 0.055837072
D17: 45880 | E17: 一 | F17: =SUM(M17,S17,U17,W17,AC17,AE17,AG17,AI17,AK17) -> 6830671 | I17: 566289.2 | J17: =I17/F17 -> 0.082903891 | K17: 780782.44 | L17: =K17/F17 -> 0.11430538 | M17: =SUM(I17+K17) -> 1347071.6 | N17: =M17/F17 -> 0.19720927 | O17: 152894.74 | P17: =O17/F17 -> 0.022383561 | Q17: 119116.23 | R17: =Q17/$F17 -> 0.017438438 | S17: =SUM(O17+Q17) -> 272010.97 | T17: =S17/F17 -> 0.039821998 | U17: 741852.65 | V17: =U17/F17 -> 0.10860612 | W17: 14439.566 | X17: =W17/F17 -> 0.0021139309 | Y17: 711543.46 | Z17: =Y17/F17 -> 0.1041689 | AA17: 1109054.7 | AB17: =AA17/$F17 -> 0.16236395 | AC17: =SUM(Y17+AA17) -> 1820598.2 | AD17: =AC17/F17 -> 0.26653284 | AE17: 800327.47 | AF17: =AE17/F17 -> 0.11716674 | AG17: 845054.32 | AH17: =AG17/F17 -> 0.12371469 | AI17: 614864.35 | AJ17: =AI17/F17 -> 0.09001522 | AK17: 374451.87 | AL17: =AK17/F17 -> 0.054819193
B18: =D26 -> 45889 | D18: 45881 | E18: 二 | F18: =SUM(M18,S18,U18,W18,AC18,AE18,AG18,AI18,AK18) -> 7487435 | G18: =SUM(F18:F24) -> 48523585 | I18: 558887.26 | J18: =I18/F18 -> 0.074643354 | K18: 750498.56 | L18: =K18/F18 -> 0.1002344 | M18: =SUM(I18+K18) -> 1309385.8 | N18: =M18/F18 -> 0.17487776 | O18: 145970.83 | P18: =O18/F18 -> 0.019495438 | Q18: 114367.46 | R18: =Q18/$F18 -> 0.015274584 | S18: =SUM(O18+Q18) -> 260338.28 | T18: =S18/F18 -> 0.034770022 | U18: 712087.61 | V18: =U18/F18 -> 0.095104346 | W18: 13413.744 | X18: =W18/F18 -> 0.0017915006 | Y18: 955512.41 | Z18: =Y18/F18 -> 0.12761545 | AA18: 1148666.4 | AB18: =AA18/$F18 -> 0.15341253 | AC18: =SUM(Y18+AA18) -> 2104178.8 | AD18: =AC18/F18 -> 0.28102798 | AE18: 859219.62 | AF18: =AE18/F18 -> 0.11475487 | AG18: 1218740.7 | AH18: =AG18/F18 -> 0.16277146 | AI18: 625894.26 | AJ18: =AI18/F18 -> 0.083592614 | AK18: 384176.18 | AL18: =AK18/F18 -> 0.051309451
D19: 45882 | E19: 三 | F19: =SUM(M19,S19,U19,W19,AC19,AE19,AG19,AI19,AK19) -> 7231344 | I19: 542562.8 | J19: =I19/F19 -> 0.075029316 | K19: 753469.59 | L19: =K19/F19 -> 0.10419496 | M19: =SUM(I19+K19) -> 1296032.4 | N19: =M19/F19 -> 0.17922428 | O19: 139640.65 | P19: =O19/F19 -> 0.019310469 | Q19: 115956.22 | R19: =Q19/$F19 -> 0.016035225 | S19: =SUM(O19+Q19) -> 255596.87 | T19: =S19/F19 -> 0.035345694 | U19: 725374.59 | V19: =U19/F19 -> 0.10030979 | W19: 13676.706 | X19: =W19/F19 -> 0.0018913091 | Y19: 894731.27 | Z19: =Y19/F19 -> 0.1237296 | AA19: 1107829.7 | AB19: =AA19/$F19 -> 0.15319832 | AC19: =SUM(Y19+AA19) -> 2002561 | AD19: =AC19/F19 -> 0.27692791 | AE19: 839308.3 | AF19: =AE19/F19 -> 0.11606533 | AG19: 1058187.5 | AH19: =AG19/F19 -> 0.14633345 | AI19: 650806.96 | AJ19: =AI19/F19 -> 0.089998064 | AK19: 389799.63 | AL19: =AK19/F19 -> 0.053904175
D20: 45883 | E20: 四 | F20: =SUM(M20,S20,U20,W20,AC20,AE20,AG20,AI20,AK20) -> 7037093 | I20: 553845.52 | J20: =I20/F20 -> 0.078703738 | K20: 738498.32 | L20: =K20/F20 -> 0.10494366 | M20: =SUM(I20+K20) -> 1292343.8 | N20: =M20/F20 -> 0.1836474 | O20: 142847.73 | P20: =O20/F20 -> 0.020299253 | Q20: 114503.49 | R20: =Q20/$F20 -> 0.016271419 | S20: =SUM(O20+Q20) -> 257351.22 | T20: =S20/F20 -> 0.036570672 | U20: 690536.37 | V20: =U20/F20 -> 0.098128072 | W20: 13623.003 | X20: =W20/F20 -> 0.001935885 | Y20: 807947.04 | Z20: =Y20/F20 -> 0.11481261 | AA20: 1116490.7 | AB20: =AA20/$F20 -> 0.15865794 | AC20: =SUM(Y20+AA20) -> 1924437.7 | AD20: =AC20/F20 -> 0.27347055 | AE20: 803753.08 | AF20: =AE20/F20 -> 0.11421663 | AG20: 1007468.4 | AH20: =AG20/F20 -> 0.14316543 | AI20: 668860.72 | AJ20: =AI20/F20 -> 0.095047873 | AK20: 378718.63 | AL20: =AK20/F20 -> 0.053817483
D21: 45884 | E21: 五 | F21: =SUM(M21,S21,U21,W21,AC21,AE21,AG21,AI21,AK21) -> 6388038 | I21: 471450.92 | J21: =I21/F21 -> 0.073802148 | K21: 686358.99 | L21: =K21/F21 -> 0.10744441 | M21: =SUM(I21+K21) -> 1157809.9 | N21: =M21/F21 -> 0.18124656 | O21: 124873.81 | P21: =O21/F21 -> 0.019548069 | Q21: 104864.12 | R21: =Q21/$F21 -> 0.016415701 | S21: =SUM(O21+Q21) -> 229737.93 | T21: =S21/F21 -> 0.035963771 | U21: 609363.61 | V21: =U21/F21 -> 0.095391357 | W21: 12509.094 | X21: =W21/F21 -> 0.0019582059 | Y21: 764495.15 | Z21: =Y21/F21 -> 0.11967605 | AA21: 1141615.4 | AB21: =AA21/$F21 -> 0.17871142 | AC21: =SUM(Y21+AA21) -> 1906110.5 | AD21: =AC21/F21 -> 0.29838747 | AE21: 724592.66 | AF21: =AE21/F21 -> 0.11342961 | AG21: 792884.96 | AH21: =AG21/F21 -> 0.12412026 | AI21: 596864.24 | AJ21: =AI21/F21 -> 0.093434673 | AK21: 358165.07 | AL21: =AK21/F21 -> 0.056068086
D22: 45885 | E22: 六 | F22: =SUM(M22,S22,U22,W22,AC22,AE22,AG22,AI22,AK22) -> 6365900 | I22: 458402.27 | J22: =I22/F22 -> 0.072009028 | K22: 738962.5 | L22: =K22/F22 -> 0.11608139 | M22: =SUM(I22+K22) -> 1197364.8 | N22: =M22/F22 -> 0.18809042 | O22: 124808.75 | P22: =O22/F22 -> 0.019605829 | Q22: 104024.37 | R22: =Q22/$F22 -> 0.016340875 | S22: =SUM(O22+Q22) -> 228833.12 | T22: =S22/F22 -> 0.035946703 | U22: 600837.63 | V22: =U22/F22 -> 0.094383769 | W22: 13246.387 | X22: =W22/F22 -> 0.002080835 | Y22: 740381.55 | Z22: =Y22/F22 -> 0.1163043 | AA22: 1106517.5 | AB22: =AA22/$F22 -> 0.17381949 | AC22: =SUM(Y22+AA22) -> 1846899.1 | AD22: =AC22/F22 -> 0.29012379 | AE22: 731987.3 | AF22: =AE22/F22 -> 0.11498567 | AG22: 846969.11 | AH22: =AG22/F22 -> 0.13304782 | AI22: 551276.21 | AJ22: =AI22/F22 -> 0.086598315 | AK22: 348486.41 | AL22: =AK22/F22 -> 0.054742677
D23: 45886 | E23: 日 | F23: =SUM(M23,S23,U23,W23,AC23,AE23,AG23,AI23,AK23) -> 7153920 | I23: 564087.8 | J23: =I23/F23 -> 0.078850169 | K23: 792939.4 | L23: =K23/F23 -> 0.11083985 | M23: =SUM(I23+K23) -> 1357027.2 | N23: =M23/F23 -> 0.18969002 | O23: 156340.67 | P23: =O23/F23 -> 0.021853847 | Q23: 117704.57 | R23: =Q23/$F23 -> 0.016453157 | S23: =SUM(O23+Q23) -> 274045.24 | T23: =S23/F23 -> 0.038307004 | U23: 717127.54 | V23: =U23/F23 -> 0.1002426 | W23: 12745.484 | X23: =W23/F23 -> 0.0017816085 | Y23: 770890.62 | Z23: =Y23/F23 -> 0.10775779 | AA23: 1093785 | AB23: =AA23/$F23 -> 0.15289309 | AC23: =SUM(Y23+AA23) -> 1864675.6 | AD23: =AC23/F23 -> 0.26065088 | AE23: 884052.99 | AF23: =AE23/F23 -> 0.12357602 | AG23: 1017835.3 | AH23: =AG23/F23 -> 0.14227658 | AI23: 636158.51 | AJ23: =AI23/F23 -> 0.088924465 | AK23: 390252.2 | AL23: =AK23/F23 -> 0.05455082
D24: 45887 | E24: 一 | F24: =SUM(M24,S24,U24,W24,AC24,AE24,AG24,AI24,AK24) -> 6859855 | I24: 559286.05 | J24: =I24/F24 -> 0.081530302 | K24: 833445.2 | L24: =K24/F24 -> 0.12149604 | M24: =SUM(I24+K24) -> 1392731.2 | N24: =M24/F24 -> 0.20302634 | O24: 149464.12 | P24: =O24/F24 -> 0.021788233 | Q24: 120215.06 | R24: =Q24/$F24 -> 0.017524432 | S24: =SUM(O24+Q24) -> 269679.18 | T24: =S24/F24 -> 0.039312665 | U24: 699866.89 | V24: =U24/F24 -> 0.10202357 | W24: 12981.771 | X24: =W24/F24 -> 0.0018924264 | Y24: 731613.51 | Z24: =Y24/F24 -> 0.10665145 | AA24: 1063991.6 | AB24: =AA24/$F24 -> 0.15510409 | AC24: =SUM(Y24+AA24) -> 1795605.1 | AD24: =AC24/F24 -> 0.26175554 | AE24: 872648.98 | AF24: =AE24/F24 -> 0.12721099 | AG24: 782377.15 | AH24: =AG24/F24 -> 0.11405156 | AI24: 649146.42 | AJ24: =AI24/F24 -> 0.094629758 | AK24: 384818.29 | AL24: =AK24/F24 -> 0.056097147
B25: =D33 -> 45896 | D25: 45888 | E25: 二 | F25: =SUM(M25,S25,U25,W25,AC25,AE25,AG25,AI25,AK25) -> 7669791 | G25: =SUM(F25:F31) -> 48798227 | I25: 607919.47 | J25: =I25/F25 -> 0.079261543 | K25: 832702.4 | L25: =K25/F25 -> 0.10856911 | M25: =SUM(I25+K25) -> 1440621.9 | N25: =M25/F25 -> 0.18783065 | O25: 224155.31 | P25: =O25/F25 -> 0.029225738 | Q25: 123513.28 | R25: =Q25/$F25 -> 0.016103865 | S25: =SUM(O25+Q25) -> 347668.59 | T25: =S25/F25 -> 0.045329604 | U25: 690915.54 | V25: =U25/F25 -> 0.090082707 | W25: 13253.035 | X25: =W25/F25 -> 0.0017279525 | Y25: 765839.81 | Z25: =Y25/F25 -> 0.099851458 | AA25: 1077776.6 | AB25: =AA25/$F25 -> 0.14052229 | AC25: =SUM(Y25+AA25) -> 1843616.4 | AD25: =AC25/F25 -> 0.24037374 | AE25: 856379.76 | AF25: =AE25/F25 -> 0.11165621 | AG25: 1231516.7 | AH25: =AG25/F25 -> 0.16056718 | AI25: 609285.3 | AJ25: =AI25/F25 -> 0.079439623 | AK25: 636533.84 | AL25: =AK25/F25 -> 0.082992331
D26: 45889 | E26: 三 | F26: =SUM(M26,S26,U26,W26,AC26,AE26,AG26,AI26,AK26) -> 7361858 | I26: 594546.06 | J26: =I26/F26 -> 0.080760327 | K26: 830968.78 | L26: =K26/F26 -> 0.11287487 | M26: =SUM(I26+K26) -> 1425514.8 | N26: =M26/F26 -> 0.1936352 | O26: 196772.43 | P26: =O26/F26 -> 0.026728636 | Q26: 120856.2 | R26: =Q26/$F26 -> 0.016416535 | S26: =SUM(O26+Q26) -> 317628.63 | T26: =S26/F26 -> 0.043145172 | U26: 685874.37 | V26: =U26/F26 -> 0.093165934 | W26: 12905.885 | X26: =W26/F26 -> 0.0017530744 | Y26: 764276.21 | Z26: =Y26/F26 -> 0.10381567 | AA26: 1068327.2 | AB26: =AA26/$F26 -> 0.14511651 | AC26: =SUM(Y26+AA26) -> 1832603.4 | AD26: =AC26/F26 -> 0.24893218 | AE26: 835491.41 | AF26: =AE26/F26 -> 0.1134892 | AG26: 1044244.4 | AH26: =AG26/F26 -> 0.14184523 | AI26: 678370.87 | AJ26: =AI26/F26 -> 0.092146693 | AK26: 529224.18 | AL26: =AK26/F26 -> 0.071887312
D27: 45890 | E27: 四 | F27: =SUM(M27,S27,U27,W27,AC27,AE27,AG27,AI27,AK27) -> 7002876 | I27: 568728.19 | J27: =I27/F27 -> 0.081213518 | K27: 780398.67 | L27: =K27/F27 -> 0.11143974 | M27: =SUM(I27+K27) -> 1349126.9 | N27: =M27/F27 -> 0.19265326 | O27: 185478.54 | P27: =O27/F27 -> 0.026486052 | Q27: 121450.38 | R27: =Q27/$F27 -> 0.017342929 | S27: =SUM(O27+Q27) -> 306928.92 | T27: =S27/F27 -> 0.043828982 | U27: 643674.21 | V27: =U27/F27 -> 0.091915694 | W27: 11872.642 | X27: =W27/F27 -> 0.0016953952 | Y27: 726904.73 | Z27: =Y27/F27 -> 0.10380089 | AA27: 999381.41 | AB27: =AA27/$F27 -> 0.14271014 | AC27: =SUM(Y27+AA27) -> 1726286.1 | AD27: =AC27/F27 -> 0.24651103 | AE27: 810524.18 | AF27: =AE27/F27 -> 0.11574162 | AG27: 999965.11 | AH27: =AG27/F27 -> 0.14279349 | AI27: 652636.93 | AJ27: =AI27/F27 -> 0.093195557 | AK27: 501860.99 | AL27: =AK27/F27 -> 0.071664984
D28: 45891 | E28: 五 | F28: =SUM(M28,S28,U28,W28,AC28,AE28,AG28,AI28,AK28) -> 6204031 | I28: 499996.83 | J28: =I28/F28 -> 0.080592252 | K28: 731141.66 | L28: =K28/F28 -> 0.11784945 | M28: =SUM(I28+K28) -> 1231138.5 | N28: =M28/F28 -> 0.1984417 | O28: 173126.79 | P28: =O28/F28 -> 0.027905533 | Q28: 104751.3 | R28: =Q28/$F28 -> 0.016884393 | S28: =SUM(O28+Q28) -> 277878.09 | T28: =S28/F28 -> 0.044789926 | U28: 555001.45 | V28: =U28/F28 -> 0.0894582 | W28: 11208.88 | X28: =W28/F28 -> 0.0018067092 | Y28: 658869.67 | Z28: =Y28/F28 -> 0.10620025 | AA28: 1002788.2 | AB28: =AA28/$F28 -> 0.16163494 | AC28: =SUM(Y28+AA28) -> 1661657.8 | AD28: =AC28/F28 -> 0.26783519 | AE28: 665464.14 | AF28: =AE28/F28 -> 0.10726319 | AG28: 813011 | AH28: =AG28/F28 -> 0.13104561 | AI28: 554084.81 | AJ28: =AI28/F28 -> 0.089310452 | AK28: 434586.31 | AL28: =AK28/F28 -> 0.070049023
D29: 45892 | E29: 六 | F29: =SUM(M29,S29,U29,W29,AC29,AE29,AG29,AI29,AK29) -> 6323179 | I29: 481953.15 | J29: =I29/F29 -> 0.076220071 | K29: 765037.78 | L29: =K29/F29 -> 0.12098942 | M29: =SUM(I29+K29) -> 1246990.9 | N29: =M29/F29 -> 0.19720949 | O29: 168482.61 | P29: =O29/F29 -> 0.026645239 | Q29: 105779.12 | R29: =Q29/$F29 -> 0.016728788 | S29: =SUM(O29+Q29) -> 274261.73 | T29: =S29/F29 -> 0.043374026 | U29: 552843.19 | V29: =U29/F29 -> 0.08743121 | W29: 11709.925 | X29: =W29/F29 -> 0.0018519047 | Y29: 662479.35 | Z29: =Y29/F29 -> 0.10476998 | AA29: 1080025.8 | AB29: =AA29/$F29 -> 0.17080425 | AC29: =SUM(Y29+AA29) -> 1742505.2 | AD29: =AC29/F29 -> 0.27557423 | AE29: 676673.09 | AF29: =AE29/F29 -> 0.1070147 | AG29: 836437.22 | AH29: =AG29/F29 -> 0.13228112 | AI29: 539013.59 | AJ29: =AI29/F29 -> 0.085244083 | AK29: 442744.15 | AL29: =AK29/F29 -> 0.070019234
D30: 45893 | E30: 日 | F30: =SUM(M30,S30,U30,W30,AC30,AE30,AG30,AI30,AK30) -> 7218612 | I30: 591387.07 | J30: =I30/F30 -> 0.081925316 | K30: 825455.84 | L30: =K30/F30 -> 0.11435105 | M30: =SUM(I30+K30) -> 1416842.9 | N30: =M30/F30 -> 0.19627636 | O30: 214795.81 | P30: =O30/F30 -> 0.029755833 | Q30: 117310.17 | R30: =Q30/$F30 -> 0.01625107 | S30: =SUM(O30+Q30) -> 332105.99 | T30: =S30/F30 -> 0.046006903 | U30: 674550.39 | V30: =U30/F30 -> 0.093445997 | W30: 12454.029 | X30: =W30/F30 -> 0.0017252664 | Y30: 743647.64 | Z30: =Y30/F30 -> 0.10301809 | AA30: 1093643 | AB30: =AA30/$F30 -> 0.15150323 | AC30: =SUM(Y30+AA30) -> 1837290.7 | AD30: =AC30/F30 -> 0.25452132 | AE30: 825284.16 | AF30: =AE30/F30 -> 0.11432726 | AG30: 970670.92 | AH30: =AG30/F30 -> 0.13446781 | AI30: 648153.02 | AJ30: =AI30/F30 -> 0.089789148 | AK30: 501259.91 | AL30: =AK30/F30 -> 0.069439929
D31: 45894 | E31: 一 | F31: =SUM(M31,S31,U31,W31,AC31,AE31,AG31,AI31,AK31) -> 7017880 | I31: 573896.01 | J31: =I31/F31 -> 0.081776265 | K31: 804365.33 | L31: =K31/F31 -> 0.11461657 | M31: =SUM(I31+K31) -> 1378261.3 | N31: =M31/F31 -> 0.19639283 | O31: 182922.48 | P31: =O31/F31 -> 0.026065204 | Q31: 117107.31 | R31: =Q31/$F31 -> 0.016686992 | S31: =SUM(O31+Q31) -> 300029.78 | T31: =S31/F31 -> 0.042752196 | U31: 671816.31 | V31: =U31/F31 -> 0.095729238 | W31: 11606.551 | X31: =W31/F31 -> 0.0016538543 | Y31: 735581.79 | Z31: =Y31/F31 -> 0.10481538 | AA31: 1096793.7 | AB31: =AA31/$F31 -> 0.15628561 | AC31: =SUM(Y31+AA31) -> 1832375.5 | AD31: =AC31/F31 -> 0.261101 | AE31: 799438.21 | AF31: =AE31/F31 -> 0.11391449 | AG31: 900605.92 | AH31: =AG31/F31 -> 0.1283302 | AI31: 645782.83 | AJ31: =AI31/F31 -> 0.092019645 | AK31: 477963.59 | AL31: =AK31/F31 -> 0.068106549
B32: =D40 -> 45903 | D32: 45895 | E32: 二 | F32: =SUM(M32,S32,U32,W32,AC32,AE32,AG32,AI32,AK32) -> 6875105 | G32: =SUM(F32:F38) -> 39181352 | I32: 567336.53 | J32: =I32/F32 -> 0.082520417 | K32: 785905.27 | L32: =K32/F32 -> 0.11431175 | M32: =SUM(I32+K32) -> 1353241.8 | N32: =M32/F32 -> 0.19683216 | O32: 178593 | P32: =O32/F32 -> 0.025976766 | Q32: 111805.19 | R32: =Q32/$F32 -> 0.016262325 | S32: =SUM(O32+Q32) -> 290398.19 | T32: =S32/F32 -> 0.042239091 | U32: 642657.91 | V32: =U32/F32 -> 0.093476086 | W32: 11632.639 | X32: =W32/F32 -> 0.0016919944 | Y32: 723887.3 | Z32: =Y32/F32 -> 0.10529109 | AA32: 1051236.7 | AB32: =AA32/$F32 -> 0.15290482 | AC32: =SUM(Y32+AA32) -> 1775124 | AD32: =AC32/F32 -> 0.25819591 | AE32: 744155.79 | AF32: =AE32/F32 -> 0.10823919 | AG32: 967152.27 | AH32: =AG32/F32 -> 0.14067455 | AI32: 634965.37 | AJ32: =AI32/F32 -> 0.092357189 | AK32: 455777.07 | AL32: =AK32/F32 -> 0.066293834
D33: 45896 | E33: 三 | F33: =SUM(M33,S33,U33,W33,AC33,AE33,AG33,AI33,AK33) -> 6713523 | I33: 558111.33 | J33: =I33/F33 -> 0.083132408 | K33: 774715.06 | L33: =K33/F33 -> 0.1153962 | M33: =SUM(I33+K33) -> 1332826.4 | N33: =M33/F33 -> 0.19852861 | O33: 177569.34 | P33: =O33/F33 -> 0.026449502 | Q33: 109021.94 | R33: =Q33/$F33 -> 0.016239154 | S33: =SUM(O33+Q33) -> 286591.27 | T33: =S33/F33 -> 0.042688656 | U33: 624839.98 | V33: =U33/F33 -> 0.093071846 | W33: 10969.953 | X33: =W33/F33 -> 0.0016340084 | Y33: 696526.39 | Z33: =Y33/F33 -> 0.10374976 | AA33: 988183.68 | AB33: =AA33/$F33 -> 0.14719301 | AC33: =SUM(Y33+AA33) -> 1684710.1 | AD33: =AC33/F33 -> 0.25094277 | AE33: 744162.89 | AF33: =AE33/F33 -> 0.11084536 | AG33: 921233.63 | AH33: =AG33/F33 -> 0.1372206 | AI33: 645587.96 | AJ33: =AI33/F33 -> 0.096162322 | AK33: 462600.85 | AL33: =AK33/F33 -> 0.068905826
D34: 45897 | E34: 四 | F34: =SUM(M34,S34,U34,W34,AC34,AE34,AG34,AI34,AK34) -> 6453701 | I34: 551600.36 | J34: =I34/F34 -> 0.085470394 | K34: 741958.15 | L34: =K34/F34 -> 0.1149663 | M34: =SUM(I34+K34) -> 1293558.5 | N34: =M34/F34 -> 0.2004367 | O34: 172267.07 | P34: =O34/F34 -> 0.026692756 | Q34: 110101.01 | R34: =Q34/$F34 -> 0.017060136 | S34: =SUM(O34+Q34) -> 282368.08 | T34: =S34/F34 -> 0.043752892 | U34: 604268.75 | V34: =U34/F34 -> 0.093631352 | W34: 11076.179 | X34: =W34/F34 -> 0.0017162523 | Y34: 672617.99 | Z34: =Y34/F34 -> 0.10422206 | AA34: 959144.2 | AB34: =AA34/$F34 -> 0.14861925 | AC34: =SUM(Y34+AA34) -> 1631762.2 | AD34: =AC34/F34 -> 0.25284131 | AE34: 712515.59 | AF34: =AE34/F34 -> 0.11040418 | AG34: 846602.66 | AH34: =AG34/F34 -> 0.13118095 | AI34: 612473.93 | AJ34: =AI34/F34 -> 0.094902744 | AK34: 459075.1 | AL34: =AK34/F34 -> 0.071133618
D35: 45898 | E35: 五 | F35: =SUM(M35,S35,U35,W35,AC35,AE35,AG35,AI35,AK35) -> 5903385 | I35: 473553.86 | J35: =I35/F35 -> 0.080217344 | K35: 714232.31 | L35: =K35/F35 -> 0.12098691 | M35: =SUM(I35+K35) -> 1187786.2 | N35: =M35/F35 -> 0.20120425 | O35: 149093.94 | P35: =O35/F35 -> 0.02525567 | Q35: 99985.105 | R35: =Q35/$F35 -> 0.016936911 | S35: =SUM(O35+Q35) -> 249079.05 | T35: =S35/F35 -> 0.042192581 | U35: 545246.71 | V35: =U35/F35 -> 0.092361707 | W35: 10491.548 | X35: =W35/F35 -> 0.0017772088 | Y35: 620397.51 | Z35: =Y35/F35 -> 0.10509183 | AA35: 957112.05 | AB35: =AA35/$F35 -> 0.16212936 | AC35: =SUM(Y35+AA35) -> 1577509.6 | AD35: =AC35/F35 -> 0.26722119 | AE35: 614474.3 | AF35: =AE35/F35 -> 0.10408847 | AG35: 720171.36 | AH35: =AG35/F35 -> 0.12199295 | AI35: 581403.31 | AJ35: =AI35/F35 -> 0.098486429 | AK35: 417222.99 | AL35: =AK35/F35 -> 0.070675212
D36: 45899 | E36: 六 | F36: =SUM(M36,S36,U36,W36,AC36,AE36,AG36,AI36,AK36) -> 6221025 | I36: 464629.46 | J36: =I36/F36 -> 0.074686962 | K36: 770618.94 | L36: =K36/F36 -> 0.12387331 | M36: =SUM(I36+K36) -> 1235248.4 | N36: =M36/F36 -> 0.19856027 | O36: 148810.34 | P36: =O36/F36 -> 0.02392055 | Q36: 101640.76 | R36: =Q36/$F36 -> 0.016338266 | S36: =SUM(O36+Q36) -> 250451.1 | T36: =S36/F36 -> 0.040258815 | U36: 581812.31 | V36: =U36/F36 -> 0.093523545 | W36: 11523.486 | X36: =W36/F36 -> 0.0018523452 | Y36: 622788.96 | Z36: =Y36/F36 -> 0.10011035 | AA36: 1093062.6 | AB36: =AA36/$F36 -> 0.17570459 | AC36: =SUM(Y36+AA36) -> 1715851.6 | AD36: =AC36/F36 -> 0.27581493 | AE36: 675209.57 | AF36: =AE36/F36 -> 0.10853671 | AG36: 733348.32 | AH36: =AG36/F36 -> 0.11788223 | AI36: 588342.06 | AJ36: =AI36/F36 -> 0.094573171 | AK36: 429238.17 | AL36: =AK36/F36 -> 0.068997982
D37: 45900 | E37: 日 | F37: =SUM(M37,S37,U37,W37,AC37,AE37,AG37,AI37,AK37) -> 7014613 | I37: 577642.99 | J37: =I37/F37 -> 0.082348519 | K37: 816886.95 | L37: =K37/F37 -> 0.11645503 | M37: =SUM(I37+K37) -> 1394529.9 | N37: =M37/F37 -> 0.19880355 | O37: 190884.6 | P37: =O37/F37 -> 0.027212421 | Q37: 114334.44 | R37: =Q37/$F37 -> 0.016299466 | S37: =SUM(O37+Q37) -> 305219.05 | T37: =S37/F37 -> 0.043511887 | U37: 678415.55 | V37: =U37/F37 -> 0.096714609 | W37: 12108.264 | X37: =W37/F37 -> 0.0017261486 | Y37: 720560.87 | Z37: =Y37/F37 -> 0.10272283 | AA37: 1065723.6 | AB37: =AA37/$F37 -> 0.15192906 | AC37: =SUM(Y37+AA37) -> 1786284.4 | AD37: =AC37/F37 -> 0.25465189 | AE37: 791498.77 | AF37: =AE37/F37 -> 0.1128357 | AG37: 922334.57 | AH37: =AG37/F37 -> 0.13148759 | AI37: 618884.45 | AJ37: =AI37/F37 -> 0.088227882 | AK37: 505337.95 | AL37: =AK37/F37 -> 0.072040745
D38: 45901 | E38: 一 | F38: =SUM(M38,S38,U38,W38,AC38,AE38,AG38,AI38,AK38) -> 0 | J38: =I38/F38 -> #DIV/0! | L38: =K38/F38 -> #DIV/0! | M38: =SUM(I38+K38) -> 0 | N38: =M38/F38 -> #DIV/0! | P38: =O38/F38 -> #DIV/0! | R38: =Q38/$F38 -> #DIV/0! | S38: =SUM(O38+Q38) -> 0 | T38: =S38/F38 -> #DIV/0! | V38: =U38/F38 -> #DIV/0! | X38: =W38/F38 -> #DIV/0! | Z38: =Y38/F38 -> #DIV/0! | AB38: =AA38/$F38 -> #DIV/0! | AC38: =SUM(Y38+AA38) -> 0 | AD38: =AC38/F38 -> #DIV/0! | AF38: =AE38/F38 -> #DIV/0! | AH38: =AG38/F38 -> #DIV/0! | AJ38: =AI38/F38 -> #DIV/0! | AL38: =AK38/F38 -> #DIV/0!
D39: 45902 | E39: 二 | F39: =SUM(M39,S39,U39,W39,AC39,AE39,AG39,AI39,AK39) -> 0 | G39: =SUM(F39:F45) -> 0 | J39: =I39/F39 -> #DIV/0! | L39: =K39/F39 -> #DIV/0! | M39: =SUM(I39+K39) -> 0 | N39: =M39/F39 -> #DIV/0! | P39: =O39/F39 -> #DIV/0! | R39: =Q39/$F39 -> #DIV/0! | S39: =SUM(O39+Q39) -> 0 | T39: =S39/F39 -> #DIV/0! | V39: =U39/F39 -> #DIV/0! | X39: =W39/F39 -> #DIV/0! | Z39: =Y39/F39 -> #DIV/0! | AB39: =AA39/$F39 -> #DIV/0! | AC39: =SUM(Y39+AA39) -> 0 | AD39: =AC39/F39 -> #DIV/0! | AF39: =AE39/F39 -> #DIV/0! | AH39: =AG39/F39 -> #DIV/0! | AJ39: =AI39/F39 -> #DIV/0! | AL39: =AK39/F39 -> #DIV/0!
D40: 45903 | E40: 三 | F40: =SUM(M40,S40,U40,W40,AC40,AE40,AG40,AI40,AK40) -> 0 | J40: =I40/F40 -> #DIV/0! | L40: =K40/F40 -> #DIV/0! | M40: =SUM(I40+K40) -> 0 | N40: =M40/F40 -> #DIV/0! | P40: =O40/F40 -> #DIV/0! | R40: =Q40/$F40 -> #DIV/0! | S40: =SUM(O40+Q40) -> 0 | T40: =S40/F40 -> #DIV/0! | V40: =U40/F40 -> #DIV/0! | X40: =W40/F40 -> #DIV/0! | Z40: =Y40/F40 -> #DIV/0! | AB40: =AA40/$F40 -> #DIV/0! | AC40: =SUM(Y40+AA40) -> 0 | AD40: =AC40/F40 -> #DIV/0! | AF40: =AE40/F40 -> #DIV/0! | AH40: =AG40/F40 -> #DIV/0! | AJ40: =AI40/F40 -> #DIV/0! | AL40: =AK40/F40 -> #DIV/0!
D41: 45904 | E41: 四 | F41: =SUM(M41,S41,U41,W41,AC41,AE41,AG41,AI41,AK41) -> 0 | J41: =I41/F41 -> #DIV/0! | L41: =K41/F41 -> #DIV/0! | M41: =SUM(I41+K41) -> 0 | N41: =M41/F41 -> #DIV/0! | P41: =O41/F41 -> #DIV/0! | R41: =Q41/$F41 -> #DIV/0! | S41: =SUM(O41+Q41) -> 0 | T41: =S41/F41 -> #DIV/0! | V41: =U41/F41 -> #DIV/0! | X41: =W41/F41 -> #DIV/0! | Z41: =Y41/F41 -> #DIV/0! | AB41: =AA41/$F41 -> #DIV/0! | AC41: =SUM(Y41+AA41) -> 0 | AD41: =AC41/F41 -> #DIV/0! | AF41: =AE41/F41 -> #DIV/0! | AH41: =AG41/F41 -> #DIV/0! | AJ41: =AI41/F41 -> #DIV/0! | AL41: =AK41/F41 -> #DIV/0!
D42: 45905 | E42: 五 | F42: =SUM(M42,S42,U42,W42,AC42,AE42,AG42,AI42,AK42) -> 0 | J42: =I42/F42 -> #DIV/0! | L42: =K42/F42 -> #DIV/0! | M42: =SUM(I42+K42) -> 0 | N42: =M42/F42 -> #DIV/0! | P42: =O42/F42 -> #DIV/0! | R42: =Q42/$F42 -> #DIV/0! | S42: =SUM(O42+Q42) -> 0 | T42: =S42/F42 -> #DIV/0! | V42: =U42/F42 -> #DIV/0! | X42: =W42/F42 -> #DIV/0! | Z42: =Y42/F42 -> #DIV/0! | AB42: =AA42/$F42 -> #DIV/0! | AC42: =SUM(Y42+AA42) -> 0 | AD42: =AC42/F42 -> #DIV/0! | AF42: =AE42/F42 -> #DIV/0! | AH42: =AG42/F42 -> #DIV/0! | AJ42: =AI42/F42 -> #DIV/0! | AL42: =AK42/F42 -> #DIV/0!
D43: 45906 | E43: 六 | F43: =SUM(M43,S43,U43,W43,AC43,AE43,AG43,AI43,AK43) -> 0 | J43: =I43/F43 -> #DIV/0! | L43: =K43/F43 -> #DIV/0! | M43: =SUM(I43+K43) -> 0 | N43: =M43/F43 -> #DIV/0! | P43: =O43/F43 -> #DIV/0! | R43: =Q43/$F43 -> #DIV/0! | S43: =SUM(O43+Q43) -> 0 | T43: =S43/F43 -> #DIV/0! | V43: =U43/F43 -> #DIV/0! | X43: =W43/F43 -> #DIV/0! | Z43: =Y43/F43 -> #DIV/0! | AB43: =AA43/$F43 -> #DIV/0! | AC43: =SUM(Y43+AA43) -> 0 | AD43: =AC43/F43 -> #DIV/0! | AF43: =AE43/F43 -> #DIV/0! | AH43: =AG43/F43 -> #DIV/0! | AJ43: =AI43/F43 -> #DIV/0! | AL43: =AK43/F43 -> #DIV/0!
D44: 45907 | E44: 日 | F44: =SUM(M44,S44,U44,W44,AC44,AE44,AG44,AI44,AK44) -> 0 | J44: =I44/F44 -> #DIV/0! | L44: =K44/F44 -> #DIV/0! | M44: =SUM(I44+K44) -> 0 | N44: =M44/F44 -> #DIV/0! | P44: =O44/F44 -> #DIV/0! | R44: =Q44/$F44 -> #DIV/0! | S44: =SUM(O44+Q44) -> 0 | T44: =S44/F44 -> #DIV/0! | V44: =U44/F44 -> #DIV/0! | X44: =W44/F44 -> #DIV/0! | Z44: =Y44/F44 -> #DIV/0! | AB44: =AA44/$F44 -> #DIV/0! | AC44: =SUM(Y44+AA44) -> 0 | AD44: =AC44/F44 -> #DIV/0! | AF44: =AE44/F44 -> #DIV/0! | AH44: =AG44/F44 -> #DIV/0! | AJ44: =AI44/F44 -> #DIV/0! | AL44: =AK44/F44 -> #DIV/0!
D45: 45908 | E45: 一 | F45: =SUM(M45,S45,U45,W45,AC45,AE45,AG45,AI45,AK45) -> 0 | J45: =I45/F45 -> #DIV/0! | L45: =K45/F45 -> #DIV/0! | M45: =SUM(I45+K45) -> 0 | N45: =M45/F45 -> #DIV/0! | P45: =O45/F45 -> #DIV/0! | R45: =Q45/$F45 -> #DIV/0! | S45: =SUM(O45+Q45) -> 0 | T45: =S45/F45 -> #DIV/0! | V45: =U45/F45 -> #DIV/0! | X45: =W45/F45 -> #DIV/0! | Z45: =Y45/F45 -> #DIV/0! | AB45: =AA45/$F45 -> #DIV/0! | AC45: =SUM(Y45+AA45) -> 0 | AD45: =AC45/F45 -> #DIV/0! | AF45: =AE45/F45 -> #DIV/0! | AH45: =AG45/F45 -> #DIV/0! | AJ45: =AI45/F45 -> #DIV/0! | AL45: =AK45/F45 -> #DIV/0!
M46: =SUM(M7:M37) -> 40454576 | S46: =SUM(S7:S37) -> 8499452.9 | U46: =SUM(U7:U37) -> 20818277 | W46: =SUM(W7:W37) -> 491817.94 | Y46: =SUM(Y7:Y37) -> 22767164 | AA46: =SUM(AA7:AA37) -> 33820812 | AC46: =SUM(AC7:AC37) -> 56587976 | AE46: =SUM(AE7:AE37) -> 25231125 | AG46: =SUM(AG7:AG37) -> 27837423 | AI46: =SUM(AI7:AI37) -> 19439937 | AK46: =SUM(AK7:AK37) -> 13015565

Sheet （４）訂單數量構成比
B2: （4）訂單數量構成比
B3: 資料繳交日 | C3: 月份 | D3: 日期 | F3: 訂單量 | I3: 品類訂單量
I4: 18℃-飯糰 | O4: 18℃-壽司手卷 | U4: 4℃-飯糰 | W4: 4℃-壽司手卷 | Y4: 主食 | AE4: 便當 | AG4: 熱食義麵 | AI4: 季節調理麵 | AK4: 微波小吃
F5: 日 | G5: 週累積 | H5: 月累積 | I5: 一配 | K5: 二配 | M5: 合計 | O5: 一配 | Q5: 二配 | S5: 合計 | U5: 一配 | W5: 一配 | Y5: 一配 | AA5: 二配 | AC5: 合計 | AE5: 一配 | AG5: 一配 | AI5: 一配 | AK5: 一配
I6: 訂單數 | J6: 比例(%) | K6: 訂單數 | L6: 比例(%) | M6: 訂單數 | N6: 比例(%) | O6: 訂單數 | P6: 比例(%) | Q6: 訂單數 | R6: 比例(%) | S6: 訂單數 | T6: 比例(%) | U6: 訂單數 | V6: 比例(%) | W6: 訂單數 | X6: 比例(%) | Y6: 訂單數 | Z6: 比例(%) | AA6: 訂單數 | AB6: 比例(%) | AC6: 訂單數 | AD6: 比例(%) | AE6: 訂單數 | AF6: 比例(%) | AG6: 訂單數 | AH6: 比例(%) | AI6: 訂單數 | AJ6: 比例(%) | AK6: 訂單數 | AL6: 比例(%)
B7: =D19 -> 45882 | C7: 八 | D7: 45870 | E7: 五 | F7: =SUM(M7,S7,U7,W7,AC7,AE7,AG7,AI7,AK7) -> 189694 | G7: =SUM(F7:F10) -> 835562 | H7: =SUM(F7:F37) -> 6558055 | I7: 24297 | J7: =I7/F7 -> 0.12808523 | K7: 36868 | L7: =K7/F7 -> 0.19435512 | M7: =SUM(I7+K7) -> 61165 | N7: =M7/F7 -> 0.32244035 | O7: 5748 | P7: =O7/F7 -> 0.030301433 | Q7: 3941 | R7: =Q7/D7 -> 0.085916721 | S7: =SUM(O7+Q7) -> 9689 | T7: =S7/F7 -> 0.051076998 | U7: 17469 | V7: =U7/F7 -> 0.092090419 | W7: 1039 | X7: =W7/F7 -> 0.0054772423 | Y7: 19748 | Z7: =Y7/F7 -> 0.10410451 | AA7: 21070 | AB7: =AA7/D7 -> 0.45934162 | AC7: =SUM(Y7+AA7) -> 40818 | AD7: =AC7/F7 -> 0.21517813 | AE7: 14905 | AF7: =AE7/F7 -> 0.078573914 | AG7: 15386 | AH7: =AG7/F7 -> 0.081109576 | AI7: 16873 | AJ7: =AI7/F7 -> 0.088948517 | AK7: 12350 | AL7: =AK7/F7 -> 0.065104853
D8: 45871 | E8: 六 | F8: =SUM(M8,S8,U8,W8,AC8,AE8,AG8,AI8,AK8) -> 198615 | I8: 23770 | J8: =I8/F8 -> 0.11967878 | K8: 39888 | L8: =K8/F8 -> 0.20083075 | M8: =SUM(I8+K8) -> 63658 | N8: =M8/F8 -> 0.32050953 | O8: 5810 | P8: =O8/F8 -> 0.029252574 | Q8: 3881 | R8: =Q8/D8 -> 0.084606832 | S8: =SUM(O8+Q8) -> 9691 | T8: =S8/F8 -> 0.048792891 | U8: 18974 | V8: =U8/F8 -> 0.095531556 | W8: 1121 | X8: =W8/F8 -> 0.0056440853 | Y8: 20640 | Z8: =Y8/F8 -> 0.10391964 | AA8: 23039 | AB8: =AA8/D8 -> 0.50225633 | AC8: =SUM(Y8+AA8) -> 43679 | AD8: =AC8/F8 -> 0.21991793 | AE8: 15234 | AF8: =AE8/F8 -> 0.076701156 | AG8: 16085 | AH8: =AG8/F8 -> 0.080985827 | AI8: 17509 | AJ8: =AI8/F8 -> 0.088155477 | AK8: 12664 | AL8: =AK8/F8 -> 0.063761549
D9: 45872 | E9: 日 | F9: =SUM(M9,S9,U9,W9,AC9,AE9,AG9,AI9,AK9) -> 226309 | I9: 28783 | J9: =I9/F9 -> 0.12718451 | K9: 42271 | L9: =K9/F9 -> 0.18678444 | M9: =SUM(I9+K9) -> 71054 | N9: =M9/F9 -> 0.31396895 | O9: 6994 | P9: =O9/F9 -> 0.030904648 | Q9: 4382 | R9: =Q9/D9 -> 0.095526683 | S9: =SUM(O9+Q9) -> 11376 | T9: =S9/F9 -> 0.050267555 | U9: 22622 | V9: =U9/F9 -> 0.099960673 | W9: 1271 | X9: =W9/F9 -> 0.005616215 | Y9: 22207 | Z9: =Y9/F9 -> 0.098126897 | AA9: 24003 | AB9: =AA9/D9 -> 0.52326038 | AC9: =SUM(Y9+AA9) -> 46210 | AD9: =AC9/F9 -> 0.20418985 | AE9: 19050 | AF9: =AE9/F9 -> 0.084176944 | AG9: 20178 | AH9: =AG9/F9 -> 0.089161279 | AI9: 20163 | AJ9: =AI9/F9 -> 0.089094998 | AK9: 14385 | AL9: =AK9/F9 -> 0.063563535
D10: 45873 | E10: 一 | F10: =SUM(M10,S10,U10,W10,AC10,AE10,AG10,AI10,AK10) -> 220944 | I10: 27707 | J10: =I10/F10 -> 0.12540282 | K10: 41367 | L10: =K10/F10 -> 0.18722844 | M10: =SUM(I10+K10) -> 69074 | N10: =M10/F10 -> 0.31263125 | O10: 6496 | P10: =O10/F10 -> 0.029401115 | Q10: 4347 | R10: =Q10/D10 -> 0.094761624 | S10: =SUM(O10+Q10) -> 10843 | T10: =S10/F10 -> 0.049075784 | U10: 21669 | V10: =U10/F10 -> 0.098074625 | W10: 1163 | X10: =W10/F10 -> 0.0052637772 | Y10: 22556 | Z10: =Y10/F10 -> 0.10208922 | AA10: 24659 | AB10: =AA10/D10 -> 0.53754932 | AC10: =SUM(Y10+AA10) -> 47215 | AD10: =AC10/F10 -> 0.21369668 | AE10: 19050 | AF10: =AE10/F10 -> 0.086220943 | AG10: 19934 | AH10: =AG10/F10 -> 0.090221957 | AI10: 18083 | AJ10: =AI10/F10 -> 0.081844268 | AK10: 13913 | AL10: =AK10/F10 -> 0.062970708
D11: 45874 | E11: 二 | F11: =SUM(M11,S11,U11,W11,AC11,AE11,AG11,AI11,AK11) -> 237092 | G11: =SUM(F11:F17) -> 1481597 | I11: 31215 | J11: =I11/F11 -> 0.13165775 | K11: 41098 | L11: =K11/F11 -> 0.17334199 | M11: =SUM(I11+K11) -> 72313 | N11: =M11/F11 -> 0.30499975 | O11: 6557 | P11: =O11/F11 -> 0.027655931 | Q11: 4244 | R11: =Q11/D11 -> 0.092514278 | S11: =SUM(O11+Q11) -> 10801 | T11: =S11/F11 -> 0.045556155 | U11: 27130 | V11: =U11/F11 -> 0.11442815 | W11: 651 | X11: =W11/F11 -> 0.0027457696 | Y11: 30868 | Z11: =Y11/F11 -> 0.13019419 | AA11: 24259 | AB11: =AA11/D11 -> 0.52881807 | AC11: =SUM(Y11+AA11) -> 55127 | AD11: =AC11/F11 -> 0.23251312 | AE11: 19391 | AF11: =AE11/F11 -> 0.081786817 | AG11: 19755 | AH11: =AG11/F11 -> 0.083322086 | AI11: 18196 | AJ11: =AI11/F11 -> 0.076746579 | AK11: 13728 | AL11: =AK11/F11 -> 0.057901574
D12: 45875 | E12: 三 | F12: =SUM(M12,S12,U12,W12,AC12,AE12,AG12,AI12,AK12) -> 222453 | I12: 30098 | J12: =I12/F12 -> 0.13530049 | K12: 40918 | L12: =K12/F12 -> 0.18393998 | M12: =SUM(I12+K12) -> 71016 | N12: =M12/F12 -> 0.31924047 | O12: 6456 | P12: =O12/F12 -> 0.029021861 | Q12: 4188 | R12: =Q12/D12 -> 0.091291553 | S12: =SUM(O12+Q12) -> 10644 | T12: =S12/F12 -> 0.04784831 | U12: 24026 | V12: =U12/F12 -> 0.10800484 | W12: 711 | X12: =W12/F12 -> 0.0031961808 | Y12: 27469 | Z12: =Y12/F12 -> 0.12348226 | AA12: 22639 | AB12: =AA12/D12 -> 0.49349319 | AC12: =SUM(Y12+AA12) -> 50108 | AD12: =AC12/F12 -> 0.22525208 | AE12: 16348 | AF12: =AE12/F12 -> 0.073489681 | AG12: 19784 | AH12: =AG12/F12 -> 0.08893564 | AI12: 15906 | AJ12: =AI12/F12 -> 0.071502744 | AK12: 13910 | AL12: =AK12/F12 -> 0.062530063
D13: 45876 | E13: 四 | F13: =SUM(M13,S13,U13,W13,AC13,AE13,AG13,AI13,AK13) -> 211393 | I13: 29431 | J13: =I13/F13 -> 0.1392241 | K13: 39687 | L13: =K13/F13 -> 0.18774037 | M13: =SUM(I13+K13) -> 69118 | N13: =M13/F13 -> 0.32696447 | O13: 6247 | P13: =O13/F13 -> 0.029551593 | Q13: 4009 | R13: =Q13/D13 -> 0.087387741 | S13: =SUM(O13+Q13) -> 10256 | T13: =S13/F13 -> 0.048516271 | U13: 23164 | V13: =U13/F13 -> 0.1095779 | W13: 706 | X13: =W13/F13 -> 0.0033397511 | Y13: 25319 | Z13: =Y13/F13 -> 0.11977218 | AA13: 19736 | AB13: =AA13/D13 -> 0.43020316 | AC13: =SUM(Y13+AA13) -> 45055 | AD13: =AC13/F13 -> 0.21313383 | AE13: 15331 | AF13: =AE13/F13 -> 0.072523688 | AG13: 18575 | AH13: =AG13/F13 -> 0.087869513 | AI13: 15865 | AJ13: =AI13/F13 -> 0.075049789 | AK13: 13323 | AL13: =AK13/F13 -> 0.063024793
D14: 45877 | E14: 五 | F14: =SUM(M14,S14,U14,W14,AC14,AE14,AG14,AI14,AK14) -> 189264 | I14: 26474 | J14: =I14/F14 -> 0.13987869 | K14: 37685 | L14: =K14/F14 -> 0.19911341 | M14: =SUM(I14+K14) -> 64159 | N14: =M14/F14 -> 0.3389921 | O14: 5418 | P14: =O14/F14 -> 0.02862668 | Q14: 3800 | R14: =Q14/D14 -> 0.082830176 | S14: =SUM(O14+Q14) -> 9218 | T14: =S14/F14 -> 0.048704455 | U14: 20286 | V14: =U14/F14 -> 0.10718362 | W14: 644 | X14: =W14/F14 -> 0.0034026545 | Y14: 21678 | Z14: =Y14/F14 -> 0.11453842 | AA14: 19043 | AB14: =AA14/D14 -> 0.41508817 | AC14: =SUM(Y14+AA14) -> 40721 | AD14: =AC14/F14 -> 0.21515449 | AE14: 12595 | AF14: =AE14/F14 -> 0.066547257 | AG14: 14396 | AH14: =AG14/F14 -> 0.076063065 | AI14: 15074 | AJ14: =AI14/F14 -> 0.079645363 | AK14: 12171 | AL14: =AK14/F14 -> 0.064307
D15: 45878 | E15: 六 | F15: =SUM(M15,S15,U15,W15,AC15,AE15,AG15,AI15,AK15) -> 192323 | I15: 25438 | J15: =I15/F15 -> 0.13226707 | K15: 40276 | L15: =K15/F15 -> 0.20941853 | M15: =SUM(I15+K15) -> 65714 | N15: =M15/F15 -> 0.3416856 | O15: 5422 | P15: =O15/F15 -> 0.028192156 | Q15: 3828 | R15: =Q15/D15 -> 0.083438685 | S15: =SUM(O15+Q15) -> 9250 | T15: =S15/F15 -> 0.048096172 | U15: 21476 | V15: =U15/F15 -> 0.11166631 | W15: 562 | X15: =W15/F15 -> 0.0029221674 | Y15: 19618 | Z15: =Y15/F15 -> 0.10200548 | AA15: 20751 | AB15: =AA15/D15 -> 0.4523083 | AC15: =SUM(Y15+AA15) -> 40369 | AD15: =AC15/F15 -> 0.20990209 | AE15: 12433 | AF15: =AE15/F15 -> 0.064646454 | AG15: 14047 | AH15: =AG15/F15 -> 0.073038586 | AI15: 16291 | AJ15: =AI15/F15 -> 0.084706457 | AK15: 12181 | AL15: =AK15/F15 -> 0.063336158
D16: 45879 | E16: 日 | F16: =SUM(M16,S16,U16,W16,AC16,AE16,AG16,AI16,AK16) -> 216752 | I16: 30754 | J16: =I16/F16 -> 0.14188566 | K16: 42713 | L16: =K16/F16 -> 0.19705931 | M16: =SUM(I16+K16) -> 73467 | N16: =M16/F16 -> 0.33894497 | O16: 6692 | P16: =O16/F16 -> 0.030873994 | Q16: 4244 | R16: =Q16/D16 -> 0.092504196 | S16: =SUM(O16+Q16) -> 10936 | T16: =S16/F16 -> 0.050453975 | U16: 24468 | V16: =U16/F16 -> 0.11288477 | W16: 532 | X16: =W16/F16 -> 0.002454418 | Y16: 22266 | Z16: =Y16/F16 -> 0.1027257 | AA16: 20884 | AB16: =AA16/D16 -> 0.45519737 | AC16: =SUM(Y16+AA16) -> 43150 | AD16: =AC16/F16 -> 0.19907544 | AE16: 15278 | AF16: =AE16/F16 -> 0.070486085 | AG16: 18430 | AH16: =AG16/F16 -> 0.08502805 | AI16: 16716 | AJ16: =AI16/F16 -> 0.077120396 | AK16: 13775 | AL16: =AK16/F16 -> 0.063551893
D17: 45880 | E17: 一 | F17: =SUM(M17,S17,U17,W17,AC17,AE17,AG17,AI17,AK17) -> 212320 | I17: 30064 | J17: =I17/F17 -> 0.14159759 | K17: 41846 | L17: =K17/F17 -> 0.1970893 | M17: =SUM(I17+K17) -> 71910 | N17: =M17/F17 -> 0.33868689 | O17: 6405 | P17: =O17/F17 -> 0.030166729 | Q17: 4199 | R17: =Q17/D17 -> 0.09152136 | S17: =SUM(O17+Q17) -> 10604 | T17: =S17/F17 -> 0.049943482 | U17: 22841 | V17: =U17/F17 -> 0.10757818 | W17: 545 | X17: =W17/F17 -> 0.0025668802 | Y17: 22697 | Z17: =Y17/F17 -> 0.10689996 | AA17: 21413 | AB17: =AA17/D17 -> 0.46671752 | AC17: =SUM(Y17+AA17) -> 44110 | AD17: =AC17/F17 -> 0.20775245 | AE17: 14604 | AF17: =AE17/F17 -> 0.068782969 | AG17: 17867 | AH17: =AG17/F17 -> 0.084151281 | AI17: 16601 | AJ17: =AI17/F17 -> 0.078188583 | AK17: 13238 | AL17: =AK17/F17 -> 0.062349284
B18: =D26 -> 45889 | D18: 45881 | E18: 二 | F18: =SUM(M18,S18,U18,W18,AC18,AE18,AG18,AI18,AK18) -> 224380 | G18: =SUM(F18:F24) -> 1480470 | I18: 29738 | J18: =I18/F18 -> 0.13253409 | K18: 40317 | L18: =K18/F18 -> 0.17968179 | M18: =SUM(I18+K18) -> 70055 | N18: =M18/F18 -> 0.31221588 | O18: 6102 | P18: =O18/F18 -> 0.027194937 | Q18: 4030 | R18: =Q18/D18 -> 0.087835923 | S18: =SUM(O18+Q18) -> 10132 | T18: =S18/F18 -> 0.04515554 | U18: 21828 | V18: =U18/F18 -> 0.097281398 | W18: 506 | X18: =W18/F18 -> 0.002255103 | Y18: 27791 | Z18: =Y18/F18 -> 0.12385685 | AA18: 22172 | AB18: =AA18/D18 -> 0.48325015 | AC18: =SUM(Y18+AA18) -> 49963 | AD18: =AC18/F18 -> 0.22267136 | AE18: 15650 | AF18: =AE18/F18 -> 0.069747749 | AG18: 25790 | AH18: =AG18/F18 -> 0.11493894 | AI18: 16882 | AJ18: =AI18/F18 -> 0.075238435 | AK18: 13574 | AL18: =AK18/F18 -> 0.060495588
D19: 45882 | E19: 三 | F19: =SUM(M19,S19,U19,W19,AC19,AE19,AG19,AI19,AK19) -> 220130 | I19: 28877 | J19: =I19/F19 -> 0.13118157 | K19: 40445 | L19: =K19/F19 -> 0.18373234 | M19: =SUM(I19+K19) -> 69322 | N19: =M19/F19 -> 0.31491391 | O19: 5845 | P19: =O19/F19 -> 0.026552492 | Q19: 4084 | R19: =Q19/D19 -> 0.089010941 | S19: =SUM(O19+Q19) -> 9929 | T19: =S19/F19 -> 0.045105165 | U19: 22470 | V19: =U19/F19 -> 0.10207605 | W19: 516 | X19: =W19/F19 -> 0.0023440694 | Y19: 27430 | Z19: =Y19/F19 -> 0.12460819 | AA19: 21391 | AB19: =AA19/D19 -> 0.46621769 | AC19: =SUM(Y19+AA19) -> 48821 | AD19: =AC19/F19 -> 0.22178258 | AE19: 15236 | AF19: =AE19/F19 -> 0.069213646 | AG19: 22394 | AH19: =AG19/F19 -> 0.1017308 | AI19: 17604 | AJ19: =AI19/F19 -> 0.079970926 | AK19: 13838 | AL19: =AK19/F19 -> 0.062862854
D20: 45883 | E20: 四 | F20: =SUM(M20,S20,U20,W20,AC20,AE20,AG20,AI20,AK20) -> 214387 | I20: 29541 | J20: =I20/F20 -> 0.13779287 | K20: 39657 | L20: =K20/F20 -> 0.18497857 | M20: =SUM(I20+K20) -> 69198 | N20: =M20/F20 -> 0.32277144 | O20: 5970 | P20: =O20/F20 -> 0.027846838 | Q20: 4027 | R20: =Q20/D20 -> 0.087766711 | S20: =SUM(O20+Q20) -> 9997 | T20: =S20/F20 -> 0.046630626 | U20: 21447 | V20: =U20/F20 -> 0.10003872 | W20: 514 | X20: =W20/F20 -> 0.0023975334 | Y20: 24388 | Z20: =Y20/F20 -> 0.1137569 | AA20: 21528 | AB20: =AA20/D20 -> 0.46919338 | AC20: =SUM(Y20+AA20) -> 45916 | AD20: =AC20/F20 -> 0.21417343 | AE20: 14615 | AF20: =AE20/F20 -> 0.068171111 | AG20: 21330 | AH20: =AG20/F20 -> 0.099492973 | AI20: 18057 | AJ20: =AI20/F20 -> 0.084226189 | AK20: 13313 | AL20: =AK20/F20 -> 0.062097982
D21: 45884 | E21: 五 | F21: =SUM(M21,S21,U21,W21,AC21,AE21,AG21,AI21,AK21) -> 194099 | I21: 25248 | J21: =I21/F21 -> 0.13007795 | K21: 36751 | L21: =K21/F21 -> 0.18934152 | M21: =SUM(I21+K21) -> 61999 | N21: =M21/F21 -> 0.31941947 | O21: 5223 | P21: =O21/F21 -> 0.026908949 | Q21: 3692 | R21: =Q21/D21 -> 0.080463778 | S21: =SUM(O21+Q21) -> 8915 | T21: =S21/F21 -> 0.04593017 | U21: 18829 | V21: =U21/F21 -> 0.097007197 | W21: 472 | X21: =W21/F21 -> 0.0024317487 | Y21: 23205 | Z21: =Y21/F21 -> 0.11955239 | AA21: 22044 | AB21: =AA21/D21 -> 0.48042891 | AC21: =SUM(Y21+AA21) -> 45249 | AD21: =AC21/F21 -> 0.2331233 | AE21: 13175 | AF21: =AE21/F21 -> 0.067877732 | AG21: 16516 | AH21: =AG21/F21 -> 0.085090598 | AI21: 16257 | AJ21: =AI21/F21 -> 0.083756227 | AK21: 12687 | AL21: =AK21/F21 -> 0.065363552
D22: 45885 | E22: 六 | F22: =SUM(M22,S22,U22,W22,AC22,AE22,AG22,AI22,AK22) -> 193782 | I22: 24555 | J22: =I22/F22 -> 0.12671456 | K22: 39550 | L22: =K22/F22 -> 0.20409532 | M22: =SUM(I22+K22) -> 64105 | N22: =M22/F22 -> 0.33080988 | O22: 5197 | P22: =O22/F22 -> 0.026818796 | Q22: 3667 | R22: =Q22/D22 -> 0.079917184 | S22: =SUM(O22+Q22) -> 8864 | T22: =S22/F22 -> 0.045742123 | U22: 18536 | V22: =U22/F22 -> 0.095653879 | W22: 500 | X22: =W22/F22 -> 0.002580219 | Y22: 22067 | Z22: =Y22/F22 -> 0.11387539 | AA22: 21393 | AB22: =AA22/D22 -> 0.46623079 | AC22: =SUM(Y22+AA22) -> 43460 | AD22: =AC22/F22 -> 0.22427264 | AE22: 13240 | AF22: =AE22/F22 -> 0.068324199 | AG22: 17674 | AH22: =AG22/F22 -> 0.091205582 | AI22: 15045 | AJ22: =AI22/F22 -> 0.07763879 | AK22: 12358 | AL22: =AK22/F22 -> 0.063772693
D23: 45886 | E23: 日 | F23: =SUM(M23,S23,U23,W23,AC23,AE23,AG23,AI23,AK23) -> 218883 | I23: 30082 | J23: =I23/F23 -> 0.13743415 | K23: 42584 | L23: =K23/F23 -> 0.19455143 | M23: =SUM(I23+K23) -> 72666 | N23: =M23/F23 -> 0.33198558 | O23: 6525 | P23: =O23/F23 -> 0.029810447 | Q23: 4143 | R23: =Q23/D23 -> 0.090288977 | S23: =SUM(O23+Q23) -> 10668 | T23: =S23/F23 -> 0.048738367 | U23: 21957 | V23: =U23/F23 -> 0.10031387 | W23: 481 | X23: =W23/F23 -> 0.0021975211 | Y23: 23596 | Z23: =Y23/F23 -> 0.10780189 | AA23: 21095 | AB23: =AA23/D23 -> 0.45972628 | AC23: =SUM(Y23+AA23) -> 44691 | AD23: =AC23/F23 -> 0.20417757 | AE23: 15943 | AF23: =AE23/F23 -> 0.072838 | AG23: 21313 | AH23: =AG23/F23 -> 0.097371655 | AI23: 17338 | AJ23: =AI23/F23 -> 0.079211268 | AK23: 13826 | AL23: =AK23/F23 -> 0.063166166
D24: 45887 | E24: 一 | F24: =SUM(M24,S24,U24,W24,AC24,AE24,AG24,AI24,AK24) -> 214809 | I24: 29864 | J24: =I24/F24 -> 0.13902583 | K24: 45412 | L24: =K24/F24 -> 0.21140641 | M24: =SUM(I24+K24) -> 75276 | N24: =M24/F24 -> 0.35043224 | O24: 6222 | P24: =O24/F24 -> 0.028965267 | Q24: 4233 | R24: =Q24/D24 -> 0.092248349 | S24: =SUM(O24+Q24) -> 10455 | T24: =S24/F24 -> 0.048671145 | U24: 21370 | V24: =U24/F24 -> 0.099483727 | W24: 490 | X24: =W24/F24 -> 0.0022810962 | Y24: 23001 | Z24: =Y24/F24 -> 0.10707652 | AA24: 20547 | AB24: =AA24/D24 -> 0.44777388 | AC24: =SUM(Y24+AA24) -> 43548 | AD24: =AC24/F24 -> 0.20272894 | AE24: 15782 | AF24: =AE24/F24 -> 0.07346992 | AG24: 16580 | AH24: =AG24/F24 -> 0.077184848 | AI24: 17705 | AJ24: =AI24/F24 -> 0.082422059 | AK24: 13603 | AL24: =AK24/F24 -> 0.063326025
B25: =D33 -> 45896 | D25: 45888 | E25: 二 | F25: =SUM(M25,S25,U25,W25,AC25,AE25,AG25,AI25,AK25) -> 237868 | G25: =SUM(F25:F31) -> 1526628 | I25: 33069 | J25: =I25/F25 -> 0.13902248 | K25: 45244 | L25: =K25/F25 -> 0.19020633 | M25: =SUM(I25+K25) -> 78313 | N25: =M25/F25 -> 0.32922882 | O25: 9326 | P25: =O25/F25 -> 0.039206619 | Q25: 4335 | R25: =Q25/D25 -> 0.094469142 | S25: =SUM(O25+Q25) -> 13661 | T25: =S25/F25 -> 0.057431012 | U25: 21093 | V25: =U25/F25 -> 0.088675232 | W25: 500 | X25: =W25/F25 -> 0.0021020062 | Y25: 23898 | Z25: =Y25/F25 -> 0.10046749 | AA25: 20781 | AB25: =AA25/D25 -> 0.45286349 | AC25: =SUM(Y25+AA25) -> 44679 | AD25: =AC25/F25 -> 0.18783107 | AE25: 15477 | AF25: =AE25/F25 -> 0.065065499 | AG25: 24866 | AH25: =AG25/F25 -> 0.10453697 | AI25: 16634 | AJ25: =AI25/F25 -> 0.069929541 | AK25: 22645 | AL25: =AK25/F25 -> 0.095199859
D26: 45889 | E26: 三 | F26: =SUM(M26,S26,U26,W26,AC26,AE26,AG26,AI26,AK26) -> 229442 | I26: 32220 | J26: =I26/F26 -> 0.14042765 | K26: 45155 | L26: =K26/F26 -> 0.19680355 | M26: =SUM(I26+K26) -> 77375 | N26: =M26/F26 -> 0.3372312 | O26: 8196 | P26: =O26/F26 -> 0.035721446 | Q26: 4237 | R26: =Q26/D26 -> 0.092331496 | S26: =SUM(O26+Q26) -> 12433 | T26: =S26/F26 -> 0.054187987 | U26: 21014 | V26: =U26/F26 -> 0.091587416 | W26: 487 | X26: =W26/F26 -> 0.0021225408 | Y26: 23915 | Z26: =Y26/F26 -> 0.10423113 | AA26: 20603 | AB26: =AA26/D26 -> 0.4489747 | AC26: =SUM(Y26+AA26) -> 44518 | AD26: =AC26/F26 -> 0.19402725 | AE26: 15065 | AF26: =AE26/F26 -> 0.065659295 | AG26: 21348 | AH26: =AG26/F26 -> 0.093043122 | AI26: 18480 | AJ26: =AI26/F26 -> 0.080543231 | AK26: 18722 | AL26: =AK26/F26 -> 0.081597964
D27: 45890 | E27: 四 | F27: =SUM(M27,S27,U27,W27,AC27,AE27,AG27,AI27,AK27) -> 218054 | I27: 30841 | J27: =I27/F27 -> 0.14143744 | K27: 42362 | L27: =K27/F27 -> 0.19427298 | M27: =SUM(I27+K27) -> 73203 | N27: =M27/F27 -> 0.33571042 | O27: 7728 | P27: =O27/F27 -> 0.035440762 | Q27: 4256 | R27: =Q27/D27 -> 0.092743517 | S27: =SUM(O27+Q27) -> 11984 | T27: =S27/F27 -> 0.054958863 | U27: 19752 | V27: =U27/F27 -> 0.090583067 | W27: 448 | X27: =W27/F27 -> 0.0020545369 | Y27: 22755 | Z27: =Y27/F27 -> 0.10435488 | AA27: 19291 | AB27: =AA27/D27 -> 0.42037481 | AC27: =SUM(Y27+AA27) -> 42046 | AD27: =AC27/F27 -> 0.1928238 | AE27: 14624 | AF27: =AE27/F27 -> 0.067065956 | AG27: 20445 | AH27: =AG27/F27 -> 0.093761178 | AI27: 17703 | AJ27: =AI27/F27 -> 0.081186312 | AK27: 17849 | AL27: =AK27/F27 -> 0.081855871
D28: 45891 | E28: 五 | F28: =SUM(M28,S28,U28,W28,AC28,AE28,AG28,AI28,AK28) -> 195390 | I28: 27396 | J28: =I28/F28 -> 0.14021188 | K28: 39705 | L28: =K28/F28 -> 0.20320897 | M28: =SUM(I28+K28) -> 67101 | N28: =M28/F28 -> 0.34342085 | O28: 7065 | P28: =O28/F28 -> 0.036158452 | Q28: 3680 | R28: =Q28/D28 -> 0.080190015 | S28: =SUM(O28+Q28) -> 10745 | T28: =S28/F28 -> 0.054992579 | U28: 17065 | V28: =U28/F28 -> 0.087338144 | W28: 423 | X28: =W28/F28 -> 0.002164901 | Y28: 21641 | Z28: =Y28/F28 -> 0.11075797 | AA28: 19340 | AB28: =AA28/D28 -> 0.4214334 | AC28: =SUM(Y28+AA28) -> 40981 | AD28: =AC28/F28 -> 0.2097395 | AE28: 12098 | AF28: =AE28/F28 -> 0.061917191 | AG28: 16376 | AH28: =AG28/F28 -> 0.083811863 | AI28: 15117 | AJ28: =AI28/F28 -> 0.07736834 | AK28: 15484 | AL28: =AK28/F28 -> 0.079246635
D29: 45892 | E29: 六 | F29: =SUM(M29,S29,U29,W29,AC29,AE29,AG29,AI29,AK29) -> 198181 | I29: 26435 | J29: =I29/F29 -> 0.13338817 | K29: 41426 | L29: =K29/F29 -> 0.20903114 | M29: =SUM(I29+K29) -> 67861 | N29: =M29/F29 -> 0.3424193 | O29: 6850 | P29: =O29/F29 -> 0.034564363 | Q29: 3721 | R29: =Q29/D29 -> 0.08108167 | S29: =SUM(O29+Q29) -> 10571 | T29: =S29/F29 -> 0.053340128 | U29: 17062 | V29: =U29/F29 -> 0.086093016 | W29: 442 | X29: =W29/F29 -> 0.0022302844 | Y29: 21814 | Z29: =Y29/F29 -> 0.1100711 | AA29: 20850 | AB29: =AA29/D29 -> 0.45432755 | AC29: =SUM(Y29+AA29) -> 42664 | AD29: =AC29/F29 -> 0.21527795 | AE29: 12312 | AF29: =AE29/F29 -> 0.062125027 | AG29: 16805 | AH29: =AG29/F29 -> 0.084796222 | AI29: 14710 | AJ29: =AI29/F29 -> 0.074225077 | AK29: 15754 | AL29: =AK29/F29 -> 0.079492989
D30: 45893 | E30: 日 | F30: =SUM(M30,S30,U30,W30,AC30,AE30,AG30,AI30,AK30) -> 227099 | I30: 32268 | J30: =I30/F30 -> 0.14208781 | K30: 44789 | L30: =K30/F30 -> 0.19722236 | M30: =SUM(I30+K30) -> 77057 | N30: =M30/F30 -> 0.33931017 | O30: 8839 | P30: =O30/F30 -> 0.038921351 | Q30: 4118 | R30: =Q30/D30 -> 0.08973046 | S30: =SUM(O30+Q30) -> 12957 | T30: =S30/F30 -> 0.057054412 | U30: 20712 | V30: =U30/F30 -> 0.091202515 | W30: 470 | X30: =W30/F30 -> 0.002069582 | Y30: 24570 | Z30: =Y30/F30 -> 0.1081907 | AA30: 21076 | AB30: =AA30/D30 -> 0.45924215 | AC30: =SUM(Y30+AA30) -> 45646 | AD30: =AC30/F30 -> 0.20099604 | AE30: 15094 | AF30: =AE30/F30 -> 0.066464405 | AG30: 19751 | AH30: =AG30/F30 -> 0.086970881 | AI30: 17676 | AJ30: =AI30/F30 -> 0.077833896 | AK30: 17736 | AL30: =AK30/F30 -> 0.078098098
D31: 45894 | E31: 一 | F31: =SUM(M31,S31,U31,W31,AC31,AE31,AG31,AI31,AK31) -> 220594 | I31: 31302 | J31: =I31/F31 -> 0.14189869 | K31: 43722 | L31: =K31/F31 -> 0.19820122 | M31: =SUM(I31+K31) -> 75024 | N31: =M31/F31 -> 0.34009991 | O31: 7492 | P31: =O31/F31 -> 0.033962846 | Q31: 4109 | R31: =Q31/D31 -> 0.089532401 | S31: =SUM(O31+Q31) -> 11601 | T31: =S31/F31 -> 0.052589826 | U31: 20564 | V31: =U31/F31 -> 0.09322103 | W31: 438 | X31: =W31/F31 -> 0.0019855481 | Y31: 24279 | Z31: =Y31/F31 -> 0.11006192 | AA31: 21132 | AB31: =AA31/D31 -> 0.46045235 | AC31: =SUM(Y31+AA31) -> 45411 | AD31: =AC31/F31 -> 0.20585782 | AE31: 14625 | AF31: =AE31/F31 -> 0.066298267 | AG31: 18404 | AH31: =AG31/F31 -> 0.083429286 | AI31: 17615 | AJ31: =AI31/F31 -> 0.07985258 | AK31: 16912 | AL31: =AK31/F31 -> 0.07666573
B32: =D40 -> 45903 | D32: 45895 | E32: 二 | F32: =SUM(M32,S32,U32,W32,AC32,AE32,AG32,AI32,AK32) -> 215808 | G32: =SUM(F32:F38) -> 1233798 | I32: 31023 | J32: =I32/F32 -> 0.14375278 | K32: 42788 | L32: =K32/F32 -> 0.19826883 | M32: =SUM(I32+K32) -> 73811 | N32: =M32/F32 -> 0.34202161 | O32: 7316 | P32: =O32/F32 -> 0.033900504 | Q32: 3926 | R32: =Q32/D32 -> 0.085543087 | S32: =SUM(O32+Q32) -> 11242 | T32: =S32/F32 -> 0.052092601 | U32: 19575 | V32: =U32/F32 -> 0.090705627 | W32: 439 | X32: =W32/F32 -> 0.0020342156 | Y32: 23857 | Z32: =Y32/F32 -> 0.11054734 | AA32: 20246 | AB32: =AA32/D32 -> 0.44113738 | AC32: =SUM(Y32+AA32) -> 44103 | AD32: =AC32/F32 -> 0.20436221 | AE32: 13683 | AF32: =AE32/F32 -> 0.063403581 | AG32: 19475 | AH32: =AG32/F32 -> 0.090242252 | AI32: 17320 | AJ32: =AI32/F32 -> 0.080256524 | AK32: 16160 | AL32: =AK32/F32 -> 0.074881376
D33: 45896 | E33: 三 | F33: =SUM(M33,S33,U33,W33,AC33,AE33,AG33,AI33,AK33) -> 211789 | I33: 30486 | J33: =I33/F33 -> 0.14394515 | K33: 42192 | L33: =K33/F33 -> 0.19921715 | M33: =SUM(I33+K33) -> 72678 | N33: =M33/F33 -> 0.3431623 | O33: 7281 | P33: =O33/F33 -> 0.034378556 | Q33: 3825 | R33: =Q33/D33 -> 0.083340596 | S33: =SUM(O33+Q33) -> 11106 | T33: =S33/F33 -> 0.052438984 | U33: 19025 | V33: =U33/F33 -> 0.089829972 | W33: 414 | X33: =W33/F33 -> 0.0019547757 | Y33: 23332 | Z33: =Y33/F33 -> 0.11016625 | AA33: 19033 | AB33: =AA33/D33 -> 0.41469845 | AC33: =SUM(Y33+AA33) -> 42365 | AD33: =AC33/F33 -> 0.200034 | AE33: 13625 | AF33: =AE33/F33 -> 0.064332897 | AG33: 18609 | AH33: =AG33/F33 -> 0.087865753 | AI33: 17609 | AJ33: =AI33/F33 -> 0.083144073 | AK33: 16358 | AL33: =AK33/F33 -> 0.07723725
D34: 45897 | E34: 四 | F34: =SUM(M34,S34,U34,W34,AC34,AE34,AG34,AI34,AK34) -> 204538 | I34: 30126 | J34: =I34/F34 -> 0.14728803 | K34: 40409 | L34: =K34/F34 -> 0.19756231 | M34: =SUM(I34+K34) -> 70535 | N34: =M34/F34 -> 0.34485035 | O34: 7062 | P34: =O34/F34 -> 0.034526592 | Q34: 3865 | R34: =Q34/D34 -> 0.084210297 | S34: =SUM(O34+Q34) -> 10927 | T34: =S34/F34 -> 0.053422836 | U34: 18405 | V34: =U34/F34 -> 0.089983279 | W34: 418 | X34: =W34/F34 -> 0.00204363 | Y34: 22739 | Z34: =Y34/F34 -> 0.1111725 | AA34: 18478 | AB34: =AA34/D34 -> 0.40259712 | AC34: =SUM(Y34+AA34) -> 41217 | AD34: =AC34/F34 -> 0.20151268 | AE34: 13034 | AF34: =AE34/F34 -> 0.0637241 | AG34: 17024 | AH34: =AG34/F34 -> 0.083231478 | AI34: 16695 | AJ34: =AI34/F34 -> 0.081622975 | AK34: 16283 | AL34: =AK34/F34 -> 0.079608679
D35: 45898 | E35: 五 | F35: =SUM(M35,S35,U35,W35,AC35,AE35,AG35,AI35,AK35) -> 187591 | I35: 25996 | J35: =I35/F35 -> 0.13857808 | K35: 38790 | L35: =K35/F35 -> 0.20677964 | M35: =SUM(I35+K35) -> 64786 | N35: =M35/F35 -> 0.34535772 | O35: 6093 | P35: =O35/F35 -> 0.032480236 | Q35: 3511 | R35: =Q35/D35 -> 0.076495708 | S35: =SUM(O35+Q35) -> 9604 | T35: =S35/F35 -> 0.051196486 | U35: 16655 | V35: =U35/F35 -> 0.088783577 | W35: 396 | X35: =W35/F35 -> 0.0021109755 | Y35: 21278 | Z35: =Y35/F35 -> 0.11342762 | AA35: 18452 | AB35: =AA35/D35 -> 0.40202187 | AC35: =SUM(Y35+AA35) -> 39730 | AD35: =AC35/F35 -> 0.21179054 | AE35: 11269 | AF35: =AE35/F35 -> 0.060072178 | AG35: 14420 | AH35: =AG35/F35 -> 0.076869359 | AI35: 15865 | AJ35: =AI35/F35 -> 0.084572288 | AK35: 14866 | AL35: =AK35/F35 -> 0.079246872
D36: 45899 | E36: 六 | F36: =SUM(M36,S36,U36,W36,AC36,AE36,AG36,AI36,AK36) -> 193659 | I36: 25439 | J36: =I36/F36 -> 0.13135976 | K36: 41873 | L36: =K36/F36 -> 0.21622026 | M36: =SUM(I36+K36) -> 67312 | N36: =M36/F36 -> 0.34758002 | O36: 6067 | P36: =O36/F36 -> 0.031328263 | Q36: 3572 | R36: =Q36/D36 -> 0.077823046 | S36: =SUM(O36+Q36) -> 9639 | T36: =S36/F36 -> 0.049773055 | U36: 17820 | V36: =U36/F36 -> 0.092017412 | W36: 435 | X36: =W36/F36 -> 0.0022462163 | Y36: 19048 | Z36: =Y36/F36 -> 0.098358455 | AA36: 21077 | AB36: =AA36/D36 -> 0.4592039 | AC36: =SUM(Y36+AA36) -> 40125 | AD36: =AC36/F36 -> 0.20719409 | AE36: 12358 | AF36: =AE36/F36 -> 0.063813197 | AG36: 14650 | AH36: =AG36/F36 -> 0.075648434 | AI36: 16045 | AJ36: =AI36/F36 -> 0.082851817 | AK36: 15275 | AL36: =AK36/F36 -> 0.078875756
D37: 45900 | E37: 日 | F37: =SUM(M37,S37,U37,W37,AC37,AE37,AG37,AI37,AK37) -> 220413 | I37: 31875 | J37: =I37/F37 -> 0.14461488 | K37: 44645 | L37: =K37/F37 -> 0.20255157 | M37: =SUM(I37+K37) -> 76520 | N37: =M37/F37 -> 0.34716646 | O37: 7833 | P37: =O37/F37 -> 0.035537831 | Q37: 4011 | R37: =Q37/D37 -> 0.087385621 | S37: =SUM(O37+Q37) -> 11844 | T37: =S37/F37 -> 0.053735487 | U37: 20430 | V37: =U37/F37 -> 0.092689633 | W37: 457 | X37: =W37/F37 -> 0.0020733804 | Y37: 22740 | Z37: =Y37/F37 -> 0.10316996 | AA37: 20531 | AB37: =AA37/D37 -> 0.44729847 | AC37: =SUM(Y37+AA37) -> 43271 | AD37: =AC37/F37 -> 0.19631782 | AE37: 14486 | AF37: =AE37/F37 -> 0.065722076 | AG37: 18564 | AH37: =AG37/F37 -> 0.084223707 | AI37: 16890 | AJ37: =AI37/F37 -> 0.076628874 | AK37: 17951 | AL37: =AK37/F37 -> 0.081442565
D38: 45901 | E38: 一 | F38: =SUM(M38,S38,U38,W38,AC38,AE38,AG38,AI38,AK38) -> 0 | J38: =I38/F38 -> #DIV/0! | L38: =K38/F38 -> #DIV/0! | M38: =SUM(I38+K38) -> 0 | N38: =M38/F38 -> #DIV/0! | P38: =O38/F38 -> #DIV/0! | R38: =Q38/D38 -> 0 | S38: =SUM(O38+Q38) -> 0 | T38: =S38/F38 -> #DIV/0! | V38: =U38/F38 -> #DIV/0! | X38: =W38/F38 -> #DIV/0! | Z38: =Y38/F38 -> #DIV/0! | AB38: =AA38/D38 -> 0 | AC38: =SUM(Y38+AA38) -> 0 | AD38: =AC38/F38 -> #DIV/0! | AF38: =AE38/F38 -> #DIV/0! | AH38: =AG38/F38 -> #DIV/0! | AJ38: =AI38/F38 -> #DIV/0! | AL38: =AK38/F38 -> #DIV/0!
D39: 45902 | E39: 二 | F39: =SUM(M39,S39,U39,W39,AC39,AE39,AG39,AI39,AK39) -> 0 | G39: =SUM(F39:F45) -> 0 | J39: =I39/F39 -> #DIV/0! | L39: =K39/F39 -> #DIV/0! | M39: =SUM(I39+K39) -> 0 | N39: =M39/F39 -> #DIV/0! | P39: =O39/F39 -> #DIV/0! | R39: =Q39/D39 -> 0 | S39: =SUM(O39+Q39) -> 0 | T39: =S39/F39 -> #DIV/0! | V39: =U39/F39 -> #DIV/0! | X39: =W39/F39 -> #DIV/0! | Z39: =Y39/F39 -> #DIV/0! | AB39: =AA39/D39 -> 0 | AC39: =SUM(Y39+AA39) -> 0 | AD39: =AC39/F39 -> #DIV/0! | AF39: =AE39/F39 -> #DIV/0! | AH39: =AG39/F39 -> #DIV/0! | AJ39: =AI39/F39 -> #DIV/0! | AL39: =AK39/F39 -> #DIV/0!
D40: 45903 | E40: 三 | F40: =SUM(M40,S40,U40,W40,AC40,AE40,AG40,AI40,AK40) -> 0 | J40: =I40/F40 -> #DIV/0! | L40: =K40/F40 -> #DIV/0! | M40: =SUM(I40+K40) -> 0 | N40: =M40/F40 -> #DIV/0! | P40: =O40/F40 -> #DIV/0! | R40: =Q40/D40 -> 0 | S40: =SUM(O40+Q40) -> 0 | T40: =S40/F40 -> #DIV/0! | V40: =U40/F40 -> #DIV/0! | X40: =W40/F40 -> #DIV/0! | Z40: =Y40/F40 -> #DIV/0! | AB40: =AA40/D40 -> 0 | AC40: =SUM(Y40+AA40) -> 0 | AD40: =AC40/F40 -> #DIV/0! | AF40: =AE40/F40 -> #DIV/0! | AH40: =AG40/F40 -> #DIV/0! | AJ40: =AI40/F40 -> #DIV/0! | AL40: =AK40/F40 -> #DIV/0!
D41: 45904 | E41: 四 | F41: =SUM(M41,S41,U41,W41,AC41,AE41,AG41,AI41,AK41) -> 0 | J41: =I41/F41 -> #DIV/0! | L41: =K41/F41 -> #DIV/0! | M41: =SUM(I41+K41) -> 0 | N41: =M41/F41 -> #DIV/0! | P41: =O41/F41 -> #DIV/0! | R41: =Q41/D41 -> 0 | S41: =SUM(O41+Q41) -> 0 | T41: =S41/F41 -> #DIV/0! | V41: =U41/F41 -> #DIV/0! | X41: =W41/F41 -> #DIV/0! | Z41: =Y41/F41 -> #DIV/0! | AB41: =AA41/D41 -> 0 | AC41: =SUM(Y41+AA41) -> 0 | AD41: =AC41/F41 -> #DIV/0! | AF41: =AE41/F41 -> #DIV/0! | AH41: =AG41/F41 -> #DIV/0! | AJ41: =AI41/F41 -> #DIV/0! | AL41: =AK41/F41 -> #DIV/0!
D42: 45905 | E42: 五 | F42: =SUM(M42,S42,U42,W42,AC42,AE42,AG42,AI42,AK42) -> 0 | J42: =I42/F42 -> #DIV/0! | L42: =K42/F42 -> #DIV/0! | M42: =SUM(I42+K42) -> 0 | N42: =M42/F42 -> #DIV/0! | P42: =O42/F42 -> #DIV/0! | R42: =Q42/D42 -> 0 | S42: =SUM(O42+Q42) -> 0 | T42: =S42/F42 -> #DIV/0! | V42: =U42/F42 -> #DIV/0! | X42: =W42/F42 -> #DIV/0! | Z42: =Y42/F42 -> #DIV/0! | AB42: =AA42/D42 -> 0 | AC42: =SUM(Y42+AA42) -> 0 | AD42: =AC42/F42 -> #DIV/0! | AF42: =AE42/F42 -> #DIV/0! | AH42: =AG42/F42 -> #DIV/0! | AJ42: =AI42/F42 -> #DIV/0! | AL42: =AK42/F42 -> #DIV/0!
D43: 45906 | E43: 六 | F43: =SUM(M43,S43,U43,W43,AC43,AE43,AG43,AI43,AK43) -> 0 | J43: =I43/F43 -> #DIV/0! | L43: =K43/F43 -> #DIV/0! | M43: =SUM(I43+K43) -> 0 | N43: =M43/F43 -> #DIV/0! | P43: =O43/F43 -> #DIV/0! | R43: =Q43/D43 -> 0 | S43: =SUM(O43+Q43) -> 0 | T43: =S43/F43 -> #DIV/0! | V43: =U43/F43 -> #DIV/0! | X43: =W43/F43 -> #DIV/0! | Z43: =Y43/F43 -> #DIV/0! | AB43: =AA43/D43 -> 0 | AC43: =SUM(Y43+AA43) -> 0 | AD43: =AC43/F43 -> #DIV/0! | AF43: =AE43/F43 -> #DIV/0! | AH43: =AG43/F43 -> #DIV/0! | AJ43: =AI43/F43 -> #DIV/0! | AL43: =AK43/F43 -> #DIV/0!
D44: 45907 | E44: 日 | F44: =SUM(M44,S44,U44,W44,AC44,AE44,AG44,AI44,AK44) -> 0 | J44: =I44/F44 -> #DIV/0! | L44: =K44/F44 -> #DIV/0! | M44: =SUM(I44+K44) -> 0 | N44: =M44/F44 -> #DIV/0! | P44: =O44/F44 -> #DIV/0! | R44: =Q44/D44 -> 0 | S44: =SUM(O44+Q44) -> 0 | T44: =S44/F44 -> #DIV/0! | V44: =U44/F44 -> #DIV/0! | X44: =W44/F44 -> #DIV/0! | Z44: =Y44/F44 -> #DIV/0! | AB44: =AA44/D44 -> 0 | AC44: =SUM(Y44+AA44) -> 0 | AD44: =AC44/F44 -> #DIV/0! | AF44: =AE44/F44 -> #DIV/0! | AH44: =AG44/F44 -> #DIV/0! | AJ44: =AI44/F44 -> #DIV/0! | AL44: =AK44/F44 -> #DIV/0!
D45: 45908 | E45: 一 | F45: =SUM(M45,S45,U45,W45,AC45,AE45,AG45,AI45,AK45) -> 0 | J45: =I45/F45 -> #DIV/0! | L45: =K45/F45 -> #DIV/0! | M45: =SUM(I45+K45) -> 0 | N45: =M45/F45 -> #DIV/0! | P45: =O45/F45 -> #DIV/0! | R45: =Q45/D45 -> 0 | S45: =SUM(O45+Q45) -> 0 | T45: =S45/F45 -> #DIV/0! | V45: =U45/F45 -> #DIV/0! | X45: =W45/F45 -> #DIV/0! | Z45: =Y45/F45 -> #DIV/0! | AB45: =AA45/D45 -> 0 | AC45: =SUM(Y45+AA45) -> 0 | AD45: =AC45/F45 -> #DIV/0! | AF45: =AE45/F45 -> #DIV/0! | AH45: =AG45/F45 -> #DIV/0! | AJ45: =AI45/F45 -> #DIV/0! | AL45: =AK45/F45 -> #DIV/0!
I46: =SUM(I7:I38) -> 894412 | K46: =SUM(K7:K38) -> 1282433 | M46: =SUM(M7:M38) -> 2176845 | O46: =SUM(O7:O38) -> 206477 | Q46: =SUM(Q7:Q38) -> 124105 | S46: =SUM(S7:S38) -> 330582 | U46: =SUM(U7:U38) -> 639734 | W46: =SUM(W7:W38) -> 18191 | Y46: =SUM(Y7:Y38) -> 722410 | AA46: =SUM(AA7:AA38) -> 652556 | AC46: =SUM(AC7:AC38) -> 1374966 | AE46: =SUM(AE7:AE38) -> 455610 | AG46: =SUM(AG7:AG38) -> 576771 | AI46: =SUM(AI7:AI38) -> 524524 | AK46: =SUM(AK7:AK38) -> 460832

Sheet （５-1）品群別人時生產性（18℃-飯糰）
B1: 月平均人時性 | C1: =AVERAGE(L7,L42,L77,L112,L147) -> 717.52753
B2: 產線配置圖－每週更新 | N2: 資料繳交 | O2: 日期 | AE2: 45870 | AJ2: 45871 | AO2: 45872 | AT2: 45873
P3: 二 | U3: 三 | Z3: 四 | AE3: 五 | AJ3: 六 | AO3: 日 | AT3: 一
B4: 品群 | C4: 商品名稱 | E4: 計畫 | H4: 平均人時性 | I4: 實績 | L4: 平均人時性 | M4: 排名 | O4: 日報 | P4: 實際 | T4: 平均人時性 | U4: 實際 | Y4: 平均人時性 | Z4: 實際 | AD4: 平均人時性 | AE4: 實際 | AI4: 平均人時性 | AJ4: 實際 | AN4: 平均人時性 | AO4: 實際 | AS4: 平均人時性 | AT4: 實際 | AX4: 平均人時性
E5: 產線配置圖 | I5: 產線配置圖 | P5: 生產實績 | U5: 生產實績 | Z5: 生產實績 | AE5: 生產實績 | AJ5: 生產實績 | AO5: 生產實績 | AT5: 生產實績
E6: 人數 | F6: 產能／時 | G6: 人時性 | I6: 人數 | J6: 產能／時 | K6: 人時性 | P6: 人數 | Q6: 產能／時 | R6: 人時性 | S6: 排名 | U6: 人數 | V6: 產能／時 | W6: 人時性 | X6: 排名 | Z6: 人數 | AA6: 產能／時 | AB6: 人時性 | AC6: 排名 | AE6: 人數 | AF6: 產能／時 | AG6: 人時性 | AH6: 排名 | AJ6: 人數 | AK6: 產能／時 | AL6: 人時性 | AM6: 排名 | AO6: 人數 | AP6: 產能／時 | AQ6: 人時性 | AR6: 排名 | AT6: 人數 | AU6: 產能／時 | AV6: 人時性 | AW6: 排名
B7: 18℃-飯糰 | C7: 1 | D7: 經典肉鬆飯糰 | E7: 4 | F7: 2200 | G7: 550 | H7: =AVERAGE(G7:G36) -> 927.17391 | I7: =AVERAGE(P7,U7,Z7,AE7,AJ7,AO7,AT7) -> 4 | J7: =AVERAGE(Q7,V7,AA7,AF7,AK7,AP7,AU7) -> 1972.0304 | K7: =AVERAGE(R7,W7,AB7,AG7,AL7,AQ7,AV7) -> 493.00761 | L7: =IFERROR(AVERAGE(K7:K36),"-") -> 708.82129 | M7: =RANK(K7, K$7:$K$36) -> 23 | S7: =RANK(R7, R$7:R$36) -> #N/A | T7: =AVERAGE(R7:R36) -> #DIV/0! | X7: =RANK(W7, W$7:W$36) -> #N/A | Y7: =AVERAGE(W7:W36) -> #DIV/0! | AC7: =RANK(AB7, AB$7:AB$36) -> #N/A | AD7: =AVERAGE(AB7:AB36) -> #DIV/0! | AE7: 4 | AF7: 1996.5789 | AG7: 499.14474 | AH7: =RANK(AG7, AG$7:AG$36) -> 23 | AI7: =AVERAGE(AG7:AG36) -> 729.49373 | AJ7: 4 | AK7: 1840.5 | AL7: 460.125 | AM7: =RANK(AL7, AL$7:AL$36) -> 21 | AN7: =AVERAGE(AL7:AL36) -> 667.87443 | AO7: 4 | AP7: 2050.5882 | AQ7: 512.64706 | AR7: =RANK(AQ7, AQ$7:AQ$36) -> 22 | AS7: =AVERAGE(AQ7:AQ36) -> 715.87099 | AT7: 4 | AU7: 2000.4545 | AV7: 500.11364 | AW7: =RANK(AV7, AV$7:AV$36) -> 22 | AX7: =AVERAGE(AV7:AV36) -> 718.49679
C8: 2 | D8: 蔬食鮪魚飯糰 | E8: 3 | F8: 2700 | G8: 900 | I8: =AVERAGE(P8,U8,Z8,AE8,AJ8,AO8,AT8) -> 3 | J8: =AVERAGE(Q8,V8,AA8,AF8,AK8,AP8,AU8) -> 2854.472 | K8: =AVERAGE(R8,W8,AB8,AG8,AL8,AQ8,AV8) -> 951.49068 | M8: =RANK(K8, K$7:$K$36) -> 1 | S8: =RANK(R8, R$7:R$36) -> #N/A | X8: =RANK(W8, W$7:W$36) -> #N/A | AC8: =RANK(AB8, AB$7:AB$36) -> #N/A | AE8: 3 | AF8: 2968.8462 | AG8: 989.61538 | AH8: =RANK(AG8, AG$7:AG$36) -> 1 | AJ8: 3 | AK8: 2478 | AL8: 826 | AM8: =RANK(AL8, AL$7:AL$36) -> 4 | AO8: 3 | AP8: 2984.2623 | AQ8: 994.7541 | AR8: =RANK(AQ8, AQ$7:AQ$36) -> 1 | AT8: 3 | AU8: 2986.7797 | AV8: 995.59322 | AW8: =RANK(AV8, AV$7:AV$36) -> 1
C9: 3 | D9: 北海道秋鮭親子飯糰 | E9: 4 | F9: 3600 | G9: 900 | I9: =AVERAGE(P9,U9,Z9,AE9,AJ9,AO9,AT9) -> 4 | J9: =AVERAGE(Q9,V9,AA9,AF9,AK9,AP9,AU9) -> 2896.7547 | K9: =AVERAGE(R9,W9,AB9,AG9,AL9,AQ9,AV9) -> 724.18866 | M9: =RANK(K9, K$7:$K$36) -> 10 | S9: =RANK(R9, R$7:R$36) -> #N/A | X9: =RANK(W9, W$7:W$36) -> #N/A | AC9: =RANK(AB9, AB$7:AB$36) -> #N/A | AE9: 4 | AF9: 2885.7143 | AG9: 721.42857 | AH9: =RANK(AG9, AG$7:AG$36) -> 14 | AJ9: 4 | AK9: 2910 | AL9: 727.5 | AM9: =RANK(AL9, AL$7:AL$36) -> 9 | AO9: 4 | AP9: 2900.8696 | AQ9: 725.21739 | AR9: =RANK(AQ9, AQ$7:AQ$36) -> 9 | AT9: 4 | AU9: 2890.4348 | AV9: 722.6087 | AW9: =RANK(AV9, AV$7:AV$36) -> 10
C10: 4 | D10: 熟成紅鮭飯糰 | E10: 4 | F10: 3600 | G10: 900 | I10: =AVERAGE(P10,U10,Z10,AE10,AJ10,AO10,AT10) -> 4 | J10: =AVERAGE(Q10,V10,AA10,AF10,AK10,AP10,AU10) -> 2851.8125 | K10: =AVERAGE(R10,W10,AB10,AG10,AL10,AQ10,AV10) -> 712.95313 | M10: =RANK(K10, K$7:$K$36) -> 13 | S10: =RANK(R10, R$7:R$36) -> #N/A | X10: =RANK(W10, W$7:W$36) -> #N/A | AC10: =RANK(AB10, AB$7:AB$36) -> #N/A | AE10: 4 | AF10: 2910 | AG10: 727.5 | AH10: =RANK(AG10, AG$7:AG$36) -> 13 | AJ10: 4 | AK10: 2636 | AL10: 659 | AM10: =RANK(AL10, AL$7:AL$36) -> 13 | AO10: 4 | AP10: 2936.25 | AQ10: 734.0625 | AR10: =RANK(AQ10, AQ$7:AQ$36) -> 8 | AT10: 4 | AU10: 2925 | AV10: 731.25 | AW10: =RANK(AV10, AV$7:AV$36) -> 8
C11: 5 | D11: 鮪魚飯糰 | E11: 3 | F11: 3600 | G11: 1200 | I11: =AVERAGE(P11,U11,Z11,AE11,AJ11,AO11,AT11) -> 3 | J11: =AVERAGE(Q11,V11,AA11,AF11,AK11,AP11,AU11) -> 2799.9333 | K11: =AVERAGE(R11,W11,AB11,AG11,AL11,AQ11,AV11) -> 933.31111 | M11: =RANK(K11, K$7:$K$36) -> 2 | S11: =RANK(R11, R$7:R$36) -> #N/A | X11: =RANK(W11, W$7:W$36) -> #N/A | AC11: =RANK(AB11, AB$7:AB$36) -> #N/A | AE11: 3 | AF11: 2953.3333 | AG11: 984.44444 | AH11: =RANK(AG11, AG$7:AG$36) -> 2 | AJ11: 3 | AK11: 2686.4 | AL11: 895.46667 | AM11: =RANK(AL11, AL$7:AL$36) -> 1 | AO11: 3 | AP11: 2786.6667 | AQ11: 928.88889 | AR11: =RANK(AQ11, AQ$7:AQ$36) -> 2 | AT11: 3 | AU11: 2773.3333 | AV11: 924.44444 | AW11: =RANK(AV11, AV$7:AV$36) -> 2
C12: 6 | D12: 贅沢鮭魚肚飯糰 | E12: 3 | F12: 3600 | G12: 1200 | I12: =AVERAGE(P12,U12,Z12,AE12,AJ12,AO12,AT12) -> 4 | J12: =AVERAGE(Q12,V12,AA12,AF12,AK12,AP12,AU12) -> 2880.0221 | K12: =AVERAGE(R12,W12,AB12,AG12,AL12,AQ12,AV12) -> 720.00551 | M12: =RANK(K12, K$7:$K$36) -> 11 | S12: =RANK(R12, R$7:R$36) -> #N/A | X12: =RANK(W12, W$7:W$36) -> #N/A | AC12: =RANK(AB12, AB$7:AB$36) -> #N/A | AE12: 4 | AF12: 2980.5882 | AG12: 745.14706 | AH12: =RANK(AG12, AG$7:AG$36) -> 9 | AJ12: 4 | AK12: 2791.5 | AL12: 697.875 | AM12: =RANK(AL12, AL$7:AL$36) -> 10 | AO12: 4 | AP12: 2880 | AQ12: 720 | AR12: =RANK(AQ12, AQ$7:AQ$36) -> 10 | AT12: 4 | AU12: 2868 | AV12: 717 | AW12: =RANK(AV12, AV$7:AV$36) -> 11
C13: 7 | D13: 海老天婦羅飯糰 | E13: 4 | F13: 3600 | G13: 900 | I13: =AVERAGE(P13,U13,Z13,AE13,AJ13,AO13,AT13) -> 4 | J13: =AVERAGE(Q13,V13,AA13,AF13,AK13,AP13,AU13) -> 2634.5 | K13: =AVERAGE(R13,W13,AB13,AG13,AL13,AQ13,AV13) -> 658.625 | M13: =RANK(K13, K$7:$K$36) -> 14 | S13: =RANK(R13, R$7:R$36) -> #N/A | X13: =RANK(W13, W$7:W$36) -> #N/A | AC13: =RANK(AB13, AB$7:AB$36) -> #N/A | AE13: 4 | AF13: 2940 | AG13: 735 | AH13: =RANK(AG13, AG$7:AG$36) -> 11 | AJ13: 4 | AK13: 2218 | AL13: 554.5 | AM13: =RANK(AL13, AL$7:AL$36) -> 18 | AO13: 4 | AP13: 2780 | AQ13: 695 | AR13: =RANK(AQ13, AQ$7:AQ$36) -> 12 | AT13: 4 | AU13: 2600 | AV13: 650 | AW13: =RANK(AV13, AV$7:AV$36) -> 13
C14: 8 | D14: 鮪魚飯糰 | E14: 3 | F14: 3600 | G14: 1200 | I14: =AVERAGE(P14,U14,Z14,AE14,AJ14,AO14,AT14) -> 3 | J14: =AVERAGE(Q14,V14,AA14,AF14,AK14,AP14,AU14) -> 2799.9333 | K14: =AVERAGE(R14,W14,AB14,AG14,AL14,AQ14,AV14) -> 933.31111 | M14: =RANK(K14, K$7:$K$36) -> 2 | S14: =RANK(R14, R$7:R$36) -> #N/A | X14: =RANK(W14, W$7:W$36) -> #N/A | AC14: =RANK(AB14, AB$7:AB$36) -> #N/A | AE14: 3 | AF14: 2953.3333 | AG14: 984.44444 | AH14: =RANK(AG14, AG$7:AG$36) -> 2 | AJ14: 3 | AK14: 2686.4 | AL14: 895.46667 | AM14: =RANK(AL14, AL$7:AL$36) -> 1 | AO14: 3 | AP14: 2786.6667 | AQ14: 928.88889 | AR14: =RANK(AQ14, AQ$7:AQ$36) -> 2 | AT14: 3 | AU14: 2773.3333 | AV14: 924.44444 | AW14: =RANK(AV14, AV$7:AV$36) -> 2
C15: 9 | D15: 贅沢鮭魚肚飯糰 | E15: 3 | F15: 3600 | G15: 1200 | I15: =AVERAGE(P15,U15,Z15,AE15,AJ15,AO15,AT15) -> 4 | J15: =AVERAGE(Q15,V15,AA15,AF15,AK15,AP15,AU15) -> 2880.0221 | K15: =AVERAGE(R15,W15,AB15,AG15,AL15,AQ15,AV15) -> 720.00551 | M15: =RANK(K15, K$7:$K$36) -> 11 | S15: =RANK(R15, R$7:R$36) -> #N/A | X15: =RANK(W15, W$7:W$36) -> #N/A | AC15: =RANK(AB15, AB$7:AB$36) -> #N/A | AE15: 4 | AF15: 2980.5882 | AG15: 745.14706 | AH15: =RANK(AG15, AG$7:AG$36) -> 9 | AJ15: 4 | AK15: 2791.5 | AL15: 697.875 | AM15: =RANK(AL15, AL$7:AL$36) -> 10 | AO15: 4 | AP15: 2880 | AQ15: 720 | AR15: =RANK(AQ15, AQ$7:AQ$36) -> 10 | AT15: 4 | AU15: 2868 | AV15: 717 | AW15: =RANK(AV15, AV$7:AV$36) -> 11
C16: 10 | D16: 海老天婦羅飯糰 | E16: 4 | F16: 3600 | G16: 900 | I16: =AVERAGE(P16,U16,Z16,AE16,AJ16,AO16,AT16) -> 4 | J16: =AVERAGE(Q16,V16,AA16,AF16,AK16,AP16,AU16) -> 2634.5 | K16: =AVERAGE(R16,W16,AB16,AG16,AL16,AQ16,AV16) -> 658.625 | M16: =RANK(K16, K$7:$K$36) -> 14 | S16: =RANK(R16, R$7:R$36) -> #N/A | X16: =RANK(W16, W$7:W$36) -> #N/A | AC16: =RANK(AB16, AB$7:AB$36) -> #N/A | AE16: 4 | AF16: 2940 | AG16: 735 | AH16: =RANK(AG16, AG$7:AG$36) -> 11 | AJ16: 4 | AK16: 2218 | AL16: 554.5 | AM16: =RANK(AL16, AL$7:AL$36) -> 18 | AO16: 4 | AP16: 2780 | AQ16: 695 | AR16: =RANK(AQ16, AQ$7:AQ$36) -> 12 | AT16: 4 | AU16: 2600 | AV16: 650 | AW16: =RANK(AV16, AV$7:AV$36) -> 13
C17: 11 | D17: 壹號醬炙烤牛飯糰 | E17: 4 | F17: 3300 | G17: 825 | I17: =AVERAGE(P17,U17,Z17,AE17,AJ17,AO17,AT17) -> 4 | J17: =AVERAGE(Q17,V17,AA17,AF17,AK17,AP17,AU17) -> 2253.6271 | K17: =AVERAGE(R17,W17,AB17,AG17,AL17,AQ17,AV17) -> 563.40678 | M17: =RANK(K17, K$7:$K$36) -> 21 | S17: =RANK(R17, R$7:R$36) -> #N/A | X17: =RANK(W17, W$7:W$36) -> #N/A | AC17: =RANK(AB17, AB$7:AB$36) -> #N/A | AE17: 4 | AF17: 2425.7143 | AG17: 606.42857 | AH17: =RANK(AG17, AG$7:AG$36) -> 17 | AJ17: 4 | AK17: 1716 | AL17: 429 | AM17: =RANK(AL17, AL$7:AL$36) -> 23 | AO17: 4 | AP17: 2375.2941 | AQ17: 593.82353 | AR17: =RANK(AQ17, AQ$7:AQ$36) -> 20 | AT17: 4 | AU17: 2497.5 | AV17: 624.375 | AW17: =RANK(AV17, AV$7:AV$36) -> 17
C18: 12 | D18: 明太子龍蝦風味沙拉飯糰 | E18: 3 | F18: 3300 | G18: 1100 | I18: =AVERAGE(P18,U18,Z18,AE18,AJ18,AO18,AT18) -> 3 | J18: =AVERAGE(Q18,V18,AA18,AF18,AK18,AP18,AU18) -> 2440.3205 | K18: =AVERAGE(R18,W18,AB18,AG18,AL18,AQ18,AV18) -> 813.44018 | M18: =RANK(K18, K$7:$K$36) -> 4 | S18: =RANK(R18, R$7:R$36) -> #N/A | X18: =RANK(W18, W$7:W$36) -> #N/A | AC18: =RANK(AB18, AB$7:AB$36) -> #N/A | AE18: 3 | AF18: 2480.5263 | AG18: 826.84211 | AH18: =RANK(AG18, AG$7:AG$36) -> 4 | AJ18: 3 | AK18: 2317.5 | AL18: 772.5 | AM18: =RANK(AL18, AL$7:AL$36) -> 5 | AO18: 3 | AP18: 2497.6744 | AQ18: 832.55814 | AR18: =RANK(AQ18, AQ$7:AQ$36) -> 4 | AT18: 3 | AU18: 2465.5814 | AV18: 821.86047 | AW18: =RANK(AV18, AV$7:AV$36) -> 6
C19: 13 | D19: 鹽蔥燒肉飯糰 | E19: 3 | F19: 3300 | G19: 1100 | I19: =AVERAGE(P19,U19,Z19,AE19,AJ19,AO19,AT19) -> 3 | J19: =AVERAGE(Q19,V19,AA19,AF19,AK19,AP19,AU19) -> 2421.7379 | K19: =AVERAGE(R19,W19,AB19,AG19,AL19,AQ19,AV19) -> 807.24596 | M19: =RANK(K19, K$7:$K$36) -> 6 | S19: =RANK(R19, R$7:R$36) -> #N/A | X19: =RANK(W19, W$7:W$36) -> #N/A | AC19: =RANK(AB19, AB$7:AB$36) -> #N/A | AE19: 3 | AF19: 2449.2308 | AG19: 816.41026 | AH19: =RANK(AG19, AG$7:AG$36) -> 7 | AJ19: 3 | AK19: 2308.5 | AL19: 769.5 | AM19: =RANK(AL19, AL$7:AL$36) -> 6 | AO19: 3 | AP19: 2446.3636 | AQ19: 815.45455 | AR19: =RANK(AQ19, AQ$7:AQ$36) -> 6 | AT19: 3 | AU19: 2482.8571 | AV19: 827.61905 | AW19: =RANK(AV19, AV$7:AV$36) -> 5
C20: 14 | D20: 泰式酸辣雞絲飯糰(區) | E20: 4 | F20: 3300 | G20: 825 | I20: =AVERAGE(P20,U20,Z20,AE20,AJ20,AO20,AT20) -> 3 | J20: =AVERAGE(Q20,V20,AA20,AF20,AK20,AP20,AU20) -> 2274 | K20: =AVERAGE(R20,W20,AB20,AG20,AL20,AQ20,AV20) -> 758 | M20: =RANK(K20, K$7:$K$36) -> 8 | S20: =RANK(R20, R$7:R$36) -> #N/A | X20: =RANK(W20, W$7:W$36) -> #N/A | AC20: =RANK(AB20, AB$7:AB$36) -> #N/A | AE20: 3 | AF20: 2252 | AG20: 750.66667 | AH20: =RANK(AG20, AG$7:AG$36) -> 8 | AJ20: 3 | AK20: 2296 | AL20: 765.33333 | AM20: =RANK(AL20, AL$7:AL$36) -> 7 | AR20: =RANK(AQ20, AQ$7:AQ$36) -> #N/A | AW20: =RANK(AV20, AV$7:AV$36) -> #N/A
C21: 15 | D21: 香辣鹹水雞飯糰(區) | E21: 4 | F21: 3300 | G21: 825 | I21: =AVERAGE(P21,U21,Z21,AE21,AJ21,AO21,AT21) -> 4 | J21: =AVERAGE(Q21,V21,AA21,AF21,AK21,AP21,AU21) -> 2285.152 | K21: =AVERAGE(R21,W21,AB21,AG21,AL21,AQ21,AV21) -> 571.288 | M21: =RANK(K21, K$7:$K$36) -> 20 | S21: =RANK(R21, R$7:R$36) -> #N/A | X21: =RANK(W21, W$7:W$36) -> #N/A | AC21: =RANK(AB21, AB$7:AB$36) -> #N/A | AE21: 4 | AF21: 2443.4483 | AG21: 610.86207 | AH21: =RANK(AG21, AG$7:AG$36) -> 16 | AJ21: 4 | AK21: 1740 | AL21: 435 | AM21: =RANK(AL21, AL$7:AL$36) -> 22 | AO21: 4 | AP21: 2456.5714 | AQ21: 614.14286 | AR21: =RANK(AQ21, AQ$7:AQ$36) -> 16 | AT21: 4 | AU21: 2500.5882 | AV21: 625.14706 | AW21: =RANK(AV21, AV$7:AV$36) -> 16
C22: 16 | D22: 三杯辣海瓜子飯糰 | E22: 3 | F22: 3300 | G22: 1100 | I22: =AVERAGE(P22,U22,Z22,AE22,AJ22,AO22,AT22) -> 3 | J22: =AVERAGE(Q22,V22,AA22,AF22,AK22,AP22,AU22) -> 2341.4949 | K22: =AVERAGE(R22,W22,AB22,AG22,AL22,AQ22,AV22) -> 780.49829 | M22: =RANK(K22, K$7:$K$36) -> 7 | S22: =RANK(R22, R$7:R$36) -> #N/A | X22: =RANK(W22, W$7:W$36) -> #N/A | AC22: =RANK(AB22, AB$7:AB$36) -> #N/A | AE22: 3 | AF22: 2478 | AG22: 826 | AH22: =RANK(AG22, AG$7:AG$36) -> 5 | AJ22: 3 | AK22: 2020.8 | AL22: 673.6 | AM22: =RANK(AL22, AL$7:AL$36) -> 12 | AO22: 3 | AP22: 2453.3333 | AQ22: 817.77778 | AR22: =RANK(AQ22, AQ$7:AQ$36) -> 5 | AT22: 3 | AU22: 2413.8462 | AV22: 804.61538 | AW22: =RANK(AV22, AV$7:AV$36) -> 7
C23: 17 | D23: 雞肉飯飯糰 | E23: 4 | F23: 3300 | G23: 825 | I23: =AVERAGE(P23,U23,Z23,AE23,AJ23,AO23,AT23) -> 4 | J23: =AVERAGE(Q23,V23,AA23,AF23,AK23,AP23,AU23) -> 2381.3684 | K23: =AVERAGE(R23,W23,AB23,AG23,AL23,AQ23,AV23) -> 595.34211 | M23: =RANK(K23, K$7:$K$36) -> 18 | S23: =RANK(R23, R$7:R$36) -> #N/A | X23: =RANK(W23, W$7:W$36) -> #N/A | AC23: =RANK(AB23, AB$7:AB$36) -> #N/A | AE23: 4 | AF23: 2369.4737 | AG23: 592.36842 | AH23: =RANK(AG23, AG$7:AG$36) -> 21 | AJ23: 4 | AK23: 2386.9091 | AL23: 596.72727 | AM23: =RANK(AL23, AL$7:AL$36) -> 16 | AO23: 4 | AP23: 2383.6364 | AQ23: 595.90909 | AR23: =RANK(AQ23, AQ$7:AQ$36) -> 19 | AT23: 4 | AU23: 2385.4545 | AV23: 596.36364 | AW23: =RANK(AV23, AV$7:AV$36) -> 19
C24: 18 | D24: 碳烤燒肉飯飯糰(區) | E24: 4 | F24: 3300 | G24: 825 | I24: =AVERAGE(P24,U24,Z24,AE24,AJ24,AO24,AT24) -> 4 | J24: =AVERAGE(Q24,V24,AA24,AF24,AK24,AP24,AU24) -> 2414.0789 | K24: =AVERAGE(R24,W24,AB24,AG24,AL24,AQ24,AV24) -> 603.51974 | M24: =RANK(K24, K$7:$K$36) -> 17 | S24: =RANK(R24, R$7:R$36) -> #N/A | X24: =RANK(W24, W$7:W$36) -> #N/A | AC24: =RANK(AB24, AB$7:AB$36) -> #N/A | AE24: 4 | AF24: 2400 | AG24: 600 | AH24: =RANK(AG24, AG$7:AG$36) -> 19 | AJ24: 4 | AK24: 2480 | AL24: 620 | AM24: =RANK(AL24, AL$7:AL$36) -> 15 | AO24: 4 | AP24: 2396.0526 | AQ24: 599.01316 | AR24: =RANK(AQ24, AQ$7:AQ$36) -> 18 | AT24: 4 | AU24: 2380.2632 | AV24: 595.06579 | AW24: =RANK(AV24, AV$7:AV$36) -> 20
C25: 19 | D25: 二配芝麻香鬆飯糰 | E25: 4 | F25: 3600 | G25: 900 | I25: =AVERAGE(P25,U25,Z25,AE25,AJ25,AO25,AT25) -> 4 | J25: =AVERAGE(Q25,V25,AA25,AF25,AK25,AP25,AU25) -> 2554 | K25: =AVERAGE(R25,W25,AB25,AG25,AL25,AQ25,AV25) -> 638.5 | M25: =RANK(K25, K$7:$K$36) -> 16 | S25: =RANK(R25, R$7:R$36) -> #N/A | X25: =RANK(W25, W$7:W$36) -> #N/A | AC25: =RANK(AB25, AB$7:AB$36) -> #N/A | AE25: 4 | AF25: 2410 | AG25: 602.5 | AH25: =RANK(AG25, AG$7:AG$36) -> 18 | AJ25: 4 | AK25: 2614 | AL25: 653.5 | AM25: =RANK(AL25, AL$7:AL$36) -> 14 | AO25: 4 | AP25: 2636 | AQ25: 659 | AR25: =RANK(AQ25, AQ$7:AQ$36) -> 15 | AT25: 4 | AU25: 2556 | AV25: 639 | AW25: =RANK(AV25, AV$7:AV$36) -> 15
C26: 20 | D26: 二配大飯糰韓式炸雞 | E26: 4 | F26: 3000 | G26: 750 | I26: =AVERAGE(P26,U26,Z26,AE26,AJ26,AO26,AT26) -> 3 | J26: =AVERAGE(Q26,V26,AA26,AF26,AK26,AP26,AU26) -> 2178.8571 | K26: =AVERAGE(R26,W26,AB26,AG26,AL26,AQ26,AV26) -> 726.28571 | M26: =RANK(K26, K$7:$K$36) -> 9 | S26: =RANK(R26, R$7:R$36) -> #N/A | X26: =RANK(W26, W$7:W$36) -> #N/A | AC26: =RANK(AB26, AB$7:AB$36) -> #N/A | AE26: 3 | AF26: 2045.1429 | AG26: 681.71429 | AH26: =RANK(AG26, AG$7:AG$36) -> 15 | AJ26: 3 | AK26: 2235.4286 | AL26: 745.14286 | AM26: =RANK(AL26, AL$7:AL$36) -> 8 | AO26: 3 | AP26: 2252.5714 | AQ26: 750.85714 | AR26: =RANK(AQ26, AQ$7:AQ$36) -> 7 | AT26: 3 | AU26: 2182.2857 | AV26: 727.42857 | AW26: =RANK(AV26, AV$7:AV$36) -> 9
C27: 21 | D27: 二配大飯糰春川風味辣炒雞 | E27: 4 | F27: 3000 | G27: 750 | I27: =AVERAGE(P27,U27,Z27,AE27,AJ27,AO27,AT27) -> 4 | J27: =AVERAGE(Q27,V27,AA27,AF27,AK27,AP27,AU27) -> 2148.4 | K27: =AVERAGE(R27,W27,AB27,AG27,AL27,AQ27,AV27) -> 537.1 | M27: =RANK(K27, K$7:$K$36) -> 22 | S27: =RANK(R27, R$7:R$36) -> #N/A | X27: =RANK(W27, W$7:W$36) -> #N/A | AC27: =RANK(AB27, AB$7:AB$36) -> #N/A | AE27: 4 | AF27: 2301.6 | AG27: 575.4 | AH27: =RANK(AG27, AG$7:AG$36) -> 22 | AJ27: 4 | AK27: 2050 | AL27: 512.5 | AM27: =RANK(AL27, AL$7:AL$36) -> 20 | AO27: 4 | AP27: 2150 | AQ27: 537.5 | AR27: =RANK(AQ27, AQ$7:AQ$36) -> 21 | AT27: 4 | AU27: 2092 | AV27: 523 | AW27: =RANK(AV27, AV$7:AV$36) -> 21
C28: 22 | D28: 二配大飯糰椒香鮪魚 | E28: 4 | F28: 3000 | G28: 750 | I28: =AVERAGE(P28,U28,Z28,AE28,AJ28,AO28,AT28) -> 3 | J28: =AVERAGE(Q28,V28,AA28,AF28,AK28,AP28,AU28) -> 2429.5 | K28: =AVERAGE(R28,W28,AB28,AG28,AL28,AQ28,AV28) -> 809.83333 | M28: =RANK(K28, K$7:$K$36) -> 5 | S28: =RANK(R28, R$7:R$36) -> #N/A | X28: =RANK(W28, W$7:W$36) -> #N/A | AC28: =RANK(AB28, AB$7:AB$36) -> #N/A | AE28: 3 | AF28: 2468 | AG28: 822.66667 | AH28: =RANK(AG28, AG$7:AG$36) -> 6 | AJ28: 3 | AK28: 2568 | AL28: 856 | AM28: =RANK(AL28, AL$7:AL$36) -> 3 | AO28: 3 | AP28: 2022 | AQ28: 674 | AR28: =RANK(AQ28, AQ$7:AQ$36) -> 14 | AT28: 3 | AU28: 2660 | AV28: 886.66667 | AW28: =RANK(AV28, AV$7:AV$36) -> 4
C29: 23 | D29: 二配油蔥G絲飯糰 | E29: 4 | F29: 3600 | G29: 900 | I29: =AVERAGE(P29,U29,Z29,AE29,AJ29,AO29,AT29) -> 4 | J29: =AVERAGE(Q29,V29,AA29,AF29,AK29,AP29,AU29) -> 2371.625 | K29: =AVERAGE(R29,W29,AB29,AG29,AL29,AQ29,AV29) -> 592.90625 | M29: =RANK(K29, K$7:$K$36) -> 19 | S29: =RANK(R29, R$7:R$36) -> #N/A | X29: =RANK(W29, W$7:W$36) -> #N/A | AC29: =RANK(AB29, AB$7:AB$36) -> #N/A | AE29: 4 | AF29: 2398.5 | AG29: 599.625 | AH29: =RANK(AG29, AG$7:AG$36) -> 20 | AJ29: 4 | AK29: 2256 | AL29: 564 | AM29: =RANK(AL29, AL$7:AL$36) -> 17 | AO29: 4 | AP29: 2418.6667 | AQ29: 604.66667 | AR29: =RANK(AQ29, AQ$7:AQ$36) -> 17 | AT29: 4 | AU29: 2413.3333 | AV29: 603.33333 | AW29: =RANK(AV29, AV$7:AV$36) -> 18
C30: 24 | M30: =RANK(K30, K$7:$K$36) -> #N/A | S30: =RANK(R30, R$7:R$36) -> #N/A | X30: =RANK(W30, W$7:W$36) -> #N/A | AC30: =RANK(AB30, AB$7:AB$36) -> #N/A | AH30: =RANK(AG30, AG$7:AG$36) -> #N/A | AM30: =RANK(AL30, AL$7:AL$36) -> #N/A | AR30: =RANK(AQ30, AQ$7:AQ$36) -> #N/A | AW30: =RANK(AV30, AV$7:AV$36) -> #N/A
C31: 25 | M31: =RANK(K31, K$7:$K$36) -> #N/A | S31: =RANK(R31, R$7:R$36) -> #N/A | X31: =RANK(W31, W$7:W$36) -> #N/A | AC31: =RANK(AB31, AB$7:AB$36) -> #N/A | AH31: =RANK(AG31, AG$7:AG$36) -> #N/A | AM31: =RANK(AL31, AL$7:AL$36) -> #N/A | AR31: =RANK(AQ31, AQ$7:AQ$36) -> #N/A | AW31: =RANK(AV31, AV$7:AV$36) -> #N/A
C32: 26 | M32: =RANK(K32, K$7:$K$36) -> #N/A | S32: =RANK(R32, R$7:R$36) -> #N/A | X32: =RANK(W32, W$7:W$36) -> #N/A | AC32: =RANK(AB32, AB$7:AB$36) -> #N/A | AH32: =RANK(AG32, AG$7:AG$36) -> #N/A | AM32: =RANK(AL32, AL$7:AL$36) -> #N/A | AR32: =RANK(AQ32, AQ$7:AQ$36) -> #N/A | AW32: =RANK(AV32, AV$7:AV$36) -> #N/A
C33: 27 | M33: =RANK(K33, K$7:$K$36) -> #N/A | S33: =RANK(R33, R$7:R$36) -> #N/A | X33: =RANK(W33, W$7:W$36) -> #N/A | AC33: =RANK(AB33, AB$7:AB$36) -> #N/A | AH33: =RANK(AG33, AG$7:AG$36) -> #N/A | AM33: =RANK(AL33, AL$7:AL$36) -> #N/A | AR33: =RANK(AQ33, AQ$7:AQ$36) -> #N/A | AW33: =RANK(AV33, AV$7:AV$36) -> #N/A
C34: 28 | M34: =RANK(K34, K$7:$K$36) -> #N/A | S34: =RANK(R34, R$7:R$36) -> #N/A | X34: =RANK(W34, W$7:W$36) -> #N/A | AC34: =RANK(AB34, AB$7:AB$36) -> #N/A | AH34: =RANK(AG34, AG$7:AG$36) -> #N/A | AM34: =RANK(AL34, AL$7:AL$36) -> #N/A | AR34: =RANK(AQ34, AQ$7:AQ$36) -> #N/A | AW34: =RANK(AV34, AV$7:AV$36) -> #N/A
C35: 29 | M35: =RANK(K35, K$7:$K$36) -> #N/A | S35: =RANK(R35, R$7:R$36) -> #N/A | X35: =RANK(W35, W$7:W$36) -> #N/A | AC35: =RANK(AB35, AB$7:AB$36) -> #N/A | AH35: =RANK(AG35, AG$7:AG$36) -> #N/A | AM35: =RANK(AL35, AL$7:AL$36) -> #N/A | AR35: =RANK(AQ35, AQ$7:AQ$36) -> #N/A | AW35: =RANK(AV35, AV$7:AV$36) -> #N/A
C36: 30 | M36: =RANK(K36, K$7:$K$36) -> #N/A | S36: =RANK(R36, R$7:R$36) -> #N/A | X36: =RANK(W36, W$7:W$36) -> #N/A | AC36: =RANK(AB36, AB$7:AB$36) -> #N/A | AH36: =RANK(AG36, AG$7:AG$36) -> #N/A | AM36: =RANK(AL36, AL$7:AL$36) -> #N/A | AR36: =RANK(AQ36, AQ$7:AQ$36) -> #N/A | AW36: =RANK(AV36, AV$7:AV$36) -> #N/A
B37: 產線配置圖－每週更新 | N37: 資料繳交 | O37: 日期 | P37: 45874 | U37: =P37+1 -> 45875 | Z37: =U37+1 -> 45876 | AE37: =Z37+1 -> 45877 | AJ37: =AE37+1 -> 45878 | AO37: =AJ37+1 -> 45879 | AT37: =AO37+1 -> 45880
P38: 二 | U38: 三 | Z38: 四 | AE38: 五 | AJ38: 六 | AO38: 日 | AT38: 一
B39: 品群 | C39: 商品名稱 | E39: 計畫 | H39: 平均人時性 | I39: 實績 | L39: 平均人時性 | M39: 排名 | O39: 日報 | P39: 實際 | T39: 平均人時性 | U39: 實際 | Y39: 平均人時性 | Z39: 實際 | AD39: 平均人時性 | AE39: 實際 | AI39: 平均人時性 | AJ39: 實際 | AN39: 平均人時性 | AO39: 實際 | AS39: 平均人時性 | AT39: 實際 | AX39: 平均人時性
E40: 產線配置圖 | I40: 產線配置圖 | P40: 生產實績 | U40: 生產實績 | Z40: 生產實績 | AE40: 生產實績 | AJ40: 生產實績 | AO40: 生產實績 | AT40: 生產實績
E41: 人數 | F41: 產能／時 | G41: 人時性 | I41: 人數 | J41: 產能／時 | K41: 人時性 | P41: 人數 | Q41: 產能／時 | R41: 人時性 | S41: 排名 | U41: 人數 | V41: 產能／時 | W41: 人時性 | X41: 排名 | Z41: 人數 | AA41: 產能／時 | AB41: 人時性 | AC41: 排名 | AE41: 人數 | AF41: 產能／時 | AG41: 人時性 | AH41: 排名 | AJ41: 人數 | AK41: 產能／時 | AL41: 人時性 | AM41: 排名 | AO41: 人數 | AP41: 產能／時 | AQ41: 人時性 | AR41: 排名 | AT41: 人數 | AU41: 產能／時 | AV41: 人時性 | AW41: 排名
B42: 18℃-飯糰 | C42: 1 | D42: 經典肉鬆飯糰 | E42: 4 | F42: 2200 | G42: 550 | H42: =AVERAGE(G42:G71) -> 927.17391 | I42: =AVERAGE(P42,U42,Z42,AE42,AJ42,AO42,AT42) -> 4 | J42: =AVERAGE(Q42,V42,AA42,AF42,AK42,AP42,AU42) -> 1992.7122 | K42: =AVERAGE(R42,W42,AB42,AG42,AL42,AQ42,AV42) -> 498.17806 | L42: =IFERROR(AVERAGE(K42:K71),"-") -> 705.43473 | M42: =RANK(K42, K$42:$K$71) -> 23 | P42: 4 | Q42: 2002.7586 | R42: 500.68966 | S42: =RANK(R42, R$42:R$71) -> 22 | T42: =AVERAGE(R42:R71) -> 700.34161 | U42: 4 | V42: 1986.1364 | W42: 496.53409 | X42: =RANK(W42, W$42:W$71) -> 23 | Y42: =AVERAGE(W42:W71) -> 707.64368 | Z42: 4 | AA42: 2003.4483 | AB42: 500.86207 | AC42: =RANK(AB42, AB$42:AB$71) -> 23 | AD42: =AVERAGE(AB42:AB71) -> 697.23038 | AE42: 4 | AF42: 2000 | AG42: 500 | AH42: =RANK(AG42, AG$42:AG$71) -> 23 | AI42: =AVERAGE(AG42:AG71) -> 706.50643 | AJ42: 4 | AK42: 1975.2632 | AL42: 493.81579 | AM42: =RANK(AL42, AL$42:AL$71) -> 23 | AN42: =AVERAGE(AL42:AL71) -> 705.88441 | AO42: 4 | AP42: 1994.4828 | AQ42: 498.62069 | AR42: =RANK(AQ42, AQ$42:AQ$71) -> 23 | AS42: =AVERAGE(AQ42:AQ71) -> 699.17787 | AT42: 4 | AU42: 1986.8966 | AV42: 496.72414 | AW42: =RANK(AV42, AV$42:AV$71) -> 22 | AX42: =AVERAGE(AV42:AV71) -> 719.70388
C43: 2 | D43: 蔬食鮪魚飯糰 | E43: 3 | F43: 2700 | G43: 900 | I43: =AVERAGE(P43,U43,Z43,AE43,AJ43,AO43,AT43) -> 3 | J43: =AVERAGE(Q43,V43,AA43,AF43,AK43,AP43,AU43) -> 2954.7147 | K43: =AVERAGE(R43,W43,AB43,AG43,AL43,AQ43,AV43) -> 984.90491 | M43: =RANK(K43, K$42:$K$71) -> 1 | P43: 3 | Q43: 2986.4151 | R43: 995.4717 | S43: =RANK(R43, R$42:R$71) -> 1 | U43: 3 | V43: 2960.7692 | W43: 986.92308 | X43: =RANK(W43, W$42:W$71) -> 1 | Z43: 3 | AA43: 2944.3902 | AB43: 981.46341 | AC43: =RANK(AB43, AB$42:AB$71) -> 1 | AE43: 3 | AF43: 2940 | AG43: 980 | AH43: =RANK(AG43, AG$42:AG$71) -> 1 | AJ43: 3 | AK43: 2920 | AL43: 973.33333 | AM43: =RANK(AL43, AL$42:AL$71) -> 1 | AO43: 3 | AP43: 3000 | AQ43: 1000 | AR43: =RANK(AQ43, AQ$42:AQ$71) -> 1 | AT43: 3 | AU43: 2931.4286 | AV43: 977.14286 | AW43: =RANK(AV43, AV$42:AV$71) -> 1
C44: 3 | D44: 北海道秋鮭親子飯糰 | E44: 4 | F44: 3600 | G44: 900 | I44: =AVERAGE(P44,U44,Z44,AE44,AJ44,AO44,AT44) -> 4 | J44: =AVERAGE(Q44,V44,AA44,AF44,AK44,AP44,AU44) -> 2949.395 | K44: =AVERAGE(R44,W44,AB44,AG44,AL44,AQ44,AV44) -> 737.34874 | M44: =RANK(K44, K$42:$K$71) -> 8 | P44: 4 | Q44: 2997.7778 | R44: 749.44444 | S44: =RANK(R44, R$42:R$71) -> 8 | U44: 4 | V44: 2988.8889 | W44: 747.22222 | X44: =RANK(W44, W$42:W$71) -> 9 | Z44: 4 | AA44: 2910 | AB44: 727.5 | AC44: =RANK(AB44, AB$42:AB$71) -> 8 | AE44: 4 | AF44: 2967.2727 | AG44: 741.81818 | AH44: =RANK(AG44, AG$42:AG$71) -> 8 | AJ44: 4 | AK44: 2920 | AL44: 730 | AM44: =RANK(AL44, AL$42:AL$71) -> 8 | AO44: 4 | AP44: 2950.7143 | AQ44: 737.67857 | AR44: =RANK(AQ44, AQ$42:AQ$71) -> 8 | AT44: 4 | AU44: 2911.1111 | AV44: 727.77778 | AW44: =RANK(AV44, AV$42:AV$71) -> 10
C45: 4 | D45: 熟成紅鮭飯糰 | E45: 4 | F45: 3600 | G45: 900 | I45: =AVERAGE(P45,U45,Z45,AE45,AJ45,AO45,AT45) -> 4 | J45: =AVERAGE(Q45,V45,AA45,AF45,AK45,AP45,AU45) -> 2903.2068 | K45: =AVERAGE(R45,W45,AB45,AG45,AL45,AQ45,AV45) -> 725.80169 | M45: =RANK(K45, K$42:$K$71) -> 9 | P45: 4 | Q45: 2874 | R45: 718.5 | S45: =RANK(R45, R$42:R$71) -> 10 | U45: 4 | V45: 2996.8421 | W45: 749.21053 | X45: =RANK(W45, W$42:W$71) -> 8 | Z45: 4 | AA45: 2862 | AB45: 715.5 | AC45: =RANK(AB45, AB$42:AB$71) -> 10 | AE45: 4 | AF45: 2887.5 | AG45: 721.875 | AH45: =RANK(AG45, AG$42:AG$71) -> 10 | AJ45: 4 | AK45: 2860 | AL45: 715 | AM45: =RANK(AL45, AL$42:AL$71) -> 10 | AO45: 4 | AP45: 2949.4737 | AQ45: 737.36842 | AR45: =RANK(AQ45, AQ$42:AQ$71) -> 9 | AT45: 4 | AU45: 2892.6316 | AV45: 723.15789 | AW45: =RANK(AV45, AV$42:AV$71) -> 11
C46: 5 | D46: 鮪魚飯糰 | E46: 3 | F46: 3600 | G46: 1200 | I46: =AVERAGE(P46,U46,Z46,AE46,AJ46,AO46,AT46) -> 3 | J46: =AVERAGE(Q46,V46,AA46,AF46,AK46,AP46,AU46) -> 2770.9014 | K46: =AVERAGE(R46,W46,AB46,AG46,AL46,AQ46,AV46) -> 923.63379 | M46: =RANK(K46, K$42:$K$71) -> 2 | P46: 3 | Q46: 2753.3333 | R46: 917.77778 | S46: =RANK(R46, R$42:R$71) -> 2 | U46: 3 | V46: 2760 | W46: 920 | X46: =RANK(W46, W$42:W$71) -> 2 | Z46: 3 | AA46: 2793.3333 | AB46: 931.11111 | AC46: =RANK(AB46, AB$42:AB$71) -> 2 | AE46: 3 | AF46: 2632.5 | AG46: 877.5 | AH46: =RANK(AG46, AG$42:AG$71) -> 2 | AJ46: 3 | AK46: 2897.1429 | AL46: 965.71429 | AM46: =RANK(AL46, AL$42:AL$71) -> 2 | AO46: 3 | AP46: 2773.3333 | AQ46: 924.44444 | AR46: =RANK(AQ46, AQ$42:AQ$71) -> 2 | AT46: 3 | AU46: 2786.6667 | AV46: 928.88889 | AW46: =RANK(AV46, AV$42:AV$71) -> 2
C47: 6 | D47: 贅沢鮭魚肚飯糰 | E47: 3 | F47: 3600 | G47: 1200 | I47: =AVERAGE(P47,U47,Z47,AE47,AJ47,AO47,AT47) -> 4 | J47: =AVERAGE(Q47,V47,AA47,AF47,AK47,AP47,AU47) -> 2825.1429 | K47: =AVERAGE(R47,W47,AB47,AG47,AL47,AQ47,AV47) -> 706.28571 | M47: =RANK(K47, K$42:$K$71) -> 11 | P47: 4 | Q47: 2796 | R47: 699 | S47: =RANK(R47, R$42:R$71) -> 11 | U47: 4 | V47: 2868 | W47: 717 | X47: =RANK(W47, W$42:W$71) -> 11 | Z47: 4 | AA47: 2772 | AB47: 693 | AC47: =RANK(AB47, AB$42:AB$71) -> 11 | AE47: 4 | AF47: 2790 | AG47: 697.5 | AH47: =RANK(AG47, AG$42:AG$71) -> 11 | AJ47: 4 | AK47: 2730 | AL47: 682.5 | AM47: =RANK(AL47, AL$42:AL$71) -> 12 | AO47: 4 | AP47: 2748 | AQ47: 687 | AR47: =RANK(AQ47, AQ$42:AQ$71) -> 11 | AT47: 4 | AU47: 3072 | AV47: 768 | AW47: =RANK(AV47, AV$42:AV$71) -> 7
C48: 7 | D48: 海老天婦羅飯糰 | E48: 4 | F48: 3600 | G48: 900 | I48: =AVERAGE(P48,U48,Z48,AE48,AJ48,AO48,AT48) -> 4 | J48: =AVERAGE(Q48,V48,AA48,AF48,AK48,AP48,AU48) -> 2391.4286 | K48: =AVERAGE(R48,W48,AB48,AG48,AL48,AQ48,AV48) -> 597.85714 | M48: =RANK(K48, K$42:$K$71) -> 17 | P48: 4 | Q48: 2420 | R48: 605 | S48: =RANK(R48, R$42:R$71) -> 16 | U48: 4 | V48: 2320 | W48: 580 | X48: =RANK(W48, W$42:W$71) -> 20 | Z48: 4 | AA48: 2120 | AB48: 530 | AC48: =RANK(AB48, AB$42:AB$71) -> 21 | AE48: 4 | AF48: 2550 | AG48: 637.5 | AH48: =RANK(AG48, AG$42:AG$71) -> 14 | AJ48: 4 | AK48: 2370 | AL48: 592.5 | AM48: =RANK(AL48, AL$42:AL$71) -> 19 | AO48: 4 | AP48: 2080 | AQ48: 520 | AR48: =RANK(AQ48, AQ$42:AQ$71) -> 20 | AT48: 4 | AU48: 2880 | AV48: 720 | AW48: =RANK(AV48, AV$42:AV$71) -> 12
C49: 8 | D49: 鮪魚飯糰 | E49: 3 | F49: 3600 | G49: 1200 | I49: =AVERAGE(P49,U49,Z49,AE49,AJ49,AO49,AT49) -> 3 | J49: =AVERAGE(Q49,V49,AA49,AF49,AK49,AP49,AU49) -> 2770.9014 | K49: =AVERAGE(R49,W49,AB49,AG49,AL49,AQ49,AV49) -> 923.63379 | M49: =RANK(K49, K$42:$K$71) -> 2 | P49: 3 | Q49: 2753.3333 | R49: 917.77778 | S49: =RANK(R49, R$42:R$71) -> 2 | U49: 3 | V49: 2760 | W49: 920 | X49: =RANK(W49, W$42:W$71) -> 2 | Z49: 3 | AA49: 2793.3333 | AB49: 931.11111 | AC49: =RANK(AB49, AB$42:AB$71) -> 2 | AE49: 3 | AF49: 2632.5 | AG49: 877.5 | AH49: =RANK(AG49, AG$42:AG$71) -> 2 | AJ49: 3 | AK49: 2897.1429 | AL49: 965.71429 | AM49: =RANK(AL49, AL$42:AL$71) -> 2 | AO49: 3 | AP49: 2773.3333 | AQ49: 924.44444 | AR49: =RANK(AQ49, AQ$42:AQ$71) -> 2 | AT49: 3 | AU49: 2786.6667 | AV49: 928.88889 | AW49: =RANK(AV49, AV$42:AV$71) -> 2
C50: 9 | D50: 贅沢鮭魚肚飯糰 | E50: 3 | F50: 3600 | G50: 1200 | I50: =AVERAGE(P50,U50,Z50,AE50,AJ50,AO50,AT50) -> 4 | J50: =AVERAGE(Q50,V50,AA50,AF50,AK50,AP50,AU50) -> 2825.1429 | K50: =AVERAGE(R50,W50,AB50,AG50,AL50,AQ50,AV50) -> 706.28571 | M50: =RANK(K50, K$42:$K$71) -> 11 | P50: 4 | Q50: 2796 | R50: 699 | S50: =RANK(R50, R$42:R$71) -> 11 | U50: 4 | V50: 2868 | W50: 717 | X50: =RANK(W50, W$42:W$71) -> 11 | Z50: 4 | AA50: 2772 | AB50: 693 | AC50: =RANK(AB50, AB$42:AB$71) -> 11 | AE50: 4 | AF50: 2790 | AG50: 697.5 | AH50: =RANK(AG50, AG$42:AG$71) -> 11 | AJ50: 4 | AK50: 2730 | AL50: 682.5 | AM50: =RANK(AL50, AL$42:AL$71) -> 12 | AO50: 4 | AP50: 2748 | AQ50: 687 | AR50: =RANK(AQ50, AQ$42:AQ$71) -> 11 | AT50: 4 | AU50: 3072 | AV50: 768 | AW50: =RANK(AV50, AV$42:AV$71) -> 7
C51: 10 | D51: 海老天婦羅飯糰 | E51: 4 | F51: 3600 | G51: 900 | I51: =AVERAGE(P51,U51,Z51,AE51,AJ51,AO51,AT51) -> 4 | J51: =AVERAGE(Q51,V51,AA51,AF51,AK51,AP51,AU51) -> 2391.4286 | K51: =AVERAGE(R51,W51,AB51,AG51,AL51,AQ51,AV51) -> 597.85714 | M51: =RANK(K51, K$42:$K$71) -> 17 | P51: 4 | Q51: 2420 | R51: 605 | S51: =RANK(R51, R$42:R$71) -> 16 | U51: 4 | V51: 2320 | W51: 580 | X51: =RANK(W51, W$42:W$71) -> 20 | Z51: 4 | AA51: 2120 | AB51: 530 | AC51: =RANK(AB51, AB$42:AB$71) -> 21 | AE51: 4 | AF51: 2550 | AG51: 637.5 | AH51: =RANK(AG51, AG$42:AG$71) -> 14 | AJ51: 4 | AK51: 2370 | AL51: 592.5 | AM51: =RANK(AL51, AL$42:AL$71) -> 19 | AO51: 4 | AP51: 2080 | AQ51: 520 | AR51: =RANK(AQ51, AQ$42:AQ$71) -> 20 | AT51: 4 | AU51: 2880 | AV51: 720 | AW51: =RANK(AV51, AV$42:AV$71) -> 12
C52: 11 | D52: 壹號醬炙烤牛飯糰 | E52: 4 | F52: 3300 | G52: 825 | I52: =AVERAGE(P52,U52,Z52,AE52,AJ52,AO52,AT52) -> 4 | J52: =AVERAGE(Q52,V52,AA52,AF52,AK52,AP52,AU52) -> 2362.5571 | K52: =AVERAGE(R52,W52,AB52,AG52,AL52,AQ52,AV52) -> 590.63928 | M52: =RANK(K52, K$42:$K$71) -> 21 | P52: 4 | Q52: 1815.7895 | R52: 453.94737 | S52: =RANK(R52, R$42:R$71) -> 23 | U52: 4 | V52: 2500 | W52: 625 | X52: =RANK(W52, W$42:W$71) -> 15 | Z52: 4 | AA52: 2403.1579 | AB52: 600.78947 | AC52: =RANK(AB52, AB$42:AB$71) -> 17 | AE52: 4 | AF52: 2428 | AG52: 607 | AH52: =RANK(AG52, AG$42:AG$71) -> 19 | AJ52: 4 | AK52: 2494.2857 | AL52: 623.57143 | AM52: =RANK(AL52, AL$42:AL$71) -> 14 | AO52: 4 | AP52: 2486.6667 | AQ52: 621.66667 | AR52: =RANK(AQ52, AQ$42:AQ$71) -> 16 | AT52: 4 | AU52: 2410 | AV52: 602.5 | AW52: =RANK(AV52, AV$42:AV$71) -> 18
C53: 12 | D53: 明太子龍蝦風味沙拉飯糰 | E53: 3 | F53: 3300 | G53: 1100 | I53: =AVERAGE(P53,U53,Z53,AE53,AJ53,AO53,AT53) -> 3 | J53: =AVERAGE(Q53,V53,AA53,AF53,AK53,AP53,AU53) -> 2464.847 | K53: =AVERAGE(R53,W53,AB53,AG53,AL53,AQ53,AV53) -> 821.61567 | M53: =RANK(K53, K$42:$K$71) -> 5 | P53: 3 | Q53: 2447.4419 | R53: 815.81395 | S53: =RANK(R53, R$42:R$71) -> 6 | U53: 3 | V53: 2453.0233 | W53: 817.67442 | X53: =RANK(W53, W$42:W$71) -> 5 | Z53: 3 | AA53: 2454.4186 | AB53: 818.13953 | AC53: =RANK(AB53, AB$42:AB$71) -> 5 | AE53: 3 | AF53: 2478.9474 | AG53: 826.31579 | AH53: =RANK(AG53, AG$42:AG$71) -> 5 | AJ53: 3 | AK53: 2456.8421 | AL53: 818.94737 | AM53: =RANK(AL53, AL$42:AL$71) -> 5 | AO53: 3 | AP53: 2487.907 | AQ53: 829.30233 | AR53: =RANK(AQ53, AQ$42:AQ$71) -> 5 | AT53: 3 | AU53: 2475.3488 | AV53: 825.11628 | AW53: =RANK(AV53, AV$42:AV$71) -> 4
C54: 13 | D54: 鹽蔥燒肉飯糰 | E54: 3 | F54: 3300 | G54: 1100 | I54: =AVERAGE(P54,U54,Z54,AE54,AJ54,AO54,AT54) -> 3 | J54: =AVERAGE(Q54,V54,AA54,AF54,AK54,AP54,AU54) -> 2478.2375 | K54: =AVERAGE(R54,W54,AB54,AG54,AL54,AQ54,AV54) -> 826.07916 | M54: =RANK(K54, K$42:$K$71) -> 4 | P54: 3 | Q54: 2479.5349 | R54: 826.51163 | S54: =RANK(R54, R$42:R$71) -> 5 | U54: 3 | V54: 2483.7209 | W54: 827.90698 | X54: =RANK(W54, W$42:W$71) -> 4 | Z54: 3 | AA54: 2478.1395 | AB54: 826.04651 | AC54: =RANK(AB54, AB$42:AB$71) -> 4 | AE54: 3 | AF54: 2466.1538 | AG54: 822.05128 | AH54: =RANK(AG54, AG$42:AG$71) -> 6 | AJ54: 3 | AK54: 2490.8108 | AL54: 830.27027 | AM54: =RANK(AL54, AL$42:AL$71) -> 4 | AO54: 3 | AP54: 2493.4884 | AQ54: 831.16279 | AR54: =RANK(AQ54, AQ$42:AQ$71) -> 4 | AT54: 3 | AU54: 2455.814 | AV54: 818.60465 | AW54: =RANK(AV54, AV$42:AV$71) -> 5
... C62: 21 | D62: 二配大飯糰春川風味辣炒雞 | E62: 4 | F62: 3000 | G62: 750 | I62: =AVERAGE(P62,U62,Z62,AE62,AJ62,AO62,AT62) -> 4 | J62: =AVERAGE(Q62,V62,AA62,AF62,AK62,AP62,AU62) -> 2176.2667 | K62: =AVERAGE(R62,W62,AB62,AG62,AL62,AQ62,AV62) -> 544.06667 | M62: =RANK(K62, K$42:$K$71) -> 22 | P62: 4 | Q62: 2311.2 | R62: 577.8 | S62: =RANK(R62, R$42:R$71) -> 20 | U62: 4 | V62: 2140.7143 | W62: 535.17857 | X62: =RANK(W62, W$42:W$71) -> 22 | Z62: 4 | AA62: 2198.4 | AB62: 549.6 | AC62: =RANK(AB62, AB$42:AB$71) -> 20 | AE62: 4 | AF62: 2169.6 | AG62: 542.4 | AH62: =RANK(AG62, AG$42:AG$71) -> 22 | AJ62: 4 | AK62: 2206.6667 | AL62: 551.66667 | AM62: =RANK(AL62, AL$42:AL$71) -> 22 | AO62: 4 | AP62: 2028 | AQ62: 507 | AR62: =RANK(AQ62, AQ$42:AQ$71) -> 22 | AT62: 4 | AU62: 2179.2857 | AV62: 544.82143 | AW62: =RANK(AV62, AV$42:AV$71) -> 21
C63: 22 | D63: 二配大飯糰椒香鮪魚 | E63: 4 | F63: 3000 | G63: 750 | I63: =AVERAGE(P63,U63,Z63,AE63,AJ63,AO63,AT63) -> 3 | J63: =AVERAGE(Q63,V63,AA63,AF63,AK63,AP63,AU63) -> 2266.3987 | K63: =AVERAGE(R63,W63,AB63,AG63,AL63,AQ63,AV63) -> 755.46623 | M63: =RANK(K63, K$42:$K$71) -> 7 | P63: 3 | Q63: 2172 | R63: 724 | S63: =RANK(R63, R$42:R$71) -> 9 | U63: 3 | V63: 2353.3333 | W63: 784.44444 | X63: =RANK(W63, W$42:W$71) -> 7 | Z63: 3 | AA63: 2046 | AB63: 682 | AC63: =RANK(AB63, AB$42:AB$71) -> 13 | AE63: 3 | AF63: 2352 | AG63: 784 | AH63: =RANK(AG63, AG$42:AG$71) -> 7 | AJ63: 3 | AK63: 2287.0588 | AL63: 762.35294 | AM63: =RANK(AL63, AL$42:AL$71) -> 7 | AO63: 3 | AP63: 2388 | AQ63: 796 | AR63: =RANK(AQ63, AQ$42:AQ$71) -> 7 | AW63: =RANK(AV63, AV$42:AV$71) -> #N/A
C64: 23 | D64: 二配油蔥G絲飯糰 | E64: 4 | F64: 3600 | G64: 900 | I64: =AVERAGE(P64,U64,Z64,AE64,AJ64,AO64,AT64) -> 4 | J64: =AVERAGE(Q64,V64,AA64,AF64,AK64,AP64,AU64) -> 2449.4933 | K64: =AVERAGE(R64,W64,AB64,AG64,AL64,AQ64,AV64) -> 612.37332 | M64: =RANK(K64, K$42:$K$71) -> 16 | P64: 4 | Q64: 2304 | R64: 576 | S64: =RANK(R64, R$42:R$71) -> 21 | U64: 4 | V64: 2491.4286 | W64: 622.85714 | X64: =RANK(W64, W$42:W$71) -> 16 | Z64: 4 | AA64: 2425.5 | AB64: 606.375 | AC64: =RANK(AB64, AB$42:AB$71) -> 16 | AE64: 4 | AF64: 2448.9474 | AG64: 612.23684 | AH64: =RANK(AG64, AG$42:AG$71) -> 17 | AJ64: 4 | AK64: 2469.2308 | AL64: 617.30769 | AM64: =RANK(AL64, AL$42:AL$71) -> 16 | AO64: 4 | AP64: 2533.5 | AQ64: 633.375 | AR64: =RANK(AQ64, AQ$42:AQ$71) -> 14 | AT64: 4 | AU64: 2473.8462 | AV64: 618.46154 | AW64: =RANK(AV64, AV$42:AV$71) -> 17
C65: 24 | M65: =RANK(K65, K$42:$K$71) -> #N/A | S65: =RANK(R65, R$42:R$71) -> #N/A | X65: =RANK(W65, W$42:W$71) -> #N/A | AC65: =RANK(AB65, AB$42:AB$71) -> #N/A | AH65: =RANK(AG65, AG$42:AG$71) -> #N/A | AM65: =RANK(AL65, AL$42:AL$71) -> #N/A | AR65: =RANK(AQ65, AQ$42:AQ$71) -> #N/A | AW65: =RANK(AV65, AV$42:AV$71) -> #N/A
C66: 25 | M66: =RANK(K66, K$42:$K$71) -> #N/A | S66: =RANK(R66, R$42:R$71) -> #N/A | X66: =RANK(W66, W$42:W$71) -> #N/A | AC66: =RANK(AB66, AB$42:AB$71) -> #N/A | AH66: =RANK(AG66, AG$42:AG$71) -> #N/A | AM66: =RANK(AL66, AL$42:AL$71) -> #N/A | AR66: =RANK(AQ66, AQ$42:AQ$71) -> #N/A | AW66: =RANK(AV66, AV$42:AV$71) -> #N/A
C67: 26 | M67: =RANK(K67, K$42:$K$71) -> #N/A | S67: =RANK(R67, R$42:R$71) -> #N/A | X67: =RANK(W67, W$42:W$71) -> #N/A | AC67: =RANK(AB67, AB$42:AB$71) -> #N/A | AH67: =RANK(AG67, AG$42:AG$71) -> #N/A | AM67: =RANK(AL67, AL$42:AL$71) -> #N/A | AR67: =RANK(AQ67, AQ$42:AQ$71) -> #N/A | AW67: =RANK(AV67, AV$42:AV$71) -> #N/A
C68: 27 | M68: =RANK(K68, K$42:$K$71) -> #N/A | S68: =RANK(R68, R$42:R$71) -> #N/A | X68: =RANK(W68, W$42:W$71) -> #N/A | AC68: =RANK(AB68, AB$42:AB$71) -> #N/A | AH68: =RANK(AG68, AG$42:AG$71) -> #N/A | AM68: =RANK(AL68, AL$42:AL$71) -> #N/A | AR68: =RANK(AQ68, AQ$42:AQ$71) -> #N/A | AW68: =RANK(AV68, AV$42:AV$71) -> #N/A
C69: 28 | M69: =RANK(K69, K$42:$K$71) -> #N/A | S69: =RANK(R69, R$42:R$71) -> #N/A | X69: =RANK(W69, W$42:W$71) -> #N/A | AC69: =RANK(AB69, AB$42:AB$71) -> #N/A | AH69: =RANK(AG69, AG$42:AG$71) -> #N/A | AM69: =RANK(AL69, AL$42:AL$71) -> #N/A | AR69: =RANK(AQ69, AQ$42:AQ$71) -> #N/A | AW69: =RANK(AV69, AV$42:AV$71) -> #N/A
C70: 29 | M70: =RANK(K70, K$42:$K$71) -> #N/A | S70: =RANK(R70, R$42:R$71) -> #N/A | X70: =RANK(W70, W$42:W$71) -> #N/A | AC70: =RANK(AB70, AB$42:AB$71) -> #N/A | AH70: =RANK(AG70, AG$42:AG$71) -> #N/A | AM70: =RANK(AL70, AL$42:AL$71) -> #N/A | AR70: =RANK(AQ70, AQ$42:AQ$71) -> #N/A | AW70: =RANK(AV70, AV$42:AV$71) -> #N/A
C71: 30 | M71: =RANK(K71, K$42:$K$71) -> #N/A | S71: =RANK(R71, R$42:R$71) -> #N/A | X71: =RANK(W71, W$42:W$71) -> #N/A | AC71: =RANK(AB71, AB$42:AB$71) -> #N/A | AH71: =RANK(AG71, AG$42:AG$71) -> #N/A | AM71: =RANK(AL71, AL$42:AL$71) -> #N/A | AR71: =RANK(AQ71, AQ$42:AQ$71) -> #N/A | AW71: =RANK(AV71, AV$42:AV$71) -> #N/A
B72: 產線配置圖－每週更新 | N72: 資料繳交 | O72: 日期 | P72: =P37+7 -> 45881 | U72: =P72+1 -> 45882 | Z72: =U72+1 -> 45883 | AE72: =Z72+1 -> 45884 | AJ72: =AE72+1 -> 45885 | AO72: =AJ72+1 -> 45886 | AT72: =AO72+1 -> 45887
P73: 二 | U73: 三 | Z73: 四 | AE73: 五 | AJ73: 六 | AO73: 日 | AT73: 一
B74: 品群 | C74: 商品名稱 | E74: 計畫 | H74: 平均人時性 | I74: 實績 | L74: 平均人時性 | M74: 排名 | O74: 日報 | P74: 實際 | T74: 平均人時性 | U74: 實際 | Y74: 平均人時性 | Z74: 實際 | AD74: 平均人時性 | AE74: 實際 | AI74: 平均人時性 | AJ74: 實際 | AN74: 平均人時性 | AO74: 實際 | AS74: 平均人時性 | AT74: 實際 | AX74: 平均人時性
E75: 產線配置圖 | I75: 產線配置圖 | P75: 生產實績 | U75: 生產實績 | Z75: 生產實績 | AE75: 生產實績 | AJ75: 生產實績 | AO75: 生產實績 | AT75: 生產實績
E76: 人數 | F76: 產能／時 | G76: 人時性 | I76: 人數 | J76: 產能／時 | K76: 人時性 | P76: 人數 | Q76: 產能／時 | R76: 人時性 | S76: 排名 | U76: 人數 | V76: 產能／時 | W76: 人時性 | X76: 排名 | Z76: 人數 | AA76: 產能／時 | AB76: 人時性 | AC76: 排名 | AE76: 人數 | AF76: 產能／時 | AG76: 人時性 | AH76: 排名 | AJ76: 人數 | AK76: 產能／時 | AL76: 人時性 | AM76: 排名 | AO76: 人數 | AP76: 產能／時 | AQ76: 人時性 | AR76: 排名 | AT76: 人數 | AU76: 產能／時 | AV76: 人時性 | AW76: 排名
B77: 18℃-飯糰 | C77: 1 | D77: 經典肉鬆飯糰 | E77: 4 | F77: 2200 | G77: 550 | H77: =AVERAGE(G77:G106) -> 909.21053 | I77: =AVERAGE(P77,U77,Z77,AE77,AJ77,AO77,AT77) -> 4 | J77: =AVERAGE(Q77,V77,AA77,AF77,AK77,AP77,AU77) -> 1992.3107 | K77: =AVERAGE(R77,W77,AB77,AG77,AL77,AQ77,AV77) -> 498.07767 | L77: =IFERROR(AVERAGE(K77:K106),"-") -> 696.94695 | M77: =RANK(K77, K$77:$K$106) -> 19 | P77: 4 | Q77: 1988.2759 | R77: 497.06897 | S77: =RANK(R77, R$77:R$106) -> 19 | T77: =AVERAGE(R77:R106) -> 703.81147 | U77: 4 | V77: 1987.7647 | W77: 496.94118 | X77: =RANK(W77, W$77:W$106) -> 19 | Y77: =AVERAGE(W77:W106) -> 700.6118 | Z77: 4 | AA77: 1997.7273 | AB77: 499.43182 | AC77: =RANK(AB77, AB$77:AB$106) -> 19 | AD77: =AVERAGE(AB77:AB106) -> 700.11389 | AE77: 4 | AF77: 1992.4675 | AG77: 498.11688 | AH77: =RANK(AG77, AG$77:AG$106) -> 18 | AI77: =AVERAGE(AG77:AG106) -> 690.55322 | AJ77: 4 | AK77: 1992.973 | AL77: 498.24324 | AM77: =RANK(AL77, AL$77:AL$106) -> 18 | AN77: =AVERAGE(AL77:AL106) -> 685.29763 | AO77: 4 | AP77: 1990.1124 | AQ77: 497.52809 | AR77: =RANK(AQ77, AQ$77:AQ$106) -> 19 | AS77: =AVERAGE(AQ77:AQ106) -> 698.48323 | AT77: 4 | AU77: 1996.8539 | AV77: 499.21348 | AW77: =RANK(AV77, AV$77:AV$106) -> 19 | AX77: =AVERAGE(AV77:AV106) -> 699.75744
C78: 2 | D78: 蔬食鮪魚飯糰 | E78: 3 | F78: 2700 | G78: 900 | I78: =AVERAGE(P78,U78,Z78,AE78,AJ78,AO78,AT78) -> 3 | J78: =AVERAGE(Q78,V78,AA78,AF78,AK78,AP78,AU78) -> 2958.6908 | K78: =AVERAGE(R78,W78,AB78,AG78,AL78,AQ78,AV78) -> 986.23028 | M78: =RANK(K78, K$77:$K$106) -> 1 | P78: 3 | Q78: 2951.7073 | R78: 983.90244 | S78: =RANK(R78, R$77:R$106) -> 1 | U78: 3 | V78: 2980 | W78: 993.33333 | X78: =RANK(W78, W$77:W$106) -> 2 | Z78: 3 | AA78: 2960 | AB78: 986.66667 | AC78: =RANK(AB78, AB$77:AB$106) -> 1 | AE78: 3 | AF78: 3000 | AG78: 1000 | AH78: =RANK(AG78, AG$77:AG$106) -> 1 | AJ78: 3 | AK78: 2950.9091 | AL78: 983.63636 | AM78: =RANK(AL78, AL$77:AL$106) -> 1 | AO78: 3 | AP78: 2931.2195 | AQ78: 977.07317 | AR78: =RANK(AQ78, AQ$77:AQ$106) -> 1 | AT78: 3 | AU78: 2937 | AV78: 979 | AW78: =RANK(AV78, AV$77:AV$106) -> 1
C79: 3 | D79: 北海道秋鮭親子飯糰 | E79: 4 | F79: 3600 | G79: 900 | I79: =AVERAGE(P79,U79,Z79,AE79,AJ79,AO79,AT79) -> 4 | J79: =AVERAGE(Q79,V79,AA79,AF79,AK79,AP79,AU79) -> 2930.1676 | K79: =AVERAGE(R79,W79,AB79,AG79,AL79,AQ79,AV79) -> 732.54191 | M79: =RANK(K79, K$77:$K$106) -> 7 | P79: 4 | Q79: 2992.8 | R79: 748.2 | S79: =RANK(R79, R$77:R$106) -> 6 | U79: 4 | V79: 2940 | W79: 735 | X79: =RANK(W79, W$77:W$106) -> 8 | Z79: 4 | AA79: 2935 | AB79: 733.75 | AC79: =RANK(AB79, AB$77:AB$106) -> 7 | AE79: 4 | AF79: 2929.0909 | AG79: 732.27273 | AH79: =RANK(AG79, AG$77:AG$106) -> 8 | AJ79: 4 | AK79: 2893.6364 | AL79: 723.40909 | AM79: =RANK(AL79, AL$77:AL$106) -> 7 | AO79: 4 | AP79: 2923.8462 | AQ79: 730.96154 | AR79: =RANK(AQ79, AQ$77:AQ$106) -> 7 | AT79: 4 | AU79: 2896.8 | AV79: 724.2 | AW79: =RANK(AV79, AV$77:AV$106) -> 8
C80: 4 | D80: 熟成紅鮭飯糰 | E80: 4 | F80: 3600 | G80: 900 | I80: =AVERAGE(P80,U80,Z80,AE80,AJ80,AO80,AT80) -> 4 | J80: =AVERAGE(Q80,V80,AA80,AF80,AK80,AP80,AU80) -> 2951.972 | K80: =AVERAGE(R80,W80,AB80,AG80,AL80,AQ80,AV80) -> 737.993 | M80: =RANK(K80, K$77:$K$106) -> 6 | P80: 4 | Q80: 2946.6667 | R80: 736.66667 | S80: =RANK(R80, R$77:R$106) -> 7 | U80: 4 | V80: 2971.7647 | W80: 742.94118 | X80: =RANK(W80, W$77:W$106) -> 7 | Z80: 4 | AA80: 2964.7059 | AB80: 741.17647 | AC80: =RANK(AB80, AB$77:AB$106) -> 6 | AE80: 4 | AF80: 3000 | AG80: 750 | AH80: =RANK(AG80, AG$77:AG$106) -> 6 | AJ80: 4 | AK80: 2904 | AL80: 726 | AM80: =RANK(AL80, AL$77:AL$106) -> 6 | AO80: 4 | AP80: 2926.6667 | AQ80: 731.66667 | AR80: =RANK(AQ80, AQ$77:AQ$106) -> 6 | AT80: 4 | AU80: 2950 | AV80: 737.5 | AW80: =RANK(AV80, AV$77:AV$106) -> 6
C81: 5 | D81: 鮪魚飯糰 | E81: 3 | F81: 3600 | G81: 1200 | I81: =AVERAGE(P81,U81,Z81,AE81,AJ81,AO81,AT81) -> 3 | J81: =AVERAGE(Q81,V81,AA81,AF81,AK81,AP81,AU81) -> 2886.9218 | K81: =AVERAGE(R81,W81,AB81,AG81,AL81,AQ81,AV81) -> 962.30726 | M81: =RANK(K81, K$77:$K$106) -> 2 | P81: 3 | Q81: 2813.3333 | R81: 937.77778 | S81: =RANK(R81, R$77:R$106) -> 2 | U81: 3 | V81: 3007.5 | W81: 1002.5 | X81: =RANK(W81, W$77:W$106) -> 1 | Z81: 3 | AA81: 2820 | AB81: 940 | AC81: =RANK(AB81, AB$77:AB$106) -> 2 | AE81: 3 | AF81: 2982.8571 | AG81: 994.28571 | AH81: =RANK(AG81, AG$77:AG$106) -> 2 | AJ81: 3 | AK81: 2931.4286 | AL81: 977.14286 | AM81: =RANK(AL81, AL$77:AL$106) -> 2 | AO81: 3 | AP81: 2826.6667 | AQ81: 942.22222 | AR81: =RANK(AQ81, AQ$77:AQ$106) -> 2 | AT81: 3 | AU81: 2826.6667 | AV81: 942.22222 | AW81: =RANK(AV81, AV$77:AV$106) -> 2
C82: 6 | D82: 贅沢鮭魚肚飯糰 | E82: 3 | F82: 3600 | G82: 1200 | I82: =AVERAGE(P82,U82,Z82,AE82,AJ82,AO82,AT82) -> 4 | J82: =AVERAGE(Q82,V82,AA82,AF82,AK82,AP82,AU82) -> 2715.8571 | K82: =AVERAGE(R82,W82,AB82,AG82,AL82,AQ82,AV82) -> 678.96429 | M82: =RANK(K82, K$77:$K$106) -> 9 | P82: 4 | Q82: 2712 | R82: 678 | S82: =RANK(R82, R$77:R$106) -> 11 | U82: 4 | V82: 2652 | W82: 663 | X82: =RANK(W82, W$77:W$106) -> 10 | Z82: 4 | AA82: 2772 | AB82: 693 | AC82: =RANK(AB82, AB$77:AB$106) -> 9 | AE82: 4 | AF82: 2715 | AG82: 678.75 | AH82: =RANK(AG82, AG$77:AG$106) -> 10 | AJ82: 4 | AK82: 2640 | AL82: 660 | AM82: =RANK(AL82, AL$77:AL$106) -> 10 | AO82: 4 | AP82: 2748 | AQ82: 687 | AR82: =RANK(AQ82, AQ$77:AQ$106) -> 10 | AT82: 4 | AU82: 2772 | AV82: 693 | AW82: =RANK(AV82, AV$77:AV$106) -> 9
C83: 7 | D83: 海老天婦羅飯糰 | E83: 4 | F83: 3600 | G83: 900 | I83: =AVERAGE(P83,U83,Z83,AE83,AJ83,AO83,AT83) -> 4 | J83: =AVERAGE(Q83,V83,AA83,AF83,AK83,AP83,AU83) -> 2400 | K83: =AVERAGE(R83,W83,AB83,AG83,AL83,AQ83,AV83) -> 600 | M83: =RANK(K83, K$77:$K$106) -> 15 | P83: 4 | Q83: 2850 | R83: 712.5 | S83: =RANK(R83, R$77:R$106) -> 9 | U83: 4 | V83: 2670 | W83: 667.5 | X83: =RANK(W83, W$77:W$106) -> 9 | Z83: 4 | AA83: 2580 | AB83: 645 | AC83: =RANK(AB83, AB$77:AB$106) -> 11 | AE83: 4 | AF83: 1860 | AG83: 465 | AH83: =RANK(AG83, AG$77:AG$106) -> 19 | AJ83: 4 | AK83: 1800 | AL83: 450 | AM83: =RANK(AL83, AL$77:AL$106) -> 19 | AO83: 4 | AP83: 2550 | AQ83: 637.5 | AR83: =RANK(AQ83, AQ$77:AQ$106) -> 11 | AT83: 4 | AU83: 2490 | AV83: 622.5 | AW83: =RANK(AV83, AV$77:AV$106) -> 11
C84: 8 | D84: 壹號醬炙烤牛飯糰 | E84: 4 | F84: 3300 | G84: 825 | I84: =AVERAGE(P84,U84,Z84,AE84,AJ84,AO84,AT84) -> 4 | J84: =AVERAGE(Q84,V84,AA84,AF84,AK84,AP84,AU84) -> 2437.527 | K84: =AVERAGE(R84,W84,AB84,AG84,AL84,AQ84,AV84) -> 609.38175 | M84: =RANK(K84, K$77:$K$106) -> 13 | P84: 4 | Q84: 2481.1765 | R84: 620.29412 | S84: =RANK(R84, R$77:R$106) -> 13 | U84: 4 | V84: 2396.4706 | W84: 599.11765 | X84: =RANK(W84, W$77:W$106) -> 14 | Z84: 4 | AA84: 2410.5882 | AB84: 602.64706 | AC84: =RANK(AB84, AB$77:AB$106) -> 15 | AE84: 4 | AF84: 2400 | AG84: 600 | AH84: =RANK(AG84, AG$77:AG$106) -> 13 | AJ84: 4 | AK84: 2468.5714 | AL84: 617.14286 | AM84: =RANK(AL84, AL$77:AL$106) -> 12 | AO84: 4 | AP84: 2463.5294 | AQ84: 615.88235 | AR84: =RANK(AQ84, AQ$77:AQ$106) -> 13 | AT84: 4 | AU84: 2442.3529 | AV84: 610.58824 | AW84: =RANK(AV84, AV$77:AV$106) -> 15
C85: 9 | D85: 明太子龍蝦風味沙拉飯糰 | E85: 3 | F85: 3300 | G85: 1100 | I85: =AVERAGE(P85,U85,Z85,AE85,AJ85,AO85,AT85) -> 3 | J85: =AVERAGE(Q85,V85,AA85,AF85,AK85,AP85,AU85) -> 2467.7886 | K85: =AVERAGE(R85,W85,AB85,AG85,AL85,AQ85,AV85) -> 822.5962 | M85: =RANK(K85, K$77:$K$106) -> 4 | P85: 3 | Q85: 2472.5581 | R85: 824.18605 | S85: =RANK(R85, R$77:R$106) -> 4 | U85: 3 | V85: 2497.1429 | W85: 832.38095 | X85: =RANK(W85, W$77:W$106) -> 3 | Z85: 3 | AA85: 2460 | AB85: 820 | AC85: =RANK(AB85, AB$77:AB$106) -> 5 | AE85: 3 | AF85: 2452.1053 | AG85: 817.36842 | AH85: =RANK(AG85, AG$77:AG$106) -> 4 | AJ85: 3 | AK85: 2439.4737 | AL85: 813.15789 | AM85: =RANK(AL85, AL$77:AL$106) -> 4 | AO85: 3 | AP85: 2465.3333 | AQ85: 821.77778 | AR85: =RANK(AQ85, AQ$77:AQ$106) -> 4 | AT85: 3 | AU85: 2487.907 | AV85: 829.30233 | AW85: =RANK(AV85, AV$77:AV$106) -> 4
C86: 10 | D86: 鹽蔥燒肉飯糰 | E86: 3 | F86: 3300 | G86: 1100 | I86: =AVERAGE(P86,U86,Z86,AE86,AJ86,AO86,AT86) -> 3 | J86: =AVERAGE(Q86,V86,AA86,AF86,AK86,AP86,AU86) -> 2470.4205 | K86: =AVERAGE(R86,W86,AB86,AG86,AL86,AQ86,AV86) -> 823.47351 | M86: =RANK(K86, K$77:$K$106) -> 3 | P86: 3 | Q86: 2461.3953 | R86: 820.46512 | S86: =RANK(R86, R$77:R$106) -> 5 | U86: 3 | V86: 2447.1429 | W86: 815.71429 | X86: =RANK(W86, W$77:W$106) -> 5 | Z86: 3 | AA86: 2498.5714 | AB86: 832.85714 | AC86: =RANK(AB86, AB$77:AB$106) -> 3 | AE86: 3 | AF86: 2441.5385 | AG86: 813.84615 | AH86: =RANK(AG86, AG$77:AG$106) -> 5 | AJ86: 3 | AK86: 2474.5946 | AL86: 824.86486 | AM86: =RANK(AL86, AL$77:AL$106) -> 3 | AO86: 3 | AP86: 2472.5581 | AQ86: 824.18605 | AR86: =RANK(AQ86, AQ$77:AQ$106) -> 3 | AT86: 3 | AU86: 2497.1429 | AV86: 832.38095 | AW86: =RANK(AV86, AV$77:AV$106) -> 3
C87: 11 | D87: 香辣鹹水雞飯糰(區) | E87: 4 | F87: 3300 | G87: 825 | I87: =AVERAGE(P87,U87,Z87,AE87,AJ87,AO87,AT87) -> 4 | J87: =AVERAGE(Q87,V87,AA87,AF87,AK87,AP87,AU87) -> 2441.2698 | K87: =AVERAGE(R87,W87,AB87,AG87,AL87,AQ87,AV87) -> 610.31746 | M87: =RANK(K87, K$77:$K$106) -> 12 | P87: 4 | Q87: 2440 | R87: 610 | S87: =RANK(R87, R$77:R$106) -> 14 | U87: 4 | V87: 2445.4545 | W87: 611.36364 | X87: =RANK(W87, W$77:W$106) -> 13 | Z87: 4 | AA87: 2443.6364 | AB87: 610.90909 | AC87: =RANK(AB87, AB$77:AB$106) -> 14 | AE87: 4 | AF87: 2435.5556 | AG87: 608.88889 | AH87: =RANK(AG87, AG$77:AG$106) -> 12 | AJ87: 4 | AK87: 2413.3333 | AL87: 603.33333 | AM87: =RANK(AL87, AL$77:AL$106) -> 14 | AO87: 4 | AP87: 2454.5455 | AQ87: 613.63636 | AR87: =RANK(AQ87, AQ$77:AQ$106) -> 14 | AT87: 4 | AU87: 2456.3636 | AV87: 614.09091 | AW87: =RANK(AV87, AV$77:AV$106) -> 13
C88: 12 | D88: 胡麻鮮蔬雞絲飯糰(區) | E88: 4 | F88: 3300 | G88: 825 | I88: =AVERAGE(P88,U88,Z88,AE88,AJ88,AO88,AT88) -> 4 | J88: =AVERAGE(Q88,V88,AA88,AF88,AK88,AP88,AU88) -> 2479.7098 | K88: =AVERAGE(R88,W88,AB88,AG88,AL88,AQ88,AV88) -> 619.92745 | M88: =RANK(K88, K$77:$K$106) -> 11 | P88: 4 | Q88: 2487.5294 | R88: 621.88235 | S88: =RANK(R88, R$77:R$106) -> 12 | U88: 4 | V88: 2492.9268 | W88: 623.23171 | X88: =RANK(W88, W$77:W$106) -> 11 | Z88: 4 | AA88: 2480.9639 | AB88: 620.24096 | AC88: =RANK(AB88, AB$77:AB$106) -> 12 | AE88: 4 | AF88: 2469.0411 | AG88: 617.26027 | AH88: =RANK(AG88, AG$77:AG$106) -> 11 | AJ88: 4 | AK88: 2469.2958 | AL88: 617.32394 | AM88: =RANK(AL88, AL$77:AL$106) -> 11 | AO88: 4 | AP88: 2473.7931 | AQ88: 618.44828 | AR88: =RANK(AQ88, AQ$77:AQ$106) -> 12 | AT88: 4 | AU88: 2484.4186 | AV88: 621.10465 | AW88: =RANK(AV88, AV$77:AV$106) -> 12
C89: 13 | D89: 三杯辣海瓜子飯糰 | E89: 3 | F89: 3300 | G89: 1100 | I89: =AVERAGE(P89,U89,Z89,AE89,AJ89,AO89,AT89) -> 3 | J89: =AVERAGE(Q89,V89,AA89,AF89,AK89,AP89,AU89) -> 2462.3409 | K89: =AVERAGE(R89,W89,AB89,AG89,AL89,AQ89,AV89) -> 820.78028 | M89: =RANK(K89, K$77:$K$106) -> 5 | P89: 3 | Q89: 2478 | R89: 826 | S89: =RANK(R89, R$77:R$106) -> 3 | U89: 3 | V89: 2494.7368 | W89: 831.57895 | X89: =RANK(W89, W$77:W$106) -> 4 | Z89: 3 | AA89: 2466.3158 | AB89: 822.10526 | AC89: =RANK(AB89, AB$77:AB$106) -> 4 | AE89: 3 | AF89: 2496 | AG89: 832 | AH89: =RANK(AG89, AG$77:AG$106) -> 3 | AJ89: 3 | AK89: 2388 | AL89: 796 | AM89: =RANK(AL89, AL$77:AL$106) -> 5 | AO89: 3 | AP89: 2430 | AQ89: 810 | AR89: =RANK(AQ89, AQ$77:AQ$106) -> 5 | AT89: 3 | AU89: 2483.3333 | AV89: 827.77778 | AW89: =RANK(AV89, AV$77:AV$106) -> 5
... C95: 19 | D95: 二配油蔥G絲飯糰 | E95: 4 | F95: 3600 | G95: 900 | I95: =AVERAGE(P95,U95,Z95,AE95,AJ95,AO95,AT95) -> 4 | J95: =AVERAGE(Q95,V95,AA95,AF95,AK95,AP95,AU95) -> 2403.9015 | K95: =AVERAGE(R95,W95,AB95,AG95,AL95,AQ95,AV95) -> 600.97538 | M95: =RANK(K95, K$77:$K$106) -> 14 | P95: 4 | Q95: 2439.4737 | R95: 609.86842 | S95: =RANK(R95, R$77:R$106) -> 15 | U95: 4 | V95: 2259 | W95: 564.75 | X95: =RANK(W95, W$77:W$106) -> 17 | Z95: 4 | AA95: 2460 | AB95: 615 | AC95: =RANK(AB95, AB$77:AB$106) -> 13 | AE95: 4 | AF95: 2329.7143 | AG95: 582.42857 | AH95: =RANK(AG95, AG$77:AG$106) -> 16 | AJ95: 4 | AK95: 2450 | AL95: 612.5 | AM95: =RANK(AL95, AL$77:AL$106) -> 13 | AO95: 4 | AP95: 2445.7895 | AQ95: 611.44737 | AR95: =RANK(AQ95, AQ$77:AQ$106) -> 15 | AT95: 4 | AU95: 2443.3333 | AV95: 610.83333 | AW95: =RANK(AV95, AV$77:AV$106) -> 14
C96: 20 | M96: =RANK(K96, K$77:$K$106) -> #N/A | S96: =RANK(R96, R$77:R$106) -> #N/A | X96: =RANK(W96, W$77:W$106) -> #N/A | AC96: =RANK(AB96, AB$77:AB$106) -> #N/A | AH96: =RANK(AG96, AG$77:AG$106) -> #N/A | AM96: =RANK(AL96, AL$77:AL$106) -> #N/A | AR96: =RANK(AQ96, AQ$77:AQ$106) -> #N/A | AW96: =RANK(AV96, AV$77:AV$106) -> #N/A
C97: 21 | M97: =RANK(K97, K$77:$K$106) -> #N/A | S97: =RANK(R97, R$77:R$106) -> #N/A | X97: =RANK(W97, W$77:W$106) -> #N/A | AC97: =RANK(AB97, AB$77:AB$106) -> #N/A | AH97: =RANK(AG97, AG$77:AG$106) -> #N/A | AM97: =RANK(AL97, AL$77:AL$106) -> #N/A | AR97: =RANK(AQ97, AQ$77:AQ$106) -> #N/A | AW97: =RANK(AV97, AV$77:AV$106) -> #N/A
C98: 22 | M98: =RANK(K98, K$77:$K$106) -> #N/A | S98: =RANK(R98, R$77:R$106) -> #N/A | X98: =RANK(W98, W$77:W$106) -> #N/A | AC98: =RANK(AB98, AB$77:AB$106) -> #N/A | AH98: =RANK(AG98, AG$77:AG$106) -> #N/A | AM98: =RANK(AL98, AL$77:AL$106) -> #N/A | AR98: =RANK(AQ98, AQ$77:AQ$106) -> #N/A | AW98: =RANK(AV98, AV$77:AV$106) -> #N/A
C99: 23 | M99: =RANK(K99, K$77:$K$106) -> #N/A | S99: =RANK(R99, R$77:R$106) -> #N/A | X99: =RANK(W99, W$77:W$106) -> #N/A | AC99: =RANK(AB99, AB$77:AB$106) -> #N/A | AH99: =RANK(AG99, AG$77:AG$106) -> #N/A | AM99: =RANK(AL99, AL$77:AL$106) -> #N/A | AR99: =RANK(AQ99, AQ$77:AQ$106) -> #N/A | AW99: =RANK(AV99, AV$77:AV$106) -> #N/A
C100: 24 | M100: =RANK(K100, K$77:$K$106) -> #N/A | S100: =RANK(R100, R$77:R$106) -> #N/A | X100: =RANK(W100, W$77:W$106) -> #N/A | AC100: =RANK(AB100, AB$77:AB$106) -> #N/A | AH100: =RANK(AG100, AG$77:AG$106) -> #N/A | AM100: =RANK(AL100, AL$77:AL$106) -> #N/A | AR100: =RANK(AQ100, AQ$77:AQ$106) -> #N/A | AW100: =RANK(AV100, AV$77:AV$106) -> #N/A
C101: 25 | M101: =RANK(K101, K$77:$K$106) -> #N/A | S101: =RANK(R101, R$77:R$106) -> #N/A | X101: =RANK(W101, W$77:W$106) -> #N/A | AC101: =RANK(AB101, AB$77:AB$106) -> #N/A | AH101: =RANK(AG101, AG$77:AG$106) -> #N/A | AM101: =RANK(AL101, AL$77:AL$106) -> #N/A | AR101: =RANK(AQ101, AQ$77:AQ$106) -> #N/A | AW101: =RANK(AV101, AV$77:AV$106) -> #N/A
C102: 26 | M102: =RANK(K102, K$77:$K$106) -> #N/A | S102: =RANK(R102, R$77:R$106) -> #N/A | X102: =RANK(W102, W$77:W$106) -> #N/A | AC102: =RANK(AB102, AB$77:AB$106) -> #N/A | AH102: =RANK(AG102, AG$77:AG$106) -> #N/A | AM102: =RANK(AL102, AL$77:AL$106) -> #N/A | AR102: =RANK(AQ102, AQ$77:AQ$106) -> #N/A | AW102: =RANK(AV102, AV$77:AV$106) -> #N/A
C103: 27 | M103: =RANK(K103, K$77:$K$106) -> #N/A | S103: =RANK(R103, R$77:R$106) -> #N/A | X103: =RANK(W103, W$77:W$106) -> #N/A | AC103: =RANK(AB103, AB$77:AB$106) -> #N/A | AH103: =RANK(AG103, AG$77:AG$106) -> #N/A | AM103: =RANK(AL103, AL$77:AL$106) -> #N/A | AR103: =RANK(AQ103, AQ$77:AQ$106) -> #N/A | AW103: =RANK(AV103, AV$77:AV$106) -> #N/A
C104: 28 | M104: =RANK(K104, K$77:$K$106) -> #N/A | S104: =RANK(R104, R$77:R$106) -> #N/A | X104: =RANK(W104, W$77:W$106) -> #N/A | AC104: =RANK(AB104, AB$77:AB$106) -> #N/A | AH104: =RANK(AG104, AG$77:AG$106) -> #N/A | AM104: =RANK(AL104, AL$77:AL$106) -> #N/A | AR104: =RANK(AQ104, AQ$77:AQ$106) -> #N/A | AW104: =RANK(AV104, AV$77:AV$106) -> #N/A
C105: 29 | M105: =RANK(K105, K$77:$K$106) -> #N/A | S105: =RANK(R105, R$77:R$106) -> #N/A | X105: =RANK(W105, W$77:W$106) -> #N/A | AC105: =RANK(AB105, AB$77:AB$106) -> #N/A | AH105: =RANK(AG105, AG$77:AG$106) -> #N/A | AM105: =RANK(AL105, AL$77:AL$106) -> #N/A | AR105: =RANK(AQ105, AQ$77:AQ$106) -> #N/A | AW105: =RANK(AV105, AV$77:AV$106) -> #N/A
C106: 30 | M106: =RANK(K106, K$77:$K$106) -> #N/A | S106: =RANK(R106, R$77:R$106) -> #N/A | X106: =RANK(W106, W$77:W$106) -> #N/A | AC106: =RANK(AB106, AB$77:AB$106) -> #N/A | AH106: =RANK(AG106, AG$77:AG$106) -> #N/A | AM106: =RANK(AL106, AL$77:AL$106) -> #N/A | AR106: =RANK(AQ106, AQ$77:AQ$106) -> #N/A | AW106: =RANK(AV106, AV$77:AV$106) -> #N/A
B107: 產線配置圖－每週更新 | N107: 資料繳交 | O107: 日期 | P107: =P72+7 -> 45888 | U107: =P107+1 -> 45889 | Z107: =U107+1 -> 45890 | AE107: =Z107+1 -> 45891 | AJ107: =AE107+1 -> 45892 | AO107: =AJ107+1 -> 45893 | AT107: =AO107+1 -> 45894
P108: 二 | U108: 三 | Z108: 四 | AE108: 五 | AJ108: 六 | AO108: 日 | AT108: 一
B109: 品群 | C109: 商品名稱 | E109: 計畫 | H109: 平均人時性 | I109: 實績 | L109: 平均人時性 | M109: 排名 | O109: 日報 | P109: 實際 | T109: 平均人時性 | U109: 實際 | Y109: 平均人時性 | Z109: 實際 | AD109: 平均人時性 | AE109: 實際 | AI109: 平均人時性 | AJ109: 實際 | AN109: 平均人時性 | AO109: 實際 | AS109: 平均人時性 | AT109: 實際 | AX109: 平均人時性
E110: 產線配置圖 | I110: 產線配置圖 | P110: 生產實績 | U110: 生產實績 | Z110: 生產實績 | AE110: 生產實績 | AJ110: 生產實績 | AO110: 生產實績 | AT110: 生產實績
E111: 人數 | F111: 產能／時 | G111: 人時性 | I111: 人數 | J111: 產能／時 | K111: 人時性 | P111: 人數 | Q111: 產能／時 | R111: 人時性 | S111: 排名 | U111: 人數 | V111: 產能／時 | W111: 人時性 | X111: 排名 | Z111: 人數 | AA111: 產能／時 | AB111: 人時性 | AC111: 排名 | AE111: 人數 | AF111: 產能／時 | AG111: 人時性 | AH111: 排名 | AJ111: 人數 | AK111: 產能／時 | AL111: 人時性 | AM111: 排名 | AO111: 人數 | AP111: 產能／時 | AQ111: 人時性 | AR111: 排名 | AT111: 人數 | AU111: 產能／時 | AV111: 人時性 | AW111: 排名
B112: 18℃-飯糰 | C112: 1 | D112: 經典肉鬆飯糰 | E112: 4 | F112: 2200 | G112: 550 | H112: =AVERAGE(G112:G141) -> 908.75 | I112: =AVERAGE(P112,U112,Z112,AE112,AJ112,AO112,AT112) -> 4 | J112: =AVERAGE(Q112,V112,AA112,AF112,AK112,AP112,AU112) -> 1994.08 | K112: =AVERAGE(R112,W112,AB112,AG112,AL112,AQ112,AV112) -> 498.52001 | L112: =IFERROR(AVERAGE(K112:K141),"-") -> 713.3324 | M112: =RANK(K112, K$112:$K$141) -> 20 | P112: 4 | Q112: 1992.809 | R112: 498.20225 | S112: =RANK(R112, R$112:R$141) -> 20 | T112: =AVERAGE(R112:R141) -> 722.74848 | U112: 4 | V112: 2002.4176 | W112: 500.6044 | X112: =RANK(W112, W$112:W$141) -> 20 | Y112: =AVERAGE(W112:W141) -> 711.99306 | Z112: 4 | AA112: 1968 | AB112: 492 | AC112: =RANK(AB112, AB$112:AB$141) -> 20 | AD112: =AVERAGE(AB112:AB141) -> 714.77084 | AE112: 4 | AF112: 1997.1429 | AG112: 499.28571 | AH112: =RANK(AG112, AG$112:AG$141) -> 20 | AI112: =AVERAGE(AG112:AG141) -> 695.13723 | AJ112: 4 | AK112: 1981.6 | AL112: 495.4 | AM112: =RANK(AL112, AL$112:AL$141) -> 20 | AN112: =AVERAGE(AL112:AL141) -> 716.24273 | AO112: 4 | AP112: 2028.4091 | AQ112: 507.10227 | AR112: =RANK(AQ112, AQ$112:AQ$141) -> 20 | AS112: =AVERAGE(AQ112:AQ141) -> 719.29741 | AT112: 4 | AU112: 1988.1818 | AV112: 497.04545 | AW112: =RANK(AV112, AV$112:AV$141) -> 20 | AX112: =AVERAGE(AV112:AV141) -> 713.13706
...

Sheet （５-2）品群別人時生產性（18-壽司手卷)
B1: 月平均人時性 | C1: =AVERAGE(L7,L27,L47,L67,L87) -> 197.63272
B2: 產線配置圖－每週更新 | N2: 資料繳交 | O2: 日期 | AE2: 45870 | AJ2: 45871 | AO2: 45872 | AT2: 45873
P3: 二 | U3: 三 | Z3: 四 | AE3: 五 | AJ3: 六 | AO3: 日 | AT3: 一
B4: 品群 | C4: 商品名稱 | E4: 計畫 | H4: 平均人時性 | I4: 實績 | L4: 平均人時性 | M4: 排名 | O4: 日報 | P4: 實際 | T4: 平均人時性 | U4: 實際 | Y4: 平均人時性 | Z4: 實際 | AD4: 平均人時性 | AE4: 實際 | AI4: 平均人時性 | AJ4: 實際 | AN4: 平均人時性 | AO4: 實際 | AS4: 平均人時性 | AT4: 實際 | AX4: 平均人時性
E5: 產線配置圖 | I5: 產線配置圖 | P5: 生產實績 | U5: 生產實績 | Z5: 生產實績 | AE5: 生產實績 | AJ5: 生產實績 | AO5: 生產實績 | AT5: 生產實績
E6: 人數 | F6: 產能／時 | G6: 人時性 | I6: 人數 | J6: 產能／時 | K6: 人時性 | P6: 人數 | Q6: 產能／時 | R6: 人時性 | S6: 排名 | U6: 人數 | V6: 產能／時 | W6: 人時性 | X6: 排名 | Z6: 人數 | AA6: 產能／時 | AB6: 人時性 | AC6: 排名 | AE6: 人數 | AF6: 產能／時 | AG6: 人時性 | AH6: 排名 | AJ6: 人數 | AK6: 產能／時 | AL6: 人時性 | AM6: 排名 | AO6: 人數 | AP6: 產能／時 | AQ6: 人時性 | AR6: 排名 | AT6: 人數 | AU6: 產能／時 | AV6: 人時性 | AW6: 排名
B7: 18℃-壽司手卷 | C7: 1 | D7: 日式厚蛋脆卷 | E7: 14 | F7: 1500 | G7: 107.14286 | H7: =AVERAGE(G7:G21) -> 204.90612 | I7: =AVERAGE(P7,U7,Z7,AE7,AJ7,AO7,AT7) -> 12.75 | J7: =AVERAGE(Q7,V7,AA7,AF7,AK7,AP7,AU7) -> 1014.0033 | K7: =AVERAGE(R7,W7,AB7,AG7,AL7,AQ7,AV7) -> 79.621133 | L7: =IFERROR(AVERAGE(K7:K21),"-") -> 188.33289 | M7: =RANK(K7, K$7:$K$21) -> 7 | S7: =RANK(R7, R$7:R$21) -> #N/A | T7: =AVERAGE(R7:R21) -> #DIV/0! | X7: =RANK(W7, W$7:W$21) -> #N/A | Y7: =AVERAGE(W7:W21) -> #DIV/0! | AC7: =RANK(AB7, AB$7:AB$21) -> #N/A | AD7: =AVERAGE(AB7:AB21) -> #DIV/0! | AE7: 13 | AF7: 979.38462 | AG7: 75.337278 | AH7: =RANK(AG7, AG$7:AG$21) -> 7 | AI7: =AVERAGE(AG7:AG21) -> 183.1655 | AJ7: 13 | AK7: 1046 | AL7: 80.461538 | AM7: =RANK(AL7, AL$7:AL$21) -> 7 | AN7: =AVERAGE(AL7:AL21) -> 194.8224 | AO7: 13 | AP7: 1019.2 | AQ7: 78.4 | AR7: =RANK(AQ7, AQ$7:AQ$21) -> 7 | AS7: =AVERAGE(AQ7:AQ21) -> 187.26801 | AT7: 12 | AU7: 1011.4286 | AV7: 84.285714 | AW7: =RANK(AV7, AV$7:AV$21) -> 7 | AX7: =AVERAGE(AV7:AV21) -> 188.07566
C8: 2 | D8: 長野稻荷壽司 | E8: 10 | F8: 1500 | G8: 150 | I8: =AVERAGE(P8,U8,Z8,AE8,AJ8,AO8,AT8) -> 10 | J8: =AVERAGE(Q8,V8,AA8,AF8,AK8,AP8,AU8) -> 1515.1318 | K8: =AVERAGE(R8,W8,AB8,AG8,AL8,AQ8,AV8) -> 151.51318 | M8: =RANK(K8, K$7:$K$21) -> 4 | S8: =RANK(R8, R$7:R$21) -> #N/A | X8: =RANK(W8, W$7:W$21) -> #N/A | AC8: =RANK(AB8, AB$7:AB$21) -> #N/A | AE8: 10 | AF8: 1498.8 | AG8: 149.88 | AH8: =RANK(AG8, AG$7:AG$21) -> 4 | AJ8: 10 | AK8: 1470 | AL8: 147 | AM8: =RANK(AL8, AL$7:AL$21) -> 5 | AO8: 10 | AP8: 1547 | AQ8: 154.7 | AR8: =RANK(AQ8, AQ$7:AQ$21) -> 4 | AT8: 10 | AU8: 1544.7273 | AV8: 154.47273 | AW8: =RANK(AV8, AV$7:AV$21) -> 4
C9: 3 | D9: 雙饗雙手卷 | E9: 10 | F9: 1636 | G9: 163.6 | I9: =AVERAGE(P9,U9,Z9,AE9,AJ9,AO9,AT9) -> 12.25 | J9: =AVERAGE(Q9,V9,AA9,AF9,AK9,AP9,AU9) -> 1725.125 | K9: =AVERAGE(R9,W9,AB9,AG9,AL9,AQ9,AV9) -> 140.94204 | M9: =RANK(K9, K$7:$K$21) -> 5 | S9: =RANK(R9, R$7:R$21) -> #N/A | X9: =RANK(W9, W$7:W$21) -> #N/A | AC9: =RANK(AB9, AB$7:AB$21) -> #N/A | AE9: 12 | AF9: 1672.5 | AG9: 139.375 | AH9: =RANK(AG9, AG$7:AG$21) -> 6 | AJ9: 12 | AK9: 1716 | AL9: 143 | AM9: =RANK(AL9, AL$7:AL$21) -> 6 | AO9: 12 | AP9: 1753.3333 | AQ9: 146.11111 | AR9: =RANK(AQ9, AQ$7:AQ$21) -> 5 | AT9: 13 | AU9: 1758.6667 | AV9: 135.28205 | AW9: =RANK(AV9, AV$7:AV$21) -> 5
C10: 4 | D10: 海饌雙手卷 | E10: 10 | F10: 1636 | G10: 163.6 | I10: =AVERAGE(P10,U10,Z10,AE10,AJ10,AO10,AT10) -> 12.25 | J10: =AVERAGE(Q10,V10,AA10,AF10,AK10,AP10,AU10) -> 1709.3988 | K10: =AVERAGE(R10,W10,AB10,AG10,AL10,AQ10,AV10) -> 139.70711 | M10: =RANK(K10, K$7:$K$21) -> 6 | S10: =RANK(R10, R$7:R$21) -> #N/A | X10: =RANK(W10, W$7:W$21) -> #N/A | AC10: =RANK(AB10, AB$7:AB$21) -> #N/A | AE10: 12 | AF10: 1726.2857 | AG10: 143.85714 | AH10: =RANK(AG10, AG$7:AG$21) -> 5 | AJ10: 12 | AK10: 1769.1429 | AL10: 147.42857 | AM10: =RANK(AL10, AL$7:AL$21) -> 4 | AO10: 12 | AP10: 1630.6667 | AQ10: 135.88889 | AR10: =RANK(AQ10, AQ$7:AQ$21) -> 6 | AT10: 13 | AU10: 1711.5 | AV10: 131.65385 | AW10: =RANK(AV10, AV$7:AV$21) -> 6
C11: 5 | D11: 芝麻海苔香鬆細卷 | E11: 6 | F11: 1500 | G11: 250 | I11: =AVERAGE(P11,U11,Z11,AE11,AJ11,AO11,AT11) -> 4.75 | J11: =AVERAGE(Q11,V11,AA11,AF11,AK11,AP11,AU11) -> 1179 | K11: =AVERAGE(R11,W11,AB11,AG11,AL11,AQ11,AV11) -> 246.9 | M11: =RANK(K11, K$7:$K$21) -> 3 | S11: =RANK(R11, R$7:R$21) -> #N/A | X11: =RANK(W11, W$7:W$21) -> #N/A | AC11: =RANK(AB11, AB$7:AB$21) -> #N/A | AE11: 5 | AF11: 1170 | AG11: 234 | AH11: =RANK(AG11, AG$7:AG$21) -> 3 | AJ11: 4 | AK11: 888 | AL11: 222 | AM11: =RANK(AL11, AL$7:AL$21) -> 3 | AO11: 5 | AP11: 1260 | AQ11: 252 | AR11: =RANK(AQ11, AQ$7:AQ$21) -> 3 | AT11: 5 | AU11: 1398 | AV11: 279.6 | AW11: =RANK(AV11, AV$7:AV$21) -> 2
C12: 6 | D12: 鮪魚沙拉細卷 | E12: 5 | F12: 1500 | G12: 300 | I12: =AVERAGE(P12,U12,Z12,AE12,AJ12,AO12,AT12) -> 4.5 | J12: =AVERAGE(Q12,V12,AA12,AF12,AK12,AP12,AU12) -> 1123.9791 | K12: =AVERAGE(R12,W12,AB12,AG12,AL12,AQ12,AV12) -> 251.31583 | M12: =RANK(K12, K$7:$K$21) -> 2 | S12: =RANK(R12, R$7:R$21) -> #N/A | X12: =RANK(W12, W$7:W$21) -> #N/A | AC12: =RANK(AB12, AB$7:AB$21) -> #N/A | AE12: 5 | AF12: 1174.5455 | AG12: 234.90909 | AH12: =RANK(AG12, AG$7:AG$21) -> 2 | AJ12: 3 | AK12: 795.6 | AL12: 265.2 | AM12: =RANK(AL12, AL$7:AL$21) -> 2 | AO12: 5 | AP12: 1274.5946 | AQ12: 254.91892 | AR12: =RANK(AQ12, AQ$7:AQ$21) -> 2 | AT12: 5 | AU12: 1251.1765 | AV12: 250.23529 | AW12: =RANK(AV12, AV$7:AV$21) -> 3
C13: 7 | D13: 炙烤焦糖鮭魚細卷 | E13: 5 | F13: 1500 | G13: 300 | I13: =AVERAGE(P13,U13,Z13,AE13,AJ13,AO13,AT13) -> 4.5 | J13: =AVERAGE(Q13,V13,AA13,AF13,AK13,AP13,AU13) -> 1362.3214 | K13: =AVERAGE(R13,W13,AB13,AG13,AL13,AQ13,AV13) -> 308.33095 | M13: =RANK(K13, K$7:$K$21) -> 1 | S13: =RANK(R13, R$7:R$21) -> #N/A | X13: =RANK(W13, W$7:W$21) -> #N/A | AC13: =RANK(AB13, AB$7:AB$21) -> #N/A | AE13: 5 | AF13: 1524 | AG13: 304.8 | AH13: =RANK(AG13, AG$7:AG$21) -> 1 | AJ13: 3 | AK13: 1076 | AL13: 358.66667 | AM13: =RANK(AL13, AL$7:AL$21) -> 1 | AO13: 5 | AP13: 1444.2857 | AQ13: 288.85714 | AR13: =RANK(AQ13, AQ$7:AQ$21) -> 1 | AT13: 5 | AU13: 1405 | AV13: 281 | AW13: =RANK(AV13, AV$7:AV$21) -> 1
C14: 8 | M14: =RANK(K14, K$7:$K$21) -> #N/A | S14: =RANK(R14, R$7:R$21) -> #N/A | X14: =RANK(W14, W$7:W$21) -> #N/A | AC14: =RANK(AB14, AB$7:AB$21) -> #N/A | AH14: =RANK(AG14, AG$7:AG$21) -> #N/A | AM14: =RANK(AL14, AL$7:AL$21) -> #N/A | AR14: =RANK(AQ14, AQ$7:AQ$21) -> #N/A | AW14: =RANK(AV14, AV$7:AV$21) -> #N/A
C15: 9 | M15: =RANK(K15, K$7:$K$21) -> #N/A | S15: =RANK(R15, R$7:R$21) -> #N/A | X15: =RANK(W15, W$7:W$21) -> #N/A | AC15: =RANK(AB15, AB$7:AB$21) -> #N/A | AH15: =RANK(AG15, AG$7:AG$21) -> #N/A | AM15: =RANK(AL15, AL$7:AL$21) -> #N/A | AR15: =RANK(AQ15, AQ$7:AQ$21) -> #N/A | AW15: =RANK(AV15, AV$7:AV$21) -> #N/A
C16: 10 | M16: =RANK(K16, K$7:$K$21) -> #N/A | S16: =RANK(R16, R$7:R$21) -> #N/A | X16: =RANK(W16, W$7:W$21) -> #N/A | AC16: =RANK(AB16, AB$7:AB$21) -> #N/A | AH16: =RANK(AG16, AG$7:AG$21) -> #N/A | AM16: =RANK(AL16, AL$7:AL$21) -> #N/A | AR16: =RANK(AQ16, AQ$7:AQ$21) -> #N/A | AW16: =RANK(AV16, AV$7:AV$21) -> #N/A
C17: 11 | M17: =RANK(K17, K$7:$K$21) -> #N/A | S17: =RANK(R17, R$7:R$21) -> #N/A | X17: =RANK(W17, W$7:W$21) -> #N/A | AC17: =RANK(AB17, AB$7:AB$21) -> #N/A | AH17: =RANK(AG17, AG$7:AG$21) -> #N/A | AM17: =RANK(AL17, AL$7:AL$21) -> #N/A | AR17: =RANK(AQ17, AQ$7:AQ$21) -> #N/A | AW17: =RANK(AV17, AV$7:AV$21) -> #N/A
C18: 12 | M18: =RANK(K18, K$7:$K$21) -> #N/A | S18: =RANK(R18, R$7:R$21) -> #N/A | X18: =RANK(W18, W$7:W$21) -> #N/A | AC18: =RANK(AB18, AB$7:AB$21) -> #N/A | AH18: =RANK(AG18, AG$7:AG$21) -> #N/A | AM18: =RANK(AL18, AL$7:AL$21) -> #N/A | AR18: =RANK(AQ18, AQ$7:AQ$21) -> #N/A | AW18: =RANK(AV18, AV$7:AV$21) -> #N/A
C19: 13 | M19: =RANK(K19, K$7:$K$21) -> #N/A | S19: =RANK(R19, R$7:R$21) -> #N/A | X19: =RANK(W19, W$7:W$21) -> #N/A | AC19: =RANK(AB19, AB$7:AB$21) -> #N/A | AH19: =RANK(AG19, AG$7:AG$21) -> #N/A | AM19: =RANK(AL19, AL$7:AL$21) -> #N/A | AR19: =RANK(AQ19, AQ$7:AQ$21) -> #N/A | AW19: =RANK(AV19, AV$7:AV$21) -> #N/A
C20: 14 | M20: =RANK(K20, K$7:$K$21) -> #N/A | S20: =RANK(R20, R$7:R$21) -> #N/A | X20: =RANK(W20, W$7:W$21) -> #N/A | AC20: =RANK(AB20, AB$7:AB$21) -> #N/A | AH20: =RANK(AG20, AG$7:AG$21) -> #N/A | AM20: =RANK(AL20, AL$7:AL$21) -> #N/A | AR20: =RANK(AQ20, AQ$7:AQ$21) -> #N/A | AW20: =RANK(AV20, AV$7:AV$21) -> #N/A
C21: 15 | M21: =RANK(K21, K$7:$K$21) -> #N/A | S21: =RANK(R21, R$7:R$21) -> #N/A | X21: =RANK(W21, W$7:W$21) -> #N/A | AC21: =RANK(AB21, AB$7:AB$21) -> #N/A | AH21: =RANK(AG21, AG$7:AG$21) -> #N/A | AM21: =RANK(AL21, AL$7:AL$21) -> #N/A | AR21: =RANK(AQ21, AQ$7:AQ$21) -> #N/A | AW21: =RANK(AV21, AV$7:AV$21) -> #N/A
B22: 產線配置圖－每週更新 | N22: 資料繳交 | O22: 日期 | P22: 45874 | U22: =P22+1 -> 45875 | Z22: =U22+1 -> 45876 | AE22: =Z22+1 -> 45877 | AJ22: =AE22+1 -> 45878 | AO22: =AJ22+1 -> 45879 | AT22: =AO22+1 -> 45880
P23: 二 | U23: 三 | Z23: 四 | AE23: 五 | AJ23: 六 | AO23: 日 | AT23: 一
B24: 品群 | C24: 商品名稱 | E24: 計畫 | H24: 平均人時性 | I24: 實績 | L24: 平均人時性 | M24: 排名 | O24: 日報 | P24: 實際 | T24: 平均人時性 | U24: 實際 | Y24: 平均人時性 | Z24: 實際 | AD24: 平均人時性 | AE24: 實際 | AI24: 平均人時性 | AJ24: 實際 | AN24: 平均人時性 | AO24: 實際 | AS24: 平均人時性 | AT24: 實際 | AX24: 平均人時性
E25: 產線配置圖 | I25: 產線配置圖 | P25: 生產實績 | U25: 生產實績 | Z25: 生產實績 | AE25: 生產實績 | AJ25: 生產實績 | AO25: 生產實績 | AT25: 生產實績
E26: 人數 | F26: 產能／時 | G26: 人時性 | I26: 人數 | J26: 產能／時 | K26: 人時性 | P26: 人數 | Q26: 產能／時 | R26: 人時性 | S26: 排名 | U26: 人數 | V26: 產能／時 | W26: 人時性 | X26: 排名 | Z26: 人數 | AA26: 產能／時 | AB26: 人時性 | AC26: 排名 | AE26: 人數 | AF26: 產能／時 | AG26: 人時性 | AH26: 排名 | AJ26: 人數 | AK26: 產能／時 | AL26: 人時性 | AM26: 排名 | AO26: 人數 | AP26: 產能／時 | AQ26: 人時性 | AR26: 排名 | AT26: 人數 | AU26: 產能／時 | AV26: 人時性 | AW26: 排名
B27: 18℃-壽司手卷 | C27: 1 | D27: 日式厚蛋脆卷 | E27: 14 | F27: 1500 | G27: 107.14286 | H27: =AVERAGE(G27:G41) -> 204.90612 | I27: =AVERAGE(P27,U27,Z27,AE27,AJ27,AO27,AT27) -> 12.714286 | J27: =AVERAGE(Q27,V27,AA27,AF27,AK27,AP27,AU27) -> 978.66782 | K27: =AVERAGE(R27,W27,AB27,AG27,AL27,AQ27,AV27) -> 77.065499 | L27: =IFERROR(AVERAGE(K27:K41),"-") -> 198.90335 | M27: =RANK(K27, K$27:$K$41) -> 7 | P27: 12 | Q27: 921.42857 | R27: 76.785714 | S27: =RANK(R27, R$27:R$41) -> 7 | T27: =AVERAGE(R27:R41) -> 197.88554 | U27: 12 | V27: 1026 | W27: 85.5 | X27: =RANK(W27, W$27:W$41) -> 7 | Y27: =AVERAGE(W27:W41) -> 200.58309 | Z27: 13 | AA27: 943 | AB27: 72.538462 | AC27: =RANK(AB27, AB$27:AB$41) -> 7 | AD27: =AVERAGE(AB27:AB41) -> 197.24349 | AE27: 13 | AF27: 975.6 | AG27: 75.046154 | AH27: =RANK(AG27, AG$27:AG$41) -> 7 | AI27: =AVERAGE(AG27:AG41) -> 199.26996 | AJ27: 13 | AK27: 1012.8 | AL27: 77.907692 | AM27: =RANK(AL27, AL$27:AL$41) -> 7 | AN27: =AVERAGE(AL27:AL41) -> 198.44848 | AO27: 13 | AP27: 961.84615 | AQ27: 73.988166 | AR27: =RANK(AQ27, AQ$27:AQ$41) -> 7 | AS27: =AVERAGE(AQ27:AQ41) -> 200.32961 | AT27: 13 | AU27: 1010 | AV27: 77.692308 | AW27: =RANK(AV27, AV$27:AV$41) -> 7 | AX27: =AVERAGE(AV27:AV41) -> 198.56327
C28: 2 | D28: 長野稻荷壽司 | E28: 10 | F28: 1500 | G28: 150 | I28: =AVERAGE(P28,U28,Z28,AE28,AJ28,AO28,AT28) -> 10 | J28: =AVERAGE(Q28,V28,AA28,AF28,AK28,AP28,AU28) -> 1493.7039 | K28: =AVERAGE(R28,W28,AB28,AG28,AL28,AQ28,AV28) -> 149.37039 | M28: =RANK(K28, K$27:$K$41) -> 4 | P28: 10 | Q28: 1385 | R28: 138.5 | S28: =RANK(R28, R$27:R$41) -> 6 | U28: 10 | V28: 1629.6 | W28: 162.96 | X28: =RANK(W28, W$27:W$41) -> 4 | Z28: 10 | AA28: 1551.6 | AB28: 155.16 | AC28: =RANK(AB28, AB$27:AB$41) -> 4 | AE28: 10 | AF28: 1514.6667 | AG28: 151.46667 | AH28: =RANK(AG28, AG$27:AG$41) -> 4 | AJ28: 10 | AK28: 1489.3333 | AL28: 148.93333 | AM28: =RANK(AL28, AL$27:AL$41) -> 4 | AO28: 10 | AP28: 1425 | AQ28: 142.5 | AR28: =RANK(AQ28, AQ$27:AQ$41) -> 6 | AT28: 10 | AU28: 1460.7273 | AV28: 146.07273 | AW28: =RANK(AV28, AV$27:AV$41) -> 5
C29: 3 | D29: 雙饗雙手卷 | E29: 10 | F29: 1636 | G29: 163.6 | I29: =AVERAGE(P29,U29,Z29,AE29,AJ29,AO29,AT29) -> 12.142857 | J29: =AVERAGE(Q29,V29,AA29,AF29,AK29,AP29,AU29) -> 1736.3571 | K29: =AVERAGE(R29,W29,AB29,AG29,AL29,AQ29,AV29) -> 143.03465 | M29: =RANK(K29, K$27:$K$41) -> 5 | P29: 12 | Q29: 1701.3333 | R29: 141.77778 | S29: =RANK(R29, R$27:R$41) -> 4 | U29: 13 | V29: 1814.6667 | W29: 139.58974 | X29: =RANK(W29, W$27:W$41) -> 5 | Z29: 12 | AA29: 1688 | AB29: 140.66667 | AC29: =RANK(AB29, AB$27:AB$41) -> 5 | AE29: 12 | AF29: 1663.5 | AG29: 138.625 | AH29: =RANK(AG29, AG$27:AG$41) -> 6 | AJ29: 12 | AK29: 1731 | AL29: 144.25 | AM29: =RANK(AL29, AL$27:AL$41) -> 6 | AO29: 12 | AP29: 1810.6667 | AQ29: 150.88889 | AR29: =RANK(AQ29, AQ$27:AQ$41) -> 4 | AT29: 12 | AU29: 1745.3333 | AV29: 145.44444 | AW29: =RANK(AV29, AV$27:AV$41) -> 6
C30: 4 | D30: 海饌雙手卷 | E30: 10 | F30: 1636 | G30: 163.6 | I30: =AVERAGE(P30,U30,Z30,AE30,AJ30,AO30,AT30) -> 12.142857 | J30: =AVERAGE(Q30,V30,AA30,AF30,AK30,AP30,AU30) -> 1732.6837 | K30: =AVERAGE(R30,W30,AB30,AG30,AL30,AQ30,AV30) -> 142.85047 | M30: =RANK(K30, K$27:$K$41) -> 6 | P30: 12 | Q30: 1698 | R30: 141.5 | S30: =RANK(R30, R$27:R$41) -> 5 | U30: 13 | V30: 1681.5 | W30: 129.34615 | X30: =RANK(W30, W$27:W$41) -> 6 | Z30: 12 | AA30: 1681.5 | AB30: 140.125 | AC30: =RANK(AB30, AB$27:AB$41) -> 6 | AE30: 12 | AF30: 1743.4286 | AG30: 145.28571 | AH30: =RANK(AG30, AG$27:AG$41) -> 5 | AJ30: 12 | AK30: 1758.8571 | AL30: 146.57143 | AM30: =RANK(AL30, AL$27:AL$41) -> 5 | AO30: 12 | AP30: 1797 | AQ30: 149.75 | AR30: =RANK(AQ30, AQ$27:AQ$41) -> 5 | AT30: 12 | AU30: 1768.5 | AV30: 147.375 | AW30: =RANK(AV30, AV$27:AV$41) -> 4
C31: 5 | D31: 芝麻海苔香鬆細卷 | E31: 6 | F31: 1500 | G31: 250 | I31: =AVERAGE(P31,U31,Z31,AE31,AJ31,AO31,AT31) -> 5 | J31: =AVERAGE(Q31,V31,AA31,AF31,AK31,AP31,AU31) -> 1484.5887 | K31: =AVERAGE(R31,W31,AB31,AG31,AL31,AQ31,AV31) -> 296.91775 | M31: =RANK(K31, K$27:$K$41) -> 1 | P31: 5 | Q31: 1500 | R31: 300 | S31: =RANK(R31, R$27:R$41) -> 1 | U31: 5 | V31: 1511.4286 | W31: 302.28571 | X31: =RANK(W31, W$27:W$41) -> 1 | Z31: 5 | AA31: 1454.2857 | AB31: 290.85714 | AC31: =RANK(AB31, AB$27:AB$41) -> 2 | AE31: 5 | AF31: 1476.6667 | AG31: 295.33333 | AH31: =RANK(AG31, AG$27:AG$41) -> 2 | AJ31: 5 | AK31: 1500 | AL31: 300 | AM31: =RANK(AL31, AL$27:AL$41) -> 1 | AO31: 5 | AP31: 1475.4545 | AQ31: 295.09091 | AR31: =RANK(AQ31, AQ$27:AQ$41) -> 2 | AT31: 5 | AU31: 1474.2857 | AV31: 294.85714 | AW31: =RANK(AV31, AV$27:AV$41) -> 1
C32: 6 | D32: 鮪魚沙拉細卷 | E32: 5 | F32: 1500 | G32: 300 | I32: =AVERAGE(P32,U32,Z32,AE32,AJ32,AO32,AT32) -> 5 | J32: =AVERAGE(Q32,V32,AA32,AF32,AK32,AP32,AU32) -> 1481.2248 | K32: =AVERAGE(R32,W32,AB32,AG32,AL32,AQ32,AV32) -> 296.24496 | M32: =RANK(K32, K$27:$K$41) -> 2 | P32: 5 | Q32: 1472 | R32: 294.4 | S32: =RANK(R32, R$27:R$41) -> 2 | U32: 5 | V32: 1482 | W32: 296.4 | X32: =RANK(W32, W$27:W$41) -> 2 | Z32: 5 | AA32: 1492.5 | AB32: 298.5 | AC32: =RANK(AB32, AB$27:AB$41) -> 1 | AE32: 5 | AF32: 1483.8462 | AG32: 296.76923 | AH32: =RANK(AG32, AG$27:AG$41) -> 1 | AJ32: 5 | AK32: 1465.3846 | AL32: 293.07692 | AM32: =RANK(AL32, AL$27:AL$41) -> 2 | AO32: 5 | AP32: 1501.875 | AQ32: 300.375 | AR32: =RANK(AQ32, AQ$27:AQ$41) -> 1 | AT32: 5 | AU32: 1470.9677 | AV32: 294.19355 | AW32: =RANK(AV32, AV$27:AV$41) -> 2
C33: 7 | D33: 炙烤焦糖鮭魚細卷 | E33: 5 | F33: 1500 | G33: 300 | I33: =AVERAGE(P33,U33,Z33,AE33,AJ33,AO33,AT33) -> 5 | J33: =AVERAGE(Q33,V33,AA33,AF33,AK33,AP33,AU33) -> 1434.1986 | K33: =AVERAGE(R33,W33,AB33,AG33,AL33,AQ33,AV33) -> 286.83972 | M33: =RANK(K33, K$27:$K$41) -> 3 | P33: 5 | Q33: 1461.1765 | R33: 292.23529 | S33: =RANK(R33, R$27:R$41) -> 3 | U33: 5 | V33: 1440 | W33: 288 | X33: =RANK(W33, W$27:W$41) -> 3 | Z33: 5 | AA33: 1414.2857 | AB33: 282.85714 | AC33: =RANK(AB33, AB$27:AB$41) -> 3 | AE33: 5 | AF33: 1461.8182 | AG33: 292.36364 | AH33: =RANK(AG33, AG$27:AG$41) -> 3 | AJ33: 5 | AK33: 1392 | AL33: 278.4 | AM33: =RANK(AL33, AL$27:AL$41) -> 3 | AO33: 5 | AP33: 1448.5714 | AQ33: 289.71429 | AR33: =RANK(AQ33, AQ$27:AQ$41) -> 3 | AT33: 5 | AU33: 1421.5385 | AV33: 284.30769 | AW33: =RANK(AV33, AV$27:AV$41) -> 3
C34: 8 | M34: =RANK(K34, K$27:$K$41) -> #N/A | S34: =RANK(R34, R$27:R$41) -> #N/A | X34: =RANK(W34, W$27:W$41) -> #N/A | AC34: =RANK(AB34, AB$27:AB$41) -> #N/A | AH34: =RANK(AG34, AG$27:AG$41) -> #N/A | AM34: =RANK(AL34, AL$27:AL$41) -> #N/A | AR34: =RANK(AQ34, AQ$27:AQ$41) -> #N/A | AW34: =RANK(AV34, AV$27:AV$41) -> #N/A
C35: 9 | M35: =RANK(K35, K$27:$K$41) -> #N/A | S35: =RANK(R35, R$27:R$41) -> #N/A | X35: =RANK(W35, W$27:W$41) -> #N/A | AC35: =RANK(AB35, AB$27:AB$41) -> #N/A | AH35: =RANK(AG35, AG$27:AG$41) -> #N/A | AM35: =RANK(AL35, AL$27:AL$41) -> #N/A | AR35: =RANK(AQ35, AQ$27:AQ$41) -> #N/A | AW35: =RANK(AV35, AV$27:AV$41) -> #N/A
C36: 10 | M36: =RANK(K36, K$27:$K$41) -> #N/A | S36: =RANK(R36, R$27:R$41) -> #N/A | X36: =RANK(W36, W$27:W$41) -> #N/A | AC36: =RANK(AB36, AB$27:AB$41) -> #N/A | AH36: =RANK(AG36, AG$27:AG$41) -> #N/A | AM36: =RANK(AL36, AL$27:AL$41) -> #N/A | AR36: =RANK(AQ36, AQ$27:AQ$41) -> #N/A | AW36: =RANK(AV36, AV$27:AV$41) -> #N/A
C37: 11 | M37: =RANK(K37, K$27:$K$41) -> #N/A | S37: =RANK(R37, R$27:R$41) -> #N/A | X37: =RANK(W37, W$27:W$41) -> #N/A | AC37: =RANK(AB37, AB$27:AB$41) -> #N/A | AH37: =RANK(AG37, AG$27:AG$41) -> #N/A | AM37: =RANK(AL37, AL$27:AL$41) -> #N/A | AR37: =RANK(AQ37, AQ$27:AQ$41) -> #N/A | AW37: =RANK(AV37, AV$27:AV$41) -> #N/A
C38: 12 | M38: =RANK(K38, K$27:$K$41) -> #N/A | S38: =RANK(R38, R$27:R$41) -> #N/A | X38: =RANK(W38, W$27:W$41) -> #N/A | AC38: =RANK(AB38, AB$27:AB$41) -> #N/A | AH38: =RANK(AG38, AG$27:AG$41) -> #N/A | AM38: =RANK(AL38, AL$27:AL$41) -> #N/A | AR38: =RANK(AQ38, AQ$27:AQ$41) -> #N/A | AW38: =RANK(AV38, AV$27:AV$41) -> #N/A
C39: 13 | M39: =RANK(K39, K$27:$K$41) -> #N/A | S39: =RANK(R39, R$27:R$41) -> #N/A | X39: =RANK(W39, W$27:W$41) -> #N/A | AC39: =RANK(AB39, AB$27:AB$41) -> #N/A | AH39: =RANK(AG39, AG$27:AG$41) -> #N/A | AM39: =RANK(AL39, AL$27:AL$41) -> #N/A | AR39: =RANK(AQ39, AQ$27:AQ$41) -> #N/A | AW39: =RANK(AV39, AV$27:AV$41) -> #N/A
C40: 14 | M40: =RANK(K40, K$27:$K$41) -> #N/A | S40: =RANK(R40, R$27:R$41) -> #N/A | X40: =RANK(W40, W$27:W$41) -> #N/A | AC40: =RANK(AB40, AB$27:AB$41) -> #N/A | AH40: =RANK(AG40, AG$27:AG$41) -> #N/A | AM40: =RANK(AL40, AL$27:AL$41) -> #N/A | AR40: =RANK(AQ40, AQ$27:AQ$41) -> #N/A | AW40: =RANK(AV40, AV$27:AV$41) -> #N/A
C41: 15 | M41: =RANK(K41, K$27:$K$41) -> #N/A | S41: =RANK(R41, R$27:R$41) -> #N/A | X41: =RANK(W41, W$27:W$41) -> #N/A | AC41: =RANK(AB41, AB$27:AB$41) -> #N/A | AH41: =RANK(AG41, AG$27:AG$41) -> #N/A | AM41: =RANK(AL41, AL$27:AL$41) -> #N/A | AR41: =RANK(AQ41, AQ$27:AQ$41) -> #N/A | AW41: =RANK(AV41, AV$27:AV$41) -> #N/A
B42: 產線配置圖－每週更新 | N42: 資料繳交 | O42: 日期 | P42: =P22+7 -> 45881 | U42: =P42+1 -> 45882 | Z42: =U42+1 -> 45883 | AE42: =Z42+1 -> 45884 | AJ42: =AE42+1 -> 45885 | AO42: =AJ42+1 -> 45886 | AT42: =AO42+1 -> 45887
P43: 二 | U43: 三 | Z43: 四 | AE43: 五 | AJ43: 六 | AO43: 日 | AT43: 一
B44: 品群 | C44: 商品名稱 | E44: 計畫 | H44: 平均人時性 | I44: 實績 | L44: 平均人時性 | M44: 排名 | O44: 日報 | P44: 實際 | T44: 平均人時性 | U44: 實際 | Y44: 平均人時性 | Z44: 實際 | AD44: 平均人時性 | AE44: 實際 | AI44: 平均人時性 | AJ44: 實際 | AN44: 平均人時性 | AO44: 實際 | AS44: 平均人時性 | AT44: 實際 | AX44: 平均人時性
E45: 產線配置圖 | I45: 產線配置圖 | P45: 生產實績 | U45: 生產實績 | Z45: 生產實績 | AE45: 生產實績 | AJ45: 生產實績 | AO45: 生產實績 | AT45: 生產實績
E46: 人數 | F46: 產能／時 | G46: 人時性 | I46: 人數 | J46: 產能／時 | K46: 人時性 | P46: 人數 | Q46: 產能／時 | R46: 人時性 | S46: 排名 | U46: 人數 | V46: 產能／時 | W46: 人時性 | X46: 排名 | Z46: 人數 | AA46: 產能／時 | AB46: 人時性 | AC46: 排名 | AE46: 人數 | AF46: 產能／時 | AG46: 人時性 | AH46: 排名 | AJ46: 人數 | AK46: 產能／時 | AL46: 人時性 | AM46: 排名 | AO46: 人數 | AP46: 產能／時 | AQ46: 人時性 | AR46: 排名 | AT46: 人數 | AU46: 產能／時 | AV46: 人時性 | AW46: 排名
B47: 18℃-壽司手卷 | C47: 1 | D47: 日式厚蛋脆卷 | E47: 15 | F47: 1200 | G47: 80 | H47: =AVERAGE(G47:G61) -> 201.02857 | I47: =AVERAGE(P47,U47,Z47,AE47,AJ47,AO47,AT47) -> 13 | J47: =AVERAGE(Q47,V47,AA47,AF47,AK47,AP47,AU47) -> 1268.5643 | K47: =AVERAGE(R47,W47,AB47,AG47,AL47,AQ47,AV47) -> 97.581871 | L47: =IFERROR(AVERAGE(K47:K61),"-") -> 201.53936 | M47: =RANK(K47, K$47:$K$61) -> 7 | P47: 13 | Q47: 990.54545 | R47: 76.195804 | S47: =RANK(R47, R$47:R$61) -> 7 | T47: =AVERAGE(R47:R61) -> 192.92802 | U47: 13 | V47: 1462.2857 | W47: 112.48352 | X47: =RANK(W47, W$47:W$61) -> 7 | Y47: =AVERAGE(W47:W61) -> 205.62754 | Z47: 13 | AA47: 1598 | AB47: 122.92308 | AC47: =RANK(AB47, AB$47:AB$61) -> 7 | AD47: =AVERAGE(AB47:AB61) -> 206.14179 | AE47: 13 | AF47: 1198.2857 | AG47: 92.175824 | AH47: =RANK(AG47, AG$47:AG$61) -> 7 | AI47: =AVERAGE(AG47:AG61) -> 199.07024 | AJ47: 13 | AK47: 1236 | AL47: 95.076923 | AM47: =RANK(AL47, AL$47:AL$61) -> 7 | AN47: =AVERAGE(AL47:AL61) -> 199.56304 | AO47: 13 | AP47: 1181.3333 | AQ47: 90.871795 | AR47: =RANK(AQ47, AQ$47:AQ$61) -> 7 | AS47: =AVERAGE(AQ47:AQ61) -> 205.60282 | AT47: 13 | AU47: 1213.5 | AV47: 93.346154 | AW47: =RANK(AV47, AV$47:AV$61) -> 7 | AX47: =AVERAGE(AV47:AV61) -> 201.84208
C48: 2 | D48: 長野稻荷壽司 | E48: 10 | F48: 1500 | G48: 150 | I48: =AVERAGE(P48,U48,Z48,AE48,AJ48,AO48,AT48) -> 10 | J48: =AVERAGE(Q48,V48,AA48,AF48,AK48,AP48,AU48) -> 1470.8069 | K48: =AVERAGE(R48,W48,AB48,AG48,AL48,AQ48,AV48) -> 147.08069 | M48: =RANK(K48, K$47:$K$61) -> 4 | P48: 10 | Q48: 1519.2 | R48: 151.92 | S48: =RANK(R48, R$47:R$61) -> 4 | U48: 10 | V48: 1449.6 | W48: 144.96 | X48: =RANK(W48, W$47:W$61) -> 6 | Z48: 10 | AA48: 1482 | AB48: 148.2 | AC48: =RANK(AB48, AB$47:AB$61) -> 4 | AE48: 10 | AF48: 1418.6667 | AG48: 141.86667 | AH48: =RANK(AG48, AG$47:AG$61) -> 5 | AJ48: 10 | AK48: 1424 | AL48: 142.4 | AM48: =RANK(AL48, AL$47:AL$61) -> 5 | AO48: 10 | AP48: 1466.1818 | AQ48: 146.61818 | AR48: =RANK(AQ48, AQ$47:AQ$61) -> 6 | AT48: 10 | AU48: 1536 | AV48: 153.6 | AW48: =RANK(AV48, AV$47:AV$61) -> 4
C49: 3 | D49: 雙饗雙手卷 | E49: 10 | F49: 1636 | G49: 163.6 | I49: =AVERAGE(P49,U49,Z49,AE49,AJ49,AO49,AT49) -> 12 | J49: =AVERAGE(Q49,V49,AA49,AF49,AK49,AP49,AU49) -> 1721.0381 | K49: =AVERAGE(R49,W49,AB49,AG49,AL49,AQ49,AV49) -> 143.41984 | M49: =RANK(K49, K$47:$K$61) -> 6 | P49: 12 | Q49: 1527.6 | R49: 127.3 | S49: =RANK(R49, R$47:R$61) -> 6 | U49: 12 | V49: 1842 | W49: 153.5 | X49: =RANK(W49, W$47:W$61) -> 5 | Z49: 12 | AA49: 1685.3333 | AB49: 140.44444 | AC49: =RANK(AB49, AB$47:AB$61) -> 6 | AE49: 12 | AF49: 1668 | AG49: 139 | AH49: =RANK(AG49, AG$47:AG$61) -> 6 | AJ49: 12 | AK49: 1683 | AL49: 140.25 | AM49: =RANK(AL49, AL$47:AL$61) -> 6 | AO49: 12 | AP49: 1822.6667 | AQ49: 151.88889 | AR49: =RANK(AQ49, AQ$47:AQ$61) -> 5 | AT49: 12 | AU49: 1818.6667 | AV49: 151.55556 | AW49: =RANK(AV49, AV$47:AV$61) -> 6
C50: 4 | D50: 海饌雙手卷 | E50: 10 | F50: 1636 | G50: 163.6 | I50: =AVERAGE(P50,U50,Z50,AE50,AJ50,AO50,AT50) -> 12 | J50: =AVERAGE(Q50,V50,AA50,AF50,AK50,AP50,AU50) -> 1761.2823 | K50: =AVERAGE(R50,W50,AB50,AG50,AL50,AQ50,AV50) -> 146.77353 | M50: =RANK(K50, K$47:$K$61) -> 5 | P50: 12 | Q50: 1537.3333 | R50: 128.11111 | S50: =RANK(R50, R$47:R$61) -> 5 | U50: 12 | V50: 1865.1429 | W50: 155.42857 | X50: =RANK(W50, W$47:W$61) -> 4 | Z50: 12 | AA50: 1723.5 | AB50: 143.625 | AC50: =RANK(AB50, AB$47:AB$61) -> 5 | AE50: 12 | AF50: 1726.2857 | AG50: 143.85714 | AH50: =RANK(AG50, AG$47:AG$61) -> 4 | AJ50: 12 | AK50: 1729.7143 | AL50: 144.14286 | AM50: =RANK(AL50, AL$47:AL$61) -> 4 | AO50: 12 | AP50: 1924.5 | AQ50: 160.375 | AR50: =RANK(AQ50, AQ$47:AQ$61) -> 4 | AT50: 12 | AU50: 1822.5 | AV50: 151.875 | AW50: =RANK(AV50, AV$47:AV$61) -> 5
C51: 5 | D51: 芝麻海苔香鬆細卷 | E51: 6 | F51: 1500 | G51: 250 | I51: =AVERAGE(P51,U51,Z51,AE51,AJ51,AO51,AT51) -> 5 | J51: =AVERAGE(Q51,V51,AA51,AF51,AK51,AP51,AU51) -> 1464.4891 | K51: =AVERAGE(R51,W51,AB51,AG51,AL51,AQ51,AV51) -> 292.89782 | M51: =RANK(K51, K$47:$K$61) -> 2 | P51: 5 | Q51: 1485 | R51: 297 | S51: =RANK(R51, R$47:R$61) -> 1 | U51: 5 | V51: 1452 | W51: 290.4 | X51: =RANK(W51, W$47:W$61) -> 2 | Z51: 5 | AA51: 1476 | AB51: 295.2 | AC51: =RANK(AB51, AB$47:AB$61) -> 2 | AE51: 5 | AF51: 1496.6667 | AG51: 299.33333 | AH51: =RANK(AG51, AG$47:AG$61) -> 1 | AJ51: 5 | AK51: 1450.5882 | AL51: 290.11765 | AM51: =RANK(AL51, AL$47:AL$61) -> 3 | AO51: 5 | AP51: 1445.4545 | AQ51: 289.09091 | AR51: =RANK(AQ51, AQ$47:AQ$61) -> 3 | AT51: 5 | AU51: 1445.7143 | AV51: 289.14286 | AW51: =RANK(AV51, AV$47:AV$61) -> 2
C52: 6 | D52: 鮪魚沙拉細卷 | E52: 5 | F52: 1500 | G52: 300 | I52: =AVERAGE(P52,U52,Z52,AE52,AJ52,AO52,AT52) -> 5 | J52: =AVERAGE(Q52,V52,AA52,AF52,AK52,AP52,AU52) -> 1477.4296 | K52: =AVERAGE(R52,W52,AB52,AG52,AL52,AQ52,AV52) -> 295.48592 | M52: =RANK(K52, K$47:$K$61) -> 1 | P52: 5 | Q52: 1456 | R52: 291.2 | S52: =RANK(R52, R$47:R$61) -> 2 | U52: 5 | V52: 1473.1034 | W52: 294.62069 | X52: =RANK(W52, W$47:W$61) -> 1 | Z52: 5 | AA52: 1498 | AB52: 299.6 | AC52: =RANK(AB52, AB$47:AB$61) -> 1 | AE52: 5 | AF52: 1495.3846 | AG52: 299.07692 | AH52: =RANK(AG52, AG$47:AG$61) -> 2 | AJ52: 5 | AK52: 1460.7692 | AL52: 292.15385 | AM52: =RANK(AL52, AL$47:AL$61) -> 2 | AO52: 5 | AP52: 1501.875 | AQ52: 300.375 | AR52: =RANK(AQ52, AQ$47:AQ$61) -> 1 | AT52: 5 | AU52: 1456.875 | AV52: 291.375 | AW52: =RANK(AV52, AV$47:AV$61) -> 1
C53: 7 | D53: 炙烤焦糖鮭魚細卷 | E53: 5 | F53: 1500 | G53: 300 | I53: =AVERAGE(P53,U53,Z53,AE53,AJ53,AO53,AT53) -> 5 | J53: =AVERAGE(Q53,V53,AA53,AF53,AK53,AP53,AU53) -> 1437.6793 | K53: =AVERAGE(R53,W53,AB53,AG53,AL53,AQ53,AV53) -> 287.53586 | M53: =RANK(K53, K$47:$K$61) -> 3 | P53: 5 | Q53: 1393.8462 | R53: 278.76923 | S53: =RANK(R53, R$47:R$61) -> 3 | U53: 5 | V53: 1440 | W53: 288 | X53: =RANK(W53, W$47:W$61) -> 3 | Z53: 5 | AA53: 1465 | AB53: 293 | AC53: =RANK(AB53, AB$47:AB$61) -> 3 | AE53: 5 | AF53: 1390.9091 | AG53: 278.18182 | AH53: =RANK(AG53, AG$47:AG$61) -> 3 | AJ53: 5 | AK53: 1464 | AL53: 292.8 | AM53: =RANK(AL53, AL$47:AL$61) -> 1 | AO53: 5 | AP53: 1500 | AQ53: 300 | AR53: =RANK(AQ53, AQ$47:AQ$61) -> 2 | AT53: 5 | AU53: 1410 | AV53: 282 | AW53: =RANK(AV53, AV$47:AV$61) -> 3
C54: 8 | M54: =RANK(K54, K$47:$K$61) -> #N/A | S54: =RANK(R54, R$47:R$61) -> #N/A | X54: =RANK(W54, W$47:W$61) -> #N/A | AC54: =RANK(AB54, AB$47:AB$61) -> #N/A | AH54: =RANK(AG54, AG$47:AG$61) -> #N/A | AM54: =RANK(AL54, AL$47:AL$61) -> #N/A | AR54: =RANK(AQ54, AQ$47:AQ$61) -> #N/A | AW54: =RANK(AV54, AV$47:AV$61) -> #N/A
C55: 9 | M55: =RANK(K55, K$47:$K$61) -> #N/A | S55: =RANK(R55, R$47:R$61) -> #N/A | X55: =RANK(W55, W$47:W$61) -> #N/A | AC55: =RANK(AB55, AB$47:AB$61) -> #N/A | AH55: =RANK(AG55, AG$47:AG$61) -> #N/A | AM55: =RANK(AL55, AL$47:AL$61) -> #N/A | AR55: =RANK(AQ55, AQ$47:AQ$61) -> #N/A | AW55: =RANK(AV55, AV$47:AV$61) -> #N/A
C56: 10 | M56: =RANK(K56, K$47:$K$61) -> #N/A | S56: =RANK(R56, R$47:R$61) -> #N/A | X56: =RANK(W56, W$47:W$61) -> #N/A | AC56: =RANK(AB56, AB$47:AB$61) -> #N/A | AH56: =RANK(AG56, AG$47:AG$61) -> #N/A | AM56: =RANK(AL56, AL$47:AL$61) -> #N/A | AR56: =RANK(AQ56, AQ$47:AQ$61) -> #N/A | AW56: =RANK(AV56, AV$47:AV$61) -> #N/A
C57: 11 | M57: =RANK(K57, K$47:$K$61) -> #N/A | S57: =RANK(R57, R$47:R$61) -> #N/A | X57: =RANK(W57, W$47:W$61) -> #N/A | AC57: =RANK(AB57, AB$47:AB$61) -> #N/A | AH57: =RANK(AG57, AG$47:AG$61) -> #N/A | AM57: =RANK(AL57, AL$47:AL$61) -> #N/A | AR57: =RANK(AQ57, AQ$47:AQ$61) -> #N/A | AW57: =RANK(AV57, AV$47:AV$61) -> #N/A
C58: 12 | M58: =RANK(K58, K$47:$K$61) -> #N/A | S58: =RANK(R58, R$47:R$61) -> #N/A | X58: =RANK(W58, W$47:W$61) -> #N/A | AC58: =RANK(AB58, AB$47:AB$61) -> #N/A | AH58: =RANK(AG58, AG$47:AG$61) -> #N/A | AM58: =RANK(AL58, AL$47:AL$61) -> #N/A | AR58: =RANK(AQ58, AQ$47:AQ$61) -> #N/A | AW58: =RANK(AV58, AV$47:AV$61) -> #N/A
C59: 13 | M59: =RANK(K59, K$47:$K$61) -> #N/A | S59: =RANK(R59, R$47:R$61) -> #N/A | X59: =RANK(W59, W$47:W$61) -> #N/A | AC59: =RANK(AB59, AB$47:AB$61) -> #N/A | AH59: =RANK(AG59, AG$47:AG$61) -> #N/A | AM59: =RANK(AL59, AL$47:AL$61) -> #N/A | AR59: =RANK(AQ59, AQ$47:AQ$61) -> #N/A | AW59: =RANK(AV59, AV$47:AV$61) -> #N/A
C60: 14 | M60: =RANK(K60, K$47:$K$61) -> #N/A | S60: =RANK(R60, R$47:R$61) -> #N/A | X60: =RANK(W60, W$47:W$61) -> #N/A | AC60: =RANK(AB60, AB$47:AB$61) -> #N/A | AH60: =RANK(AG60, AG$47:AG$61) -> #N/A | AM60: =RANK(AL60, AL$47:AL$61) -> #N/A | AR60: =RANK(AQ60, AQ$47:AQ$61) -> #N/A | AW60: =RANK(AV60, AV$47:AV$61) -> #N/A
C61: 15 | M61: =RANK(K61, K$47:$K$61) -> #N/A | S61: =RANK(R61, R$47:R$61) -> #N/A | X61: =RANK(W61, W$47:W$61) -> #N/A | AC61: =RANK(AB61, AB$47:AB$61) -> #N/A | AH61: =RANK(AG61, AG$47:AG$61) -> #N/A | AM61: =RANK(AL61, AL$47:AL$61) -> #N/A | AR61: =RANK(AQ61, AQ$47:AQ$61) -> #N/A | AW61: =RANK(AV61, AV$47:AV$61) -> #N/A
B62: 產線配置圖－每週更新 | N62: 資料繳交 | O62: 日期 | P62: =P42+7 -> 45888 | U62: =P62+1 -> 45889 | Z62: =U62+1 -> 45890 | AE62: =Z62+1 -> 45891 | AJ62: =AE62+1 -> 45892 | AO62: =AJ62+1 -> 45893 | AT62: =AO62+1 -> 45894
P63: 二 | U63: 三 | Z63: 四 | AE63: 五 | AJ63: 六 | AO63: 日 | AT63: 一
B64: 品群 | C64: 商品名稱 | E64: 計畫 | H64: 平均人時性 | I64: 實績 | L64: 平均人時性 | M64: 排名 | O64: 日報 | P64: 實際 | T64: 平均人時性 | U64: 實際 | Y64: 平均人時性 | Z64: 實際 | AD64: 平均人時性 | AE64: 實際 | AI64: 平均人時性 | AJ64: 實際 | AN64: 平均人時性 | AO64: 實際 | AS64: 平均人時性 | AT64: 實際 | AX64: 平均人時性
E65: 產線配置圖 | I65: 產線配置圖 | P65: 生產實績 | U65: 生產實績 | Z65: 生產實績 | AE65: 生產實績 | AJ65: 生產實績 | AO65: 生產實績 | AT65: 生產實績
E66: 人數 | F66: 產能／時 | G66: 人時性 | I66: 人數 | J66: 產能／時 | K66: 人時性 | P66: 人數 | Q66: 產能／時 | R66: 人時性 | S66: 排名 | U66: 人數 | V66: 產能／時 | W66: 人時性 | X66: 排名 | Z66: 人數 | AA66: 產能／時 | AB66: 人時性 | AC66: 排名 | AE66: 人數 | AF66: 產能／時 | AG66: 人時性 | AH66: 排名 | AJ66: 人數 | AK66: 產能／時 | AL66: 人時性 | AM66: 排名 | AO66: 人數 | AP66: 產能／時 | AQ66: 人時性 | AR66: 排名 | AT66: 人數 | AU66: 產能／時 | AV66: 人時性 | AW66: 排名
B67: 18℃-壽司手卷 | C67: 1 | D67: 日式厚蛋脆卷 | E67: 15 | F67: 1200 | G67: 80 | H67: =AVERAGE(G67:G81) -> 194.65 | I67: =AVERAGE(P67,U67,Z67,AE67,AJ67,AO67,AT67) -> 13 | J67: =AVERAGE(Q67,V67,AA67,AF67,AK67,AP67,AU67) -> 1170.0204 | K67: =AVERAGE(R67,W67,AB67,AG67,AL67,AQ67,AV67) -> 90.00157 | L67: =IFERROR(AVERAGE(K67:K81),"-") -> 195.15465 | M67: =RANK(K67, K$67:$K$81) -> 8 | P67: 13 | Q67: 1123.5 | R67: 86.423077 | S67: =RANK(R67, R$67:R$81) -> 8 | T67: =AVERAGE(R67:R81) -> 192.13459 | U67: 13 | V67: 1104 | W67: 84.923077 | X67: =RANK(W67, W$67:W$81) -> 8 | Y67: =AVERAGE(W67:W81) -> 192.82364 | Z67: 13 | AA67: 1081.5 | AB67: 83.192308 | AC67: =RANK(AB67, AB$67:AB$81) -> 8 | AD67: =AVERAGE(AB67:AB81) -> 201.82137 | AE67: 13 | AF67: 1232 | AG67: 94.769231 | AH67: =RANK(AG67, AG$67:AG$81) -> 8 | AI67: =AVERAGE(AG67:AG81) -> 194.04944 | AJ67: 13 | AK67: 1208 | AL67: 92.923077 | AM67: =RANK(AL67, AL$67:AL$81) -> 8 | AN67: =AVERAGE(AL67:AL81) -> 194.77416 | AO67: 13 | AP67: 1261.7143 | AQ67: 97.054945 | AR67: =RANK(AQ67, AQ$67:AQ$81) -> 8 | AS67: =AVERAGE(AQ67:AQ81) -> 193.02472 | AT67: 13 | AU67: 1179.4286 | AV67: 90.725275 | AW67: =RANK(AV67, AV$67:AV$81) -> 8 | AX67: =AVERAGE(AV67:AV81) -> 197.45467
C68: 2 | D68: 長野稻荷壽司 | E68: 10 | F68: 1500 | G68: 150 | I68: =AVERAGE(P68,U68,Z68,AE68,AJ68,AO68,AT68) -> 10 | J68: =AVERAGE(Q68,V68,AA68,AF68,AK68,AP68,AU68) -> 1474.8626 | K68: =AVERAGE(R68,W68,AB68,AG68,AL68,AQ68,AV68) -> 147.48626 | M68: =RANK(K68, K$67:$K$81) -> 5 | P68: 10 | Q68: 1422.6667 | R68: 142.26667 | S68: =RANK(R68, R$67:R$81) -> 6 | U68: 10 | V68: 1496 | W68: 149.6 | X68: =RANK(W68, W$67:W$81) -> 5 | Z68: 10 | AA68: 1636.5 | AB68: 163.65 | AC68: =RANK(AB68, AB$67:AB$81) -> 4 | AE68: 10 | AF68: 1369.5 | AG68: 136.95 | AH68: =RANK(AG68, AG$67:AG$81) -> 7 | AJ68: 10 | AK68: 1532.5714 | AL68: 153.25714 | AM68: =RANK(AL68, AL$67:AL$81) -> 4 | AO68: 10 | AP68: 1402.8 | AQ68: 140.28 | AR68: =RANK(AQ68, AQ$67:AQ$81) -> 6 | AT68: 10 | AU68: 1464 | AV68: 146.4 | AW68: =RANK(AV68, AV$67:AV$81) -> 5
C69: 3 | D69: 雙饗雙手卷 | E69: 10 | F69: 1636 | G69: 163.6 | I69: =AVERAGE(P69,U69,Z69,AE69,AJ69,AO69,AT69) -> 12 | J69: =AVERAGE(Q69,V69,AA69,AF69,AK69,AP69,AU69) -> 1725.1667 | K69: =AVERAGE(R69,W69,AB69,AG69,AL69,AQ69,AV69) -> 143.76389 | M69: =RANK(K69, K$67:$K$81) -> 7 | P69: 12 | Q69: 1729.3333 | R69: 144.11111 | S69: =RANK(R69, R$67:R$81) -> 5 | U69: 12 | V69: 1729.3333 | W69: 144.11111 | X69: =RANK(W69, W$67:W$81) -> 6 | Z69: 12 | AA69: 1746.6667 | AB69: 145.55556 | AC69: =RANK(AB69, AB$67:AB$81) -> 7 | AE69: 12 | AF69: 1747.5 | AG69: 145.625 | AH69: =RANK(AG69, AG$67:AG$81) -> 6 | AJ69: 12 | AK69: 1716 | AL69: 143 | AM69: =RANK(AL69, AL$67:AL$81) -> 7 | AO69: 12 | AP69: 1662 | AQ69: 138.5 | AR69: =RANK(AQ69, AQ$67:AQ$81) -> 7 | AT69: 12 | AU69: 1745.3333 | AV69: 145.44444 | AW69: =RANK(AV69, AV$67:AV$81) -> 6
C70: 4 | D70: 海饌雙手卷 | E70: 10 | F70: 1636 | G70: 163.6 | I70: =AVERAGE(P70,U70,Z70,AE70,AJ70,AO70,AT70) -> 12 | J70: =AVERAGE(Q70,V70,AA70,AF70,AK70,AP70,AU70) -> 1790.8537 | K70: =AVERAGE(R70,W70,AB70,AG70,AL70,AQ70,AV70) -> 149.23781 | M70: =RANK(K70, K$67:$K$81) -> 4 | P70: 12 | Q70: 1782 | R70: 148.5 | S70: =RANK(R70, R$67:R$81) -> 4 | U70: 12 | V70: 1720 | W70: 143.33333 | X70: =RANK(W70, W$67:W$81) -> 7 | Z70: 12 | AA70: 1827 | AB70: 152.25 | AC70: =RANK(AB70, AB$67:AB$81) -> 6 | AE70: 12 | AF70: 1846.2857 | AG70: 153.85714 | AH70: =RANK(AG70, AG$67:AG$81) -> 4 | AJ70: 12 | AK70: 1794.8571 | AL70: 149.57143 | AM70: =RANK(AL70, AL$67:AL$81) -> 5 | AO70: 12 | AP70: 1725.3333 | AQ70: 143.77778 | AR70: =RANK(AQ70, AQ$67:AQ$81) -> 5 | AT70: 12 | AU70: 1840.5 | AV70: 153.375 | AW70: =RANK(AV70, AV$67:AV$81) -> 4
C71: 5 | D71: 芝麻海苔香鬆細卷 | E71: 6 | F71: 1500 | G71: 250 | I71: =AVERAGE(P71,U71,Z71,AE71,AJ71,AO71,AT71) -> 5 | J71: =AVERAGE(Q71,V71,AA71,AF71,AK71,AP71,AU71) -> 1487.2003 | K71: =AVERAGE(R71,W71,AB71,AG71,AL71,AQ71,AV71) -> 297.44007 | M71: =RANK(K71, K$67:$K$81) -> 1 | P71: 5 | Q71: 1508.5714 | R71: 301.71429 | S71: =RANK(R71, R$67:R$81) -> 1 | U71: 5 | V71: 1478.1818 | W71: 295.63636 | X71: =RANK(W71, W$67:W$81) -> 1 | Z71: 5 | AA71: 1542 | AB71: 308.4 | AC71: =RANK(AB71, AB$67:AB$81) -> 1 | AE71: 5 | AF71: 1492.9412 | AG71: 298.58824 | AH71: =RANK(AG71, AG$67:AG$81) -> 1 | AJ71: 5 | AK71: 1428.75 | AL71: 285.75 | AM71: =RANK(AL71, AL$67:AL$81) -> 3 | AO71: 5 | AP71: 1456.8 | AQ71: 291.36 | AR71: =RANK(AQ71, AQ$67:AQ$81) -> 2 | AT71: 5 | AU71: 1503.1579 | AV71: 300.63158 | AW71: =RANK(AV71, AV$67:AV$81) -> 2
C72: 6 | D72: 鮪魚沙拉細卷 | E72: 5 | F72: 1500 | G72: 300 | I72: =AVERAGE(P72,U72,Z72,AE72,AJ72,AO72,AT72) -> 5 | J72: =AVERAGE(Q72,V72,AA72,AF72,AK72,AP72,AU72) -> 1482.6877 | K72: =AVERAGE(R72,W72,AB72,AG72,AL72,AQ72,AV72) -> 296.53754 | M72: =RANK(K72, K$67:$K$81) -> 2 | P72: 5 | Q72: 1481.3793 | R72: 296.27586 | S72: =RANK(R72, R$67:R$81) -> 2 | U72: 5 | V72: 1465.1613 | W72: 293.03226 | X72: =RANK(W72, W$67:W$81) -> 2 | Z72: 5 | AA72: 1532 | AB72: 306.4 | AC72: =RANK(AB72, AB$67:AB$81) -> 2 | AE72: 5 | AF72: 1471.2 | AG72: 294.24 | AH72: =RANK(AG72, AG$67:AG$81) -> 2 | AJ72: 5 | AK72: 1470 | AL72: 294 | AM72: =RANK(AL72, AL$67:AL$81) -> 1 | AO72: 5 | AP72: 1475.625 | AQ72: 295.125 | AR72: =RANK(AQ72, AQ$67:AQ$81) -> 1 | AT72: 5 | AU72: 1483.4483 | AV72: 296.68966 | AW72: =RANK(AV72, AV$67:AV$81) -> 3
C73: 7 | D73: 炙烤焦糖鮭魚細卷 | E73: 5 | F73: 1500 | G73: 300 | I73: =AVERAGE(P73,U73,Z73,AE73,AJ73,AO73,AT73) -> 5 | J73: =AVERAGE(Q73,V73,AA73,AF73,AK73,AP73,AU73) -> 1451.7719 | K73: =AVERAGE(R73,W73,AB73,AG73,AL73,AQ73,AV73) -> 290.35438 | M73: =RANK(K73, K$67:$K$81) -> 3 | P73: 5 | Q73: 1470 | R73: 294 | S73: =RANK(R73, R$67:R$81) -> 3 | U73: 5 | V73: 1408 | W73: 281.6 | X73: =RANK(W73, W$67:W$81) -> 3 | Z73: 5 | AA73: 1504.6154 | AB73: 300.92308 | AC73: =RANK(AB73, AB$67:AB$81) -> 3 | AE73: 5 | AF73: 1385.4545 | AG73: 277.09091 | AH73: =RANK(AG73, AG$67:AG$81) -> 3 | AJ73: 5 | AK73: 1453.3333 | AL73: 290.66667 | AM73: =RANK(AL73, AL$67:AL$81) -> 2 | AO73: 5 | AP73: 1436 | AQ73: 287.2 | AR73: =RANK(AQ73, AQ$67:AQ$81) -> 3 | AT73: 5 | AU73: 1505 | AV73: 301 | AW73: =RANK(AV73, AV$67:AV$81) -> 1
C74: 8 | D74: 新之助の豆皮壽司喔 | E74: 10 | F74: 1500 | G74: 150 | I74: =AVERAGE(P74,U74,Z74,AE74,AJ74,AO74,AT74) -> 10.285714 | J74: =AVERAGE(Q74,V74,AA74,AF74,AK74,AP74,AU74) -> 1499.5246 | K74: =AVERAGE(R74,W74,AB74,AG74,AL74,AQ74,AV74) -> 146.41573 | M74: =RANK(K74, K$67:$K$81) -> 6 | P74: 12 | Q74: 1485.4286 | R74: 123.78571 | S74: =RANK(R74, R$67:R$81) -> 7 | U74: 10 | V74: 1503.5294 | W74: 150.35294 | X74: =RANK(W74, W$67:W$81) -> 4 | Z74: 10 | AA74: 1542 | AB74: 154.2 | AC74: =RANK(AB74, AB$67:AB$81) -> 5 | AE74: 10 | AF74: 1512.75 | AG74: 151.275 | AH74: =RANK(AG74, AG$67:AG$81) -> 5 | AJ74: 10 | AK74: 1490.25 | AL74: 149.025 | AM74: =RANK(AL74, AL$67:AL$81) -> 6 | AO74: 10 | AP74: 1509 | AQ74: 150.9 | AR74: =RANK(AQ74, AQ$67:AQ$81) -> 4 | AT74: 10 | AU74: 1453.7143 | AV74: 145.37143 | AW74: =RANK(AV74, AV$67:AV$81) -> 7
C75: 9 | M75: =RANK(K75, K$67:$K$81) -> #N/A | S75: =RANK(R75, R$67:R$81) -> #N/A | X75: =RANK(W75, W$67:W$81) -> #N/A | AC75: =RANK(AB75, AB$67:AB$81) -> #N/A | AH75: =RANK(AG75, AG$67:AG$81) -> #N/A | AM75: =RANK(AL75, AL$67:AL$81) -> #N/A | AR75: =RANK(AQ75, AQ$67:AQ$81) -> #N/A | AW75: =RANK(AV75, AV$67:AV$81) -> #N/A
C76: 10 | M76: =RANK(K76, K$67:$K$81) -> #N/A | S76: =RANK(R76, R$67:R$81) -> #N/A | X76: =RANK(W76, W$67:W$81) -> #N/A | AC76: =RANK(AB76, AB$67:AB$81) -> #N/A | AH76: =RANK(AG76, AG$67:AG$81) -> #N/A | AM76: =RANK(AL76, AL$67:AL$81) -> #N/A | AR76: =RANK(AQ76, AQ$67:AQ$81) -> #N/A | AW76: =RANK(AV76, AV$67:AV$81) -> #N/A
C77: 11 | M77: =RANK(K77, K$67:$K$81) -> #N/A | S77: =RANK(R77, R$67:R$81) -> #N/A | X77: =RANK(W77, W$67:W$81) -> #N/A | AC77: =RANK(AB77, AB$67:AB$81) -> #N/A | AH77: =RANK(AG77, AG$67:AG$81) -> #N/A | AM77: =RANK(AL77, AL$67:AL$81) -> #N/A | AR77: =RANK(AQ77, AQ$67:AQ$81) -> #N/A | AW77: =RANK(AV77, AV$67:AV$81) -> #N/A
C78: 12 | M78: =RANK(K78, K$67:$K$81) -> #N/A | S78: =RANK(R78, R$67:R$81) -> #N/A | X78: =RANK(W78, W$67:W$81) -> #N/A | AC78: =RANK(AB78, AB$67:AB$81) -> #N/A | AH78: =RANK(AG78, AG$67:AG$81) -> #N/A | AM78: =RANK(AL78, AL$67:AL$81) -> #N/A | AR78: =RANK(AQ78, AQ$67:AQ$81) -> #N/A | AW78: =RANK(AV78, AV$67:AV$81) -> #N/A
C79: 13 | M79: =RANK(K79, K$67:$K$81) -> #N/A | S79: =RANK(R79, R$67:R$81) -> #N/A | X79: =RANK(W79, W$67:W$81) -> #N/A | AC79: =RANK(AB79, AB$67:AB$81) -> #N/A | AH79: =RANK(AG79, AG$67:AG$81) -> #N/A | AM79: =RANK(AL79, AL$67:AL$81) -> #N/A | AR79: =RANK(AQ79, AQ$67:AQ$81) -> #N/A | AW79: =RANK(AV79, AV$67:AV$81) -> #N/A
C80: 14 | M80: =RANK(K80, K$67:$K$81) -> #N/A | S80: =RANK(R80, R$67:R$81) -> #N/A | X80: =RANK(W80, W$67:W$81) -> #N/A | AC80: =RANK(AB80, AB$67:AB$81) -> #N/A | AH80: =RANK(AG80, AG$67:AG$81) -> #N/A | AM80: =RANK(AL80, AL$67:AL$81) -> #N/A | AR80: =RANK(AQ80, AQ$67:AQ$81) -> #N/A | AW80: =RANK(AV80, AV$67:AV$81) -> #N/A
C81: 15 | M81: =RANK(K81, K$67:$K$81) -> #N/A | S81: =RANK(R81, R$67:R$81) -> #N/A | X81: =RANK(W81, W$67:W$81) -> #N/A | AC81: =RANK(AB81, AB$67:AB$81) -> #N/A | AH81: =RANK(AG81, AG$67:AG$81) -> #N/A | AM81: =RANK(AL81, AL$67:AL$81) -> #N/A | AR81: =RANK(AQ81, AQ$67:AQ$81) -> #N/A | AW81: =RANK(AV81, AV$67:AV$81) -> #N/A
B82: 產線配置圖－每週更新 | N82: 資料繳交 | O82: 日期 | P82: =P62+7 -> 45895 | U82: =P82+1 -> 45896 | Z82: =U82+1 -> 45897 | AE82: =Z82+1 -> 45898 | AJ82: =AE82+1 -> 45899 | AO82: =AJ82+1 -> 45900 | AT82: =AO82+1 -> 45901
P83: 二 | U83: 三 | Z83: 四 | AE83: 五 | AJ83: 六 | AO83: 日 | AT83: 一
B84: 品群 | C84: 商品名稱 | E84: 計畫 | H84: 平均人時性 | I84: 實績 | L84: 平均人時性 | M84: 排名 | O84: 日報 | P84: 實際 | T84: 平均人時性 | U84: 實際 | Y84: 平均人時性 | Z84: 實際 | AD84: 平均人時性 | AE84: 實際 | AI84: 平均人時性 | AJ84: 實際 | AN84: 平均人時性 | AO84: 實際 | AS84: 平均人時性 | AT84: 實際 | AX84: 平均人時性
E85: 產線配置圖 | I85: 產線配置圖 | P85: 生產實績 | U85: 生產實績 | Z85: 生產實績 | AE85: 生產實績 | AJ85: 生產實績 | AO85: 生產實績 | AT85: 生產實績
E86: 人數 | F86: 產能／時 | G86: 人時性 | I86: 人數 | J86: 產能／時 | K86: 人時性 | P86: 人數 | Q86: 產能／時 | R86: 人時性 | S86: 排名 | U86: 人數 | V86: 產能／時 | W86: 人時性 | X86: 排名 | Z86: 人數 | AA86: 產能／時 | AB86: 人時性 | AC86: 排名 | AE86: 人數 | AF86: 產能／時 | AG86: 人時性 | AH86: 排名 | AJ86: 人數 | AK86: 產能／時 | AL86: 人時性 | AM86: 排名 | AO86: 人數 | AP86: 產能／時 | AQ86: 人時性 | AR86: 排名 | AT86: 人數 | AU86: 產能／時 | AV86: 人時性 | AW86: 排名
B87: 18℃-壽司手卷 | C87: 1 | D87: 日式厚蛋脆卷 | E87: 15 | F87: 1200 | G87: 80 | H87: =AVERAGE(G87:G101) -> 194.65 | I87: =AVERAGE(P87,U87,Z87,AE87,AJ87,AO87,AT87) -> 13 | J87: =AVERAGE(Q87,V87,AA87,AF87,AK87,AP87,AU87) -> 1180.9333 | K87: =AVERAGE(R87,W87,AB87,AG87,AL87,AQ87,AV87) -> 90.841026 | L87: =IFERROR(AVERAGE(K87:K101),"-") -> 204.23333 | M87: =RANK(K87, K$87:$K$101) -> 7 | P87: 13 | Q87: 1080 | R87: 83.076923 | S87: =RANK(R87, R$87:R$101) -> 8 | T87: =AVERAGE(R87:R101) -> 195.78366 | U87: 13 | V87: 1238 | W87: 95.230769 | X87: =RANK(W87, W$87:W$101) -> 8 | Y87: =AVERAGE(W87:W101) -> 196.31076 | Z87: 13 | AA87: 1168 | AB87: 89.846154 | AC87: =RANK(AB87, AB$87:AB$101) -> 8 | AD87: =AVERAGE(AB87:AB101) -> 198.41236 | AE87: 13 | AF87: 1212 | AG87: 93.230769 | AH87: =RANK(AG87, AG$87:AG$101) -> 8 | AI87: =AVERAGE(AG87:AG101) -> 206.59098 | AJ87: 13 | AK87: 1161.6 | AL87: 89.353846 | AM87: =RANK(AL87, AL$87:AL$101) -> 8 | AN87: =AVERAGE(AL87:AL101) -> 193.39419 | AO87: 13 | AP87: 1226 | AQ87: 94.307692 | AR87: =RANK(AQ87, AQ$87:AQ$101) -> 8 | AS87: =AVERAGE(AQ87:AQ101) -> 193.92896 | AW87: =RANK(AV87, AV$87:AV$101) -> #N/A | AX87: =AVERAGE(AV87:AV101) -> #DIV/0!
C88: 2 | D88: 長野稻荷壽司 | E88: 10 | F88: 1500 | G88: 150 | I88: =AVERAGE(P88,U88,Z88,AE88,AJ88,AO88,AT88) -> 10 | J88: =AVERAGE(Q88,V88,AA88,AF88,AK88,AP88,AU88) -> 1487.6984 | K88: =AVERAGE(R88,W88,AB88,AG88,AL88,AQ88,AV88) -> 148.76984 | M88: =RANK(K88, K$87:$K$101) -> 5 | P88: 10 | Q88: 1551 | R88: 155.1 | S88: =RANK(R88, R$87:R$101) -> 5 | U88: 10 | V88: 1545 | W88: 154.5 | X88: =RANK(W88, W$87:W$101) -> 4 | Z88: 10 | AA88: 1518 | AB88: 151.8 | AC88: =RANK(AB88, AB$87:AB$101) -> 7 | AE88: 10 | AF88: 1450.2857 | AG88: 145.02857 | AH88: =RANK(AG88, AG$87:AG$101) -> 6 | AJ88: 10 | AK88: 1412.5714 | AL88: 141.25714 | AM88: =RANK(AL88, AL$87:AL$101) -> 7 | AO88: 10 | AP88: 1449.3333 | AQ88: 144.93333 | AR88: =RANK(AQ88, AQ$87:AQ$101) -> 5 | AW88: =RANK(AV88, AV$87:AV$101) -> #N/A
C89: 3 | D89: 雙饗雙手卷 | E89: 10 | F89: 1636 | G89: 163.6 | I89: =AVERAGE(P89,U89,Z89,AE89,AJ89,AO89,AT89) -> 12 | J89: =AVERAGE(Q89,V89,AA89,AF89,AK89,AP89,AU89) -> 1769 | K89: =AVERAGE(R89,W89,AB89,AG89,AL89,AQ89,AV89) -> 147.41667 | M89: =RANK(K89, K$87:$K$101) -> 6 | P89: 12 | Q89: 1908 | R89: 159 | S89: =RANK(R89, R$87:R$101) -> 4 | U89: 12 | V89: 1704 | W89: 142 | X89: =RANK(W89, W$87:W$101) -> 7 | Z89: 12 | AA89: 1881 | AB89: 156.75 | AC89: =RANK(AB89, AB$87:AB$101) -> 5 | AE89: 12 | AF89: 1708.5 | AG89: 142.375 | AH89: =RANK(AG89, AG$87:AG$101) -> 7 | AJ89: 12 | AK89: 1720.5 | AL89: 143.375 | AM89: =RANK(AL89, AL$87:AL$101) -> 6 | AO89: 12 | AP89: 1692 | AQ89: 141 | AR89: =RANK(AQ89, AQ$87:AQ$101) -> 7 | AW89: =RANK(AV89, AV$87:AV$101) -> #N/A
C90: 4 | D90: 海饌雙手卷 | E90: 10 | F90: 1636 | G90: 163.6 | I90: =AVERAGE(P90,U90,Z90,AE90,AJ90,AO90,AT90) -> 12 | J90: =AVERAGE(Q90,V90,AA90,AF90,AK90,AP90,AU90) -> 1804.3333 | K90: =AVERAGE(R90,W90,AB90,AG90,AL90,AQ90,AV90) -> 150.36111 | M90: =RANK(K90, K$87:$K$101) -> 4 | P90: 12 | Q90: 1765.5 | R90: 147.125 | S90: =RANK(R90, R$87:R$101) -> 7 | U90: 12 | V90: 1756.5 | W90: 146.375 | X90: =RANK(W90, W$87:W$101) -> 6 | Z90: 12 | AA90: 1954.2857 | AB90: 162.85714 | AC90: =RANK(AB90, AB$87:AB$101) -> 4 | AE90: 12 | AF90: 1774.2857 | AG90: 147.85714 | AH90: =RANK(AG90, AG$87:AG$101) -> 4 | AJ90: 12 | AK90: 1839.4286 | AL90: 153.28571 | AM90: =RANK(AL90, AL$87:AL$101) -> 4 | AO90: 12 | AP90: 1736 | AQ90: 144.66667 | AR90: =RANK(AQ90, AQ$87:AQ$101) -> 6 | AW90: =RANK(AV90, AV$87:AV$101) -> #N/A
C91: 5 | D91: 芝麻海苔香鬆細卷 | E91: 6 | F91: 1500 | G91: 250 | I91: =AVERAGE(P91,U91,Z91,AE91,AJ91,AO91,AT91) -> 5 | J91: =AVERAGE(Q91,V91,AA91,AF91,AK91,AP91,AU91) -> 1467.6782 | K91: =AVERAGE(R91,W91,AB91,AG91,AL91,AQ91,AV91) -> 293.53565 | M91: =RANK(K91, K$87:$K$101) -> 3 | P91: 5 | Q91: 1433.6842 | R91: 286.73684 | S91: =RANK(R91, R$87:R$101) -> 2 | U91: 5 | V91: 1503.1579 | W91: 300.63158 | X91: =RANK(W91, W$87:W$101) -> 1 | Z91: 5 | AA91: 1449 | AB91: 289.8 | AC91: =RANK(AB91, AB$87:AB$101) -> 3 | AE91: 5 | AF91: 1485 | AG91: 297 | AH91: =RANK(AG91, AG$87:AG$101) -> 2 | AJ91: 5 | AK91: 1492.5 | AL91: 298.5 | AM91: =RANK(AL91, AL$87:AL$101) -> 1 | AO91: 5 | AP91: 1442.7273 | AQ91: 288.54545 | AR91: =RANK(AQ91, AQ$87:AQ$101) -> 3 | AW91: =RANK(AV91, AV$87:AV$101) -> #N/A
C92: 6 | D92: 鮪魚沙拉細卷 | E92: 5 | F92: 1500 | G92: 300 | I92: =AVERAGE(P92,U92,Z92,AE92,AJ92,AO92,AT92) -> 5 | J92: =AVERAGE(Q92,V92,AA92,AF92,AK92,AP92,AU92) -> 1475.0839 | K92: =AVERAGE(R92,W92,AB92,AG92,AL92,AQ92,AV92) -> 295.01679 | M92: =RANK(K92, K$87:$K$101) -> 2 | P92: 5 | Q92: 1491.7241 | R92: 298.34483 | S92: =RANK(R92, R$87:R$101) -> 1 | U92: 5 | V92: 1475.1724 | W92: 295.03448 | X92: =RANK(W92, W$87:W$101) -> 2 | Z92: 5 | AA92: 1467.8571 | AB92: 293.57143 | AC92: =RANK(AB92, AB$87:AB$101) -> 1 | AE92: 5 | AF92: 1452 | AG92: 290.4 | AH92: =RANK(AG92, AG$87:AG$101) -> 3 | AJ92: 5 | AK92: 1490 | AL92: 298 | AM92: =RANK(AL92, AL$87:AL$101) -> 2 | AO92: 5 | AP92: 1473.75 | AQ92: 294.75 | AR92: =RANK(AQ92, AQ$87:AQ$101) -> 1 | AW92: =RANK(AV92, AV$87:AV$101) -> #N/A
C93: 7 | D93: 炙烤焦糖鮭魚細卷 | E93: 5 | F93: 1500 | G93: 300 | I93: =AVERAGE(P93,U93,Z93,AE93,AJ93,AO93,AT93) -> 5 | J93: =AVERAGE(Q93,V93,AA93,AF93,AK93,AP93,AU93) -> 1518.461 | K93: =AVERAGE(R93,W93,AB93,AG93,AL93,AQ93,AV93) -> 303.69221 | M93: =RANK(K93, K$87:$K$101) -> 1 | P93: 5 | Q93: 1425 | R93: 285 | S93: =RANK(R93, R$87:R$101) -> 3 | U93: 5 | V93: 1440 | W93: 288 | X93: =RANK(W93, W$87:W$101) -> 3 | Z93: 5 | AA93: 1450.9091 | AB93: 290.18182 | AC93: =RANK(AB93, AB$87:AB$101) -> 2 | AE93: 5 | AF93: 1950 | AG93: 390 | AH93: =RANK(AG93, AG$87:AG$101) -> 1 | AJ93: 5 | AK93: 1392 | AL93: 278.4 | AM93: =RANK(AL93, AL$87:AL$101) -> 3 | AO93: 5 | AP93: 1452.8571 | AQ93: 290.57143 | AR93: =RANK(AQ93, AQ$87:AQ$101) -> 2 | AW93: =RANK(AV93, AV$87:AV$101) -> #N/A
C94: 8 | D94: 新之助の豆皮壽司喔 | E94: 10 | F94: 1500 | G94: 150 | M94: =RANK(K94, K$87:$K$101) -> #N/A | P94: 10 | Q94: 1518.8571 | R94: 151.88571 | S94: =RANK(R94, R$87:R$101) -> 6 | U94: 10 | V94: 1487.1429 | W94: 148.71429 | X94: =RANK(W94, W$87:W$101) -> 5 | Z94: 10 | AA94: 1524.9231 | AB94: 152.49231 | AC94: =RANK(AB94, AB$87:AB$101) -> 6 | AE94: 10 | AF94: 1468.3636 | AG94: 146.83636 | AH94: =RANK(AG94, AG$87:AG$101) -> 5 | AJ94: 10 | AK94: 1449.8182 | AL94: 144.98182 | AM94: =RANK(AL94, AL$87:AL$101) -> 5 | AO94: 10 | AP94: 1526.5714 | AQ94: 152.65714 | AR94: =RANK(AQ94, AQ$87:AQ$101) -> 4 | AW94: =RANK(AV94, AV$87:AV$101) -> #N/A
C95: 9 | M95: =RANK(K95, K$87:$K$101) -> #N/A | S95: =RANK(R95, R$87:R$101) -> #N/A | X95: =RANK(W95, W$87:W$101) -> #N/A | AC95: =RANK(AB95, AB$87:AB$101) -> #N/A | AH95: =RANK(AG95, AG$87:AG$101) -> #N/A | AM95: =RANK(AL95, AL$87:AL$101) -> #N/A | AR95: =RANK(AQ95, AQ$87:AQ$101) -> #N/A | AW95: =RANK(AV95, AV$87:AV$101) -> #N/A
C96: 10 | M96: =RANK(K96, K$87:$K$101) -> #N/A | S96: =RANK(R96, R$87:R$101) -> #N/A | X96: =RANK(W96, W$87:W$101) -> #N/A | AC96: =RANK(AB96, AB$87:AB$101) -> #N/A | AH96: =RANK(AG96, AG$87:AG$101) -> #N/A | AM96: =RANK(AL96, AL$87:AL$101) -> #N/A | AR96: =RANK(AQ96, AQ$87:AQ$101) -> #N/A | AW96: =RANK(AV96, AV$87:AV$101) -> #N/A
C97: 11 | M97: =RANK(K97, K$87:$K$101) -> #N/A | S97: =RANK(R97, R$87:R$101) -> #N/A | X97: =RANK(W97, W$87:W$101) -> #N/A | AC97: =RANK(AB97, AB$87:AB$101) -> #N/A | AH97: =RANK(AG97, AG$87:AG$101) -> #N/A | AM97: =RANK(AL97, AL$87:AL$101) -> #N/A | AR97: =RANK(AQ97, AQ$87:AQ$101) -> #N/A | AW97: =RANK(AV97, AV$87:AV$101) -> #N/A
C98: 12 | M98: =RANK(K98, K$87:$K$101) -> #N/A | S98: =RANK(R98, R$87:R$101) -> #N/A | X98: =RANK(W98, W$87:W$101) -> #N/A | AC98: =RANK(AB98, AB$87:AB$101) -> #N/A | AH98: =RANK(AG98, AG$87:AG$101) -> #N/A | AM98: =RANK(AL98, AL$87:AL$101) -> #N/A | AR98: =RANK(AQ98, AQ$87:AQ$101) -> #N/A | AW98: =RANK(AV98, AV$87:AV$101) -> #N/A
C99: 13 | M99: =RANK(K99, K$87:$K$101) -> #N/A | S99: =RANK(R99, R$87:R$101) -> #N/A | X99: =RANK(W99, W$87:W$101) -> #N/A | AC99: =RANK(AB99, AB$87:AB$101) -> #N/A | AH99: =RANK(AG99, AG$87:AG$101) -> #N/A | AM99: =RANK(AL99, AL$87:AL$101) -> #N/A | AR99: =RANK(AQ99, AQ$87:AQ$101) -> #N/A | AW99: =RANK(AV99, AV$87:AV$101) -> #N/A
C100: 14 | M100: =RANK(K100, K$87:$K$101) -> #N/A | S100: =RANK(R100, R$87:R$101) -> #N/A | X100: =RANK(W100, W$87:W$101) -> #N/A | AC100: =RANK(AB100, AB$87:AB$101) -> #N/A | AH100: =RANK(AG100, AG$87:AG$101) -> #N/A | AM100: =RANK(AL100, AL$87:AL$101) -> #N/A | AR100: =RANK(AQ100, AQ$87:AQ$101) -> #N/A | AW100: =RANK(AV100, AV$87:AV$101) -> #N/A
...

Sheet （５-3）品群別人時生產性（4℃-飯糰)
B1: 月平均人時性 | C1: =AVERAGE(L7,L27,L47,L67,L87) -> 240.45857
B2: 產線配置圖－每週更新 | N2: 資料繳交 | O2: 日期 | AE2: 45870 | AJ2: 45871 | AO2: 45872 | AT2: 45873
P3: 二 | U3: 三 | Z3: 四 | AE3: 五 | AJ3: 六 | AO3: 日 | AT3: 一
B4: 品群 | C4: 商品名稱 | E4: 計畫 | H4: 平均人時性 | I4: 實績 | L4: 平均人時性 | M4: 排名 | O4: 日報 | P4: 實際 | T4: 平均人時性 | U4: 實際 | Y4: 平均人時性 | Z4: 實際 | AD4: 平均人時性 | AE4: 實際 | AI4: 平均人時性 | AJ4: 實際 | AN4: 平均人時性 | AO4: 實際 | AS4: 平均人時性 | AT4: 實際 | AX4: 平均人時性
E5: 產線配置圖 | I5: 產線配置圖 | P5: 生產實績 | U5: 生產實績 | Z5: 生產實績 | AE5: 生產實績 | AJ5: 生產實績 | AO5: 生產實績 | AT5: 生產實績
E6: 人數 | F6: 產能／時 | G6: 人時性 | I6: 人數 | J6: 產能／時 | K6: 人時性 | P6: 人數 | Q6: 產能／時 | R6: 人時性 | S6: 排名 | U6: 人數 | V6: 產能／時 | W6: 人時性 | X6: 排名 | Z6: 人數 | AA6: 產能／時 | AB6: 人時性 | AC6: 排名 | AE6: 人數 | AF6: 產能／時 | AG6: 人時性 | AH6: 排名 | AJ6: 人數 | AK6: 產能／時 | AL6: 人時性 | AM6: 排名 | AO6: 人數 | AP6: 產能／時 | AQ6: 人時性 | AR6: 排名 | AT6: 人數 | AU6: 產能／時 | AV6: 人時性 | AW6: 排名
